(1781012569.896662) vcan0 600#00000000
(1781012569.896694) vcan0 601#00000000
(1781012569.896713) vcan0 602#7F000000
(1781012569.944660) vcan0 603#00
(1781012569.944692) vcan0 604#00
(1781012569.944712) vcan0 607#00000000
(1781012570.009702) vcan0 600#00000000
(1781012570.009752) vcan0 601#00000000
(1781012570.009771) vcan0 602#7F000000
(1781012570.121688) vcan0 600#00000000
(1781012570.121734) vcan0 601#00000000
(1781012570.121757) vcan0 602#7F000000
(1781012570.153661) vcan0 603#00
(1781012570.153692) vcan0 604#00
(1781012570.153711) vcan0 607#00000000
(1781012570.217709) vcan0 606#00
(1781012570.233667) vcan0 600#00000000
(1781012570.233697) vcan0 601#00000000
(1781012570.233715) vcan0 602#7F000000
(1781012570.345634) vcan0 600#00000000
(1781012570.345662) vcan0 601#00000000
(1781012570.345678) vcan0 602#7F000000
(1781012570.361638) vcan0 603#00
(1781012570.361669) vcan0 604#00
(1781012570.361689) vcan0 607#00000000
(1781012570.457632) vcan0 600#00000000
(1781012570.457662) vcan0 601#00000000
(1781012570.457686) vcan0 602#7F000000
(1781012570.569598) vcan0 600#00000000
(1781012570.569631) vcan0 601#00000000
(1781012570.569648) vcan0 602#7F000000
(1781012570.569663) vcan0 603#00
(1781012570.569675) vcan0 604#00
(1781012570.569689) vcan0 607#00000000
(1781012570.681649) vcan0 600#00000000
(1781012570.681682) vcan0 601#00000000
(1781012570.681701) vcan0 602#7F000000
(1781012570.728619) vcan0 606#00
(1781012570.776593) vcan0 603#00
(1781012570.776624) vcan0 604#00
(1781012570.776652) vcan0 607#00000000
(1781012570.792605) vcan0 600#00000000
(1781012570.792637) vcan0 601#00000000
(1781012570.792653) vcan0 602#7F000000
(1781012570.904630) vcan0 600#00000000
(1781012570.904660) vcan0 601#00000000
(1781012570.904678) vcan0 602#7F000000
(1781012570.985615) vcan0 603#00
(1781012570.985647) vcan0 604#00
(1781012570.985666) vcan0 607#00000000
(1781012571.004701) vcan0 600#00000000
(1781012571.004736) vcan0 601#00000000
(1781012571.004753) vcan0 602#7F000000
(1781012571.113588) vcan0 600#00000000
(1781012571.113620) vcan0 601#00000000
(1781012571.113636) vcan0 602#7F000000
(1781012571.193619) vcan0 603#00
(1781012571.193651) vcan0 604#00
(1781012571.193671) vcan0 607#00000000
(1781012571.225593) vcan0 600#00000000
(1781012571.225624) vcan0 601#00000000
(1781012571.225642) vcan0 602#7F000000
(1781012571.241615) vcan0 606#00
(1781012571.337566) vcan0 600#00000000
(1781012571.337598) vcan0 601#00000000
(1781012571.337616) vcan0 602#7F000000
(1781012571.401574) vcan0 603#00
(1781012571.401609) vcan0 604#00
(1781012571.401641) vcan0 607#00000000
(1781012571.449580) vcan0 600#00000000
(1781012571.449612) vcan0 601#00000000
(1781012571.449629) vcan0 602#7F000000
(1781012571.561549) vcan0 600#B2000000
(1781012571.561578) vcan0 601#00000000
(1781012571.561595) vcan0 602#7F000000
(1781012571.609538) vcan0 603#00
(1781012571.609568) vcan0 604#00
(1781012571.609584) vcan0 607#00000000
(1781012571.673561) vcan0 600#FF000000
(1781012571.673592) vcan0 601#00000000
(1781012571.673608) vcan0 602#7F000000
(1781012571.752524) vcan0 606#00
(1781012571.784536) vcan0 600#FF000000
(1781012571.784566) vcan0 601#00000000
(1781012571.784583) vcan0 602#8C000000
(1781012571.816511) vcan0 603#00
(1781012571.816542) vcan0 604#00
(1781012571.816561) vcan0 607#00000000
(1781012571.896579) vcan0 600#FF000000
(1781012571.896629) vcan0 601#00000000
(1781012571.896655) vcan0 602#8C000000
(1781012572.009522) vcan0 600#FF000000
(1781012572.009560) vcan0 601#00000000
(1781012572.009577) vcan0 602#99000000
(1781012572.025510) vcan0 603#00
(1781012572.025543) vcan0 604#00
(1781012572.025560) vcan0 607#00000000
(1781012572.121494) vcan0 600#FF000000
(1781012572.121526) vcan0 601#00000000
(1781012572.121542) vcan0 602#99000000
(1781012572.233479) vcan0 600#FF000000
(1781012572.233514) vcan0 601#00000000
(1781012572.233530) vcan0 602#A5000000
(1781012572.233545) vcan0 603#00
(1781012572.233558) vcan0 604#00
(1781012572.233572) vcan0 607#00000000
(1781012572.265492) vcan0 606#00
(1781012572.345514) vcan0 600#FF000000
(1781012572.345550) vcan0 601#00000000
(1781012572.345566) vcan0 602#A5000000
(1781012572.441501) vcan0 603#00
(1781012572.441534) vcan0 604#00
(1781012572.441554) vcan0 607#00000000
(1781012572.457475) vcan0 600#FF000000
(1781012572.457506) vcan0 601#00000000
(1781012572.457526) vcan0 602#B2000000
(1781012572.569476) vcan0 600#FF000000
(1781012572.569509) vcan0 601#00000000
(1781012572.569527) vcan0 602#7F000000
(1781012572.649483) vcan0 603#00
(1781012572.649521) vcan0 604#00
(1781012572.649538) vcan0 607#00000000
(1781012572.681469) vcan0 600#FF000000
(1781012572.681501) vcan0 601#00000000
(1781012572.681517) vcan0 602#7F000000
(1781012572.776464) vcan0 606#00
(1781012572.792425) vcan0 600#FF000000
(1781012572.792459) vcan0 601#00000000
(1781012572.792474) vcan0 602#7F000000
(1781012572.856532) vcan0 603#00
(1781012572.856568) vcan0 604#00
(1781012572.856586) vcan0 607#00000000
(1781012572.904455) vcan0 600#FF000000
(1781012572.904485) vcan0 601#00000000
(1781012572.904501) vcan0 602#7F000000
(1781012573.017508) vcan0 600#FF000000
(1781012573.017567) vcan0 601#00000000
(1781012573.017595) vcan0 602#7F000000
(1781012573.065405) vcan0 603#00
(1781012573.065437) vcan0 604#00
(1781012573.065457) vcan0 607#00000000
(1781012573.129450) vcan0 600#FF000000
(1781012573.129489) vcan0 601#00000000
(1781012573.129508) vcan0 602#7F000000
(1781012573.241394) vcan0 600#FF000000
(1781012573.241430) vcan0 601#00000000
(1781012573.241448) vcan0 602#7F000000
(1781012573.273501) vcan0 603#00
(1781012573.273549) vcan0 604#00
(1781012573.273582) vcan0 607#00000000
(1781012573.289445) vcan0 606#00
(1781012573.353410) vcan0 600#FF000000
(1781012573.353443) vcan0 601#00000000
(1781012573.353459) vcan0 602#7F000000
(1781012573.465380) vcan0 600#FF000000
(1781012573.465415) vcan0 601#00000000
(1781012573.465432) vcan0 602#7F000000
(1781012573.481403) vcan0 603#00
(1781012573.481437) vcan0 604#00
(1781012573.481457) vcan0 607#00000000
(1781012573.577407) vcan0 600#FF000000
(1781012573.577441) vcan0 601#00000000
(1781012573.577473) vcan0 602#7F000000
(1781012573.689411) vcan0 600#FF000000
(1781012573.689446) vcan0 601#00000000
(1781012573.689463) vcan0 602#7F000000
(1781012573.689479) vcan0 603#00
(1781012573.689492) vcan0 604#00
(1781012573.689506) vcan0 607#00000000
(1781012573.800436) vcan0 600#FF000000
(1781012573.800475) vcan0 601#00000000
(1781012573.800493) vcan0 602#7F000000
(1781012573.800514) vcan0 606#00
(1781012573.896466) vcan0 603#00
(1781012573.896529) vcan0 604#00
(1781012573.896548) vcan0 607#00000000
(1781012573.912384) vcan0 600#FF000000
(1781012573.912419) vcan0 601#00000000
(1781012573.912437) vcan0 602#7F000000
(1781012574.025372) vcan0 600#FF000000
(1781012574.025405) vcan0 601#00000000
(1781012574.025421) vcan0 602#7F000000
(1781012574.105380) vcan0 603#00
(1781012574.105411) vcan0 604#00
(1781012574.105430) vcan0 607#00000000
(1781012574.137351) vcan0 600#FF000000
(1781012574.137378) vcan0 601#00000000
(1781012574.137393) vcan0 602#7F000000
(1781012574.249336) vcan0 600#FF000000
(1781012574.249370) vcan0 601#00000000
(1781012574.249386) vcan0 602#7F000000
(1781012574.313327) vcan0 603#00
(1781012574.313363) vcan0 604#00
(1781012574.313382) vcan0 606#00
(1781012574.313399) vcan0 607#00000000
(1781012574.361339) vcan0 600#FF000000
(1781012574.361371) vcan0 601#00000000
(1781012574.361387) vcan0 602#8C000000
(1781012574.473325) vcan0 600#FF000000
(1781012574.473364) vcan0 601#00000000
(1781012574.473384) vcan0 602#8C000000
(1781012574.521334) vcan0 603#00
(1781012574.521364) vcan0 604#00
(1781012574.521382) vcan0 607#00000000
(1781012574.585317) vcan0 600#FF000000
(1781012574.585348) vcan0 601#00000000
(1781012574.585366) vcan0 602#99000000
(1781012574.697290) vcan0 600#FF000000
(1781012574.697320) vcan0 601#00000000
(1781012574.697336) vcan0 602#99000000
(1781012574.728482) vcan0 603#00
(1781012574.728521) vcan0 604#00
(1781012574.728552) vcan0 607#00000000
(1781012574.808300) vcan0 600#FF000000
(1781012574.808337) vcan0 601#00000000
(1781012574.808356) vcan0 602#A5000000
(1781012574.824271) vcan0 606#00
(1781012574.920304) vcan0 600#FF000000
(1781012574.920338) vcan0 601#00000000
(1781012574.920355) vcan0 602#B2000000
(1781012574.936318) vcan0 603#00
(1781012574.936350) vcan0 604#00
(1781012574.936370) vcan0 607#00000000
(1781012575.033297) vcan0 600#FF000000
(1781012575.033337) vcan0 601#00000000
(1781012575.033354) vcan0 602#7F000000
(1781012575.145273) vcan0 600#FF000000
(1781012575.145306) vcan0 601#00000000
(1781012575.145323) vcan0 602#8C000000
(1781012575.145337) vcan0 603#00
(1781012575.145350) vcan0 604#00
(1781012575.145362) vcan0 607#00000000
(1781012575.257337) vcan0 600#FF000000
(1781012575.257373) vcan0 601#00000000
(1781012575.257392) vcan0 602#99000000
(1781012575.337264) vcan0 606#00
(1781012575.353270) vcan0 603#00
(1781012575.353306) vcan0 604#00
(1781012575.353328) vcan0 607#00000000
(1781012575.369262) vcan0 600#FF000000
(1781012575.369297) vcan0 601#00000000
(1781012575.369315) vcan0 602#99000000
(1781012575.481275) vcan0 600#FF000000
(1781012575.481313) vcan0 601#00000000
(1781012575.481329) vcan0 602#A5000000
(1781012575.561331) vcan0 603#00
(1781012575.561415) vcan0 604#00
(1781012575.561436) vcan0 607#00000000
(1781012575.593285) vcan0 600#FF000000
(1781012575.593322) vcan0 601#00000000
(1781012575.593338) vcan0 602#A5000000
(1781012575.705226) vcan0 600#FF000000
(1781012575.705257) vcan0 601#00000000
(1781012575.705273) vcan0 602#B2000000
(1781012575.768288) vcan0 603#00
(1781012575.768333) vcan0 604#00
(1781012575.768352) vcan0 607#00000000
(1781012575.816256) vcan0 600#FF000000
(1781012575.816295) vcan0 601#00000000
(1781012575.816314) vcan0 602#B2000000
(1781012575.848237) vcan0 606#00
(1781012575.928241) vcan0 600#FF000000
(1781012575.928296) vcan0 601#00000000
(1781012575.928312) vcan0 602#BF000000
(1781012575.977220) vcan0 603#00
(1781012575.977253) vcan0 604#00
(1781012575.977273) vcan0 607#00000000
(1781012576.041251) vcan0 600#00000000
(1781012576.041288) vcan0 601#00000000
(1781012576.041306) vcan0 602#BF000000
(1781012576.153189) vcan0 600#00000000
(1781012576.153222) vcan0 601#00000000
(1781012576.153241) vcan0 602#CC000000
(1781012576.185209) vcan0 603#00
(1781012576.185238) vcan0 604#00
(1781012576.185255) vcan0 607#00000000
(1781012576.265222) vcan0 600#00000000
(1781012576.265253) vcan0 601#00000000
(1781012576.265270) vcan0 602#D8000000
(1781012576.361187) vcan0 606#00
(1781012576.377143) vcan0 600#66000000
(1781012576.377168) vcan0 601#00000000
(1781012576.377184) vcan0 602#D8000000
(1781012576.393170) vcan0 603#00
(1781012576.393195) vcan0 604#00
(1781012576.393213) vcan0 607#00000000
(1781012576.489160) vcan0 600#FF000000
(1781012576.489193) vcan0 601#00000000
(1781012576.489209) vcan0 602#D8000000
(1781012576.601249) vcan0 600#FF000000
(1781012576.601287) vcan0 601#00000000
(1781012576.601304) vcan0 602#D8000000
(1781012576.601319) vcan0 603#00
(1781012576.601332) vcan0 604#00
(1781012576.601345) vcan0 607#00000000
(1781012576.713266) vcan0 600#FF000000
(1781012576.713335) vcan0 601#00000000
(1781012576.713354) vcan0 602#D8000000
(1781012576.808130) vcan0 603#00
(1781012576.808164) vcan0 604#00
(1781012576.808181) vcan0 607#00000000
(1781012576.824158) vcan0 600#FF000000
(1781012576.824183) vcan0 601#00000000
(1781012576.824198) vcan0 602#7F000000
(1781012576.872145) vcan0 606#00
(1781012576.936155) vcan0 600#FF000000
(1781012576.936190) vcan0 601#00000000
(1781012576.936221) vcan0 602#7F000000
(1781012577.017205) vcan0 603#00
(1781012577.017254) vcan0 604#00
(1781012577.017288) vcan0 607#00000000
(1781012577.049136) vcan0 600#FF000000
(1781012577.049169) vcan0 601#00000000
(1781012577.049184) vcan0 602#8C000000
(1781012577.161096) vcan0 600#FF000000
(1781012577.161129) vcan0 601#00000000
(1781012577.161145) vcan0 602#8C000000
(1781012577.225165) vcan0 603#00
(1781012577.225196) vcan0 604#00
(1781012577.225213) vcan0 607#00000000
(1781012577.273095) vcan0 600#FF000000
(1781012577.273127) vcan0 601#00000000
(1781012577.273144) vcan0 602#7F000000
(1781012577.385111) vcan0 600#FF000000
(1781012577.385141) vcan0 601#00000000
(1781012577.385156) vcan0 602#7F000000
(1781012577.385173) vcan0 606#00
(1781012577.433114) vcan0 603#00
(1781012577.433143) vcan0 604#00
(1781012577.433168) vcan0 607#00000000
(1781012577.497125) vcan0 600#FF000000
(1781012577.497156) vcan0 601#00000000
(1781012577.497172) vcan0 602#7F000000
(1781012577.609097) vcan0 600#FF000000
(1781012577.609131) vcan0 601#00000000
(1781012577.609148) vcan0 602#8C000000
(1781012577.641096) vcan0 603#00
(1781012577.641125) vcan0 604#00
(1781012577.641142) vcan0 607#00000000
(1781012577.721082) vcan0 600#FF000000
(1781012577.721112) vcan0 601#00000000
(1781012577.721128) vcan0 602#8C000000
(1781012577.832086) vcan0 600#FF000000
(1781012577.832118) vcan0 601#00000000
(1781012577.832135) vcan0 602#99000000
(1781012577.848135) vcan0 603#00
(1781012577.848182) vcan0 604#00
(1781012577.848214) vcan0 607#00000000
(1781012577.896075) vcan0 606#00
(1781012577.944054) vcan0 600#FF000000
(1781012577.944082) vcan0 601#00000000
(1781012577.944098) vcan0 602#99000000
(1781012578.057153) vcan0 600#FF000000
(1781012578.057201) vcan0 601#00000000
(1781012578.057235) vcan0 602#A5000000
(1781012578.057265) vcan0 603#00
(1781012578.057321) vcan0 604#00
(1781012578.057381) vcan0 607#00000000
(1781012578.169065) vcan0 600#FF000000
(1781012578.169107) vcan0 601#00000000
(1781012578.169130) vcan0 602#7F000000
(1781012578.265107) vcan0 603#00
(1781012578.265158) vcan0 604#00
(1781012578.265193) vcan0 607#00000000
(1781012578.281075) vcan0 600#FF000000
(1781012578.281119) vcan0 601#00000000
(1781012578.281137) vcan0 602#7F000000
(1781012578.393014) vcan0 600#FF000000
(1781012578.393046) vcan0 601#00000000
(1781012578.393063) vcan0 602#7F000000
(1781012578.409044) vcan0 606#00
(1781012578.473029) vcan0 603#00
(1781012578.473057) vcan0 604#00
(1781012578.473075) vcan0 607#00000000
(1781012578.505017) vcan0 600#FF000000
(1781012578.505049) vcan0 601#00000000
(1781012578.505065) vcan0 602#7F000000
(1781012578.617011) vcan0 600#FF000000
(1781012578.617052) vcan0 601#00000000
(1781012578.617068) vcan0 602#8C000000
(1781012578.681057) vcan0 603#00
(1781012578.681118) vcan0 604#00
(1781012578.681147) vcan0 607#00000000
(1781012578.728073) vcan0 600#FF000000
(1781012578.728126) vcan0 601#00000000
(1781012578.728149) vcan0 602#8C000000
(1781012578.839985) vcan0 600#FF000000
(1781012578.840019) vcan0 601#00000000
(1781012578.840038) vcan0 602#99000000
(1781012578.887998) vcan0 603#00
(1781012578.888033) vcan0 604#00
(1781012578.888053) vcan0 607#00000000
(1781012578.920003) vcan0 606#00
(1781012578.951994) vcan0 600#FF000000
(1781012578.952023) vcan0 601#00000000
(1781012578.952039) vcan0 602#A5000000
(1781012579.064987) vcan0 600#FF000000
(1781012579.065016) vcan0 601#00000000
(1781012579.065034) vcan0 602#7F000000
(1781012579.097022) vcan0 603#00
(1781012579.097059) vcan0 604#00
(1781012579.097078) vcan0 607#00000000
(1781012579.176959) vcan0 600#FF000000
(1781012579.176991) vcan0 601#00000000
(1781012579.177009) vcan0 602#7F000000
(1781012579.288989) vcan0 600#FF000000
(1781012579.289026) vcan0 601#00000000
(1781012579.289046) vcan0 602#7F000000
(1781012579.304964) vcan0 603#00
(1781012579.304991) vcan0 604#00
(1781012579.305008) vcan0 607#00000000
(1781012579.400969) vcan0 600#FF000000
(1781012579.401022) vcan0 601#00000000
(1781012579.401038) vcan0 602#7F000000
(1781012579.432957) vcan0 606#00
(1781012579.512924) vcan0 600#FF000000
(1781012579.512975) vcan0 601#00000000
(1781012579.512991) vcan0 602#7F000000
(1781012579.513006) vcan0 603#00
(1781012579.513021) vcan0 604#00
(1781012579.513035) vcan0 607#00000000
(1781012579.624920) vcan0 600#FF000000
(1781012579.624954) vcan0 601#00000000
(1781012579.624972) vcan0 602#7F000000
(1781012579.720901) vcan0 603#00
(1781012579.720930) vcan0 604#00
(1781012579.720947) vcan0 607#00000000
(1781012579.735928) vcan0 600#FF000000
(1781012579.735960) vcan0 601#00000000
(1781012579.735978) vcan0 602#8C000000
(1781012579.847910) vcan0 600#FF000000
(1781012579.847938) vcan0 601#00000000
(1781012579.847954) vcan0 602#8C000000
(1781012579.927883) vcan0 603#00
(1781012579.927911) vcan0 604#00
(1781012579.927928) vcan0 607#00000000
(1781012579.943915) vcan0 606#00
(1781012579.960913) vcan0 600#FF000000
(1781012579.960962) vcan0 601#00000000
(1781012579.960987) vcan0 602#7F000000
(1781012580.072918) vcan0 600#FF000000
(1781012580.072951) vcan0 601#00000000
(1781012580.072969) vcan0 602#7F000000
(1781012580.136904) vcan0 603#00
(1781012580.136941) vcan0 604#00
(1781012580.136960) vcan0 607#00000000
(1781012580.184882) vcan0 600#FF000000
(1781012580.184914) vcan0 601#00000000
(1781012580.184933) vcan0 602#7F000000
(1781012580.296875) vcan0 600#FF000000
(1781012580.296908) vcan0 601#00000000
(1781012580.296933) vcan0 602#7F000000
(1781012580.344903) vcan0 603#00
(1781012580.344945) vcan0 604#00
(1781012580.344964) vcan0 607#00000000
(1781012580.408877) vcan0 600#FF000000
(1781012580.408908) vcan0 601#00000000
(1781012580.408925) vcan0 602#7F000000
(1781012580.456873) vcan0 606#00
(1781012580.520867) vcan0 600#FF000000
(1781012580.520903) vcan0 601#00000000
(1781012580.520920) vcan0 602#7F000000
(1781012580.552857) vcan0 603#00
(1781012580.552940) vcan0 604#00
(1781012580.552960) vcan0 607#00000000
(1781012580.632951) vcan0 600#FF000000
(1781012580.632987) vcan0 601#00000000
(1781012580.633058) vcan0 602#7F000000
(1781012580.743845) vcan0 600#FF000000
(1781012580.743876) vcan0 601#00000000
(1781012580.743892) vcan0 602#8C000000
(1781012580.759846) vcan0 603#00
(1781012580.759873) vcan0 604#00
(1781012580.759889) vcan0 607#00000000
(1781012580.855888) vcan0 600#FF000000
(1781012580.855922) vcan0 601#00000000
(1781012580.855943) vcan0 602#99000000
(1781012580.968896) vcan0 600#FF000000
(1781012580.968955) vcan0 601#00000000
(1781012580.969016) vcan0 602#99000000
(1781012580.969053) vcan0 603#00
(1781012580.969072) vcan0 604#00
(1781012580.969088) vcan0 606#00
(1781012580.969102) vcan0 607#00000000
(1781012581.080813) vcan0 600#FF000000
(1781012581.080846) vcan0 601#00000000
(1781012581.080862) vcan0 602#7F000000
(1781012581.176828) vcan0 603#00
(1781012581.176857) vcan0 604#00
(1781012581.176878) vcan0 607#00000000
(1781012581.192791) vcan0 600#FF000000
(1781012581.192819) vcan0 601#00000000
(1781012581.192833) vcan0 602#7F000000
(1781012581.304807) vcan0 600#FF000000
(1781012581.304840) vcan0 601#00000000
(1781012581.304857) vcan0 602#7F000000
(1781012581.384829) vcan0 603#00
(1781012581.384863) vcan0 604#00
(1781012581.384881) vcan0 607#00000000
(1781012581.416787) vcan0 600#FF000000
(1781012581.416818) vcan0 601#00000000
(1781012581.416834) vcan0 602#7F000000
(1781012581.480764) vcan0 606#00
(1781012581.528801) vcan0 600#FF000000
(1781012581.528834) vcan0 601#00000000
(1781012581.528850) vcan0 602#7F000000
(1781012581.592800) vcan0 603#00
(1781012581.592842) vcan0 604#00
(1781012581.592859) vcan0 607#00000000
(1781012581.640861) vcan0 600#FF000000
(1781012581.640911) vcan0 601#00000000
(1781012581.640943) vcan0 602#72000000
(1781012581.751786) vcan0 600#FF000000
(1781012581.751826) vcan0 601#00000000
(1781012581.751846) vcan0 602#72000000
(1781012581.799897) vcan0 603#00
(1781012581.799953) vcan0 604#00
(1781012581.799989) vcan0 607#00000000
(1781012581.863769) vcan0 600#FF000000
(1781012581.863804) vcan0 601#00000000
(1781012581.863824) vcan0 602#7F000000
(1781012581.976740) vcan0 600#FF000000
(1781012581.976775) vcan0 601#00000000
(1781012581.976792) vcan0 602#7F000000
(1781012581.992764) vcan0 606#00
(1781012582.008757) vcan0 603#00
(1781012582.008787) vcan0 604#00
(1781012582.008806) vcan0 607#00000000
(1781012582.088730) vcan0 600#FF000000
(1781012582.088762) vcan0 601#00000000
(1781012582.088780) vcan0 602#7F000000
(1781012582.200726) vcan0 600#FF000000
(1781012582.200809) vcan0 601#00000000
(1781012582.200839) vcan0 602#7F000000
(1781012582.216752) vcan0 603#00
(1781012582.216782) vcan0 604#00
(1781012582.216799) vcan0 607#00000000
(1781012582.312725) vcan0 600#FF000000
(1781012582.312763) vcan0 601#00000000
(1781012582.312783) vcan0 602#7F000000
(1781012582.424739) vcan0 600#FF000000
(1781012582.424773) vcan0 601#00000000
(1781012582.424788) vcan0 602#7F000000
(1781012582.424802) vcan0 603#00
(1781012582.424815) vcan0 604#00
(1781012582.424828) vcan0 607#00000000
(1781012582.504726) vcan0 606#00
(1781012582.536713) vcan0 600#FF000000
(1781012582.536748) vcan0 601#00000000
(1781012582.536767) vcan0 602#7F000000
(1781012582.632783) vcan0 603#00
(1781012582.632813) vcan0 604#00
(1781012582.632829) vcan0 607#00000000
(1781012582.648726) vcan0 600#FF000000
(1781012582.648761) vcan0 601#00000000
(1781012582.648778) vcan0 602#72000000
(1781012582.759673) vcan0 600#FF000000
(1781012582.759706) vcan0 601#00000000
(1781012582.759725) vcan0 602#72000000
(1781012582.839688) vcan0 603#00
(1781012582.839722) vcan0 604#00
(1781012582.839742) vcan0 607#00000000
(1781012582.871706) vcan0 600#FF000000
(1781012582.871742) vcan0 601#00000000
(1781012582.871762) vcan0 602#65000000
(1781012582.984675) vcan0 600#FF000000
(1781012582.984704) vcan0 601#00000000
(1781012582.984719) vcan0 602#7F000000
(1781012583.016695) vcan0 606#00
(1781012583.048677) vcan0 603#00
(1781012583.048705) vcan0 604#00
(1781012583.048721) vcan0 607#00000000
(1781012583.096673) vcan0 600#FF000000
(1781012583.096715) vcan0 601#00000000
(1781012583.096732) vcan0 602#7F000000
(1781012583.208676) vcan0 600#FF000000
(1781012583.208707) vcan0 601#00000000
(1781012583.208722) vcan0 602#8C000000
(1781012583.256666) vcan0 603#00
(1781012583.256709) vcan0 604#00
(1781012583.256727) vcan0 607#00000000
(1781012583.320662) vcan0 600#FF000000
(1781012583.320693) vcan0 601#00000000
(1781012583.320710) vcan0 602#8C000000
(1781012583.432639) vcan0 600#FF000000
(1781012583.432670) vcan0 601#00000000
(1781012583.432686) vcan0 602#99000000
(1781012583.464658) vcan0 603#00
(1781012583.464686) vcan0 604#00
(1781012583.464703) vcan0 607#00000000
(1781012583.528666) vcan0 606#00
(1781012583.544707) vcan0 600#FF000000
(1781012583.544744) vcan0 601#00000000
(1781012583.544763) vcan0 602#7F000000
(1781012583.656652) vcan0 600#FF000000
(1781012583.656684) vcan0 601#00000000
(1781012583.656702) vcan0 602#7F000000
(1781012583.672776) vcan0 603#00
(1781012583.672830) vcan0 604#00
(1781012583.672896) vcan0 607#00000000
(1781012583.767620) vcan0 600#FF000000
(1781012583.767654) vcan0 601#00000000
(1781012583.767673) vcan0 602#7F000000
(1781012583.879624) vcan0 600#FF000000
(1781012583.879659) vcan0 601#00000000
(1781012583.879677) vcan0 602#7F000000
(1781012583.879692) vcan0 603#00
(1781012583.879705) vcan0 604#00
(1781012583.879719) vcan0 607#00000000
(1781012583.992618) vcan0 600#FF000000
(1781012583.992658) vcan0 601#00000000
(1781012583.992675) vcan0 602#7F000000
(1781012584.040606) vcan0 606#00
(1781012584.088577) vcan0 603#00
(1781012584.088635) vcan0 604#00
(1781012584.088654) vcan0 607#00000000
(1781012584.104579) vcan0 600#FF000000
(1781012584.104611) vcan0 601#00000000
(1781012584.104626) vcan0 602#7F000000
(1781012584.216575) vcan0 600#FF000000
(1781012584.216606) vcan0 601#00000000
(1781012584.216623) vcan0 602#7F000000
(1781012584.296555) vcan0 603#00
(1781012584.296587) vcan0 604#00
(1781012584.296603) vcan0 607#00000000
(1781012584.328575) vcan0 600#FF000000
(1781012584.328609) vcan0 601#00000000
(1781012584.328625) vcan0 602#7F000000
(1781012584.440574) vcan0 600#FF000000
(1781012584.440613) vcan0 601#00000000
(1781012584.440634) vcan0 602#7F000000
(1781012584.504582) vcan0 603#00
(1781012584.504616) vcan0 604#00
(1781012584.504633) vcan0 607#00000000
(1781012584.552568) vcan0 600#FF000000
(1781012584.552625) vcan0 601#00000000
(1781012584.552641) vcan0 602#7F000000
(1781012584.552659) vcan0 606#00
(1781012584.664561) vcan0 600#FF000000
(1781012584.664592) vcan0 601#00000000
(1781012584.664608) vcan0 602#7F000000
(1781012584.712652) vcan0 603#00
(1781012584.712707) vcan0 604#00
(1781012584.712744) vcan0 607#00000000
(1781012584.775669) vcan0 600#FF000000
(1781012584.775722) vcan0 601#00000000
(1781012584.775756) vcan0 602#7F000000
(1781012584.887568) vcan0 600#FF000000
(1781012584.887601) vcan0 601#00000000
(1781012584.887617) vcan0 602#7F000000
(1781012584.919546) vcan0 603#00
(1781012584.919574) vcan0 604#00
(1781012584.919592) vcan0 607#00000000
(1781012585.000584) vcan0 600#FF000000
(1781012585.000622) vcan0 601#00000000
(1781012585.000644) vcan0 602#7F000000
(1781012585.064506) vcan0 606#00
(1781012585.112515) vcan0 600#FF000000
(1781012585.112552) vcan0 601#00000000
(1781012585.112569) vcan0 602#7F000000
(1781012585.128528) vcan0 603#00
(1781012585.128558) vcan0 604#00
(1781012585.128575) vcan0 607#00000000
(1781012585.224497) vcan0 600#FF000000
(1781012585.224527) vcan0 601#00000000
(1781012585.224543) vcan0 602#7F000000
(1781012585.336536) vcan0 600#FF000000
(1781012585.336570) vcan0 601#00000000
(1781012585.336586) vcan0 602#7F000000
(1781012585.336601) vcan0 603#00
(1781012585.336614) vcan0 604#00
(1781012585.336628) vcan0 607#00000000
(1781012585.448513) vcan0 600#FF000000
(1781012585.448545) vcan0 601#00000000
(1781012585.448562) vcan0 602#72000000
(1781012585.544506) vcan0 603#00
(1781012585.544535) vcan0 604#00
(1781012585.544552) vcan0 607#00000000
(1781012585.560488) vcan0 600#FF000000
(1781012585.560523) vcan0 601#00000000
(1781012585.560539) vcan0 602#72000000
(1781012585.576470) vcan0 606#00
(1781012585.672494) vcan0 600#FF000000
(1781012585.672526) vcan0 601#00000000
(1781012585.672543) vcan0 602#65000000
(1781012585.751462) vcan0 603#00
(1781012585.751495) vcan0 604#00
(1781012585.751511) vcan0 607#00000000
(1781012585.783475) vcan0 600#FF000000
(1781012585.783506) vcan0 601#00000000
(1781012585.783522) vcan0 602#65000000
(1781012585.895470) vcan0 600#FF000000
(1781012585.895513) vcan0 601#00000000
(1781012585.895530) vcan0 602#7F000000
(1781012585.960433) vcan0 603#00
(1781012585.960461) vcan0 604#00
(1781012585.960477) vcan0 607#00000000
(1781012586.008460) vcan0 600#FF000000
(1781012586.008496) vcan0 601#00000000
(1781012586.008512) vcan0 602#7F000000
(1781012586.088462) vcan0 606#00
(1781012586.120444) vcan0 600#FF000000
(1781012586.120476) vcan0 601#00000000
(1781012586.120492) vcan0 602#7F000000
(1781012586.168457) vcan0 603#00
(1781012586.168493) vcan0 604#00
(1781012586.168513) vcan0 607#00000000
(1781012586.232456) vcan0 600#FF000000
(1781012586.232490) vcan0 601#00000000
(1781012586.232507) vcan0 602#7F000000
(1781012586.344482) vcan0 600#FF000000
(1781012586.344516) vcan0 601#00000000
(1781012586.344534) vcan0 602#72000000
(1781012586.376486) vcan0 603#00
(1781012586.376533) vcan0 604#00
(1781012586.376567) vcan0 607#00000000
(1781012586.456425) vcan0 600#FF000000
(1781012586.456458) vcan0 601#00000000
(1781012586.456478) vcan0 602#65000000
(1781012586.568417) vcan0 600#FF000000
(1781012586.568447) vcan0 601#00000000
(1781012586.568464) vcan0 602#65000000
(1781012586.584393) vcan0 603#00
(1781012586.584418) vcan0 604#00
(1781012586.584432) vcan0 607#00000000
(1781012586.600401) vcan0 606#00
(1781012586.680411) vcan0 600#FF000000
(1781012586.680444) vcan0 601#00000000
(1781012586.680460) vcan0 602#59000000
(1781012586.791433) vcan0 600#FF000000
(1781012586.791475) vcan0 601#00000000
(1781012586.791495) vcan0 602#59000000
(1781012586.791511) vcan0 603#00
(1781012586.791525) vcan0 604#00
(1781012586.791540) vcan0 607#00000000
(1781012586.903402) vcan0 600#00000000
(1781012586.903437) vcan0 601#00000000
(1781012586.903458) vcan0 602#4C000000
(1781012587.000409) vcan0 603#00
(1781012587.000447) vcan0 604#00
(1781012587.000473) vcan0 607#00000000
(1781012587.016463) vcan0 600#00000000
(1781012587.016509) vcan0 601#00000000
(1781012587.016541) vcan0 602#4C000000
(1781012587.112418) vcan0 606#00
(1781012587.128391) vcan0 600#33000000
(1781012587.128424) vcan0 601#00000000
(1781012587.128441) vcan0 602#3F000000
(1781012587.208372) vcan0 603#00
(1781012587.208406) vcan0 604#00
(1781012587.208425) vcan0 607#00000000
(1781012587.240393) vcan0 600#E5000000
(1781012587.240426) vcan0 601#00000000
(1781012587.240443) vcan0 602#3F000000
(1781012587.352360) vcan0 600#FF000000
(1781012587.352396) vcan0 601#00000000
(1781012587.352414) vcan0 602#32000000
(1781012587.416346) vcan0 603#00
(1781012587.416378) vcan0 604#00
(1781012587.416395) vcan0 607#00000000
(1781012587.464331) vcan0 600#FF000000
(1781012587.464374) vcan0 601#00000000
(1781012587.464392) vcan0 602#26000000
(1781012587.576336) vcan0 600#FF000000
(1781012587.576365) vcan0 601#00000000
(1781012587.576382) vcan0 602#26000000
(1781012587.624378) vcan0 603#00
(1781012587.624409) vcan0 604#00
(1781012587.624426) vcan0 606#00
(1781012587.624441) vcan0 607#00000000
(1781012587.688325) vcan0 600#FF000000
(1781012587.688361) vcan0 601#00000000
(1781012587.688377) vcan0 602#7F000000
(1781012587.799312) vcan0 600#FF000000
(1781012587.799346) vcan0 601#00000000
(1781012587.799365) vcan0 602#7F000000
(1781012587.831314) vcan0 603#00
(1781012587.831342) vcan0 604#00
(1781012587.831357) vcan0 607#00000000
(1781012587.911391) vcan0 600#FF000000
(1781012587.911441) vcan0 601#00000000
(1781012587.911475) vcan0 602#8C000000
(1781012588.024306) vcan0 600#FF000000
(1781012588.024337) vcan0 601#00000000
(1781012588.024353) vcan0 602#8C000000
(1781012588.040371) vcan0 603#00
(1781012588.040418) vcan0 604#00
(1781012588.040451) vcan0 607#00000000
(1781012588.136346) vcan0 600#FF000000
(1781012588.136382) vcan0 601#00000000
(1781012588.136398) vcan0 602#99000000
(1781012588.136415) vcan0 606#00
(1781012588.248300) vcan0 600#FF000000
(1781012588.248341) vcan0 601#00000000
(1781012588.248361) vcan0 602#99000000
(1781012588.248381) vcan0 603#00
(1781012588.248399) vcan0 604#00
(1781012588.248418) vcan0 607#00000000
(1781012588.360369) vcan0 600#FF000000
(1781012588.360415) vcan0 601#00000000
(1781012588.360448) vcan0 602#7F000000
(1781012588.456281) vcan0 603#00
(1781012588.456315) vcan0 604#00
(1781012588.456337) vcan0 607#00000000
(1781012588.472281) vcan0 600#FF000000
(1781012588.472312) vcan0 601#00000000
(1781012588.472333) vcan0 602#72000000
(1781012588.584248) vcan0 600#FF000000
(1781012588.584283) vcan0 601#00000000
(1781012588.584302) vcan0 602#72000000
(1781012588.648266) vcan0 606#00
(1781012588.664288) vcan0 603#00
(1781012588.664318) vcan0 604#00
(1781012588.664335) vcan0 607#00000000
(1781012588.696256) vcan0 600#FF000000
(1781012588.696283) vcan0 601#00000000
(1781012588.696299) vcan0 602#65000000
(1781012588.807241) vcan0 600#FF000000
(1781012588.807283) vcan0 601#00000000
(1781012588.807300) vcan0 602#65000000
(1781012588.871299) vcan0 603#00
(1781012588.871350) vcan0 604#00
(1781012588.871370) vcan0 607#00000000
(1781012588.919285) vcan0 600#FF000000
(1781012588.919322) vcan0 601#00000000
(1781012588.919340) vcan0 602#59000000
(1781012589.032256) vcan0 600#FF000000
(1781012589.032295) vcan0 601#00000000
(1781012589.032312) vcan0 602#7F000000
(1781012589.080237) vcan0 603#00
(1781012589.080267) vcan0 604#00
(1781012589.080287) vcan0 607#00000000
(1781012589.144226) vcan0 600#FF000000
(1781012589.144262) vcan0 601#00000000
(1781012589.144282) vcan0 602#7F000000
(1781012589.160189) vcan0 606#00
(1781012589.256229) vcan0 600#FF000000
(1781012589.256260) vcan0 601#00000000
(1781012589.256280) vcan0 602#72000000
(1781012589.288203) vcan0 603#00
(1781012589.288233) vcan0 604#00
(1781012589.288251) vcan0 607#00000000
(1781012589.368216) vcan0 600#FF000000
(1781012589.368246) vcan0 601#00000000
(1781012589.368261) vcan0 602#7F000000
(1781012589.480252) vcan0 600#FF000000
(1781012589.480288) vcan0 601#00000000
(1781012589.480306) vcan0 602#7F000000
(1781012589.496203) vcan0 603#00
(1781012589.496234) vcan0 604#00
(1781012589.496253) vcan0 607#00000000
(1781012589.592261) vcan0 600#FF000000
(1781012589.592297) vcan0 601#00000000
(1781012589.592318) vcan0 602#7F000000
(1781012589.672302) vcan0 606#00
(1781012589.704221) vcan0 600#FF000000
(1781012589.704255) vcan0 601#00000000
(1781012589.704273) vcan0 602#7F000000
(1781012589.704289) vcan0 603#00
(1781012589.704302) vcan0 604#00
(1781012589.704319) vcan0 607#00000000
(1781012589.815175) vcan0 600#FF000000
(1781012589.815208) vcan0 601#00000000
(1781012589.815236) vcan0 602#7F000000
(1781012589.911179) vcan0 603#00
(1781012589.911211) vcan0 604#00
(1781012589.911227) vcan0 607#00000000
(1781012589.927179) vcan0 600#FF000000
(1781012589.927205) vcan0 601#00000000
(1781012589.927220) vcan0 602#7F000000
(1781012590.040147) vcan0 600#00000000
(1781012590.040180) vcan0 601#00000000
(1781012590.040197) vcan0 602#7F000000
(1781012590.120153) vcan0 603#00
(1781012590.120185) vcan0 604#01
(1781012590.120202) vcan0 607#00000000
(1781012590.152147) vcan0 600#00000000
(1781012590.152179) vcan0 601#00000000
(1781012590.152198) vcan0 602#7F000000
(1781012590.184121) vcan0 606#00
(1781012590.264144) vcan0 600#00000000
(1781012590.264174) vcan0 601#00000000
(1781012590.264190) vcan0 602#7F000000
(1781012590.328132) vcan0 603#00
(1781012590.328180) vcan0 604#01
(1781012590.328203) vcan0 607#00000000
(1781012590.376259) vcan0 600#00000000
(1781012590.376295) vcan0 601#00000000
(1781012590.376312) vcan0 602#7F000000
(1781012590.488099) vcan0 600#00000000
(1781012590.488131) vcan0 601#00000000
(1781012590.488148) vcan0 602#7F000000
(1781012590.536110) vcan0 603#00
(1781012590.536140) vcan0 604#01
(1781012590.536155) vcan0 607#00000000
(1781012590.600194) vcan0 600#00000000
(1781012590.600240) vcan0 601#00000000
(1781012590.600272) vcan0 602#7F000000
(1781012590.696115) vcan0 606#00
(1781012590.712125) vcan0 600#00000000
(1781012590.712157) vcan0 601#00000000
(1781012590.712174) vcan0 602#72000000
(1781012590.743136) vcan0 603#00
(1781012590.743167) vcan0 604#01
(1781012590.743184) vcan0 607#00000000
(1781012590.823075) vcan0 600#00000000
(1781012590.823105) vcan0 601#00000000
(1781012590.823122) vcan0 602#7F000000
(1781012590.935136) vcan0 600#00000000
(1781012590.935168) vcan0 601#00000000
(1781012590.935185) vcan0 602#7F000000
(1781012590.951076) vcan0 603#00
(1781012590.951105) vcan0 604#01
(1781012590.951123) vcan0 607#00000000
(1781012591.032104) vcan0 60D#08000000
(1781012591.048183) vcan0 600#00000000
(1781012591.048246) vcan0 601#66000000
(1781012591.048283) vcan0 602#7F000000
(1781012591.160144) vcan0 600#00000000
(1781012591.160184) vcan0 601#FF000000
(1781012591.160203) vcan0 602#7F000000
(1781012591.160220) vcan0 603#00
(1781012591.160233) vcan0 604#01
(1781012591.160248) vcan0 607#00000000
(1781012591.208069) vcan0 606#00
(1781012591.272077) vcan0 600#00000000
(1781012591.272108) vcan0 601#FF000000
(1781012591.272123) vcan0 602#7F000000
(1781012591.368034) vcan0 603#00
(1781012591.368064) vcan0 604#01
(1781012591.368080) vcan0 607#00000000
(1781012591.384104) vcan0 600#00000000
(1781012591.384142) vcan0 601#FF000000
(1781012591.384160) vcan0 602#7F000000
(1781012591.496048) vcan0 600#00000000
(1781012591.496104) vcan0 601#FF000000
(1781012591.496122) vcan0 602#7F000000
(1781012591.576038) vcan0 603#00
(1781012591.576073) vcan0 604#01
(1781012591.576092) vcan0 607#00000000
(1781012591.608081) vcan0 600#00000000
(1781012591.608138) vcan0 601#FF000000
(1781012591.608170) vcan0 602#7F000000
(1781012591.720081) vcan0 600#00000000
(1781012591.720113) vcan0 601#FF000000
(1781012591.720133) vcan0 602#7F000000
(1781012591.720157) vcan0 606#00
(1781012591.783078) vcan0 603#00
(1781012591.783111) vcan0 604#01
(1781012591.783127) vcan0 607#00000000
(1781012591.831019) vcan0 600#00000000
(1781012591.831064) vcan0 601#FF000000
(1781012591.831080) vcan0 602#7F000000
(1781012591.943034) vcan0 600#00000000
(1781012591.943064) vcan0 601#FF000000
(1781012591.943080) vcan0 602#7F000000
(1781012591.991982) vcan0 603#00
(1781012591.992016) vcan0 604#01
(1781012591.992033) vcan0 607#00000000
(1781012592.056033) vcan0 600#00000000
(1781012592.056065) vcan0 601#FF000000
(1781012592.056080) vcan0 602#7F000000
(1781012592.103991) vcan0 60D#00000000
(1781012592.167982) vcan0 600#00000000
(1781012592.168012) vcan0 601#00000000
(1781012592.168030) vcan0 602#7F000000
(1781012592.199989) vcan0 603#00
(1781012592.200018) vcan0 604#01
(1781012592.200035) vcan0 607#00000000
(1781012592.232020) vcan0 606#00
(1781012592.279988) vcan0 600#00000000
(1781012592.280021) vcan0 601#00000000
(1781012592.280039) vcan0 602#7F000000
(1781012592.391984) vcan0 600#00000000
(1781012592.392018) vcan0 601#00000000
(1781012592.392038) vcan0 602#7F000000
(1781012592.408056) vcan0 603#00
(1781012592.408135) vcan0 604#01
(1781012592.408174) vcan0 607#00000000
(1781012592.503984) vcan0 600#00000000
(1781012592.504021) vcan0 601#00000000
(1781012592.504041) vcan0 602#7F000000
(1781012592.615946) vcan0 600#00000000
(1781012592.615982) vcan0 601#00000000
(1781012592.616022) vcan0 602#7F000000
(1781012592.616041) vcan0 603#00
(1781012592.616054) vcan0 604#01
(1781012592.616067) vcan0 607#00000000
(1781012592.726965) vcan0 600#00000000
(1781012592.727008) vcan0 601#00000000
(1781012592.727025) vcan0 602#7F000000
(1781012592.742947) vcan0 606#00
(1781012592.822993) vcan0 603#00
(1781012592.823030) vcan0 604#01
(1781012592.823051) vcan0 607#00000000
(1781012592.838976) vcan0 600#00000000
(1781012592.839007) vcan0 601#00000000
(1781012592.839025) vcan0 602#7F000000
(1781012592.951017) vcan0 600#00000000
(1781012592.951060) vcan0 601#00000000
(1781012592.951110) vcan0 602#7F000000
(1781012593.031930) vcan0 603#00
(1781012593.031959) vcan0 604#00
(1781012593.031975) vcan0 607#00000000
(1781012593.063974) vcan0 600#B2000000
(1781012593.064009) vcan0 601#00000000
(1781012593.064026) vcan0 602#7F000000
(1781012593.175962) vcan0 600#FF000000
(1781012593.176009) vcan0 601#00000000
(1781012593.176028) vcan0 602#72000000
(1781012593.239916) vcan0 603#00
(1781012593.239946) vcan0 604#00
(1781012593.239965) vcan0 607#00000000
(1781012593.255913) vcan0 606#00
(1781012593.287908) vcan0 600#FF000000
(1781012593.287942) vcan0 601#00000000
(1781012593.287958) vcan0 602#72000000
(1781012593.399909) vcan0 600#FF000000
(1781012593.399941) vcan0 601#00000000
(1781012593.399957) vcan0 602#65000000
(1781012593.447908) vcan0 603#00
(1781012593.448007) vcan0 604#00
(1781012593.448049) vcan0 607#00000000
(1781012593.511882) vcan0 600#FF000000
(1781012593.511912) vcan0 601#00000000
(1781012593.511928) vcan0 602#65000000
(1781012593.623919) vcan0 600#FF000000
(1781012593.623955) vcan0 601#00000000
(1781012593.623978) vcan0 602#59000000
(1781012593.655944) vcan0 603#00
(1781012593.655982) vcan0 604#00
(1781012593.656004) vcan0 607#00000000
(1781012593.734941) vcan0 600#FF000000
(1781012593.734978) vcan0 601#00000000
(1781012593.734997) vcan0 602#4C000000
(1781012593.766990) vcan0 606#00
(1781012593.846907) vcan0 600#FF000000
(1781012593.846941) vcan0 601#00000000
(1781012593.846959) vcan0 602#4C000000
(1781012593.862893) vcan0 603#00
(1781012593.862932) vcan0 604#00
(1781012593.862951) vcan0 607#00000000
(1781012593.959902) vcan0 600#FF000000
(1781012593.959937) vcan0 601#00000000
(1781012593.959957) vcan0 602#3F000000
(1781012594.071937) vcan0 600#FF000000
(1781012594.071966) vcan0 601#00000000
(1781012594.071982) vcan0 602#3F000000
(1781012594.071996) vcan0 603#00
(1781012594.072008) vcan0 604#00
(1781012594.072021) vcan0 607#00000000
(1781012594.183852) vcan0 600#FF000000
(1781012594.183883) vcan0 601#00000000
(1781012594.183899) vcan0 602#32000000
(1781012594.279997) vcan0 603#00
(1781012594.280045) vcan0 604#00
(1781012594.280080) vcan0 606#00
(1781012594.280113) vcan0 607#00000000
(1781012594.295892) vcan0 600#FF000000
(1781012594.295931) vcan0 601#00000000
(1781012594.295957) vcan0 602#32000000
(1781012594.407863) vcan0 600#FF000000
(1781012594.407897) vcan0 601#00000000
(1781012594.407916) vcan0 602#26000000
(1781012594.487840) vcan0 603#00
(1781012594.487871) vcan0 604#00
(1781012594.487888) vcan0 607#00000000
(1781012594.519824) vcan0 600#FF000000
(1781012594.519857) vcan0 601#00000000
(1781012594.519877) vcan0 602#26000000
(1781012594.631937) vcan0 600#FF000000
(1781012594.632012) vcan0 601#00000000
(1781012594.632030) vcan0 602#26000000
(1781012594.695847) vcan0 603#00
(1781012594.695883) vcan0 604#00
(1781012594.695905) vcan0 607#00000000
(1781012594.742823) vcan0 600#FF000000
(1781012594.742854) vcan0 601#00000000
(1781012594.742880) vcan0 602#26000000
(1781012594.790844) vcan0 606#00
(1781012594.854777) vcan0 600#FF000000
(1781012594.854818) vcan0 601#00000000
(1781012594.854834) vcan0 602#26000000
(1781012594.902873) vcan0 603#00
(1781012594.902912) vcan0 604#00
(1781012594.902931) vcan0 607#00000000
(1781012594.967802) vcan0 600#FF000000
(1781012594.967833) vcan0 601#00000000
(1781012594.967850) vcan0 602#26000000
(1781012595.079847) vcan0 600#FF000000
(1781012595.079890) vcan0 601#00000000
(1781012595.079908) vcan0 602#26000000
(1781012595.111768) vcan0 603#00
(1781012595.111799) vcan0 604#00
(1781012595.111818) vcan0 607#00000000
(1781012595.191786) vcan0 600#FF000000
(1781012595.191816) vcan0 601#00000000
(1781012595.191832) vcan0 602#26000000
(1781012595.303779) vcan0 600#FF000000
(1781012595.303817) vcan0 601#00000000
(1781012595.303836) vcan0 602#26000000
(1781012595.303855) vcan0 606#00
(1781012595.319762) vcan0 603#00
(1781012595.319793) vcan0 604#00
(1781012595.319812) vcan0 607#00000000
(1781012595.415802) vcan0 600#FF000000
(1781012595.415841) vcan0 601#00000000
(1781012595.415860) vcan0 602#26000000
(1781012595.527752) vcan0 600#FF000000
(1781012595.527783) vcan0 601#00000000
(1781012595.527799) vcan0 602#26000000
(1781012595.527815) vcan0 603#00
(1781012595.527828) vcan0 604#00
(1781012595.527845) vcan0 607#00000000
(1781012595.639772) vcan0 600#FF000000
(1781012595.639808) vcan0 601#00000000
(1781012595.639826) vcan0 602#7F000000
(1781012595.734712) vcan0 603#00
(1781012595.734744) vcan0 604#00
(1781012595.734763) vcan0 607#00000000
(1781012595.750721) vcan0 600#FF000000
(1781012595.750749) vcan0 601#00000000
(1781012595.750766) vcan0 602#7F000000
(1781012595.814693) vcan0 606#00
(1781012595.862816) vcan0 600#FF000000
(1781012595.862875) vcan0 601#00000000
(1781012595.862898) vcan0 602#7F000000
(1781012595.942714) vcan0 603#00
(1781012595.942751) vcan0 604#00
(1781012595.942770) vcan0 607#00000000
(1781012595.975710) vcan0 600#FF000000
(1781012595.975745) vcan0 601#00000000
(1781012595.975765) vcan0 602#7F000000
(1781012596.087713) vcan0 600#FF000000
(1781012596.087755) vcan0 601#00000000
(1781012596.087772) vcan0 602#8C000000
(1781012596.151694) vcan0 603#00
(1781012596.151725) vcan0 604#00
(1781012596.151742) vcan0 607#00000000
(1781012596.199673) vcan0 600#FF000000
(1781012596.199706) vcan0 601#00000000
(1781012596.199724) vcan0 602#8C000000
(1781012596.311680) vcan0 600#FF000000
(1781012596.311730) vcan0 601#00000000
(1781012596.311753) vcan0 602#7F000000
(1781012596.327777) vcan0 606#00
(1781012596.359703) vcan0 603#00
(1781012596.359737) vcan0 604#00
(1781012596.359757) vcan0 607#00000000
(1781012596.423686) vcan0 600#FF000000
(1781012596.423719) vcan0 601#00000000
(1781012596.423736) vcan0 602#7F000000
(1781012596.535687) vcan0 600#FF000000
(1781012596.535735) vcan0 601#00000000
(1781012596.535756) vcan0 602#7F000000
(1781012596.567655) vcan0 603#00
(1781012596.567683) vcan0 604#00
(1781012596.567700) vcan0 607#00000000
(1781012596.647659) vcan0 600#FF000000
(1781012596.647688) vcan0 601#00000000
(1781012596.647705) vcan0 602#7F000000
(1781012596.758693) vcan0 600#FF000000
(1781012596.758736) vcan0 601#00000000
(1781012596.758773) vcan0 602#7F000000
(1781012596.774674) vcan0 603#00
(1781012596.774709) vcan0 604#00
(1781012596.774938) vcan0 607#00000000
(1781012596.838638) vcan0 606#00
(1781012596.870650) vcan0 600#FF000000
(1781012596.870682) vcan0 601#00000000
(1781012596.870699) vcan0 602#7F000000
(1781012596.983627) vcan0 600#FF000000
(1781012596.983661) vcan0 601#00000000
(1781012596.983677) vcan0 602#7F000000
(1781012596.983691) vcan0 603#00
(1781012596.983704) vcan0 604#00
(1781012596.983717) vcan0 607#00000000
(1781012597.095660) vcan0 600#FF000000
(1781012597.095693) vcan0 601#00000000
(1781012597.095710) vcan0 602#7F000000
(1781012597.191611) vcan0 603#00
(1781012597.191640) vcan0 604#00
(1781012597.191656) vcan0 607#00000000
(1781012597.207618) vcan0 600#FF000000
(1781012597.207647) vcan0 601#00000000
(1781012597.207662) vcan0 602#7F000000
(1781012597.319595) vcan0 600#FF000000
(1781012597.319626) vcan0 601#00000000
(1781012597.319642) vcan0 602#7F000000
(1781012597.351592) vcan0 606#00
(1781012597.399605) vcan0 603#00
(1781012597.399637) vcan0 604#00
(1781012597.399655) vcan0 607#00000000
(1781012597.431600) vcan0 600#FF000000
(1781012597.431631) vcan0 601#00000000
(1781012597.431647) vcan0 602#7F000000
(1781012597.543590) vcan0 600#FF000000
(1781012597.543621) vcan0 601#00000000
(1781012597.543638) vcan0 602#7F000000
(1781012597.607589) vcan0 603#00
(1781012597.607618) vcan0 604#00
(1781012597.607634) vcan0 607#00000000
(1781012597.655592) vcan0 600#FF000000
(1781012597.655634) vcan0 601#00000000
(1781012597.655657) vcan0 602#7F000000
(1781012597.766637) vcan0 600#FF000000
(1781012597.766678) vcan0 601#00000000
(1781012597.766696) vcan0 602#7F000000
(1781012597.814625) vcan0 603#00
(1781012597.814670) vcan0 604#00
(1781012597.814703) vcan0 607#00000000
(1781012597.862575) vcan0 606#00
(1781012597.878579) vcan0 600#FF000000
(1781012597.878612) vcan0 601#00000000
(1781012597.878629) vcan0 602#7F000000
(1781012597.991577) vcan0 600#FF000000
(1781012597.991616) vcan0 601#00000000
(1781012597.991633) vcan0 602#7F000000
(1781012598.023547) vcan0 603#00
(1781012598.023587) vcan0 604#00
(1781012598.023606) vcan0 607#00000000
(1781012598.103553) vcan0 600#FF000000
(1781012598.103588) vcan0 601#00000000
(1781012598.103607) vcan0 602#7F000000
(1781012598.215558) vcan0 600#00000000
(1781012598.215597) vcan0 601#00000000
(1781012598.215615) vcan0 602#7F000000
(1781012598.231525) vcan0 603#00
(1781012598.231559) vcan0 604#01
(1781012598.231578) vcan0 607#00000000
(1781012598.327555) vcan0 600#00000000
(1781012598.327604) vcan0 601#00000000
(1781012598.327634) vcan0 602#7F000000
(1781012598.375538) vcan0 606#00
(1781012598.439522) vcan0 600#00000000
(1781012598.439557) vcan0 601#00000000
(1781012598.439573) vcan0 602#7F000000
(1781012598.439588) vcan0 603#00
(1781012598.439601) vcan0 604#01
(1781012598.439615) vcan0 607#00000000
(1781012598.551511) vcan0 600#00000000
(1781012598.551542) vcan0 601#00000000
(1781012598.551594) vcan0 602#7F000000
(1781012598.647496) vcan0 603#00
(1781012598.647534) vcan0 604#01
(1781012598.647554) vcan0 607#00000000
(1781012598.663468) vcan0 600#00000000
(1781012598.663492) vcan0 601#00000000
(1781012598.663506) vcan0 602#7F000000
(1781012598.774556) vcan0 600#00000000
(1781012598.774592) vcan0 601#00000000
(1781012598.774614) vcan0 602#7F000000
(1781012598.854488) vcan0 603#00
(1781012598.854524) vcan0 604#01
(1781012598.854544) vcan0 607#00000000
(1781012598.886507) vcan0 600#00000000
(1781012598.886553) vcan0 601#00000000
(1781012598.886573) vcan0 602#7F000000
(1781012598.886591) vcan0 606#00
(1781012598.999491) vcan0 600#00000000
(1781012598.999527) vcan0 601#00000000
(1781012598.999547) vcan0 602#7F000000
(1781012599.063501) vcan0 603#00
(1781012599.063533) vcan0 604#01
(1781012599.063553) vcan0 607#00000000
(1781012599.079491) vcan0 60D#08000000
(1781012599.111588) vcan0 600#00000000
(1781012599.111634) vcan0 601#99000000
(1781012599.111652) vcan0 602#7F000000
(1781012599.223467) vcan0 600#00000000
(1781012599.223498) vcan0 601#FF000000
(1781012599.223515) vcan0 602#7F000000
(1781012599.271460) vcan0 603#00
(1781012599.271489) vcan0 604#01
(1781012599.271505) vcan0 607#00000000
(1781012599.335443) vcan0 600#00000000
(1781012599.335554) vcan0 601#FF000000
(1781012599.335572) vcan0 602#7F000000
(1781012599.399453) vcan0 606#00
(1781012599.447433) vcan0 600#00000000
(1781012599.447470) vcan0 601#FF000000
(1781012599.447488) vcan0 602#7F000000
(1781012599.479504) vcan0 603#00
(1781012599.479556) vcan0 604#01
(1781012599.479580) vcan0 607#00000000
(1781012599.559441) vcan0 600#00000000
(1781012599.559472) vcan0 601#FF000000
(1781012599.559490) vcan0 602#7F000000
(1781012599.623459) vcan0 60D#00000000
(1781012599.671505) vcan0 600#00000000
(1781012599.671540) vcan0 601#00000000
(1781012599.671559) vcan0 602#7F000000
(1781012599.687445) vcan0 603#00
(1781012599.687475) vcan0 604#01
(1781012599.687492) vcan0 607#00000000
(1781012599.782420) vcan0 600#00000000
(1781012599.782452) vcan0 601#00000000
(1781012599.782469) vcan0 602#7F000000
(1781012599.894445) vcan0 600#00000000
(1781012599.894475) vcan0 601#00000000
(1781012599.894493) vcan0 602#7F000000
(1781012599.894508) vcan0 603#00
(1781012599.894522) vcan0 604#01
(1781012599.894536) vcan0 607#00000000
(1781012599.910417) vcan0 606#00
(1781012600.007402) vcan0 600#00000000
(1781012600.007433) vcan0 601#00000000
(1781012600.007449) vcan0 602#7F000000
(1781012600.103399) vcan0 603#00
(1781012600.103430) vcan0 604#01
(1781012600.103446) vcan0 607#00000000
(1781012600.119388) vcan0 600#00000000
(1781012600.119415) vcan0 601#00000000
(1781012600.119429) vcan0 602#7F000000
(1781012600.231408) vcan0 600#33000000
(1781012600.231450) vcan0 601#00000000
(1781012600.231470) vcan0 602#7F000000
(1781012600.311393) vcan0 603#00
(1781012600.311426) vcan0 604#00
(1781012600.311447) vcan0 607#00000000
(1781012600.343358) vcan0 600#E5000000
(1781012600.343392) vcan0 601#00000000
(1781012600.343411) vcan0 602#7F000000
(1781012600.423402) vcan0 606#00
(1781012600.455404) vcan0 600#FF000000
(1781012600.455437) vcan0 601#00000000
(1781012600.455454) vcan0 602#7F000000
(1781012600.519368) vcan0 603#00
(1781012600.519401) vcan0 604#00
(1781012600.519418) vcan0 607#00000000
(1781012600.567376) vcan0 600#FF000000
(1781012600.567410) vcan0 601#00000000
(1781012600.567427) vcan0 602#7F000000
(1781012600.679389) vcan0 600#FF000000
(1781012600.679423) vcan0 601#00000000
(1781012600.679440) vcan0 602#7F000000
(1781012600.726418) vcan0 603#00
(1781012600.726524) vcan0 604#00
(1781012600.726552) vcan0 607#00000000
(1781012600.790353) vcan0 600#FF000000
(1781012600.790386) vcan0 601#00000000
(1781012600.790402) vcan0 602#7F000000
(1781012600.902377) vcan0 600#FF000000
(1781012600.902411) vcan0 601#00000000
(1781012600.902427) vcan0 602#7F000000
(1781012600.934362) vcan0 603#00
(1781012600.934390) vcan0 604#00
(1781012600.934405) vcan0 606#00
(1781012600.934419) vcan0 607#00000000
(1781012601.015381) vcan0 600#FF000000
(1781012601.015422) vcan0 601#00000000
(1781012601.015448) vcan0 602#7F000000
(1781012601.127354) vcan0 600#FF000000
(1781012601.127386) vcan0 601#00000000
(1781012601.127403) vcan0 602#7F000000
(1781012601.143374) vcan0 603#00
(1781012601.143401) vcan0 604#00
(1781012601.143417) vcan0 607#00000000
(1781012601.239330) vcan0 600#FF000000
(1781012601.239363) vcan0 601#00000000
(1781012601.239379) vcan0 602#7F000000
(1781012601.351318) vcan0 600#FF000000
(1781012601.351353) vcan0 601#00000000
(1781012601.351373) vcan0 602#7F000000
(1781012601.351391) vcan0 603#00
(1781012601.351407) vcan0 604#00
(1781012601.351422) vcan0 607#00000000
(1781012601.447385) vcan0 606#00
(1781012601.463321) vcan0 600#FF000000
(1781012601.463356) vcan0 601#00000000
(1781012601.463375) vcan0 602#7F000000
(1781012601.559294) vcan0 603#00
(1781012601.559322) vcan0 604#00
(1781012601.559338) vcan0 607#00000000
(1781012601.575344) vcan0 600#FF000000
(1781012601.575392) vcan0 601#00000000
(1781012601.575426) vcan0 602#7F000000
(1781012601.687364) vcan0 600#FF000000
(1781012601.687424) vcan0 601#00000000
(1781012601.687441) vcan0 602#7F000000
(1781012601.766271) vcan0 603#00
(1781012601.766303) vcan0 604#00
(1781012601.766323) vcan0 607#00000000
(1781012601.798283) vcan0 600#FF000000
(1781012601.798314) vcan0 601#00000000
(1781012601.798330) vcan0 602#7F000000
(1781012601.910318) vcan0 600#FF000000
(1781012601.910355) vcan0 601#00000000
(1781012601.910373) vcan0 602#7F000000
(1781012601.959302) vcan0 606#00
(1781012601.975263) vcan0 603#00
(1781012601.975297) vcan0 604#00
(1781012601.975314) vcan0 607#00000000
(1781012602.023288) vcan0 600#FF000000
(1781012602.023321) vcan0 601#00000000
(1781012602.023339) vcan0 602#7F000000
(1781012602.135242) vcan0 600#FF000000
(1781012602.135272) vcan0 601#00000000
(1781012602.135288) vcan0 602#7F000000
(1781012602.183328) vcan0 603#00
(1781012602.183402) vcan0 604#00
(1781012602.183448) vcan0 607#00000000
(1781012602.247244) vcan0 600#FF000000
(1781012602.247274) vcan0 601#00000000
(1781012602.247291) vcan0 602#7F000000
(1781012602.359234) vcan0 600#FF000000
(1781012602.359265) vcan0 601#00000000
(1781012602.359281) vcan0 602#72000000
(1781012602.391220) vcan0 603#00
(1781012602.391250) vcan0 604#00
(1781012602.391267) vcan0 607#00000000
(1781012602.471221) vcan0 600#FF000000
(1781012602.471255) vcan0 601#00000000
(1781012602.471272) vcan0 602#65000000
(1781012602.471289) vcan0 606#00
(1781012602.583211) vcan0 600#FF000000
(1781012602.583241) vcan0 601#00000000
(1781012602.583257) vcan0 602#65000000
(1781012602.599202) vcan0 603#00
(1781012602.599233) vcan0 604#00
(1781012602.599251) vcan0 607#00000000
(1781012602.695191) vcan0 600#FF000000
(1781012602.695221) vcan0 601#00000000
(1781012602.695237) vcan0 602#59000000
(1781012602.806283) vcan0 600#FF000000
(1781012602.806327) vcan0 601#00000000
(1781012602.806348) vcan0 602#59000000
(1781012602.806367) vcan0 603#00
(1781012602.806383) vcan0 604#00
(1781012602.806399) vcan0 607#00000000
(1781012602.918177) vcan0 600#FF000000
(1781012602.918208) vcan0 601#00000000
(1781012602.918225) vcan0 602#4C000000
(1781012602.983184) vcan0 606#00
(1781012603.015219) vcan0 603#00
(1781012603.015255) vcan0 604#00
(1781012603.015272) vcan0 607#00000000
(1781012603.031202) vcan0 600#FF000000
(1781012603.031230) vcan0 601#00000000
(1781012603.031247) vcan0 602#4C000000
(1781012603.143204) vcan0 600#FF000000
(1781012603.143239) vcan0 601#00000000
(1781012603.143259) vcan0 602#3F000000
(1781012603.223198) vcan0 603#00
(1781012603.223231) vcan0 604#00
(1781012603.223248) vcan0 607#00000000
(1781012603.255170) vcan0 600#FF000000
(1781012603.255206) vcan0 601#00000000
(1781012603.255224) vcan0 602#7F000000
(1781012603.367159) vcan0 600#FF000000
(1781012603.367191) vcan0 601#00000000
(1781012603.367207) vcan0 602#8C000000
(1781012603.431233) vcan0 603#00
(1781012603.431279) vcan0 604#00
(1781012603.431301) vcan0 607#00000000
(1781012603.479159) vcan0 600#FF000000
(1781012603.479191) vcan0 601#00000000
(1781012603.479208) vcan0 602#8C000000
(1781012603.495155) vcan0 606#00
(1781012603.591150) vcan0 600#FF000000
(1781012603.591185) vcan0 601#00000000
(1781012603.591201) vcan0 602#99000000
(1781012603.639134) vcan0 603#00
(1781012603.639163) vcan0 604#00
(1781012603.639179) vcan0 607#00000000
(1781012603.703153) vcan0 600#FF000000
(1781012603.703187) vcan0 601#00000000
(1781012603.703214) vcan0 602#99000000
(1781012603.814142) vcan0 600#FF000000
(1781012603.814172) vcan0 601#00000000
(1781012603.814188) vcan0 602#A5000000
(1781012603.846140) vcan0 603#00
(1781012603.846175) vcan0 604#00
(1781012603.846195) vcan0 607#00000000
(1781012603.926135) vcan0 600#FF000000
(1781012603.926171) vcan0 601#00000000
(1781012603.926191) vcan0 602#B2000000
(1781012604.007254) vcan0 606#00
(1781012604.039147) vcan0 600#FF000000
(1781012604.039185) vcan0 601#00000000
(1781012604.039208) vcan0 602#B2000000
(1781012604.055126) vcan0 603#00
(1781012604.055155) vcan0 604#00
(1781012604.055188) vcan0 607#00000000
(1781012604.151108) vcan0 600#FF000000
(1781012604.151141) vcan0 601#00000000
(1781012604.151157) vcan0 602#BF000000
(1781012604.263138) vcan0 600#FF000000
(1781012604.263173) vcan0 601#00000000
(1781012604.263196) vcan0 602#BF000000
(1781012604.263237) vcan0 603#00
(1781012604.263253) vcan0 604#00
(1781012604.263274) vcan0 607#00000000
(1781012604.375183) vcan0 600#FF000000
(1781012604.375226) vcan0 601#00000000
(1781012604.375245) vcan0 602#CC000000
(1781012604.471103) vcan0 603#00
(1781012604.471188) vcan0 604#00
(1781012604.471220) vcan0 607#00000000
(1781012604.487188) vcan0 600#FF000000
(1781012604.487328) vcan0 601#00000000
(1781012604.487383) vcan0 602#7F000000
(1781012604.519072) vcan0 606#00
(1781012604.599062) vcan0 600#FF000000
(1781012604.599095) vcan0 601#00000000
(1781012604.599110) vcan0 602#7F000000
(1781012604.679060) vcan0 603#00
(1781012604.679092) vcan0 604#00
(1781012604.679108) vcan0 607#00000000
(1781012604.711129) vcan0 600#FF000000
(1781012604.711164) vcan0 601#00000000
(1781012604.711182) vcan0 602#7F000000
(1781012604.822044) vcan0 600#FF000000
(1781012604.822083) vcan0 601#00000000
(1781012604.822101) vcan0 602#7F000000
(1781012604.886033) vcan0 603#00
(1781012604.886069) vcan0 604#00
(1781012604.886086) vcan0 607#00000000
(1781012604.934038) vcan0 600#FF000000
(1781012604.934078) vcan0 601#00000000
(1781012604.934099) vcan0 602#7F000000
(1781012605.031041) vcan0 606#00
(1781012605.047026) vcan0 600#FF000000
(1781012605.047061) vcan0 601#00000000
(1781012605.047081) vcan0 602#7F000000
(1781012605.095052) vcan0 603#00
(1781012605.095080) vcan0 604#00
(1781012605.095099) vcan0 607#00000000
(1781012605.159022) vcan0 600#FF000000
(1781012605.159051) vcan0 601#00000000
(1781012605.159070) vcan0 602#7F000000
(1781012605.271058) vcan0 600#FF000000
(1781012605.271098) vcan0 601#00000000
(1781012605.271120) vcan0 602#7F000000
(1781012605.303054) vcan0 603#00
(1781012605.303125) vcan0 604#00
(1781012605.303163) vcan0 607#00000000
(1781012605.383011) vcan0 600#FF000000
(1781012605.383044) vcan0 601#00000000
(1781012605.383061) vcan0 602#7F000000
(1781012605.495000) vcan0 600#FF000000
(1781012605.495032) vcan0 601#00000000
(1781012605.495049) vcan0 602#7F000000
(1781012605.511013) vcan0 603#00
(1781012605.511044) vcan0 604#00
(1781012605.511061) vcan0 607#00000000
(1781012605.543050) vcan0 606#00
(1781012605.607005) vcan0 600#FF000000
(1781012605.607045) vcan0 601#00000000
(1781012605.607065) vcan0 602#7F000000
(1781012605.718995) vcan0 600#FF000000
(1781012605.719034) vcan0 601#00000000
(1781012605.719054) vcan0 602#7F000000
(1781012605.719071) vcan0 603#00
(1781012605.719100) vcan0 604#00
(1781012605.719116) vcan0 607#00000000
(1781012605.829978) vcan0 600#FF000000
(1781012605.830012) vcan0 601#00000000
(1781012605.830031) vcan0 602#7F000000
(1781012605.925961) vcan0 603#00
(1781012605.925988) vcan0 604#00
(1781012605.926004) vcan0 607#00000000
(1781012605.941940) vcan0 600#FF000000
(1781012605.941966) vcan0 601#00000000
(1781012605.941982) vcan0 602#72000000
(1781012606.054955) vcan0 600#FF000000
(1781012606.054991) vcan0 601#00000000
(1781012606.055012) vcan0 602#65000000
(1781012606.055031) vcan0 606#00
(1781012606.134947) vcan0 603#00
(1781012606.134979) vcan0 604#00
(1781012606.134998) vcan0 607#00000000
(1781012606.166978) vcan0 600#FF000000
(1781012606.167008) vcan0 601#00000000
(1781012606.167024) vcan0 602#65000000
(1781012606.278969) vcan0 600#FF000000
(1781012606.279000) vcan0 601#00000000
(1781012606.279018) vcan0 602#59000000
(1781012606.342986) vcan0 603#00
(1781012606.343017) vcan0 604#00
(1781012606.343037) vcan0 607#00000000
(1781012606.390956) vcan0 600#FF000000
(1781012606.390997) vcan0 601#00000000
(1781012606.391019) vcan0 602#59000000
(1781012606.502965) vcan0 600#FF000000
(1781012606.503002) vcan0 601#00000000
(1781012606.503040) vcan0 602#4C000000
(1781012606.550965) vcan0 603#00
(1781012606.550996) vcan0 604#00
(1781012606.551015) vcan0 607#00000000
(1781012606.566941) vcan0 606#00
(1781012606.614928) vcan0 600#FF000000
(1781012606.614964) vcan0 601#00000000
(1781012606.614984) vcan0 602#4C000000
(1781012606.725909) vcan0 600#FF000000
(1781012606.725947) vcan0 601#00000000
(1781012606.725968) vcan0 602#3F000000
(1781012606.757932) vcan0 603#00
(1781012606.757962) vcan0 604#00
(1781012606.757983) vcan0 607#00000000
(1781012606.837901) vcan0 600#FF000000
(1781012606.837938) vcan0 601#00000000
(1781012606.837957) vcan0 602#7F000000
(1781012606.949865) vcan0 600#FF000000
(1781012606.949894) vcan0 601#00000000
(1781012606.949909) vcan0 602#7F000000
(1781012606.966875) vcan0 603#00
(1781012606.966908) vcan0 604#00
(1781012606.966928) vcan0 607#00000000
(1781012607.062898) vcan0 600#FF000000
(1781012607.062931) vcan0 601#00000000
(1781012607.062949) vcan0 602#7F000000
(1781012607.078897) vcan0 606#00
(1781012607.174871) vcan0 600#FF000000
(1781012607.174924) vcan0 601#00000000
(1781012607.174940) vcan0 602#7F000000
(1781012607.174955) vcan0 603#00
(1781012607.174972) vcan0 604#00
(1781012607.174988) vcan0 607#00000000
(1781012607.286856) vcan0 600#FF000000
(1781012607.286887) vcan0 601#00000000
(1781012607.286902) vcan0 602#7F000000
(1781012607.382892) vcan0 603#00
(1781012607.382928) vcan0 604#00
(1781012607.382945) vcan0 607#00000000
(1781012607.399014) vcan0 600#FF000000
(1781012607.399052) vcan0 601#00000000
(1781012607.399070) vcan0 602#7F000000
(1781012607.510970) vcan0 600#FF000000
(1781012607.511027) vcan0 601#00000000
(1781012607.511088) vcan0 602#7F000000
(1781012607.590865) vcan0 603#00
(1781012607.590896) vcan0 604#00
(1781012607.590918) vcan0 606#00
(1781012607.590937) vcan0 607#00000000
(1781012607.622813) vcan0 600#FF000000
(1781012607.622842) vcan0 601#00000000
(1781012607.622858) vcan0 602#7F000000
(1781012607.733819) vcan0 600#FF000000
(1781012607.733852) vcan0 601#00000000
(1781012607.733870) vcan0 602#7F000000
(1781012607.797846) vcan0 603#00
(1781012607.797882) vcan0 604#00
(1781012607.797902) vcan0 607#00000000
(1781012607.845817) vcan0 600#FF000000
(1781012607.845850) vcan0 601#00000000
(1781012607.845866) vcan0 602#7F000000
(1781012607.958837) vcan0 600#FF000000
(1781012607.958883) vcan0 601#00000000
(1781012607.958903) vcan0 602#7F000000
(1781012608.006804) vcan0 603#00
(1781012608.006837) vcan0 604#00
(1781012608.006854) vcan0 607#00000000
(1781012608.070775) vcan0 600#FF000000
(1781012608.070810) vcan0 601#00000000
(1781012608.070826) vcan0 602#7F000000
(1781012608.102836) vcan0 606#00
(1781012608.182794) vcan0 600#FF000000
(1781012608.182827) vcan0 601#00000000
(1781012608.182843) vcan0 602#7F000000
(1781012608.214796) vcan0 603#00
(1781012608.214828) vcan0 604#00
(1781012608.214844) vcan0 607#00000000
(1781012608.294789) vcan0 600#FF000000
(1781012608.294829) vcan0 601#00000000
(1781012608.294846) vcan0 602#7F000000
(1781012608.406770) vcan0 600#FF000000
(1781012608.406811) vcan0 601#00000000
(1781012608.406828) vcan0 602#7F000000
(1781012608.422770) vcan0 603#00
(1781012608.422806) vcan0 604#00
(1781012608.422825) vcan0 607#00000000
(1781012608.518918) vcan0 600#FF000000
(1781012608.518968) vcan0 601#00000000
(1781012608.519002) vcan0 602#72000000
(1781012608.614789) vcan0 606#00
(1781012608.630800) vcan0 600#FF000000
(1781012608.630836) vcan0 601#00000000
(1781012608.630855) vcan0 602#65000000
(1781012608.630875) vcan0 603#00
(1781012608.630894) vcan0 604#00
(1781012608.630915) vcan0 607#00000000
(1781012608.741800) vcan0 600#FF000000
(1781012608.741837) vcan0 601#00000000
(1781012608.741859) vcan0 602#65000000
(1781012608.837725) vcan0 603#00
(1781012608.837762) vcan0 604#00
(1781012608.837783) vcan0 607#00000000
(1781012608.853727) vcan0 600#FF000000
(1781012608.853763) vcan0 601#00000000
(1781012608.853780) vcan0 602#7F000000
(1781012608.966749) vcan0 600#FF000000
(1781012608.966797) vcan0 601#00000000
(1781012608.966866) vcan0 602#7F000000
(1781012609.046842) vcan0 603#00
(1781012609.046881) vcan0 604#00
(1781012609.046902) vcan0 607#00000000
(1781012609.078733) vcan0 600#FF000000
(1781012609.078764) vcan0 601#00000000
(1781012609.078789) vcan0 602#7F000000
(1781012609.126720) vcan0 606#00
(1781012609.190694) vcan0 600#FF000000
(1781012609.190725) vcan0 601#00000000
(1781012609.190741) vcan0 602#7F000000
(1781012609.254761) vcan0 603#00
(1781012609.254806) vcan0 604#00
(1781012609.254828) vcan0 607#00000000
(1781012609.302715) vcan0 600#FF000000
(1781012609.302758) vcan0 601#00000000
(1781012609.302776) vcan0 602#7F000000
(1781012609.414711) vcan0 600#FF000000
(1781012609.414743) vcan0 601#00000000
(1781012609.414759) vcan0 602#7F000000
(1781012609.462690) vcan0 603#00
(1781012609.462723) vcan0 604#00
(1781012609.462741) vcan0 607#00000000
(1781012609.526699) vcan0 600#FF000000
(1781012609.526728) vcan0 601#00000000
(1781012609.526744) vcan0 602#72000000
(1781012609.638687) vcan0 600#FF000000
(1781012609.638717) vcan0 601#00000000
(1781012609.638756) vcan0 602#72000000
(1781012609.638771) vcan0 606#00
(1781012609.670667) vcan0 603#00
(1781012609.670696) vcan0 604#00
(1781012609.670713) vcan0 607#00000000
(1781012609.749682) vcan0 600#FF000000
(1781012609.749726) vcan0 601#00000000
(1781012609.749744) vcan0 602#65000000
(1781012609.861770) vcan0 600#FF000000
(1781012609.861820) vcan0 601#00000000
(1781012609.861856) vcan0 602#65000000
(1781012609.877676) vcan0 603#00
(1781012609.877707) vcan0 604#00
(1781012609.877724) vcan0 607#00000000
(1781012609.974649) vcan0 600#FF000000
(1781012609.974688) vcan0 601#00000000
(1781012609.974708) vcan0 602#7F000000
(1781012610.086649) vcan0 600#FF000000
(1781012610.086684) vcan0 601#00000000
(1781012610.086703) vcan0 602#7F000000
(1781012610.086721) vcan0 603#00
(1781012610.086735) vcan0 604#00
(1781012610.086750) vcan0 607#00000000
(1781012610.150638) vcan0 606#00
(1781012610.198654) vcan0 600#FF000000
(1781012610.198684) vcan0 601#00000000
(1781012610.198699) vcan0 602#7F000000
(1781012610.294672) vcan0 603#00
(1781012610.294708) vcan0 604#00
(1781012610.294730) vcan0 607#00000000
(1781012610.310739) vcan0 600#FF000000
(1781012610.310793) vcan0 601#00000000
(1781012610.310830) vcan0 602#7F000000
(1781012610.422633) vcan0 600#FF000000
(1781012610.422666) vcan0 601#00000000
(1781012610.422683) vcan0 602#72000000
(1781012610.502627) vcan0 603#00
(1781012610.502678) vcan0 604#00
(1781012610.502696) vcan0 607#00000000
(1781012610.534636) vcan0 600#FF000000
(1781012610.534669) vcan0 601#00000000
(1781012610.534685) vcan0 602#72000000
(1781012610.646604) vcan0 600#FF000000
(1781012610.646637) vcan0 601#00000000
(1781012610.646653) vcan0 602#65000000
(1781012610.662628) vcan0 606#00
(1781012610.710614) vcan0 603#00
(1781012610.710643) vcan0 604#00
(1781012610.710661) vcan0 607#00000000
(1781012610.757605) vcan0 600#FF000000
(1781012610.757637) vcan0 601#00000000
(1781012610.757653) vcan0 602#7F000000
(1781012610.869624) vcan0 600#FF000000
(1781012610.869673) vcan0 601#00000000
(1781012610.869696) vcan0 602#7F000000
(1781012610.917596) vcan0 603#00
(1781012610.917695) vcan0 604#00
(1781012610.917721) vcan0 607#00000000
(1781012610.982602) vcan0 600#FF000000
(1781012610.982638) vcan0 601#00000000
(1781012610.982654) vcan0 602#7F000000
(1781012611.094643) vcan0 600#FF000000
(1781012611.094690) vcan0 601#00000000
(1781012611.094725) vcan0 602#7F000000
(1781012611.126555) vcan0 603#00
(1781012611.126588) vcan0 604#00
(1781012611.126605) vcan0 607#00000000
(1781012611.174577) vcan0 606#00
(1781012611.206568) vcan0 600#FF000000
(1781012611.206599) vcan0 601#00000000
(1781012611.206616) vcan0 602#72000000
(1781012611.318565) vcan0 600#FF000000
(1781012611.318599) vcan0 601#00000000
(1781012611.318615) vcan0 602#72000000
(1781012611.334546) vcan0 603#00
(1781012611.334573) vcan0 604#00
(1781012611.334589) vcan0 607#00000000
(1781012611.430551) vcan0 600#FF000000
(1781012611.430587) vcan0 601#00000000
(1781012611.430607) vcan0 602#65000000
(1781012611.542563) vcan0 600#FF000000
(1781012611.542601) vcan0 601#00000000
(1781012611.542618) vcan0 602#59000000
(1781012611.542636) vcan0 603#00
(1781012611.542649) vcan0 604#00
(1781012611.542662) vcan0 607#00000000
(1781012611.654537) vcan0 600#FF000000
(1781012611.654569) vcan0 601#00000000
(1781012611.654585) vcan0 602#59000000
(1781012611.686555) vcan0 606#00
(1781012611.749544) vcan0 603#00
(1781012611.749606) vcan0 604#00
(1781012611.749635) vcan0 607#00000000
(1781012611.765601) vcan0 600#FF000000
(1781012611.765693) vcan0 601#00000000
(1781012611.765712) vcan0 602#7F000000
(1781012611.877538) vcan0 600#FF000000
(1781012611.877590) vcan0 601#00000000
(1781012611.877611) vcan0 602#7F000000
(1781012611.958529) vcan0 603#00
(1781012611.958559) vcan0 604#00
(1781012611.958578) vcan0 607#00000000
(1781012611.990513) vcan0 600#FF000000
(1781012611.990546) vcan0 601#00000000
(1781012611.990567) vcan0 602#7F000000
(1781012612.102490) vcan0 600#FF000000
(1781012612.102521) vcan0 601#00000000
(1781012612.102537) vcan0 602#7F000000
(1781012612.166505) vcan0 603#00
(1781012612.166536) vcan0 604#00
(1781012612.166553) vcan0 607#00000000
(1781012612.198489) vcan0 606#00
(1781012612.214473) vcan0 600#FF000000
(1781012612.214501) vcan0 601#00000000
(1781012612.214516) vcan0 602#72000000
(1781012612.326585) vcan0 600#FF000000
(1781012612.326702) vcan0 601#00000000
(1781012612.326725) vcan0 602#65000000
(1781012612.374465) vcan0 603#00
(1781012612.374493) vcan0 604#00
(1781012612.374509) vcan0 607#00000000
(1781012612.438505) vcan0 600#FF000000
(1781012612.438539) vcan0 601#00000000
(1781012612.438555) vcan0 602#65000000
(1781012612.550463) vcan0 600#FF000000
(1781012612.550493) vcan0 601#00000000
(1781012612.550509) vcan0 602#59000000
(1781012612.582460) vcan0 603#00
(1781012612.582489) vcan0 604#00
(1781012612.582507) vcan0 607#00000000
(1781012612.662470) vcan0 600#FF000000
(1781012612.662501) vcan0 601#00000000
(1781012612.662517) vcan0 602#7F000000
(1781012612.710454) vcan0 606#00
(1781012612.773473) vcan0 600#FF000000
(1781012612.773508) vcan0 601#00000000
(1781012612.773526) vcan0 602#7F000000
(1781012612.789496) vcan0 603#00
(1781012612.789536) vcan0 604#00
(1781012612.789555) vcan0 607#00000000
(1781012612.885430) vcan0 600#FF000000
(1781012612.885459) vcan0 601#00000000
(1781012612.885475) vcan0 602#72000000
(1781012612.998424) vcan0 600#FF000000
(1781012612.998452) vcan0 601#00000000
(1781012612.998468) vcan0 602#72000000
(1781012612.998482) vcan0 603#00
(1781012612.998494) vcan0 604#00
(1781012612.998507) vcan0 607#00000000
(1781012613.110521) vcan0 600#FF000000
(1781012613.110571) vcan0 601#00000000
(1781012613.110604) vcan0 602#7F000000
(1781012613.206423) vcan0 603#00
(1781012613.206456) vcan0 604#00
(1781012613.206476) vcan0 607#00000000
(1781012613.222412) vcan0 600#FF000000
(1781012613.222446) vcan0 601#00000000
(1781012613.222475) vcan0 602#7F000000
(1781012613.222497) vcan0 606#00
(1781012613.334386) vcan0 600#FF000000
(1781012613.334430) vcan0 601#00000000
(1781012613.334449) vcan0 602#7F000000
(1781012613.414449) vcan0 603#00
(1781012613.414481) vcan0 604#00
(1781012613.414500) vcan0 607#00000000
(1781012613.446387) vcan0 600#FF000000
(1781012613.446421) vcan0 601#00000000
(1781012613.446438) vcan0 602#72000000
(1781012613.558407) vcan0 600#FF000000
(1781012613.558441) vcan0 601#00000000
(1781012613.558457) vcan0 602#65000000
(1781012613.622405) vcan0 603#00
(1781012613.622443) vcan0 604#00
(1781012613.622464) vcan0 607#00000000
(1781012613.670475) vcan0 600#FF000000
(1781012613.670526) vcan0 601#00000000
(1781012613.670558) vcan0 602#65000000
(1781012613.733423) vcan0 606#00
(1781012613.781397) vcan0 600#FF000000
(1781012613.781426) vcan0 601#00000000
(1781012613.781442) vcan0 602#59000000
(1781012613.829365) vcan0 603#00
(1781012613.829403) vcan0 604#00
(1781012613.829422) vcan0 607#00000000
(1781012613.893398) vcan0 600#FF000000
(1781012613.893440) vcan0 601#00000000
(1781012613.893460) vcan0 602#59000000
(1781012614.006371) vcan0 600#FF000000
(1781012614.006406) vcan0 601#00000000
(1781012614.006421) vcan0 602#4C000000
(1781012614.038406) vcan0 603#00
(1781012614.038439) vcan0 604#00
(1781012614.038459) vcan0 607#00000000
(1781012614.118353) vcan0 600#FF000000
(1781012614.118387) vcan0 601#00000000
(1781012614.118403) vcan0 602#7F000000
(1781012614.230354) vcan0 600#FF000000
(1781012614.230388) vcan0 601#00000000
(1781012614.230406) vcan0 602#7F000000
(1781012614.246338) vcan0 603#00
(1781012614.246365) vcan0 604#00
(1781012614.246380) vcan0 606#00
(1781012614.246394) vcan0 607#00000000
(1781012614.342362) vcan0 600#FF000000
(1781012614.342398) vcan0 601#00000000
(1781012614.342416) vcan0 602#7F000000
(1781012614.454308) vcan0 600#FF000000
(1781012614.454345) vcan0 601#00000000
(1781012614.454365) vcan0 602#7F000000
(1781012614.454387) vcan0 603#00
(1781012614.454403) vcan0 604#00
(1781012614.454423) vcan0 607#00000000
(1781012614.566307) vcan0 600#FF000000
(1781012614.566339) vcan0 601#00000000
(1781012614.566356) vcan0 602#7F000000
(1781012614.662312) vcan0 603#00
(1781012614.662345) vcan0 604#00
(1781012614.662363) vcan0 607#00000000
(1781012614.678467) vcan0 600#FF000000
(1781012614.678532) vcan0 601#00000000
(1781012614.678567) vcan0 602#7F000000
(1781012614.757302) vcan0 606#00
(1781012614.789323) vcan0 600#FF000000
(1781012614.789355) vcan0 601#00000000
(1781012614.789371) vcan0 602#72000000
(1781012614.869307) vcan0 603#00
(1781012614.869348) vcan0 604#00
(1781012614.869370) vcan0 607#00000000
(1781012614.901311) vcan0 600#FF000000
(1781012614.901344) vcan0 601#00000000
(1781012614.901362) vcan0 602#65000000
(1781012615.014338) vcan0 600#FF000000
(1781012615.014374) vcan0 601#00000000
(1781012615.014390) vcan0 602#65000000
(1781012615.078340) vcan0 603#00
(1781012615.078371) vcan0 604#00
(1781012615.078389) vcan0 607#00000000
(1781012615.126279) vcan0 600#FF000000
(1781012615.126315) vcan0 601#00000000
(1781012615.126334) vcan0 602#7F000000
(1781012615.238295) vcan0 600#FF000000
(1781012615.238326) vcan0 601#00000000
(1781012615.238341) vcan0 602#7F000000
(1781012615.270372) vcan0 606#00
(1781012615.286345) vcan0 603#00
(1781012615.286408) vcan0 604#01
(1781012615.286443) vcan0 607#00000000
(1781012615.350299) vcan0 600#00000000
(1781012615.350330) vcan0 601#00000000
(1781012615.350347) vcan0 602#7F000000
(1781012615.462276) vcan0 600#00000000
(1781012615.462311) vcan0 601#00000000
(1781012615.462328) vcan0 602#7F000000
(1781012615.494271) vcan0 603#00
(1781012615.494309) vcan0 604#01
(1781012615.494330) vcan0 607#00000000
(1781012615.574237) vcan0 600#00000000
(1781012615.574269) vcan0 601#00000000
(1781012615.574287) vcan0 602#7F000000
(1781012615.686233) vcan0 600#00000000
(1781012615.686278) vcan0 601#00000000
(1781012615.686302) vcan0 602#7F000000
(1781012615.702236) vcan0 603#00
(1781012615.702270) vcan0 604#01
(1781012615.702287) vcan0 607#00000000
(1781012615.781338) vcan0 606#00
(1781012615.797219) vcan0 600#00000000
(1781012615.797250) vcan0 601#00000000
(1781012615.797267) vcan0 602#7F000000
(1781012615.909225) vcan0 600#00000000
(1781012615.909256) vcan0 601#00000000
(1781012615.909273) vcan0 602#7F000000
(1781012615.909291) vcan0 603#00
(1781012615.909304) vcan0 604#01
(1781012615.909318) vcan0 607#00000000
(1781012616.022241) vcan0 600#00000000
(1781012616.022281) vcan0 601#00000000
(1781012616.022300) vcan0 602#7F000000
(1781012616.118209) vcan0 603#00
(1781012616.118244) vcan0 604#01
(1781012616.118264) vcan0 607#00000000
(1781012616.134185) vcan0 600#00000000
(1781012616.134212) vcan0 601#00000000
(1781012616.134228) vcan0 602#72000000
(1781012616.246244) vcan0 600#00000000
(1781012616.246278) vcan0 601#00000000
(1781012616.246294) vcan0 602#65000000
(1781012616.294190) vcan0 606#00
(1781012616.326165) vcan0 603#00
(1781012616.326194) vcan0 604#01
(1781012616.326211) vcan0 607#00000000
(1781012616.358175) vcan0 600#00000000
(1781012616.358203) vcan0 601#00000000
(1781012616.358219) vcan0 602#65000000
(1781012616.470194) vcan0 600#00000000
(1781012616.470244) vcan0 601#00000000
(1781012616.470329) vcan0 602#59000000
(1781012616.534174) vcan0 603#00
(1781012616.534206) vcan0 604#01
(1781012616.534225) vcan0 607#00000000
(1781012616.582187) vcan0 600#00000000
(1781012616.582218) vcan0 601#00000000
(1781012616.582238) vcan0 602#59000000
(1781012616.694301) vcan0 600#00000000
(1781012616.694389) vcan0 601#00000000
(1781012616.694417) vcan0 602#4C000000
(1781012616.741236) vcan0 603#00
(1781012616.741275) vcan0 604#01
(1781012616.741297) vcan0 607#00000000
(1781012616.805150) vcan0 600#00000000
(1781012616.805186) vcan0 601#00000000
(1781012616.805210) vcan0 602#4C000000
(1781012616.805229) vcan0 606#00
(1781012616.917242) vcan0 600#00000000
(1781012616.917277) vcan0 601#00000000
(1781012616.917294) vcan0 602#3F000000
(1781012616.949151) vcan0 603#00
(1781012616.949181) vcan0 604#00
(1781012616.949198) vcan0 607#00000000
(1781012617.030150) vcan0 600#00000000
(1781012617.030180) vcan0 601#00000000
(1781012617.030199) vcan0 602#3F000000
(1781012617.142154) vcan0 600#00000000
(1781012617.142191) vcan0 601#00000000
(1781012617.142211) vcan0 602#32000000
(1781012617.158140) vcan0 603#00
(1781012617.158179) vcan0 604#00
(1781012617.158197) vcan0 607#00000000
(1781012617.254114) vcan0 600#4C000000
(1781012617.254151) vcan0 601#00000000
(1781012617.254172) vcan0 602#26000000
(1781012617.318121) vcan0 606#00
(1781012617.366103) vcan0 600#FF000000
(1781012617.366139) vcan0 601#00000000
(1781012617.366159) vcan0 602#26000000
(1781012617.366177) vcan0 603#00
(1781012617.366190) vcan0 604#00
(1781012617.366203) vcan0 607#00000000
(1781012617.478099) vcan0 600#FF000000
(1781012617.478137) vcan0 601#00000000
(1781012617.478153) vcan0 602#26000000
(1781012617.574082) vcan0 603#00
(1781012617.574114) vcan0 604#00
(1781012617.574132) vcan0 607#00000000
(1781012617.590087) vcan0 600#FF000000
(1781012617.590122) vcan0 601#00000000
(1781012617.590141) vcan0 602#26000000
(1781012617.702074) vcan0 600#FF000000
(1781012617.702115) vcan0 601#00000000
(1781012617.702131) vcan0 602#26000000
(1781012617.781069) vcan0 603#00
(1781012617.781112) vcan0 604#00
(1781012617.781135) vcan0 607#00000000
(1781012617.813094) vcan0 600#FF000000
(1781012617.813127) vcan0 601#00000000
(1781012617.813143) vcan0 602#26000000
(1781012617.829091) vcan0 606#00
(1781012617.925075) vcan0 600#FF000000
(1781012617.925108) vcan0 601#00000000
(1781012617.925125) vcan0 602#26000000
(1781012617.990086) vcan0 603#00
(1781012617.990120) vcan0 604#00
(1781012617.990139) vcan0 607#00000000
(1781012618.038165) vcan0 600#FF000000
(1781012618.038213) vcan0 601#00000000
(1781012618.038247) vcan0 602#26000000
(1781012618.150060) vcan0 600#FF000000
(1781012618.150095) vcan0 601#00000000
(1781012618.150112) vcan0 602#26000000
(1781012618.198058) vcan0 603#00
(1781012618.198092) vcan0 604#00
(1781012618.198112) vcan0 607#00000000
(1781012618.262054) vcan0 600#FF000000
(1781012618.262090) vcan0 601#00000000
(1781012618.262110) vcan0 602#26000000
(1781012618.342046) vcan0 606#00
(1781012618.374024) vcan0 600#FF000000
(1781012618.374053) vcan0 601#00000000
(1781012618.374069) vcan0 602#7F000000
(1781012618.406044) vcan0 603#00
(1781012618.406105) vcan0 604#00
(1781012618.406123) vcan0 607#00000000
(1781012618.486098) vcan0 600#FF000000
(1781012618.486134) vcan0 601#00000000
(1781012618.486151) vcan0 602#7F000000
(1781012618.598096) vcan0 600#FF000000
(1781012618.598145) vcan0 601#00000000
(1781012618.598178) vcan0 602#7F000000
(1781012618.614022) vcan0 603#00
(1781012618.614058) vcan0 604#00
(1781012618.614078) vcan0 607#00000000
(1781012618.710014) vcan0 600#FF000000
(1781012618.710047) vcan0 601#00000000
(1781012618.710067) vcan0 602#7F000000
(1781012618.821144) vcan0 600#FF000000
(1781012618.821195) vcan0 601#00000000
(1781012618.821228) vcan0 602#7F000000
(1781012618.821258) vcan0 603#00
(1781012618.821286) vcan0 604#00
(1781012618.821316) vcan0 607#00000000
(1781012618.852989) vcan0 606#00
(1781012618.932997) vcan0 600#FF000000
(1781012618.933032) vcan0 601#00000000
(1781012618.933051) vcan0 602#72000000
(1781012619.030089) vcan0 603#00
(1781012619.030140) vcan0 604#00
(1781012619.030175) vcan0 607#00000000
(1781012619.045976) vcan0 600#FF000000
(1781012619.046011) vcan0 601#00000000
(1781012619.046032) vcan0 602#65000000
(1781012619.158024) vcan0 600#FF000000
(1781012619.158080) vcan0 601#00000000
(1781012619.158116) vcan0 602#65000000
(1781012619.238046) vcan0 603#00
(1781012619.238115) vcan0 604#00
(1781012619.238154) vcan0 607#00000000
(1781012619.269966) vcan0 600#FF000000
(1781012619.269999) vcan0 601#00000000
(1781012619.270015) vcan0 602#59000000
(1781012619.365951) vcan0 606#00
(1781012619.381939) vcan0 600#FF000000
(1781012619.381973) vcan0 601#00000000
(1781012619.381993) vcan0 602#7F000000
(1781012619.445942) vcan0 603#00
(1781012619.445971) vcan0 604#00
(1781012619.445988) vcan0 607#00000000
(1781012619.493975) vcan0 600#FF000000
(1781012619.494010) vcan0 601#00000000
(1781012619.494031) vcan0 602#7F000000
(1781012619.605958) vcan0 600#FF000000
(1781012619.606006) vcan0 601#00000000
(1781012619.606030) vcan0 602#7F000000
(1781012619.653934) vcan0 603#00
(1781012619.653968) vcan0 604#00
(1781012619.653988) vcan0 607#00000000
(1781012619.717974) vcan0 600#FF000000
(1781012619.718015) vcan0 601#00000000
(1781012619.718038) vcan0 602#7F000000
(1781012619.828900) vcan0 600#FF000000
(1781012619.828939) vcan0 601#00000000
(1781012619.828958) vcan0 602#72000000
(1781012619.860899) vcan0 603#00
(1781012619.860935) vcan0 604#00
(1781012619.860958) vcan0 607#00000000
(1781012619.876929) vcan0 606#00
(1781012619.940912) vcan0 600#FF000000
(1781012619.940952) vcan0 601#00000000
(1781012619.940971) vcan0 602#72000000
(1781012620.053917) vcan0 600#FF000000
(1781012620.053962) vcan0 601#00000000
(1781012620.053981) vcan0 602#7F000000
(1781012620.069882) vcan0 603#00
(1781012620.069913) vcan0 604#00
(1781012620.069936) vcan0 607#00000000
(1781012620.165881) vcan0 600#FF000000
(1781012620.165912) vcan0 601#00000000
(1781012620.165928) vcan0 602#7F000000
(1781012620.277875) vcan0 600#FF000000
(1781012620.277902) vcan0 601#00000000
(1781012620.277917) vcan0 602#7F000000
(1781012620.277930) vcan0 603#00
(1781012620.277943) vcan0 604#00
(1781012620.277955) vcan0 607#00000000
(1781012620.389879) vcan0 600#FF000000
(1781012620.389911) vcan0 601#00000000
(1781012620.389926) vcan0 602#7F000000
(1781012620.389941) vcan0 606#00
(1781012620.485861) vcan0 603#00
(1781012620.485892) vcan0 604#00
(1781012620.485910) vcan0 607#00000000
(1781012620.501851) vcan0 600#FF000000
(1781012620.501884) vcan0 601#00000000
(1781012620.501900) vcan0 602#72000000
(1781012620.613849) vcan0 600#FF000000
(1781012620.613881) vcan0 601#00000000
(1781012620.613897) vcan0 602#7F000000
(1781012620.693895) vcan0 603#00
(1781012620.693926) vcan0 604#00
(1781012620.693945) vcan0 607#00000000
(1781012620.724821) vcan0 600#FF000000
(1781012620.724851) vcan0 601#00000000
(1781012620.724866) vcan0 602#7F000000
(1781012620.836841) vcan0 600#FF000000
(1781012620.836877) vcan0 601#00000000
(1781012620.836893) vcan0 602#7F000000
(1781012620.900849) vcan0 603#00
(1781012620.900884) vcan0 604#00
(1781012620.900904) vcan0 606#00
(1781012620.900923) vcan0 607#00000000
(1781012620.948834) vcan0 600#FF000000
(1781012620.948864) vcan0 601#00000000
(1781012620.948879) vcan0 602#7F000000
(1781012621.061831) vcan0 600#FF000000
(1781012621.061863) vcan0 601#00000000
(1781012621.061881) vcan0 602#72000000
(1781012621.109813) vcan0 603#00
(1781012621.109841) vcan0 604#00
(1781012621.109857) vcan0 607#00000000
(1781012621.173887) vcan0 600#FF000000
(1781012621.173932) vcan0 601#00000000
(1781012621.173964) vcan0 602#65000000
(1781012621.285808) vcan0 600#FF000000
(1781012621.285835) vcan0 601#00000000
(1781012621.285850) vcan0 602#65000000
(1781012621.317922) vcan0 603#00
(1781012621.317975) vcan0 604#00
(1781012621.318002) vcan0 607#00000000
(1781012621.397794) vcan0 600#FF000000
(1781012621.397831) vcan0 601#00000000
(1781012621.397851) vcan0 602#7F000000
(1781012621.413790) vcan0 606#00
(1781012621.509808) vcan0 600#FF000000
(1781012621.509844) vcan0 601#00000000
(1781012621.509862) vcan0 602#7F000000
(1781012621.525769) vcan0 603#00
(1781012621.525796) vcan0 604#00
(1781012621.525814) vcan0 607#00000000
(1781012621.621813) vcan0 600#FF000000
(1781012621.621854) vcan0 601#00000000
(1781012621.621873) vcan0 602#7F000000
(1781012621.732768) vcan0 600#FF000000
(1781012621.732798) vcan0 601#00000000
(1781012621.732814) vcan0 602#7F000000
(1781012621.732829) vcan0 603#00
(1781012621.732841) vcan0 604#00
(1781012621.732858) vcan0 607#00000000
(1781012621.844805) vcan0 600#FF000000
(1781012621.844843) vcan0 601#00000000
(1781012621.844864) vcan0 602#7F000000
(1781012621.924953) vcan0 606#00
(1781012621.940771) vcan0 603#00
(1781012621.940800) vcan0 604#00
(1781012621.940817) vcan0 607#00000000
(1781012621.957773) vcan0 600#FF000000
(1781012621.957809) vcan0 601#00000000
(1781012621.957826) vcan0 602#7F000000
(1781012622.069749) vcan0 600#FF000000
(1781012622.069782) vcan0 601#00000000
(1781012622.069798) vcan0 602#7F000000
(1781012622.149763) vcan0 603#00
(1781012622.149813) vcan0 604#00
(1781012622.149839) vcan0 607#00000000
(1781012622.181745) vcan0 600#FF000000
(1781012622.181779) vcan0 601#00000000
(1781012622.181796) vcan0 602#7F000000
(1781012622.293718) vcan0 600#FF000000
(1781012622.293757) vcan0 601#00000000
(1781012622.293776) vcan0 602#7F000000
(1781012622.357742) vcan0 603#00
(1781012622.357775) vcan0 604#00
(1781012622.357802) vcan0 607#00000000
(1781012622.405713) vcan0 600#FF000000
(1781012622.405743) vcan0 601#00000000
(1781012622.405758) vcan0 602#7F000000
(1781012622.437787) vcan0 606#00
(1781012622.517790) vcan0 600#FF000000
(1781012622.517823) vcan0 601#00000000
(1781012622.517841) vcan0 602#7F000000
(1781012622.565709) vcan0 603#00
(1781012622.565739) vcan0 604#00
(1781012622.565756) vcan0 607#00000000
(1781012622.629746) vcan0 600#FF000000
(1781012622.629777) vcan0 601#00000000
(1781012622.629792) vcan0 602#7F000000
(1781012622.740698) vcan0 600#FF000000
(1781012622.740729) vcan0 601#00000000
(1781012622.740745) vcan0 602#7F000000
(1781012622.772786) vcan0 603#00
(1781012622.772825) vcan0 604#00
(1781012622.772846) vcan0 607#00000000
(1781012622.852686) vcan0 600#FF000000
(1781012622.852717) vcan0 601#00000000
(1781012622.852735) vcan0 602#7F000000
(1781012622.948673) vcan0 606#00
(1781012622.965669) vcan0 600#FF000000
(1781012622.965697) vcan0 601#00000000
(1781012622.965712) vcan0 602#8C000000
(1781012622.981686) vcan0 603#00
(1781012622.981719) vcan0 604#00
(1781012622.981735) vcan0 607#00000000
(1781012623.077669) vcan0 600#FF000000
(1781012623.077697) vcan0 601#00000000
(1781012623.077713) vcan0 602#7F000000
(1781012623.189784) vcan0 600#FF000000
(1781012623.189852) vcan0 601#00000000
(1781012623.189906) vcan0 602#7F000000
(1781012623.189951) vcan0 603#00
(1781012623.190000) vcan0 604#00
(1781012623.190035) vcan0 607#00000000
(1781012623.301656) vcan0 600#FF000000
(1781012623.301690) vcan0 601#00000000
(1781012623.301710) vcan0 602#7F000000
(1781012623.397661) vcan0 603#00
(1781012623.397691) vcan0 604#00
(1781012623.397708) vcan0 607#00000000
(1781012623.413649) vcan0 600#FF000000
(1781012623.413682) vcan0 601#00000000
(1781012623.413698) vcan0 602#7F000000
(1781012623.461655) vcan0 606#00
(1781012623.525634) vcan0 600#FF000000
(1781012623.525666) vcan0 601#00000000
(1781012623.525682) vcan0 602#7F000000
(1781012623.605658) vcan0 603#00
(1781012623.605696) vcan0 604#00
(1781012623.605713) vcan0 607#00000000
(1781012623.637667) vcan0 600#FF000000
(1781012623.637705) vcan0 601#00000000
(1781012623.637727) vcan0 602#7F000000
(1781012623.748621) vcan0 600#FF000000
(1781012623.748653) vcan0 601#00000000
(1781012623.748668) vcan0 602#7F000000
(1781012623.812722) vcan0 603#00
(1781012623.812789) vcan0 604#00
(1781012623.812831) vcan0 607#00000000
(1781012623.860617) vcan0 600#FF000000
(1781012623.860647) vcan0 601#00000000
(1781012623.860663) vcan0 602#7F000000
(1781012623.973663) vcan0 600#FF000000
(1781012623.973712) vcan0 601#00000000
(1781012623.973744) vcan0 602#7F000000
(1781012623.973778) vcan0 606#00
(1781012624.021611) vcan0 603#00
(1781012624.021654) vcan0 604#00
(1781012624.021672) vcan0 607#00000000
(1781012624.085632) vcan0 600#FF000000
(1781012624.085679) vcan0 601#00000000
(1781012624.085717) vcan0 602#7F000000
(1781012624.197605) vcan0 600#FF000000
(1781012624.197640) vcan0 601#00000000
(1781012624.197659) vcan0 602#7F000000
(1781012624.229574) vcan0 603#00
(1781012624.229605) vcan0 604#00
(1781012624.229632) vcan0 607#00000000
(1781012624.309585) vcan0 600#FF000000
(1781012624.309619) vcan0 601#00000000
(1781012624.309635) vcan0 602#7F000000
(1781012624.421603) vcan0 600#FF000000
(1781012624.421642) vcan0 601#00000000
(1781012624.421661) vcan0 602#7F000000
(1781012624.437575) vcan0 603#00
(1781012624.437606) vcan0 604#00
(1781012624.437627) vcan0 607#00000000
(1781012624.485579) vcan0 606#00
(1781012624.533560) vcan0 600#FF000000
(1781012624.533598) vcan0 601#00000000
(1781012624.533617) vcan0 602#7F000000
(1781012624.645619) vcan0 600#FF000000
(1781012624.645663) vcan0 601#00000000
(1781012624.645689) vcan0 602#7F000000
(1781012624.645716) vcan0 603#00
(1781012624.645737) vcan0 604#00
(1781012624.645768) vcan0 607#00000000
(1781012624.756559) vcan0 600#FF000000
(1781012624.756598) vcan0 601#00000000
(1781012624.756616) vcan0 602#7F000000
(1781012624.852540) vcan0 603#00
(1781012624.852570) vcan0 604#00
(1781012624.852586) vcan0 607#00000000
(1781012624.868521) vcan0 600#FF000000
(1781012624.868547) vcan0 601#00000000
(1781012624.868562) vcan0 602#7F000000
(1781012624.981533) vcan0 600#FF000000
(1781012624.981586) vcan0 601#00000000
(1781012624.981603) vcan0 602#7F000000
(1781012624.997567) vcan0 606#00
(1781012625.061552) vcan0 603#00
(1781012625.061607) vcan0 604#00
(1781012625.061627) vcan0 607#00000000
(1781012625.093520) vcan0 600#FF000000
(1781012625.093552) vcan0 601#00000000
(1781012625.093569) vcan0 602#7F000000
(1781012625.205500) vcan0 600#FF000000
(1781012625.205530) vcan0 601#00000000
(1781012625.205547) vcan0 602#7F000000
(1781012625.269498) vcan0 603#00
(1781012625.269535) vcan0 604#00
(1781012625.269552) vcan0 607#00000000
(1781012625.317506) vcan0 600#FF000000
(1781012625.317540) vcan0 601#00000000
(1781012625.317558) vcan0 602#7F000000
(1781012625.429499) vcan0 600#FF000000
(1781012625.429534) vcan0 601#00000000
(1781012625.429553) vcan0 602#7F000000
(1781012625.477494) vcan0 603#00
(1781012625.477527) vcan0 604#00
(1781012625.477547) vcan0 607#00000000
(1781012625.509511) vcan0 606#00
(1781012625.541503) vcan0 600#FF000000
(1781012625.541536) vcan0 601#00000000
(1781012625.541552) vcan0 602#7F000000
(1781012625.653482) vcan0 600#FF000000
(1781012625.653513) vcan0 601#00000000
(1781012625.653529) vcan0 602#7F000000
(1781012625.685505) vcan0 603#00
(1781012625.685543) vcan0 604#00
(1781012625.685564) vcan0 607#00000000
(1781012625.764466) vcan0 600#00000000
(1781012625.764496) vcan0 601#00000000
(1781012625.764512) vcan0 602#7F000000
(1781012625.876471) vcan0 600#00000000
(1781012625.876576) vcan0 601#00000000
(1781012625.876597) vcan0 602#7F000000
(1781012625.892450) vcan0 603#00
(1781012625.892478) vcan0 604#01
(1781012625.892494) vcan0 607#00000000
(1781012625.989565) vcan0 600#00000000
(1781012625.989607) vcan0 601#00000000
(1781012625.989627) vcan0 602#7F000000
(1781012626.021544) vcan0 606#00
(1781012626.101458) vcan0 600#00000000
(1781012626.101493) vcan0 601#00000000
(1781012626.101512) vcan0 602#7F000000
(1781012626.101531) vcan0 603#00
(1781012626.101553) vcan0 604#01
(1781012626.101571) vcan0 607#00000000
(1781012626.213435) vcan0 600#00000000
(1781012626.213467) vcan0 601#00000000
(1781012626.213484) vcan0 602#7F000000
(1781012626.309455) vcan0 603#00
(1781012626.309488) vcan0 604#01
(1781012626.309508) vcan0 607#00000000
(1781012626.325441) vcan0 600#00000000
(1781012626.325470) vcan0 601#00000000
(1781012626.325486) vcan0 602#7F000000
(1781012626.437413) vcan0 600#00000000
(1781012626.437443) vcan0 601#00000000
(1781012626.437458) vcan0 602#7F000000
(1781012626.517466) vcan0 603#00
(1781012626.517503) vcan0 604#01
(1781012626.517523) vcan0 607#00000000
(1781012626.533396) vcan0 606#00
(1781012626.549416) vcan0 600#00000000
(1781012626.549442) vcan0 601#00000000
(1781012626.549457) vcan0 602#7F000000
(1781012626.661461) vcan0 600#00000000
(1781012626.661514) vcan0 601#00000000
(1781012626.661532) vcan0 602#7F000000
(1781012626.724434) vcan0 603#00
(1781012626.724477) vcan0 604#01
(1781012626.724496) vcan0 607#00000000
(1781012626.772412) vcan0 600#00000000
(1781012626.772444) vcan0 601#00000000
(1781012626.772461) vcan0 602#7F000000
(1781012626.884439) vcan0 600#00000000
(1781012626.884475) vcan0 601#00000000
(1781012626.884495) vcan0 602#7F000000
(1781012626.932386) vcan0 603#00
(1781012626.932422) vcan0 604#01
(1781012626.932439) vcan0 607#00000000
(1781012626.997403) vcan0 600#00000000
(1781012626.997432) vcan0 601#00000000
(1781012626.997448) vcan0 602#7F000000
(1781012627.045391) vcan0 606#00
(1781012627.109449) vcan0 600#00000000
(1781012627.109490) vcan0 601#00000000
(1781012627.109507) vcan0 602#7F000000
(1781012627.141419) vcan0 603#00
(1781012627.141468) vcan0 604#01
(1781012627.141499) vcan0 607#00000000
(1781012627.221393) vcan0 600#00000000
(1781012627.221427) vcan0 601#00000000
(1781012627.221468) vcan0 602#7F000000
(1781012627.333431) vcan0 600#00000000
(1781012627.333504) vcan0 601#00000000
(1781012627.333527) vcan0 602#7F000000
(1781012627.349357) vcan0 603#00
(1781012627.349393) vcan0 604#01
(1781012627.349411) vcan0 607#00000000
(1781012627.445386) vcan0 600#00000000
(1781012627.445440) vcan0 601#00000000
(1781012627.445460) vcan0 602#7F000000
(1781012627.557342) vcan0 600#00000000
(1781012627.557387) vcan0 601#00000000
(1781012627.557407) vcan0 602#7F000000
(1781012627.557422) vcan0 603#00
(1781012627.557437) vcan0 604#01
(1781012627.557452) vcan0 606#00
(1781012627.557464) vcan0 607#00000000
(1781012627.669329) vcan0 600#00000000
(1781012627.669361) vcan0 601#00000000
(1781012627.669378) vcan0 602#7F000000
(1781012627.717388) vcan0 60D#08000000
(1781012627.764298) vcan0 603#00
(1781012627.764328) vcan0 604#01
(1781012627.764345) vcan0 607#00000000
(1781012627.780322) vcan0 600#00000000
(1781012627.780355) vcan0 601#FF000000
(1781012627.780373) vcan0 602#7F000000
(1781012627.892395) vcan0 600#00000000
(1781012627.892450) vcan0 601#FF000000
(1781012627.892484) vcan0 602#7F000000
(1781012627.973309) vcan0 603#00
(1781012627.973351) vcan0 604#01
(1781012627.973375) vcan0 607#00000000
(1781012628.005329) vcan0 600#00000000
(1781012628.005365) vcan0 601#FF000000
(1781012628.005382) vcan0 602#7F000000
(1781012628.069392) vcan0 606#00
(1781012628.117310) vcan0 600#00000000
(1781012628.117344) vcan0 601#FF000000
(1781012628.117360) vcan0 602#7F000000
(1781012628.181337) vcan0 603#00
(1781012628.181384) vcan0 604#01
(1781012628.181417) vcan0 607#00000000
(1781012628.229317) vcan0 600#00000000
(1781012628.229375) vcan0 601#FF000000
(1781012628.229395) vcan0 602#7F000000
(1781012628.341278) vcan0 600#00000000
(1781012628.341310) vcan0 601#FF000000
(1781012628.341329) vcan0 602#7F000000
(1781012628.389284) vcan0 603#00
(1781012628.389313) vcan0 604#01
(1781012628.389341) vcan0 607#00000000
(1781012628.421293) vcan0 60D#00000000
(1781012628.453327) vcan0 600#00000000
(1781012628.453372) vcan0 601#00000000
(1781012628.453404) vcan0 602#7F000000
(1781012628.565258) vcan0 600#00000000
(1781012628.565290) vcan0 601#00000000
(1781012628.565307) vcan0 602#7F000000
(1781012628.581271) vcan0 606#00
(1781012628.597279) vcan0 603#00
(1781012628.597310) vcan0 604#00
(1781012628.597327) vcan0 607#00000000
(1781012628.677247) vcan0 600#00000000
(1781012628.677280) vcan0 601#00000000
(1781012628.677297) vcan0 602#7F000000
(1781012628.788327) vcan0 600#00000000
(1781012628.788372) vcan0 601#00000000
(1781012628.788392) vcan0 602#7F000000
(1781012628.804356) vcan0 603#00
(1781012628.804456) vcan0 604#00
(1781012628.804482) vcan0 607#00000000
(1781012628.900307) vcan0 600#00000000
(1781012628.900357) vcan0 601#00000000
(1781012628.900377) vcan0 602#7F000000
(1781012629.013247) vcan0 600#00000000
(1781012629.013290) vcan0 601#00000000
(1781012629.013311) vcan0 602#7F000000
(1781012629.013329) vcan0 603#00
(1781012629.013345) vcan0 604#00
(1781012629.013361) vcan0 607#00000000
(1781012629.093219) vcan0 606#00
(1781012629.125220) vcan0 600#00000000
(1781012629.125248) vcan0 601#00000000
(1781012629.125264) vcan0 602#7F000000
(1781012629.221237) vcan0 603#00
(1781012629.221281) vcan0 604#00
(1781012629.221301) vcan0 607#00000000
(1781012629.237263) vcan0 600#00000000
(1781012629.237334) vcan0 601#00000000
(1781012629.237372) vcan0 602#7F000000
(1781012629.349234) vcan0 600#00000000
(1781012629.349266) vcan0 601#00000000
(1781012629.349283) vcan0 602#7F000000
(1781012629.429199) vcan0 603#00
(1781012629.429229) vcan0 604#00
(1781012629.429246) vcan0 607#00000000
(1781012629.461181) vcan0 600#00000000
(1781012629.461213) vcan0 601#00000000
(1781012629.461235) vcan0 602#7F000000
(1781012629.573191) vcan0 600#00000000
(1781012629.573223) vcan0 601#00000000
(1781012629.573247) vcan0 602#7F000000
(1781012629.605262) vcan0 606#00
(1781012629.637268) vcan0 603#00
(1781012629.637315) vcan0 604#00
(1781012629.637348) vcan0 607#00000000
(1781012629.685161) vcan0 600#00000000
(1781012629.685190) vcan0 601#00000000
(1781012629.685207) vcan0 602#7F000000
(1781012629.796185) vcan0 600#00000000
(1781012629.796217) vcan0 601#00000000
(1781012629.796234) vcan0 602#7F000000
(1781012629.844178) vcan0 603#00
(1781012629.844205) vcan0 604#00
(1781012629.844221) vcan0 607#00000000
(1781012629.908268) vcan0 600#00000000
(1781012629.908317) vcan0 601#00000000
(1781012629.908350) vcan0 602#7F000000
(1781012630.021191) vcan0 600#B2000000
(1781012630.021227) vcan0 601#00000000
(1781012630.021248) vcan0 602#7F000000
(1781012630.053152) vcan0 603#00
(1781012630.053199) vcan0 604#00
(1781012630.053216) vcan0 607#00000000
(1781012630.117151) vcan0 606#00
(1781012630.133140) vcan0 600#FF000000
(1781012630.133168) vcan0 601#00000000
(1781012630.133185) vcan0 602#7F000000
(1781012630.245285) vcan0 600#FF000000
(1781012630.245348) vcan0 601#00000000
(1781012630.245382) vcan0 602#7F000000
(1781012630.261309) vcan0 603#00
(1781012630.261350) vcan0 604#00
(1781012630.261373) vcan0 607#00000000
(1781012630.357177) vcan0 600#FF000000
(1781012630.357214) vcan0 601#00000000
(1781012630.357235) vcan0 602#7F000000
(1781012630.469155) vcan0 600#FF000000
(1781012630.469193) vcan0 601#00000000
(1781012630.469222) vcan0 602#7F000000
(1781012630.469244) vcan0 603#00
(1781012630.469263) vcan0 604#00
(1781012630.469284) vcan0 607#00000000
(1781012630.581139) vcan0 600#FF000000
(1781012630.581175) vcan0 601#00000000
(1781012630.581191) vcan0 602#7F000000
(1781012630.629130) vcan0 606#00
(1781012630.677136) vcan0 603#00
(1781012630.677178) vcan0 604#00
(1781012630.677196) vcan0 607#00000000
(1781012630.693123) vcan0 600#FF000000
(1781012630.693166) vcan0 601#00000000
(1781012630.693182) vcan0 602#7F000000
(1781012630.804101) vcan0 600#FF000000
(1781012630.804130) vcan0 601#00000000
(1781012630.804146) vcan0 602#7F000000
(1781012630.884128) vcan0 603#00
(1781012630.884160) vcan0 604#00
(1781012630.884178) vcan0 607#00000000
(1781012630.916130) vcan0 600#FF000000
(1781012630.916166) vcan0 601#00000000
(1781012630.916186) vcan0 602#7F000000
(1781012631.029118) vcan0 600#FF000000
(1781012631.029156) vcan0 601#00000000
(1781012631.029172) vcan0 602#7F000000
(1781012631.093099) vcan0 603#00
(1781012631.093129) vcan0 604#00
(1781012631.093145) vcan0 607#00000000
(1781012631.141166) vcan0 600#FF000000
(1781012631.141200) vcan0 601#00000000
(1781012631.141219) vcan0 602#7F000000
(1781012631.141238) vcan0 606#00
(1781012631.253068) vcan0 600#FF000000
(1781012631.253101) vcan0 601#00000000
(1781012631.253119) vcan0 602#7F000000
(1781012631.301139) vcan0 603#00
(1781012631.301185) vcan0 604#00
(1781012631.301219) vcan0 607#00000000
(1781012631.365059) vcan0 600#FF000000
(1781012631.365090) vcan0 601#00000000
(1781012631.365106) vcan0 602#7F000000
(1781012631.477110) vcan0 600#FF000000
(1781012631.477149) vcan0 601#00000000
(1781012631.477172) vcan0 602#7F000000
(1781012631.509091) vcan0 603#00
(1781012631.509136) vcan0 604#00
(1781012631.509169) vcan0 607#00000000
(1781012631.589063) vcan0 600#FF000000
(1781012631.589161) vcan0 601#00000000
(1781012631.589182) vcan0 602#7F000000
(1781012631.653047) vcan0 606#00
(1781012631.701014) vcan0 600#FF000000
(1781012631.701050) vcan0 601#00000000
(1781012631.701068) vcan0 602#7F000000
(1781012631.717065) vcan0 603#00
(1781012631.717094) vcan0 604#00
(1781012631.717110) vcan0 607#00000000
(1781012631.812059) vcan0 600#FF000000
(1781012631.812098) vcan0 601#00000000
(1781012631.812118) vcan0 602#7F000000
(1781012631.924019) vcan0 600#FF000000
(1781012631.924048) vcan0 601#00000000
(1781012631.924064) vcan0 602#7F000000
(1781012631.924079) vcan0 603#00
(1781012631.924090) vcan0 604#00
(1781012631.924103) vcan0 607#00000000
(1781012632.037036) vcan0 600#FF000000
(1781012632.037068) vcan0 601#00000000
(1781012632.037086) vcan0 602#7F000000
(1781012632.133043) vcan0 603#00
(1781012632.133075) vcan0 604#00
(1781012632.133092) vcan0 607#00000000
(1781012632.149012) vcan0 600#FF000000
(1781012632.149041) vcan0 601#00000000
(1781012632.149058) vcan0 602#7F000000
(1781012632.165033) vcan0 606#00
(1781012632.260988) vcan0 600#00000000
(1781012632.261018) vcan0 601#00000000
(1781012632.261033) vcan0 602#7F000000
(1781012632.341011) vcan0 603#00
(1781012632.341049) vcan0 604#00
(1781012632.341070) vcan0 607#00000000
(1781012632.373082) vcan0 600#00000000
(1781012632.373114) vcan0 601#00000000
(1781012632.373134) vcan0 602#7F000000
(1781012632.484993) vcan0 600#00000000
(1781012632.485031) vcan0 601#00000000
(1781012632.485052) vcan0 602#7F000000
(1781012632.548994) vcan0 603#00
(1781012632.549035) vcan0 604#00
(1781012632.549055) vcan0 607#00000000
(1781012632.596994) vcan0 600#00000000
(1781012632.597035) vcan0 601#00000000
(1781012632.597052) vcan0 602#7F000000
(1781012632.676964) vcan0 606#00
(1781012632.708938) vcan0 600#00000000
(1781012632.708983) vcan0 601#00000000
(1781012632.709000) vcan0 602#7F000000
(1781012632.756000) vcan0 603#00
(1781012632.756065) vcan0 604#00
(1781012632.756084) vcan0 607#00000000
(1781012632.819958) vcan0 600#99000000
(1781012632.819990) vcan0 601#00000000
(1781012632.820008) vcan0 602#7F000000
(1781012632.931941) vcan0 600#FF000000
(1781012632.931973) vcan0 601#00000000
(1781012632.931988) vcan0 602#7F000000
(1781012632.964933) vcan0 603#00
(1781012632.964960) vcan0 604#00
(1781012632.964976) vcan0 607#00000000
(1781012633.044934) vcan0 600#FF000000
(1781012633.044969) vcan0 601#00000000
(1781012633.044988) vcan0 602#7F000000
(1781012633.156921) vcan0 600#FF000000
(1781012633.156953) vcan0 601#00000000
(1781012633.156969) vcan0 602#7F000000
(1781012633.172939) vcan0 603#00
(1781012633.172968) vcan0 604#00
(1781012633.172986) vcan0 607#00000000
(1781012633.188942) vcan0 606#00
(1781012633.268908) vcan0 600#FF000000
(1781012633.268938) vcan0 601#00000000
(1781012633.268955) vcan0 602#7F000000
(1781012633.380908) vcan0 600#FF000000
(1781012633.380941) vcan0 601#00000000
(1781012633.380956) vcan0 602#7F000000
(1781012633.380970) vcan0 603#00
(1781012633.380982) vcan0 604#00
(1781012633.380995) vcan0 607#00000000
(1781012633.493007) vcan0 600#FF000000
(1781012633.493058) vcan0 601#00000000
(1781012633.493092) vcan0 602#7F000000
(1781012633.588930) vcan0 603#00
(1781012633.588968) vcan0 604#00
(1781012633.588987) vcan0 607#00000000
(1781012633.604896) vcan0 600#FF000000
(1781012633.604928) vcan0 601#00000000
(1781012633.604945) vcan0 602#7F000000
(1781012633.700872) vcan0 606#00
(1781012633.716905) vcan0 600#FF000000
(1781012633.716934) vcan0 601#00000000
(1781012633.716950) vcan0 602#7F000000
(1781012633.795870) vcan0 603#00
(1781012633.795899) vcan0 604#00
(1781012633.795915) vcan0 607#00000000
(1781012633.827937) vcan0 600#FF000000
(1781012633.828002) vcan0 601#00000000
(1781012633.828036) vcan0 602#7F000000
(1781012633.939881) vcan0 600#FF000000
(1781012633.939915) vcan0 601#00000000
(1781012633.939958) vcan0 602#7F000000
(1781012634.004870) vcan0 603#00
(1781012634.004902) vcan0 604#00
(1781012634.004920) vcan0 607#00000000
(1781012634.052855) vcan0 600#FF000000
(1781012634.052890) vcan0 601#00000000
(1781012634.052907) vcan0 602#7F000000
(1781012634.164857) vcan0 600#00000000
(1781012634.164891) vcan0 601#00000000
(1781012634.164907) vcan0 602#7F000000
(1781012634.212851) vcan0 603#00
(1781012634.212884) vcan0 604#00
(1781012634.212904) vcan0 606#00
(1781012634.212920) vcan0 607#00000000
(1781012634.276892) vcan0 600#00000000
(1781012634.276927) vcan0 601#00000000
(1781012634.276947) vcan0 602#7F000000
(1781012634.388831) vcan0 600#00000000
(1781012634.388867) vcan0 601#00000000
(1781012634.388886) vcan0 602#7F000000
(1781012634.420832) vcan0 603#00
(1781012634.420864) vcan0 604#00
(1781012634.420881) vcan0 607#00000000
(1781012634.500864) vcan0 600#00000000
(1781012634.500910) vcan0 601#00000000
(1781012634.500943) vcan0 602#7F000000
(1781012634.612824) vcan0 600#00000000
(1781012634.612854) vcan0 601#00000000
(1781012634.612872) vcan0 602#7F000000
(1781012634.628812) vcan0 603#00
(1781012634.628841) vcan0 604#00
(1781012634.628859) vcan0 607#00000000
(1781012634.723851) vcan0 600#00000000
(1781012634.723901) vcan0 601#00000000
(1781012634.723918) vcan0 602#7F000000
(1781012634.723936) vcan0 606#00
(1781012634.835786) vcan0 600#00000000
(1781012634.835821) vcan0 601#00000000
(1781012634.835838) vcan0 602#7F000000
(1781012634.835854) vcan0 603#00
(1781012634.835866) vcan0 604#00
(1781012634.835880) vcan0 607#00000000
(1781012634.947841) vcan0 600#00000000
(1781012634.947882) vcan0 601#00000000
(1781012634.947903) vcan0 602#7F000000
