(1781012799.833821) vcan0 603#00
(1781012799.833854) vcan0 604#00
(1781012799.833872) vcan0 607#00000000
(1781012799.865836) vcan0 600#00000000
(1781012799.865867) vcan0 601#00000000
(1781012799.865886) vcan0 602#7F000000
(1781012799.977877) vcan0 600#00000000
(1781012799.977915) vcan0 601#00000000
(1781012799.977933) vcan0 602#7F000000
(1781012800.042861) vcan0 603#00
(1781012800.042901) vcan0 604#00
(1781012800.042919) vcan0 607#00000000
(1781012800.090890) vcan0 600#00000000
(1781012800.090927) vcan0 601#00000000
(1781012800.090944) vcan0 602#7F000000
(1781012800.154917) vcan0 606#00
(1781012800.202984) vcan0 600#00000000
(1781012800.203033) vcan0 601#00000000
(1781012800.203067) vcan0 602#7F000000
(1781012800.250980) vcan0 603#00
(1781012800.251037) vcan0 604#00
(1781012800.251063) vcan0 607#00000000
(1781012800.314962) vcan0 600#00000000
(1781012800.315001) vcan0 601#00000000
(1781012800.315027) vcan0 602#7F000000
(1781012800.427037) vcan0 600#00000000
(1781012800.427100) vcan0 601#00000000
(1781012800.427124) vcan0 602#7F000000
(1781012800.459125) vcan0 603#00
(1781012800.459158) vcan0 604#00
(1781012800.459175) vcan0 607#00000000
(1781012800.539028) vcan0 600#00000000
(1781012800.539062) vcan0 601#00000000
(1781012800.539084) vcan0 602#7F000000
(1781012800.659336) vcan0 600#00000000
(1781012800.659374) vcan0 601#00000000
(1781012800.659392) vcan0 602#7F000000
(1781012800.659416) vcan0 603#00
(1781012800.659435) vcan0 604#00
(1781012800.659460) vcan0 606#00
(1781012800.659485) vcan0 607#00000000
(1781012800.763117) vcan0 600#00000000
(1781012800.763165) vcan0 601#00000000
(1781012800.763191) vcan0 602#7F000000
(1781012800.874070) vcan0 600#66000000
(1781012800.874104) vcan0 601#00000000
(1781012800.874123) vcan0 602#7F000000
(1781012800.874142) vcan0 603#00
(1781012800.874158) vcan0 604#00
(1781012800.874177) vcan0 607#00000000
(1781012800.986106) vcan0 600#FF000000
(1781012800.986139) vcan0 601#00000000
(1781012800.986155) vcan0 602#7F000000
(1781012801.083171) vcan0 603#00
(1781012801.083206) vcan0 604#00
(1781012801.083225) vcan0 607#00000000
(1781012801.099131) vcan0 600#FF000000
(1781012801.099167) vcan0 601#00000000
(1781012801.099187) vcan0 602#7F000000
(1781012801.163141) vcan0 606#00
(1781012801.211174) vcan0 600#FF000000
(1781012801.211209) vcan0 601#00000000
(1781012801.211226) vcan0 602#7F000000
(1781012801.291185) vcan0 603#00
(1781012801.291214) vcan0 604#00
(1781012801.291231) vcan0 607#00000000
(1781012801.323212) vcan0 600#FF000000
(1781012801.323242) vcan0 601#00000000
(1781012801.323259) vcan0 602#7F000000
(1781012801.435226) vcan0 600#FF000000
(1781012801.435257) vcan0 601#00000000
(1781012801.435273) vcan0 602#7F000000
(1781012801.499261) vcan0 603#00
(1781012801.499293) vcan0 604#00
(1781012801.499311) vcan0 607#00000000
(1781012801.547257) vcan0 600#FF000000
(1781012801.547287) vcan0 601#00000000
(1781012801.547303) vcan0 602#7F000000
(1781012801.659277) vcan0 600#FF000000
(1781012801.659307) vcan0 601#00000000
(1781012801.659323) vcan0 602#7F000000
(1781012801.675428) vcan0 606#00
(1781012801.707310) vcan0 603#00
(1781012801.707341) vcan0 604#00
(1781012801.707360) vcan0 607#00000000
(1781012801.771334) vcan0 600#FF000000
(1781012801.771369) vcan0 601#00000000
(1781012801.771387) vcan0 602#7F000000
(1781012801.882396) vcan0 600#FF000000
(1781012801.882439) vcan0 601#00000000
(1781012801.882464) vcan0 602#7F000000
(1781012801.914395) vcan0 603#00
(1781012801.914435) vcan0 604#00
(1781012801.914459) vcan0 607#00000000
(1781012801.994536) vcan0 600#FF000000
(1781012801.994570) vcan0 601#00000000
(1781012801.994588) vcan0 602#7F000000
(1781012802.107404) vcan0 600#FF000000
(1781012802.107434) vcan0 601#00000000
(1781012802.107451) vcan0 602#7F000000
(1781012802.123427) vcan0 603#00
(1781012802.123461) vcan0 604#00
(1781012802.123478) vcan0 607#00000000
(1781012802.187454) vcan0 606#00
(1781012802.219451) vcan0 600#FF000000
(1781012802.219482) vcan0 601#00000000
(1781012802.219500) vcan0 602#7F000000
(1781012802.331443) vcan0 600#FF000000
(1781012802.331482) vcan0 601#00000000
(1781012802.331502) vcan0 602#7F000000
(1781012802.331535) vcan0 603#00
(1781012802.331554) vcan0 604#00
(1781012802.331574) vcan0 607#00000000
(1781012802.443467) vcan0 600#FF000000
(1781012802.443499) vcan0 601#00000000
(1781012802.443515) vcan0 602#7F000000
(1781012802.539484) vcan0 603#00
(1781012802.539516) vcan0 604#00
(1781012802.539533) vcan0 607#00000000
(1781012802.555498) vcan0 600#FF000000
(1781012802.555528) vcan0 601#00000000
(1781012802.555545) vcan0 602#72000000
(1781012802.667516) vcan0 600#FF000000
(1781012802.667545) vcan0 601#00000000
(1781012802.667563) vcan0 602#72000000
(1781012802.699544) vcan0 606#00
(1781012802.747631) vcan0 603#00
(1781012802.747668) vcan0 604#00
(1781012802.747692) vcan0 607#00000000
(1781012802.778533) vcan0 600#FF000000
(1781012802.778567) vcan0 601#00000000
(1781012802.778586) vcan0 602#65000000
(1781012802.890585) vcan0 600#FF000000
(1781012802.890620) vcan0 601#00000000
(1781012802.890638) vcan0 602#65000000
(1781012802.954678) vcan0 603#00
(1781012802.954724) vcan0 604#00
(1781012802.954757) vcan0 607#00000000
(1781012803.002582) vcan0 600#FF000000
(1781012803.002612) vcan0 601#00000000
(1781012803.002627) vcan0 602#59000000
(1781012803.115700) vcan0 600#FF000000
(1781012803.115774) vcan0 601#00000000
(1781012803.115800) vcan0 602#7F000000
(1781012803.163664) vcan0 603#00
(1781012803.163695) vcan0 604#00
(1781012803.163711) vcan0 607#00000000
(1781012803.211674) vcan0 606#00
(1781012803.227748) vcan0 600#FF000000
(1781012803.227798) vcan0 601#00000000
(1781012803.227827) vcan0 602#7F000000
(1781012803.339695) vcan0 600#FF000000
(1781012803.339727) vcan0 601#00000000
(1781012803.339743) vcan0 602#7F000000
(1781012803.371709) vcan0 603#00
(1781012803.371737) vcan0 604#00
(1781012803.371755) vcan0 607#00000000
(1781012803.451786) vcan0 600#FF000000
(1781012803.451827) vcan0 601#00000000
(1781012803.451849) vcan0 602#7F000000
(1781012803.563735) vcan0 600#FF000000
(1781012803.563766) vcan0 601#00000000
(1781012803.563782) vcan0 602#7F000000
(1781012803.579749) vcan0 603#00
(1781012803.579779) vcan0 604#00
(1781012803.579797) vcan0 607#00000000
(1781012803.675758) vcan0 600#FF000000
(1781012803.675785) vcan0 601#00000000
(1781012803.675801) vcan0 602#7F000000
(1781012803.723808) vcan0 606#00
(1781012803.786817) vcan0 600#FF000000
(1781012803.786850) vcan0 601#00000000
(1781012803.786869) vcan0 602#7F000000
(1781012803.786886) vcan0 603#00
(1781012803.786901) vcan0 604#00
(1781012803.786917) vcan0 607#00000000
(1781012803.898970) vcan0 600#FF000000
(1781012803.899026) vcan0 601#00000000
(1781012803.899061) vcan0 602#7F000000
(1781012803.994880) vcan0 603#00
(1781012803.994932) vcan0 604#00
(1781012803.994981) vcan0 607#00000000
(1781012804.011863) vcan0 600#FF000000
(1781012804.011898) vcan0 601#00000000
(1781012804.011913) vcan0 602#72000000
(1781012804.123895) vcan0 600#FF000000
(1781012804.123930) vcan0 601#00000000
(1781012804.123948) vcan0 602#72000000
(1781012804.203962) vcan0 603#00
(1781012804.203993) vcan0 604#00
(1781012804.204011) vcan0 607#00000000
(1781012804.235970) vcan0 600#FF000000
(1781012804.236025) vcan0 601#00000000
(1781012804.236046) vcan0 602#65000000
(1781012804.236068) vcan0 606#00
(1781012804.347953) vcan0 600#FF000000
(1781012804.347981) vcan0 601#00000000
(1781012804.347997) vcan0 602#59000000
(1781012804.411980) vcan0 603#00
(1781012804.412011) vcan0 604#00
(1781012804.412028) vcan0 607#00000000
(1781012804.460040) vcan0 600#FF000000
(1781012804.460086) vcan0 601#00000000
(1781012804.460118) vcan0 602#59000000
(1781012804.571996) vcan0 600#FF000000
(1781012804.572029) vcan0 601#00000000
(1781012804.572046) vcan0 602#7F000000
(1781012804.620065) vcan0 603#00
(1781012804.620119) vcan0 604#00
(1781012804.620143) vcan0 607#00000000
(1781012804.684050) vcan0 600#FF000000
(1781012804.684090) vcan0 601#00000000
(1781012804.684109) vcan0 602#7F000000
(1781012804.748034) vcan0 606#00
(1781012804.795057) vcan0 600#FF000000
(1781012804.795096) vcan0 601#00000000
(1781012804.795118) vcan0 602#7F000000
(1781012804.827081) vcan0 603#00
(1781012804.827115) vcan0 604#00
(1781012804.827134) vcan0 607#00000000
(1781012804.907072) vcan0 600#FF000000
(1781012804.907122) vcan0 601#00000000
(1781012804.907152) vcan0 602#72000000
(1781012805.020203) vcan0 600#FF000000
(1781012805.020260) vcan0 601#00000000
(1781012805.020301) vcan0 602#65000000
(1781012805.036138) vcan0 603#00
(1781012805.036175) vcan0 604#00
(1781012805.036193) vcan0 607#00000000
(1781012805.132163) vcan0 600#FF000000
(1781012805.132198) vcan0 601#00000000
(1781012805.132215) vcan0 602#65000000
(1781012805.244159) vcan0 600#FF000000
(1781012805.244189) vcan0 601#00000000
(1781012805.244204) vcan0 602#59000000
(1781012805.244219) vcan0 603#00
(1781012805.244232) vcan0 604#00
(1781012805.244246) vcan0 607#00000000
(1781012805.260206) vcan0 606#00
(1781012805.356215) vcan0 600#FF000000
(1781012805.356249) vcan0 601#00000000
(1781012805.356267) vcan0 602#59000000
(1781012805.452237) vcan0 603#00
(1781012805.452266) vcan0 604#00
(1781012805.452286) vcan0 607#00000000
(1781012805.468236) vcan0 600#FF000000
(1781012805.468279) vcan0 601#00000000
(1781012805.468315) vcan0 602#4C000000
(1781012805.580266) vcan0 600#FF000000
(1781012805.580312) vcan0 601#00000000
(1781012805.580341) vcan0 602#4C000000
(1781012805.660265) vcan0 603#00
(1781012805.660295) vcan0 604#00
(1781012805.660312) vcan0 607#00000000
(1781012805.692289) vcan0 600#FF000000
(1781012805.692319) vcan0 601#00000000
(1781012805.692335) vcan0 602#3F000000
(1781012805.772293) vcan0 606#00
(1781012805.803322) vcan0 600#FF000000
(1781012805.803354) vcan0 601#00000000
(1781012805.803370) vcan0 602#3F000000
(1781012805.867358) vcan0 603#00
(1781012805.867411) vcan0 604#00
(1781012805.867434) vcan0 607#00000000
(1781012805.915341) vcan0 600#FF000000
(1781012805.915394) vcan0 601#00000000
(1781012805.915414) vcan0 602#32000000
(1781012806.028362) vcan0 600#FF000000
(1781012806.028393) vcan0 601#00000000
(1781012806.028410) vcan0 602#26000000
(1781012806.076386) vcan0 603#00
(1781012806.076416) vcan0 604#00
(1781012806.076434) vcan0 607#00000000
(1781012806.140396) vcan0 600#FF000000
(1781012806.140429) vcan0 601#00000000
(1781012806.140445) vcan0 602#26000000
(1781012806.252438) vcan0 600#FF000000
(1781012806.252476) vcan0 601#00000000
(1781012806.252496) vcan0 602#26000000
(1781012806.284434) vcan0 603#00
(1781012806.284463) vcan0 604#00
(1781012806.284482) vcan0 606#00
(1781012806.284498) vcan0 607#00000000
(1781012806.364451) vcan0 600#FF000000
(1781012806.364488) vcan0 601#00000000
(1781012806.364507) vcan0 602#26000000
(1781012806.476471) vcan0 600#00000000
(1781012806.476639) vcan0 601#00000000
(1781012806.476665) vcan0 602#7F000000
(1781012806.492531) vcan0 603#00
(1781012806.492581) vcan0 604#00
(1781012806.492654) vcan0 607#00000000
(1781012806.588508) vcan0 600#00000000
(1781012806.588608) vcan0 601#00000000
(1781012806.588662) vcan0 602#7F000000
(1781012806.700535) vcan0 600#00000000
(1781012806.700566) vcan0 601#00000000
(1781012806.700583) vcan0 602#7F000000
(1781012806.700598) vcan0 603#00
(1781012806.700610) vcan0 604#00
(1781012806.700624) vcan0 607#00000000
(1781012806.795537) vcan0 606#00
(1781012806.811613) vcan0 600#00000000
(1781012806.811667) vcan0 601#00000000
(1781012806.811709) vcan0 602#7F000000
(1781012806.907569) vcan0 603#00
(1781012806.907601) vcan0 604#00
(1781012806.907619) vcan0 607#00000000
(1781012806.923570) vcan0 600#00000000
(1781012806.923599) vcan0 601#00000000
(1781012806.923619) vcan0 602#7F000000
(1781012807.036588) vcan0 600#00000000
(1781012807.036617) vcan0 601#00000000
(1781012807.036633) vcan0 602#7F000000
(1781012807.116717) vcan0 603#00
(1781012807.116784) vcan0 604#00
(1781012807.116815) vcan0 607#00000000
(1781012807.148656) vcan0 600#00000000
(1781012807.148692) vcan0 601#00000000
(1781012807.148710) vcan0 602#7F000000
(1781012807.260632) vcan0 600#00000000
(1781012807.260663) vcan0 601#00000000
(1781012807.260682) vcan0 602#7F000000
(1781012807.308675) vcan0 606#00
(1781012807.324651) vcan0 603#00
(1781012807.324679) vcan0 604#00
(1781012807.324696) vcan0 607#00000000
(1781012807.372695) vcan0 600#00000000
(1781012807.372731) vcan0 601#00000000
(1781012807.372752) vcan0 602#7F000000
(1781012807.484800) vcan0 600#00000000
(1781012807.484988) vcan0 601#00000000
(1781012807.485038) vcan0 602#7F000000
(1781012807.532746) vcan0 603#00
(1781012807.532779) vcan0 604#00
(1781012807.532808) vcan0 607#00000000
(1781012807.596746) vcan0 600#00000000
(1781012807.596777) vcan0 601#00000000
(1781012807.596794) vcan0 602#7F000000
(1781012807.708759) vcan0 600#00000000
(1781012807.708791) vcan0 601#00000000
(1781012807.708807) vcan0 602#7F000000
(1781012807.740750) vcan0 603#00
(1781012807.740781) vcan0 604#00
(1781012807.740798) vcan0 607#00000000
(1781012807.819844) vcan0 600#00000000
(1781012807.819882) vcan0 601#00000000
(1781012807.819905) vcan0 602#7F000000
(1781012807.819930) vcan0 606#00
(1781012807.931818) vcan0 600#00000000
(1781012807.931848) vcan0 601#00000000
(1781012807.931864) vcan0 602#7F000000
(1781012807.947808) vcan0 603#00
(1781012807.947838) vcan0 604#00
(1781012807.947857) vcan0 607#00000000
(1781012808.044835) vcan0 600#00000000
(1781012808.044868) vcan0 601#00000000
(1781012808.044884) vcan0 602#7F000000
(1781012808.156935) vcan0 600#00000000
(1781012808.156970) vcan0 601#00000000
(1781012808.156988) vcan0 602#7F000000
(1781012808.157004) vcan0 603#00
(1781012808.157017) vcan0 604#00
(1781012808.157030) vcan0 607#00000000
(1781012808.259810) vcan0 600#00000000
(1781012808.259859) vcan0 601#00000000
(1781012808.259894) vcan0 602#7F000000
(1781012808.332928) vcan0 606#00
(1781012808.364987) vcan0 600#00000000
(1781012808.365034) vcan0 601#00000000
(1781012808.365075) vcan0 602#7F000000
(1781012808.365102) vcan0 603#00
(1781012808.365118) vcan0 604#00
(1781012808.365142) vcan0 607#00000000
(1781012808.477012) vcan0 600#00000000
(1781012808.477061) vcan0 601#00000000
(1781012808.477095) vcan0 602#7F000000
(1781012808.573047) vcan0 603#00
(1781012808.573089) vcan0 604#00
(1781012808.573107) vcan0 607#00000000
(1781012808.588985) vcan0 600#00000000
(1781012808.589013) vcan0 601#00000000
(1781012808.589031) vcan0 602#7F000000
(1781012808.701050) vcan0 600#00000000
(1781012808.701089) vcan0 601#00000000
(1781012808.701108) vcan0 602#7F000000
(1781012808.780073) vcan0 603#00
(1781012808.780117) vcan0 604#00
(1781012808.780140) vcan0 607#00000000
(1781012808.812067) vcan0 600#19000000
(1781012808.812109) vcan0 601#00000000
(1781012808.812129) vcan0 602#7F000000
(1781012808.844051) vcan0 606#00
(1781012808.924032) vcan0 600#CC000000
(1781012808.924071) vcan0 601#00000000
(1781012808.924093) vcan0 602#72000000
(1781012808.988064) vcan0 603#00
(1781012808.988095) vcan0 604#00
(1781012808.988112) vcan0 607#00000000
(1781012809.037114) vcan0 600#FF000000
(1781012809.037169) vcan0 601#00000000
(1781012809.037196) vcan0 602#65000000
(1781012809.149129) vcan0 600#FF000000
(1781012809.149173) vcan0 601#00000000
(1781012809.149192) vcan0 602#65000000
(1781012809.197130) vcan0 603#00
(1781012809.197164) vcan0 604#00
(1781012809.197183) vcan0 607#00000000
(1781012809.261117) vcan0 600#FF000000
(1781012809.261151) vcan0 601#00000000
(1781012809.261167) vcan0 602#59000000
(1781012809.357206) vcan0 606#00
(1781012809.373228) vcan0 600#FF000000
(1781012809.373313) vcan0 601#00000000
(1781012809.373342) vcan0 602#59000000
(1781012809.405193) vcan0 603#00
(1781012809.405232) vcan0 604#00
(1781012809.405256) vcan0 607#00000000
(1781012809.485207) vcan0 600#FF000000
(1781012809.485247) vcan0 601#00000000
(1781012809.485268) vcan0 602#4C000000
(1781012809.597230) vcan0 600#FF000000
(1781012809.597273) vcan0 601#00000000
(1781012809.597294) vcan0 602#7F000000
(1781012809.613230) vcan0 603#00
(1781012809.613263) vcan0 604#00
(1781012809.613283) vcan0 607#00000000
(1781012809.709356) vcan0 600#FF000000
(1781012809.709404) vcan0 601#00000000
(1781012809.709426) vcan0 602#7F000000
(1781012809.820370) vcan0 600#FF000000
(1781012809.820493) vcan0 601#00000000
(1781012809.820530) vcan0 602#7F000000
(1781012809.820563) vcan0 603#00
(1781012809.820591) vcan0 604#00
(1781012809.820625) vcan0 607#00000000
(1781012809.868335) vcan0 606#00
(1781012809.932299) vcan0 600#FF000000
(1781012809.932331) vcan0 601#00000000
(1781012809.932348) vcan0 602#72000000
(1781012810.029359) vcan0 603#00
(1781012810.029410) vcan0 604#00
(1781012810.029438) vcan0 607#00000000
(1781012810.045406) vcan0 600#FF000000
(1781012810.045466) vcan0 601#00000000
(1781012810.045489) vcan0 602#72000000
(1781012810.157353) vcan0 600#FF000000
(1781012810.157390) vcan0 601#00000000
(1781012810.157406) vcan0 602#65000000
(1781012810.237453) vcan0 603#00
(1781012810.237509) vcan0 604#00
(1781012810.237601) vcan0 607#00000000
(1781012810.269392) vcan0 600#FF000000
(1781012810.269425) vcan0 601#00000000
(1781012810.269441) vcan0 602#65000000
(1781012810.381478) vcan0 600#FF000000
(1781012810.381525) vcan0 601#00000000
(1781012810.381553) vcan0 602#59000000
(1781012810.381581) vcan0 606#00
(1781012810.445456) vcan0 603#00
(1781012810.445512) vcan0 604#00
(1781012810.445537) vcan0 607#00000000
(1781012810.493441) vcan0 600#FF000000
(1781012810.493481) vcan0 601#00000000
(1781012810.493499) vcan0 602#59000000
(1781012810.605494) vcan0 600#FF000000
(1781012810.605525) vcan0 601#00000000
(1781012810.605542) vcan0 602#4C000000
(1781012810.653468) vcan0 603#00
(1781012810.653501) vcan0 604#00
(1781012810.653522) vcan0 607#00000000
(1781012810.717521) vcan0 600#FF000000
(1781012810.717587) vcan0 601#00000000
(1781012810.717611) vcan0 602#4C000000
(1781012810.828540) vcan0 600#FF000000
(1781012810.828590) vcan0 601#00000000
(1781012810.828613) vcan0 602#3F000000
(1781012810.860529) vcan0 603#00
(1781012810.860570) vcan0 604#00
(1781012810.860594) vcan0 607#00000000
(1781012810.892546) vcan0 606#00
(1781012810.940631) vcan0 600#FF000000
(1781012810.940674) vcan0 601#00000000
(1781012810.940691) vcan0 602#32000000
(1781012811.053649) vcan0 600#FF000000
(1781012811.053690) vcan0 601#00000000
(1781012811.053710) vcan0 602#32000000
(1781012811.069570) vcan0 603#00
(1781012811.069599) vcan0 604#00
(1781012811.069616) vcan0 607#00000000
(1781012811.165607) vcan0 600#FF000000
(1781012811.165640) vcan0 601#00000000
(1781012811.165657) vcan0 602#7F000000
(1781012811.277624) vcan0 600#FF000000
(1781012811.277660) vcan0 601#00000000
(1781012811.277676) vcan0 602#7F000000
(1781012811.277695) vcan0 603#00
(1781012811.277709) vcan0 604#00
(1781012811.277725) vcan0 607#00000000
(1781012811.389705) vcan0 600#FF000000
(1781012811.389786) vcan0 601#00000000
(1781012811.389810) vcan0 602#72000000
(1781012811.405669) vcan0 606#00
(1781012811.485716) vcan0 603#00
(1781012811.485787) vcan0 604#00
(1781012811.485825) vcan0 607#00000000
(1781012811.501665) vcan0 600#FF000000
(1781012811.501698) vcan0 601#00000000
(1781012811.501716) vcan0 602#7F000000
(1781012811.613713) vcan0 600#FF000000
(1781012811.613744) vcan0 601#00000000
(1781012811.613761) vcan0 602#7F000000
(1781012811.693721) vcan0 603#00
(1781012811.693755) vcan0 604#00
(1781012811.693774) vcan0 607#00000000
(1781012811.725753) vcan0 600#FF000000
(1781012811.725788) vcan0 601#00000000
(1781012811.725807) vcan0 602#7F000000
(1781012811.836763) vcan0 600#FF000000
(1781012811.836795) vcan0 601#00000000
(1781012811.836812) vcan0 602#7F000000
(1781012811.900774) vcan0 603#00
(1781012811.900804) vcan0 604#00
(1781012811.900822) vcan0 607#00000000
(1781012811.916804) vcan0 606#00
(1781012811.948769) vcan0 600#FF000000
(1781012811.948801) vcan0 601#00000000
(1781012811.948818) vcan0 602#72000000
(1781012812.061803) vcan0 600#FF000000
(1781012812.061839) vcan0 601#00000000
(1781012812.061857) vcan0 602#65000000
(1781012812.109840) vcan0 603#00
(1781012812.109885) vcan0 604#00
(1781012812.109909) vcan0 607#00000000
(1781012812.173846) vcan0 600#FF000000
(1781012812.173887) vcan0 601#00000000
(1781012812.173908) vcan0 602#65000000
(1781012812.285873) vcan0 600#FF000000
(1781012812.285906) vcan0 601#00000000
(1781012812.285923) vcan0 602#59000000
(1781012812.317869) vcan0 603#00
(1781012812.317900) vcan0 604#00
(1781012812.317918) vcan0 607#00000000
(1781012812.397893) vcan0 600#FF000000
(1781012812.397931) vcan0 601#00000000
(1781012812.397946) vcan0 602#59000000
(1781012812.430120) vcan0 606#00
(1781012812.509905) vcan0 600#FF000000
(1781012812.509938) vcan0 601#00000000
(1781012812.509955) vcan0 602#7F000000
(1781012812.525907) vcan0 603#00
(1781012812.525936) vcan0 604#00
(1781012812.525956) vcan0 607#00000000
(1781012812.622031) vcan0 600#FF000000
(1781012812.622084) vcan0 601#00000000
(1781012812.622119) vcan0 602#7F000000
(1781012812.733972) vcan0 600#FF000000
(1781012812.734018) vcan0 601#00000000
(1781012812.734040) vcan0 602#7F000000
(1781012812.734059) vcan0 603#00
(1781012812.734075) vcan0 604#00
(1781012812.734113) vcan0 607#00000000
(1781012812.845006) vcan0 600#FF000000
(1781012812.845043) vcan0 601#00000000
(1781012812.845063) vcan0 602#7F000000
(1781012812.941023) vcan0 603#00
(1781012812.941056) vcan0 604#00
(1781012812.941076) vcan0 606#00
(1781012812.941091) vcan0 607#00000000
(1781012812.957001) vcan0 600#FF000000
(1781012812.957028) vcan0 601#00000000
(1781012812.957044) vcan0 602#72000000
(1781012813.070069) vcan0 600#FF000000
(1781012813.070103) vcan0 601#00000000
(1781012813.070120) vcan0 602#72000000
(1781012813.150076) vcan0 603#00
(1781012813.150107) vcan0 604#00
(1781012813.150125) vcan0 607#00000000
(1781012813.182068) vcan0 600#FF000000
(1781012813.182102) vcan0 601#00000000
(1781012813.182121) vcan0 602#65000000
(1781012813.294109) vcan0 600#FF000000
(1781012813.294147) vcan0 601#00000000
(1781012813.294166) vcan0 602#65000000
(1781012813.358150) vcan0 603#00
(1781012813.358185) vcan0 604#00
(1781012813.358207) vcan0 607#00000000
(1781012813.406139) vcan0 600#FF000000
(1781012813.406175) vcan0 601#00000000
(1781012813.406193) vcan0 602#59000000
(1781012813.454225) vcan0 606#00
(1781012813.518206) vcan0 600#FF000000
(1781012813.518238) vcan0 601#00000000
(1781012813.518256) vcan0 602#59000000
(1781012813.566229) vcan0 603#00
(1781012813.566281) vcan0 604#00
(1781012813.566347) vcan0 607#00000000
(1781012813.630185) vcan0 600#FF000000
(1781012813.630215) vcan0 601#00000000
(1781012813.630231) vcan0 602#4C000000
(1781012813.742236) vcan0 600#FF000000
(1781012813.742270) vcan0 601#00000000
(1781012813.742287) vcan0 602#4C000000
(1781012813.774321) vcan0 603#00
(1781012813.774371) vcan0 604#00
(1781012813.774433) vcan0 607#00000000
(1781012813.853240) vcan0 600#FF000000
(1781012813.853276) vcan0 601#00000000
(1781012813.853293) vcan0 602#7F000000
(1781012813.965337) vcan0 600#FF000000
(1781012813.965373) vcan0 601#00000000
(1781012813.965391) vcan0 602#7F000000
(1781012813.965412) vcan0 606#00
(1781012813.981259) vcan0 603#00
(1781012813.981284) vcan0 604#00
(1781012813.981299) vcan0 607#00000000
(1781012814.078295) vcan0 600#FF000000
(1781012814.078328) vcan0 601#00000000
(1781012814.078344) vcan0 602#7F000000
(1781012814.190312) vcan0 600#FF000000
(1781012814.190347) vcan0 601#00000000
(1781012814.190364) vcan0 602#72000000
(1781012814.190381) vcan0 603#00
(1781012814.190395) vcan0 604#00
(1781012814.190409) vcan0 607#00000000
(1781012814.302334) vcan0 600#FF000000
(1781012814.302366) vcan0 601#00000000
(1781012814.302383) vcan0 602#72000000
(1781012814.398373) vcan0 603#00
(1781012814.398403) vcan0 604#00
(1781012814.398421) vcan0 607#00000000
(1781012814.414394) vcan0 600#FF000000
(1781012814.414443) vcan0 601#00000000
(1781012814.414478) vcan0 602#65000000
(1781012814.478418) vcan0 606#00
(1781012814.526412) vcan0 600#FF000000
(1781012814.526445) vcan0 601#00000000
(1781012814.526463) vcan0 602#65000000
(1781012814.606440) vcan0 603#00
(1781012814.606481) vcan0 604#00
(1781012814.606506) vcan0 607#00000000
(1781012814.638486) vcan0 600#FF000000
(1781012814.638548) vcan0 601#00000000
(1781012814.638599) vcan0 602#59000000
(1781012814.750446) vcan0 600#FF000000
(1781012814.750481) vcan0 601#00000000
(1781012814.750498) vcan0 602#7F000000
(1781012814.813524) vcan0 603#00
(1781012814.813562) vcan0 604#01
(1781012814.813581) vcan0 607#00000000
(1781012814.861531) vcan0 600#00000000
(1781012814.861587) vcan0 601#00000000
(1781012814.861621) vcan0 602#7F000000
(1781012814.973515) vcan0 600#00000000
(1781012814.973545) vcan0 601#00000000
(1781012814.973563) vcan0 602#7F000000
(1781012814.989528) vcan0 606#00
(1781012815.022587) vcan0 603#00
(1781012815.022626) vcan0 604#01
(1781012815.022644) vcan0 607#00000000
(1781012815.086608) vcan0 600#00000000
(1781012815.086650) vcan0 601#00000000
(1781012815.086670) vcan0 602#7F000000
(1781012815.198555) vcan0 600#00000000
(1781012815.198585) vcan0 601#00000000
(1781012815.198603) vcan0 602#7F000000
(1781012815.230571) vcan0 603#00
(1781012815.230602) vcan0 604#01
(1781012815.230618) vcan0 607#00000000
(1781012815.310585) vcan0 600#00000000
(1781012815.310617) vcan0 601#00000000
(1781012815.310634) vcan0 602#7F000000
(1781012815.422613) vcan0 600#00000000
(1781012815.422646) vcan0 601#00000000
(1781012815.422682) vcan0 602#7F000000
(1781012815.438620) vcan0 603#00
(1781012815.438650) vcan0 604#01
(1781012815.438669) vcan0 607#00000000
(1781012815.502634) vcan0 606#00
(1781012815.534632) vcan0 600#00000000
(1781012815.534663) vcan0 601#00000000
(1781012815.534681) vcan0 602#7F000000
(1781012815.646698) vcan0 600#00000000
(1781012815.646736) vcan0 601#00000000
(1781012815.646754) vcan0 602#7F000000
(1781012815.646963) vcan0 603#00
(1781012815.646991) vcan0 604#01
(1781012815.647012) vcan0 607#00000000
(1781012815.726721) vcan0 60D#08000000
(1781012815.758715) vcan0 600#00000000
(1781012815.758747) vcan0 601#99000000
(1781012815.758764) vcan0 602#7F000000
(1781012815.853843) vcan0 603#00
(1781012815.853921) vcan0 604#01
(1781012815.853985) vcan0 607#00000000
(1781012815.869818) vcan0 600#00000000
(1781012815.869872) vcan0 601#FF000000
(1781012815.869907) vcan0 602#7F000000
(1781012815.981778) vcan0 600#00000000
(1781012815.981814) vcan0 601#FF000000
(1781012815.981831) vcan0 602#7F000000
(1781012816.014756) vcan0 606#00
(1781012816.062822) vcan0 603#00
(1781012816.062914) vcan0 604#01
(1781012816.062973) vcan0 607#00000000
(1781012816.094772) vcan0 600#00000000
(1781012816.094809) vcan0 601#FF000000
(1781012816.094826) vcan0 602#7F000000
(1781012816.206794) vcan0 600#00000000
(1781012816.206830) vcan0 601#FF000000
(1781012816.206847) vcan0 602#7F000000
(1781012816.270827) vcan0 603#00
(1781012816.270878) vcan0 604#01
(1781012816.270896) vcan0 607#00000000
(1781012816.318915) vcan0 600#00000000
(1781012816.318950) vcan0 601#FF000000
(1781012816.318972) vcan0 602#7F000000
(1781012816.350869) vcan0 60D#00000000
(1781012816.430847) vcan0 600#00000000
(1781012816.430891) vcan0 601#00000000
(1781012816.430913) vcan0 602#7F000000
(1781012816.478873) vcan0 603#00
(1781012816.478907) vcan0 604#00
(1781012816.478926) vcan0 607#00000000
(1781012816.526908) vcan0 606#00
(1781012816.542908) vcan0 600#00000000
(1781012816.542942) vcan0 601#00000000
(1781012816.542961) vcan0 602#7F000000
(1781012816.654923) vcan0 600#66000000
(1781012816.654961) vcan0 601#00000000
(1781012816.654982) vcan0 602#7F000000
(1781012816.686974) vcan0 603#00
(1781012816.687014) vcan0 604#00
(1781012816.687037) vcan0 607#00000000
(1781012816.766942) vcan0 600#FF000000
(1781012816.766977) vcan0 601#00000000
(1781012816.766994) vcan0 602#7F000000
(1781012816.877988) vcan0 600#FF000000
(1781012816.878041) vcan0 601#00000000
(1781012816.878075) vcan0 602#7F000000
(1781012816.894021) vcan0 603#00
(1781012816.894070) vcan0 604#00
(1781012816.894104) vcan0 607#00000000
(1781012816.990010) vcan0 600#FF000000
(1781012816.990048) vcan0 601#00000000
(1781012816.990070) vcan0 602#7F000000
(1781012817.039054) vcan0 606#00
(1781012817.103031) vcan0 600#FF000000
(1781012817.103063) vcan0 601#00000000
(1781012817.103081) vcan0 602#7F000000
(1781012817.103097) vcan0 603#00
(1781012817.103111) vcan0 604#00
(1781012817.103124) vcan0 607#00000000
(1781012817.215042) vcan0 600#FF000000
(1781012817.215080) vcan0 601#00000000
(1781012817.215099) vcan0 602#7F000000
(1781012817.311083) vcan0 603#00
(1781012817.311126) vcan0 604#00
(1781012817.311149) vcan0 607#00000000
(1781012817.327066) vcan0 600#FF000000
(1781012817.327108) vcan0 601#00000000
(1781012817.327131) vcan0 602#7F000000
(1781012817.439128) vcan0 600#FF000000
(1781012817.439163) vcan0 601#00000000
(1781012817.439185) vcan0 602#7F000000
(1781012817.519147) vcan0 603#00
(1781012817.519182) vcan0 604#00
(1781012817.519206) vcan0 607#00000000
(1781012817.551135) vcan0 600#FF000000
(1781012817.551167) vcan0 601#00000000
(1781012817.551185) vcan0 602#7F000000
(1781012817.551203) vcan0 606#00
(1781012817.663197) vcan0 600#FF000000
(1781012817.663230) vcan0 601#00000000
(1781012817.663247) vcan0 602#7F000000
(1781012817.727181) vcan0 603#00
(1781012817.727214) vcan0 604#00
(1781012817.727233) vcan0 607#00000000
(1781012817.775193) vcan0 600#FF000000
(1781012817.775225) vcan0 601#00000000
(1781012817.775255) vcan0 602#7F000000
(1781012817.886259) vcan0 600#FF000000
(1781012817.886315) vcan0 601#00000000
(1781012817.886382) vcan0 602#72000000
(1781012817.934222) vcan0 603#00
(1781012817.934254) vcan0 604#00
(1781012817.934272) vcan0 607#00000000
(1781012817.998232) vcan0 600#FF000000
(1781012817.998266) vcan0 601#00000000
(1781012817.998282) vcan0 602#72000000
(1781012818.063246) vcan0 606#00
(1781012818.111263) vcan0 600#FF000000
(1781012818.111300) vcan0 601#00000000
(1781012818.111321) vcan0 602#65000000
(1781012818.143296) vcan0 603#00
(1781012818.143349) vcan0 604#00
(1781012818.143409) vcan0 607#00000000
(1781012818.223294) vcan0 600#FF000000
(1781012818.223342) vcan0 601#00000000
(1781012818.223364) vcan0 602#65000000
(1781012818.335331) vcan0 600#FF000000
(1781012818.335425) vcan0 601#00000000
(1781012818.335460) vcan0 602#59000000
(1781012818.351328) vcan0 603#00
(1781012818.351364) vcan0 604#00
(1781012818.351405) vcan0 607#00000000
(1781012818.447358) vcan0 600#FF000000
(1781012818.447398) vcan0 601#00000000
(1781012818.447417) vcan0 602#7F000000
(1781012818.559333) vcan0 600#FF000000
(1781012818.559375) vcan0 601#00000000
(1781012818.559401) vcan0 602#7F000000
(1781012818.559417) vcan0 603#00
(1781012818.559430) vcan0 604#00
(1781012818.559445) vcan0 607#00000000
(1781012818.575366) vcan0 606#00
(1781012818.671413) vcan0 600#FF000000
(1781012818.671450) vcan0 601#00000000
(1781012818.671468) vcan0 602#7F000000
(1781012818.767417) vcan0 603#00
(1781012818.767450) vcan0 604#00
(1781012818.767468) vcan0 607#00000000
(1781012818.782397) vcan0 600#FF000000
(1781012818.782425) vcan0 601#00000000
(1781012818.782441) vcan0 602#72000000
(1781012818.894428) vcan0 600#FF000000
(1781012818.894462) vcan0 601#00000000
(1781012818.894479) vcan0 602#72000000
(1781012818.974468) vcan0 603#00
(1781012818.974501) vcan0 604#00
(1781012818.974520) vcan0 607#00000000
(1781012819.006480) vcan0 600#FF000000
(1781012819.006514) vcan0 601#00000000
(1781012819.006531) vcan0 602#65000000
(1781012819.087482) vcan0 606#00
(1781012819.119492) vcan0 600#FF000000
(1781012819.119531) vcan0 601#00000000
(1781012819.119550) vcan0 602#65000000
(1781012819.183520) vcan0 603#00
(1781012819.183555) vcan0 604#00
(1781012819.183572) vcan0 607#00000000
(1781012819.231501) vcan0 600#FF000000
(1781012819.231541) vcan0 601#00000000
(1781012819.231557) vcan0 602#59000000
(1781012819.343564) vcan0 600#00000000
(1781012819.343602) vcan0 601#00000000
(1781012819.343625) vcan0 602#7F000000
(1781012819.391587) vcan0 603#00
(1781012819.391637) vcan0 604#00
(1781012819.391662) vcan0 607#00000000
(1781012819.455568) vcan0 600#00000000
(1781012819.455602) vcan0 601#00000000
(1781012819.455619) vcan0 602#7F000000
(1781012819.567594) vcan0 600#00000000
(1781012819.567634) vcan0 601#00000000
(1781012819.567676) vcan0 602#7F000000
(1781012819.599604) vcan0 603#00
(1781012819.599646) vcan0 604#00
(1781012819.599665) vcan0 606#00
(1781012819.599682) vcan0 607#00000000
(1781012819.679650) vcan0 600#00000000
(1781012819.679702) vcan0 601#00000000
(1781012819.679722) vcan0 602#7F000000
(1781012819.790640) vcan0 600#00000000
(1781012819.790675) vcan0 601#00000000
(1781012819.790694) vcan0 602#7F000000
(1781012819.806635) vcan0 603#00
(1781012819.806667) vcan0 604#00
(1781012819.806686) vcan0 607#00000000
(1781012819.902641) vcan0 600#00000000
(1781012819.902675) vcan0 601#00000000
(1781012819.902692) vcan0 602#7F000000
(1781012820.015731) vcan0 600#00000000
(1781012820.015775) vcan0 601#00000000
(1781012820.015800) vcan0 602#7F000000
(1781012820.015822) vcan0 603#00
(1781012820.015841) vcan0 604#00
(1781012820.015907) vcan0 607#00000000
(1781012820.111729) vcan0 606#00
(1781012820.127718) vcan0 600#00000000
(1781012820.127749) vcan0 601#00000000
(1781012820.127767) vcan0 602#7F000000
(1781012820.223734) vcan0 603#00
(1781012820.223770) vcan0 604#00
(1781012820.223791) vcan0 607#00000000
(1781012820.239737) vcan0 600#00000000
(1781012820.239767) vcan0 601#00000000
(1781012820.239783) vcan0 602#7F000000
(1781012820.351817) vcan0 600#00000000
(1781012820.351869) vcan0 601#00000000
(1781012820.351904) vcan0 602#7F000000
(1781012820.431831) vcan0 603#00
(1781012820.431879) vcan0 604#00
(1781012820.431914) vcan0 607#00000000
(1781012820.463798) vcan0 600#00000000
(1781012820.463831) vcan0 601#00000000
(1781012820.463850) vcan0 602#7F000000
(1781012820.575832) vcan0 600#00000000
(1781012820.575890) vcan0 601#00000000
(1781012820.575915) vcan0 602#7F000000
(1781012820.623908) vcan0 606#00
(1781012820.639834) vcan0 603#00
(1781012820.639867) vcan0 604#00
(1781012820.639888) vcan0 607#00000000
(1781012820.687896) vcan0 600#00000000
(1781012820.687979) vcan0 601#00000000
(1781012820.688010) vcan0 602#7F000000
(1781012820.798937) vcan0 600#00000000
(1781012820.799012) vcan0 601#00000000
(1781012820.799074) vcan0 602#7F000000
(1781012820.846964) vcan0 603#00
(1781012820.847040) vcan0 604#00
(1781012820.847103) vcan0 607#00000000
(1781012820.910950) vcan0 600#00000000
(1781012820.910985) vcan0 601#00000000
(1781012820.911003) vcan0 602#7F000000
(1781012821.024022) vcan0 600#00000000
(1781012821.024073) vcan0 601#00000000
(1781012821.024108) vcan0 602#7F000000
(1781012821.055962) vcan0 603#00
(1781012821.055995) vcan0 604#00
(1781012821.056014) vcan0 607#00000000
(1781012821.135975) vcan0 600#00000000
(1781012821.136009) vcan0 601#00000000
(1781012821.136028) vcan0 602#7F000000
(1781012821.136046) vcan0 606#00
(1781012821.247991) vcan0 600#00000000
(1781012821.248023) vcan0 601#00000000
(1781012821.248042) vcan0 602#7F000000
(1781012821.263973) vcan0 603#00
(1781012821.264001) vcan0 604#00
(1781012821.264018) vcan0 607#00000000
(1781012821.360011) vcan0 600#00000000
(1781012821.360052) vcan0 601#00000000
(1781012821.360076) vcan0 602#7F000000
(1781012821.472034) vcan0 600#00000000
(1781012821.472069) vcan0 601#00000000
(1781012821.472087) vcan0 602#7F000000
(1781012821.472102) vcan0 603#00
(1781012821.472116) vcan0 604#00
(1781012821.472131) vcan0 607#00000000
(1781012821.584129) vcan0 600#00000000
(1781012821.584236) vcan0 601#00000000
(1781012821.584293) vcan0 602#7F000000
(1781012821.648193) vcan0 606#00
(1781012821.680126) vcan0 603#00
(1781012821.680523) vcan0 604#00
(1781012821.680780) vcan0 607#00000000
(1781012821.696097) vcan0 600#00000000
(1781012821.696132) vcan0 601#00000000
(1781012821.696151) vcan0 602#7F000000
(1781012821.807172) vcan0 600#00000000
(1781012821.807216) vcan0 601#00000000
(1781012821.807239) vcan0 602#7F000000
(1781012821.887178) vcan0 603#00
(1781012821.887212) vcan0 604#00
(1781012821.887231) vcan0 607#00000000
(1781012821.919185) vcan0 600#00000000
(1781012821.919224) vcan0 601#00000000
(1781012821.919247) vcan0 602#7F000000
(1781012822.032143) vcan0 600#00000000
(1781012822.032178) vcan0 601#00000000
(1781012822.032196) vcan0 602#7F000000
(1781012822.084432) vcan0 604#01
(1781012822.096174) vcan0 603#00
(1781012822.096205) vcan0 604#00
(1781012822.096225) vcan0 607#00000000
(1781012822.134609) vcan0 604#01
(1781012822.144164) vcan0 600#00000000
(1781012822.144196) vcan0 601#00000000
(1781012822.144214) vcan0 602#7F000000
(1781012822.160203) vcan0 606#00
(1781012822.184799) vcan0 604#01
(1781012822.235019) vcan0 604#01
(1781012822.256206) vcan0 600#00000000
(1781012822.256244) vcan0 601#00000000
(1781012822.256266) vcan0 602#7F000000
(1781012822.285354) vcan0 604#01
(1781012822.304271) vcan0 603#00
(1781012822.304335) vcan0 604#00
(1781012822.304365) vcan0 607#00000000
(1781012822.335616) vcan0 604#01
(1781012822.368233) vcan0 600#00000000
(1781012822.368277) vcan0 601#00000000
(1781012822.368295) vcan0 602#7F000000
(1781012822.385850) vcan0 604#01
(1781012822.436055) vcan0 604#01
(1781012822.480254) vcan0 600#00000000
(1781012822.480287) vcan0 601#00000000
(1781012822.480303) vcan0 602#7F000000
(1781012822.486274) vcan0 604#01
(1781012822.512259) vcan0 603#00
(1781012822.512295) vcan0 604#00
(1781012822.512324) vcan0 607#00000000
(1781012822.536568) vcan0 604#01
(1781012822.586760) vcan0 604#01
(1781012822.592288) vcan0 600#00000000
(1781012822.592321) vcan0 601#00000000
(1781012822.592340) vcan0 602#7F000000
(1781012822.636963) vcan0 604#01
(1781012822.672352) vcan0 606#00
(1781012822.687162) vcan0 604#01
(1781012822.704332) vcan0 600#00000000
(1781012822.704382) vcan0 601#00000000
(1781012822.704420) vcan0 602#7F000000
(1781012822.720346) vcan0 603#00
(1781012822.720391) vcan0 604#00
(1781012822.720425) vcan0 607#00000000
(1781012822.737848) vcan0 604#01
(1781012822.788139) vcan0 604#01
(1781012822.815401) vcan0 600#00000000
(1781012822.815433) vcan0 601#00000000
(1781012822.815452) vcan0 602#7F000000
(1781012822.838397) vcan0 604#01
(1781012822.888632) vcan0 604#01
(1781012822.927446) vcan0 600#00000000
(1781012822.927564) vcan0 601#00000000
(1781012822.927610) vcan0 602#7F000000
(1781012822.927648) vcan0 603#00
(1781012822.927681) vcan0 604#00
(1781012822.927717) vcan0 607#00000000
(1781012822.938838) vcan0 604#01
(1781012822.989062) vcan0 604#01
(1781012823.039244) vcan0 604#01
(1781012823.040374) vcan0 600#00000000
(1781012823.040405) vcan0 601#00000000
(1781012823.040426) vcan0 602#7F000000
(1781012823.089455) vcan0 604#01
(1781012823.136414) vcan0 603#00
(1781012823.136449) vcan0 604#00
(1781012823.136468) vcan0 607#00000000
(1781012823.139651) vcan0 604#01
(1781012823.152398) vcan0 600#00000000
(1781012823.152427) vcan0 601#00000000
(1781012823.152444) vcan0 602#7F000000
(1781012823.184417) vcan0 606#00
(1781012823.189861) vcan0 604#01
(1781012823.240070) vcan0 604#01
(1781012823.264433) vcan0 600#66000000
(1781012823.264478) vcan0 601#00000000
(1781012823.264497) vcan0 602#7F000000
(1781012823.290315) vcan0 604#01
(1781012823.340589) vcan0 604#01
(1781012823.344446) vcan0 603#00
(1781012823.344534) vcan0 604#00
(1781012823.344554) vcan0 607#00000000
(1781012823.376461) vcan0 600#FF000000
(1781012823.376513) vcan0 601#00000000
(1781012823.376535) vcan0 602#7F000000
(1781012823.390865) vcan0 604#01
(1781012823.441059) vcan0 604#01
(1781012823.488495) vcan0 600#FF000000
(1781012823.488527) vcan0 601#00000000
(1781012823.488545) vcan0 602#7F000000
(1781012823.491268) vcan0 604#01
(1781012823.541454) vcan0 604#01
(1781012823.552508) vcan0 603#00
(1781012823.552539) vcan0 604#00
(1781012823.552558) vcan0 607#00000000
(1781012823.591667) vcan0 604#01
(1781012823.600553) vcan0 600#FF000000
(1781012823.600603) vcan0 601#00000000
(1781012823.600636) vcan0 602#7F000000
(1781012823.641870) vcan0 604#01
(1781012823.692073) vcan0 604#01
(1781012823.696564) vcan0 606#00
(1781012823.712571) vcan0 600#FF000000
(1781012823.712603) vcan0 601#00000000
(1781012823.712619) vcan0 602#7F000000
(1781012823.742498) vcan0 604#01
(1781012823.760579) vcan0 603#00
(1781012823.760612) vcan0 604#00
(1781012823.760630) vcan0 607#00000000
(1781012823.792744) vcan0 604#01
(1781012823.823555) vcan0 600#FF000000
(1781012823.823587) vcan0 601#00000000
(1781012823.823604) vcan0 602#7F000000
(1781012823.842967) vcan0 604#01
(1781012823.893211) vcan0 604#01
(1781012823.935630) vcan0 600#FF000000
(1781012823.935663) vcan0 601#00000000
(1781012823.935680) vcan0 602#72000000
(1781012823.943429) vcan0 604#01
(1781012823.967616) vcan0 603#00
(1781012823.967651) vcan0 604#00
(1781012823.967669) vcan0 607#00000000
(1781012823.993651) vcan0 604#01
(1781012824.043876) vcan0 604#01
(1781012824.048610) vcan0 600#FF000000
(1781012824.048646) vcan0 601#00000000
(1781012824.048666) vcan0 602#72000000
(1781012824.094057) vcan0 604#01
(1781012824.144769) vcan0 604#01
(1781012824.160713) vcan0 600#FF000000
(1781012824.160812) vcan0 601#00000000
(1781012824.160868) vcan0 602#65000000
(1781012824.176698) vcan0 603#00
(1781012824.176741) vcan0 604#00
(1781012824.176761) vcan0 607#00000000
(1781012824.195113) vcan0 604#01
(1781012824.208634) vcan0 606#00
(1781012824.245346) vcan0 604#01
(1781012824.272747) vcan0 600#FF000000
(1781012824.272797) vcan0 601#00000000
(1781012824.272831) vcan0 602#7F000000
(1781012824.295576) vcan0 604#01
(1781012824.345785) vcan0 604#01
(1781012824.384710) vcan0 600#FF000000
(1781012824.384763) vcan0 601#00000000
(1781012824.384780) vcan0 602#8C000000
(1781012824.384796) vcan0 603#00
(1781012824.384810) vcan0 604#00
(1781012824.384824) vcan0 607#00000000
(1781012824.396129) vcan0 604#01
(1781012824.446388) vcan0 604#01
(1781012824.496646) vcan0 604#01
(1781012824.496715) vcan0 600#FF000000
(1781012824.496745) vcan0 601#00000000
(1781012824.496768) vcan0 602#99000000
(1781012824.546870) vcan0 604#01
(1781012824.592756) vcan0 603#00
(1781012824.592792) vcan0 604#00
(1781012824.592810) vcan0 607#00000000
(1781012824.597115) vcan0 604#01
(1781012824.608748) vcan0 600#FF000000
(1781012824.608781) vcan0 601#00000000
(1781012824.608803) vcan0 602#99000000
(1781012824.647350) vcan0 604#01
(1781012824.697604) vcan0 604#01
(1781012824.720826) vcan0 600#FF000000
(1781012824.720861) vcan0 601#00000000
(1781012824.720879) vcan0 602#7F000000
(1781012824.720897) vcan0 606#00
(1781012824.747853) vcan0 604#01
(1781012824.798250) vcan0 604#01
(1781012824.799768) vcan0 603#00
(1781012824.799799) vcan0 604#00
(1781012824.799817) vcan0 607#00000000
(1781012824.831797) vcan0 600#00000000
(1781012824.831834) vcan0 601#00000000
(1781012824.831855) vcan0 602#7F000000
(1781012824.848579) vcan0 604#01
(1781012824.863842) vcan0 60D#08000000
(1781012824.898811) vcan0 604#01
(1781012824.943825) vcan0 600#00000000
(1781012824.943863) vcan0 601#FF000000
(1781012824.943883) vcan0 602#7F000000
(1781012824.949058) vcan0 604#01
(1781012824.999279) vcan0 604#01
(1781012825.007805) vcan0 603#00
(1781012825.007836) vcan0 604#00
(1781012825.007855) vcan0 607#00000000
(1781012825.040850) vcan0 60D#00000000
(1781012825.049502) vcan0 604#01
(1781012825.056850) vcan0 600#00000000
(1781012825.056890) vcan0 601#00000000
(1781012825.056913) vcan0 602#7F000000
(1781012825.099740) vcan0 604#01
(1781012825.150001) vcan0 604#01
(1781012825.168897) vcan0 600#00000000
(1781012825.168930) vcan0 601#00000000
(1781012825.168949) vcan0 602#7F000000
(1781012825.200263) vcan0 604#01
(1781012825.216900) vcan0 603#00
(1781012825.216939) vcan0 604#00
(1781012825.216957) vcan0 607#00000000
(1781012825.232938) vcan0 606#00
(1781012825.250489) vcan0 604#01
(1781012825.280944) vcan0 600#99000000
(1781012825.280996) vcan0 601#00000000
(1781012825.281032) vcan0 602#72000000
(1781012825.300735) vcan0 604#01
(1781012825.350958) vcan0 604#01
(1781012825.392964) vcan0 600#FF000000
(1781012825.393025) vcan0 601#00000000
(1781012825.393061) vcan0 602#7F000000
(1781012825.401180) vcan0 604#01
(1781012825.424943) vcan0 603#00
(1781012825.424979) vcan0 604#00
(1781012825.425023) vcan0 607#00000000
(1781012825.451429) vcan0 604#01
(1781012825.501710) vcan0 604#01
(1781012825.504930) vcan0 600#FF000000
(1781012825.504961) vcan0 601#00000000
(1781012825.504977) vcan0 602#7F000000
(1781012825.552097) vcan0 604#01
(1781012825.602336) vcan0 604#01
(1781012825.617037) vcan0 600#00000000
(1781012825.617070) vcan0 601#00000000
(1781012825.617090) vcan0 602#7F000000
(1781012825.633016) vcan0 603#00
(1781012825.633063) vcan0 604#00
(1781012825.633083) vcan0 607#00000000
(1781012825.652571) vcan0 604#01
(1781012825.702801) vcan0 604#01
(1781012825.729012) vcan0 600#00000000
(1781012825.729046) vcan0 601#00000000
(1781012825.729063) vcan0 602#7F000000
(1781012825.745039) vcan0 606#00
(1781012825.753017) vcan0 604#01
(1781012825.803195) vcan0 604#01
(1781012825.840059) vcan0 600#00000000
(1781012825.840107) vcan0 601#00000000
(1781012825.840145) vcan0 602#7F000000
(1781012825.840178) vcan0 603#00
(1781012825.840208) vcan0 604#00
(1781012825.840242) vcan0 607#00000000
(1781012825.853390) vcan0 604#01
(1781012825.903584) vcan0 604#01
(1781012825.952034) vcan0 600#00000000
(1781012825.952070) vcan0 601#00000000
(1781012825.952089) vcan0 602#7F000000
(1781012825.953852) vcan0 604#01
(1781012826.004053) vcan0 604#01
(1781012826.049064) vcan0 603#00
(1781012826.049103) vcan0 604#00
(1781012826.049124) vcan0 607#00000000
(1781012826.054307) vcan0 604#01
(1781012826.065075) vcan0 600#00000000
(1781012826.065108) vcan0 601#00000000
(1781012826.065127) vcan0 602#7F000000
(1781012826.104571) vcan0 604#01
(1781012826.154767) vcan0 604#01
(1781012826.177092) vcan0 600#00000000
(1781012826.177124) vcan0 601#00000000
(1781012826.177143) vcan0 602#7F000000
(1781012826.204976) vcan0 604#01
(1781012826.255168) vcan0 604#01
(1781012826.257103) vcan0 603#00
(1781012826.257133) vcan0 604#00
(1781012826.257153) vcan0 606#00
(1781012826.257172) vcan0 607#00000000
(1781012826.289158) vcan0 600#00000000
(1781012826.289197) vcan0 601#00000000
(1781012826.289215) vcan0 602#7F000000
(1781012826.305361) vcan0 604#01
(1781012826.355580) vcan0 604#01
(1781012826.401275) vcan0 600#00000000
(1781012826.401344) vcan0 601#00000000
(1781012826.401389) vcan0 602#7F000000
(1781012826.405817) vcan0 604#01
(1781012826.456039) vcan0 604#01
(1781012826.465250) vcan0 603#00
(1781012826.465378) vcan0 604#00
(1781012826.465404) vcan0 607#00000000
(1781012826.506227) vcan0 604#01
(1781012826.513271) vcan0 600#00000000
(1781012826.513344) vcan0 601#00000000
(1781012826.513405) vcan0 602#7F000000
(1781012826.556511) vcan0 604#01
(1781012826.606711) vcan0 604#01
(1781012826.625223) vcan0 600#00000000
(1781012826.625261) vcan0 601#00000000
(1781012826.625280) vcan0 602#7F000000
(1781012826.657022) vcan0 604#01
(1781012826.673227) vcan0 603#00
(1781012826.673266) vcan0 604#00
(1781012826.673295) vcan0 607#00000000
(1781012826.707222) vcan0 604#01
(1781012826.737309) vcan0 600#00000000
(1781012826.737364) vcan0 601#00000000
(1781012826.737403) vcan0 602#7F000000
(1781012826.757421) vcan0 604#01
(1781012826.769287) vcan0 606#00
(1781012826.807636) vcan0 604#01
(1781012826.848278) vcan0 600#00000000
(1781012826.848314) vcan0 601#00000000
(1781012826.848334) vcan0 602#7F000000
(1781012826.857856) vcan0 604#01
(1781012826.880428) vcan0 603#00
(1781012826.880479) vcan0 604#00
(1781012826.880515) vcan0 607#00000000
(1781012826.908044) vcan0 604#01
(1781012826.958315) vcan0 604#01
(1781012826.960282) vcan0 600#00000000
(1781012826.960312) vcan0 601#00000000
(1781012826.960330) vcan0 602#7F000000
(1781012827.008510) vcan0 604#01
(1781012827.058728) vcan0 604#01
(1781012827.073394) vcan0 600#00000000
(1781012827.073461) vcan0 601#00000000
(1781012827.073500) vcan0 602#7F000000
(1781012827.089348) vcan0 603#00
(1781012827.089397) vcan0 604#00
(1781012827.089430) vcan0 607#00000000
(1781012827.108942) vcan0 604#01
(1781012827.159202) vcan0 604#01
(1781012827.185319) vcan0 600#00000000
(1781012827.185354) vcan0 601#00000000
(1781012827.185374) vcan0 602#7F000000
(1781012827.209482) vcan0 604#01
(1781012827.259719) vcan0 604#01
(1781012827.281353) vcan0 606#00
(1781012827.297340) vcan0 600#4C000000
(1781012827.297372) vcan0 601#00000000
(1781012827.297389) vcan0 602#7F000000
(1781012827.297406) vcan0 603#00
(1781012827.297420) vcan0 604#00
(1781012827.297434) vcan0 607#00000000
(1781012827.309975) vcan0 604#01
(1781012827.360280) vcan0 604#01
(1781012827.409386) vcan0 600#FF000000
(1781012827.409421) vcan0 601#00000000
(1781012827.409444) vcan0 602#7F000000
(1781012827.410471) vcan0 604#01
(1781012827.460768) vcan0 604#01
(1781012827.505413) vcan0 603#00
(1781012827.505446) vcan0 604#00
(1781012827.505464) vcan0 607#00000000
(1781012827.510981) vcan0 604#01
(1781012827.521439) vcan0 600#FF000000
(1781012827.521469) vcan0 601#00000000
(1781012827.521487) vcan0 602#7F000000
(1781012827.561279) vcan0 604#01
(1781012827.611496) vcan0 604#01
(1781012827.633491) vcan0 600#FF000000
(1781012827.633612) vcan0 601#00000000
(1781012827.633649) vcan0 602#7F000000
(1781012827.661745) vcan0 604#01
(1781012827.711993) vcan0 604#01
(1781012827.713502) vcan0 603#00
(1781012827.713559) vcan0 604#00
(1781012827.713592) vcan0 607#00000000
(1781012827.745477) vcan0 600#FF000000
(1781012827.745510) vcan0 601#00000000
(1781012827.745526) vcan0 602#7F000000
(1781012827.762194) vcan0 604#01
(1781012827.792453) vcan0 606#00
(1781012827.812380) vcan0 604#01
(1781012827.856491) vcan0 600#FF000000
(1781012827.856525) vcan0 601#00000000
(1781012827.856544) vcan0 602#7F000000
(1781012827.862557) vcan0 604#01
(1781012827.912742) vcan0 604#01
(1781012827.920479) vcan0 603#00
(1781012827.920513) vcan0 604#00
(1781012827.920531) vcan0 607#00000000
(1781012827.962927) vcan0 604#01
(1781012827.968501) vcan0 600#FF000000
(1781012827.968536) vcan0 601#00000000
(1781012827.968555) vcan0 602#7F000000
(1781012828.013140) vcan0 604#01
(1781012828.063337) vcan0 604#01
(1781012828.081535) vcan0 600#FF000000
(1781012828.081576) vcan0 601#00000000
(1781012828.081598) vcan0 602#72000000
(1781012828.113535) vcan0 604#01
(1781012828.129519) vcan0 603#00
(1781012828.129551) vcan0 604#00
(1781012828.129570) vcan0 607#00000000
(1781012828.163734) vcan0 604#01
(1781012828.193546) vcan0 600#FF000000
(1781012828.193578) vcan0 601#00000000
(1781012828.193594) vcan0 602#7F000000
(1781012828.213926) vcan0 604#01
(1781012828.264146) vcan0 604#01
(1781012828.305625) vcan0 600#FF000000
(1781012828.305679) vcan0 601#00000000
(1781012828.305716) vcan0 602#7F000000
(1781012828.305752) vcan0 606#00
(1781012828.314334) vcan0 604#01
(1781012828.337608) vcan0 603#00
(1781012828.337648) vcan0 604#00
(1781012828.337670) vcan0 607#00000000
(1781012828.364709) vcan0 604#01
(1781012828.414895) vcan0 604#01
(1781012828.417574) vcan0 600#00000000
(1781012828.417604) vcan0 601#00000000
(1781012828.417622) vcan0 602#72000000
(1781012828.465096) vcan0 604#01
(1781012828.515273) vcan0 604#01
(1781012828.529656) vcan0 600#00000000
(1781012828.529696) vcan0 601#00000000
(1781012828.529717) vcan0 602#7F000000
(1781012828.545621) vcan0 603#00
(1781012828.545652) vcan0 604#00
(1781012828.545668) vcan0 607#00000000
(1781012828.565461) vcan0 604#01
(1781012828.615669) vcan0 604#01
(1781012828.641628) vcan0 600#99000000
(1781012828.641661) vcan0 601#00000000
(1781012828.641678) vcan0 602#7F000000
(1781012828.665825) vcan0 604#01
(1781012828.716011) vcan0 604#01
(1781012828.753677) vcan0 600#FF000000
(1781012828.753712) vcan0 601#00000000
(1781012828.753730) vcan0 602#7F000000
(1781012828.753746) vcan0 603#00
(1781012828.753760) vcan0 604#00
(1781012828.753774) vcan0 607#00000000
(1781012828.766212) vcan0 604#01
(1781012828.816409) vcan0 604#01
(1781012828.816700) vcan0 606#00
(1781012828.864783) vcan0 600#FF000000
(1781012828.864839) vcan0 601#00000000
(1781012828.864884) vcan0 602#7F000000
(1781012828.866597) vcan0 604#01
(1781012828.916774) vcan0 604#01
(1781012828.960723) vcan0 603#00
(1781012828.960765) vcan0 604#00
(1781012828.960802) vcan0 607#00000000
(1781012828.967646) vcan0 604#01
(1781012828.976715) vcan0 600#FF000000
(1781012828.976752) vcan0 601#00000000
(1781012828.976773) vcan0 602#7F000000
(1781012829.017900) vcan0 604#01
(1781012829.068216) vcan0 604#01
(1781012829.089802) vcan0 600#FF000000
(1781012829.089838) vcan0 601#00000000
(1781012829.089855) vcan0 602#7F000000
(1781012829.118514) vcan0 604#01
(1781012829.168751) vcan0 604#01
(1781012829.169767) vcan0 603#00
(1781012829.169797) vcan0 604#00
(1781012829.169814) vcan0 607#00000000
(1781012829.201765) vcan0 600#FF000000
(1781012829.201800) vcan0 601#00000000
(1781012829.201819) vcan0 602#7F000000
(1781012829.218973) vcan0 604#01
(1781012829.269201) vcan0 604#01
(1781012829.313856) vcan0 600#19000000
(1781012829.313899) vcan0 601#00000000
(1781012829.313920) vcan0 602#7F000000
(1781012829.319439) vcan0 604#01
(1781012829.329810) vcan0 606#00
(1781012829.369746) vcan0 604#01
(1781012829.377815) vcan0 603#00
(1781012829.377848) vcan0 604#00
(1781012829.377865) vcan0 607#00000000
(1781012829.419964) vcan0 604#01
(1781012829.425820) vcan0 600#CC000000
(1781012829.425866) vcan0 601#00000000
(1781012829.425883) vcan0 602#7F000000
(1781012829.470201) vcan0 604#01
(1781012829.520402) vcan0 604#01
(1781012829.537836) vcan0 600#FF000000
(1781012829.537893) vcan0 601#00000000
(1781012829.537929) vcan0 602#7F000000
(1781012829.570602) vcan0 604#01
(1781012829.585845) vcan0 603#00
(1781012829.585878) vcan0 604#00
(1781012829.585896) vcan0 607#00000000
(1781012829.621186) vcan0 604#01
(1781012829.649869) vcan0 600#FF000000
(1781012829.649904) vcan0 601#00000000
(1781012829.649921) vcan0 602#7F000000
(1781012829.671394) vcan0 604#01
(1781012829.721596) vcan0 604#01
(1781012829.761945) vcan0 600#FF000000
(1781012829.761995) vcan0 601#00000000
(1781012829.762020) vcan0 602#7F000000
(1781012829.771809) vcan0 604#01
(1781012829.792992) vcan0 603#00
(1781012829.793104) vcan0 604#00
(1781012829.793129) vcan0 607#00000000
(1781012829.822014) vcan0 604#01
(1781012829.840938) vcan0 606#00
(1781012829.872451) vcan0 604#01
(1781012829.872935) vcan0 600#00000000
(1781012829.872971) vcan0 601#00000000
(1781012829.872996) vcan0 602#7F000000
(1781012829.922702) vcan0 604#01
(1781012829.972893) vcan0 604#01
(1781012829.984970) vcan0 600#B2000000
(1781012829.985008) vcan0 601#00000000
(1781012829.985046) vcan0 602#7F000000
(1781012830.000930) vcan0 603#00
(1781012830.000960) vcan0 604#00
(1781012830.000981) vcan0 607#00000000
(1781012830.023183) vcan0 604#01
(1781012830.073446) vcan0 604#01
(1781012830.097970) vcan0 600#FF000000
(1781012830.098004) vcan0 601#00000000
(1781012830.098021) vcan0 602#7F000000
(1781012830.123710) vcan0 604#01
(1781012830.173990) vcan0 604#01
(1781012830.209994) vcan0 600#FF000000
(1781012830.210026) vcan0 601#00000000
(1781012830.210043) vcan0 602#7F000000
(1781012830.210059) vcan0 603#00
(1781012830.210073) vcan0 604#00
(1781012830.210088) vcan0 607#00000000
(1781012830.224202) vcan0 604#01
(1781012830.274605) vcan0 604#01
(1781012830.322024) vcan0 600#FF000000
(1781012830.322056) vcan0 601#00000000
(1781012830.322073) vcan0 602#7F000000
(1781012830.324821) vcan0 604#01
(1781012830.354025) vcan0 606#00
(1781012830.375025) vcan0 604#01
(1781012830.418069) vcan0 603#00
(1781012830.418131) vcan0 604#00
(1781012830.418171) vcan0 607#00000000
(1781012830.425294) vcan0 604#01
(1781012830.434104) vcan0 600#FF000000
(1781012830.434194) vcan0 601#00000000
(1781012830.434244) vcan0 602#7F000000
(1781012830.475507) vcan0 604#01
(1781012830.525719) vcan0 604#01
(1781012830.546069) vcan0 600#FF000000
(1781012830.546105) vcan0 601#00000000
(1781012830.546125) vcan0 602#7F000000
(1781012830.575920) vcan0 604#01
(1781012830.626112) vcan0 603#00
(1781012830.626113) vcan0 604#01
(1781012830.626208) vcan0 604#00
(1781012830.626241) vcan0 607#00000000
(1781012830.658141) vcan0 600#FF000000
(1781012830.658227) vcan0 601#00000000
(1781012830.658276) vcan0 602#72000000
(1781012830.676341) vcan0 604#01
(1781012830.726587) vcan0 604#01
(1781012830.770155) vcan0 600#FF000000
(1781012830.770190) vcan0 601#00000000
(1781012830.770208) vcan0 602#65000000
(1781012830.776872) vcan0 604#01
(1781012830.827147) vcan0 604#01
(1781012830.833145) vcan0 603#00
(1781012830.833184) vcan0 604#00
(1781012830.833209) vcan0 607#00000000
(1781012830.865142) vcan0 606#00
(1781012830.877418) vcan0 604#01
(1781012830.881147) vcan0 600#FF000000
(1781012830.881178) vcan0 601#00000000
(1781012830.881195) vcan0 602#7F000000
(1781012830.927692) vcan0 604#01
(1781012830.977999) vcan0 604#01
(1781012830.993183) vcan0 600#FF000000
(1781012830.993219) vcan0 601#00000000
(1781012830.993236) vcan0 602#7F000000
(1781012831.028237) vcan0 604#01
(1781012831.042185) vcan0 603#00
(1781012831.042221) vcan0 604#00
(1781012831.042240) vcan0 607#00000000
(1781012831.078441) vcan0 604#01
(1781012831.106197) vcan0 600#FF000000
(1781012831.106230) vcan0 601#00000000
(1781012831.106248) vcan0 602#72000000
(1781012831.128686) vcan0 604#01
(1781012831.178949) vcan0 604#01
(1781012831.218213) vcan0 600#FF000000
(1781012831.218254) vcan0 601#00000000
(1781012831.218295) vcan0 602#65000000
(1781012831.229115) vcan0 604#01
(1781012831.250322) vcan0 603#00
(1781012831.250357) vcan0 604#00
(1781012831.250377) vcan0 607#00000000
(1781012831.279314) vcan0 604#01
(1781012831.329489) vcan0 604#01
(1781012831.330261) vcan0 600#FF000000
(1781012831.330300) vcan0 601#00000000
(1781012831.330325) vcan0 602#7F000000
(1781012831.378266) vcan0 606#00
(1781012831.379671) vcan0 604#01
(1781012831.429920) vcan0 604#01
(1781012831.442266) vcan0 600#FF000000
(1781012831.442301) vcan0 601#00000000
(1781012831.442319) vcan0 602#8C000000
(1781012831.458286) vcan0 603#00
(1781012831.458324) vcan0 604#01
(1781012831.458346) vcan0 607#00000000
(1781012831.480132) vcan0 604#01
(1781012831.530343) vcan0 604#01
(1781012831.554315) vcan0 600#00000000
(1781012831.554357) vcan0 601#00000000
(1781012831.554376) vcan0 602#7F000000
(1781012831.580549) vcan0 604#01
(1781012831.630759) vcan0 604#01
(1781012831.666322) vcan0 600#00000000
(1781012831.666355) vcan0 601#00000000
(1781012831.666374) vcan0 602#7F000000
(1781012831.666390) vcan0 603#00
(1781012831.666405) vcan0 604#00
(1781012831.666424) vcan0 607#00000000
(1781012831.681018) vcan0 604#01
(1781012831.731227) vcan0 604#01
(1781012831.778374) vcan0 600#B2000000
(1781012831.778415) vcan0 601#00000000
(1781012831.778442) vcan0 602#7F000000
(1781012831.781448) vcan0 604#01
(1781012831.831795) vcan0 604#01
(1781012831.873397) vcan0 603#00
(1781012831.873446) vcan0 604#00
(1781012831.873472) vcan0 607#00000000
(1781012831.882055) vcan0 604#01
(1781012831.889394) vcan0 600#19000000
(1781012831.889426) vcan0 601#00000000
(1781012831.889442) vcan0 602#7F000000
(1781012831.889463) vcan0 606#00
(1781012831.932299) vcan0 604#01
(1781012831.982559) vcan0 604#01
(1781012832.001365) vcan0 600#CC000000
(1781012832.001401) vcan0 601#00000000
(1781012832.001423) vcan0 602#7F000000
(1781012832.032795) vcan0 604#01
(1781012832.082411) vcan0 603#00
(1781012832.082443) vcan0 604#00
(1781012832.082465) vcan0 607#00000000
(1781012832.083019) vcan0 604#01
(1781012832.114408) vcan0 600#FF000000
(1781012832.114439) vcan0 601#00000000
(1781012832.114458) vcan0 602#7F000000
(1781012832.133249) vcan0 604#01
(1781012832.183473) vcan0 604#01
(1781012832.226451) vcan0 600#00000000
(1781012832.226495) vcan0 601#00000000
(1781012832.226517) vcan0 602#7F000000
(1781012832.233723) vcan0 604#01
(1781012832.284014) vcan0 604#01
(1781012832.290460) vcan0 603#00
(1781012832.290490) vcan0 604#00
(1781012832.290513) vcan0 607#00000000
(1781012832.334243) vcan0 604#01
(1781012832.338486) vcan0 600#66000000
(1781012832.338518) vcan0 601#00000000
(1781012832.338534) vcan0 602#7F000000
(1781012832.384482) vcan0 604#01
(1781012832.402511) vcan0 606#00
(1781012832.434754) vcan0 604#01
(1781012832.450522) vcan0 600#FF000000
(1781012832.450564) vcan0 601#00000000
(1781012832.450583) vcan0 602#7F000000
(1781012832.485001) vcan0 604#01
(1781012832.498496) vcan0 603#00
(1781012832.498528) vcan0 604#00
(1781012832.498546) vcan0 607#00000000
(1781012832.535204) vcan0 604#01
(1781012832.562504) vcan0 600#FF000000
(1781012832.562540) vcan0 601#00000000
(1781012832.562557) vcan0 602#7F000000
(1781012832.585482) vcan0 604#01
(1781012832.635681) vcan0 604#01
(1781012832.674619) vcan0 600#FF000000
(1781012832.674668) vcan0 601#00000000
(1781012832.674687) vcan0 602#7F000000
(1781012832.685885) vcan0 604#01
(1781012832.706569) vcan0 603#00
(1781012832.706608) vcan0 604#00
(1781012832.706632) vcan0 607#00000000
(1781012832.736069) vcan0 604#01
(1781012832.785582) vcan0 600#FF000000
(1781012832.785620) vcan0 601#00000000
(1781012832.785642) vcan0 602#7F000000
(1781012832.786392) vcan0 604#01
(1781012832.836624) vcan0 604#01
(1781012832.886875) vcan0 604#01
(1781012832.897587) vcan0 600#FF000000
(1781012832.897626) vcan0 601#00000000
(1781012832.897643) vcan0 602#7F000000
(1781012832.913682) vcan0 603#00
(1781012832.913730) vcan0 604#00
(1781012832.913754) vcan0 606#00
(1781012832.913777) vcan0 607#00000000
(1781012832.937114) vcan0 604#01
(1781012832.987308) vcan0 604#01
(1781012833.009610) vcan0 600#FF000000
(1781012833.009652) vcan0 601#00000000
(1781012833.009672) vcan0 602#7F000000
(1781012833.037497) vcan0 604#01
(1781012833.087695) vcan0 604#01
(1781012833.122652) vcan0 600#FF000000
(1781012833.122689) vcan0 601#00000000
(1781012833.122705) vcan0 602#7F000000
(1781012833.122721) vcan0 603#00
(1781012833.122735) vcan0 604#00
(1781012833.122750) vcan0 607#00000000
(1781012833.137971) vcan0 604#01
(1781012833.188153) vcan0 604#01
(1781012833.234661) vcan0 600#FF000000
(1781012833.234696) vcan0 601#00000000
(1781012833.234715) vcan0 602#7F000000
(1781012833.238430) vcan0 604#01
(1781012833.288637) vcan0 604#01
(1781012833.330695) vcan0 603#00
(1781012833.330729) vcan0 604#00
(1781012833.330748) vcan0 607#00000000
(1781012833.338859) vcan0 604#01
(1781012833.346702) vcan0 600#FF000000
(1781012833.346741) vcan0 601#00000000
(1781012833.346771) vcan0 602#7F000000
(1781012833.389039) vcan0 604#01
(1781012833.426782) vcan0 606#00
(1781012833.439258) vcan0 604#01
(1781012833.458724) vcan0 600#FF000000
(1781012833.458756) vcan0 601#00000000
(1781012833.458774) vcan0 602#7F000000
(1781012833.489444) vcan0 604#01
(1781012833.538749) vcan0 603#00
(1781012833.538786) vcan0 604#00
(1781012833.538804) vcan0 607#00000000
(1781012833.539639) vcan0 604#01
(1781012833.570742) vcan0 600#FF000000
(1781012833.570785) vcan0 601#00000000
(1781012833.570814) vcan0 602#7F000000
(1781012833.589809) vcan0 604#01
(1781012833.640045) vcan0 604#01
(1781012833.682793) vcan0 600#00000000
(1781012833.682838) vcan0 601#00000000
(1781012833.682855) vcan0 602#72000000
(1781012833.690360) vcan0 604#01
(1781012833.740546) vcan0 604#01
(1781012833.746815) vcan0 603#00
(1781012833.746850) vcan0 604#00
(1781012833.746871) vcan0 607#00000000
(1781012833.790739) vcan0 604#01
(1781012833.793888) vcan0 600#66000000
(1781012833.793932) vcan0 601#00000000
(1781012833.793951) vcan0 602#72000000
(1781012833.840980) vcan0 604#01
(1781012833.891180) vcan0 604#01
(1781012833.905813) vcan0 600#FF000000
(1781012833.905845) vcan0 601#00000000
(1781012833.905863) vcan0 602#65000000
(1781012833.937816) vcan0 606#00
(1781012833.941375) vcan0 604#01
(1781012833.953867) vcan0 603#00
(1781012833.953906) vcan0 604#00
(1781012833.953925) vcan0 607#00000000
(1781012833.991585) vcan0 604#01
(1781012834.018832) vcan0 600#FF000000
(1781012834.018877) vcan0 601#00000000
(1781012834.018895) vcan0 602#7F000000
(1781012834.041837) vcan0 604#01
(1781012834.092074) vcan0 604#01
(1781012834.130974) vcan0 600#FF000000
(1781012834.131032) vcan0 601#00000000
(1781012834.131070) vcan0 602#7F000000
(1781012834.142295) vcan0 604#01
(1781012834.162892) vcan0 603#00
(1781012834.162941) vcan0 604#00
(1781012834.162958) vcan0 607#00000000
(1781012834.192501) vcan0 604#01
(1781012834.242723) vcan0 604#01
(1781012834.242943) vcan0 600#FF000000
(1781012834.242973) vcan0 601#00000000
(1781012834.242990) vcan0 602#7F000000
(1781012834.292941) vcan0 604#01
(1781012834.343120) vcan0 604#01
(1781012834.354925) vcan0 600#00000000
(1781012834.354961) vcan0 601#00000000
(1781012834.354979) vcan0 602#7F000000
(1781012834.371008) vcan0 603#00
(1781012834.371043) vcan0 604#00
(1781012834.371065) vcan0 607#00000000
(1781012834.393315) vcan0 604#01
(1781012834.443547) vcan0 604#01
(1781012834.450964) vcan0 606#00
(1781012834.466980) vcan0 600#00000000
(1781012834.467014) vcan0 601#00000000
(1781012834.467033) vcan0 602#7F000000
(1781012834.493741) vcan0 604#01
(1781012834.544140) vcan0 604#01
(1781012834.579020) vcan0 600#00000000
(1781012834.579059) vcan0 601#00000000
(1781012834.579077) vcan0 602#7F000000
(1781012834.579093) vcan0 603#00
(1781012834.579109) vcan0 604#00
(1781012834.579126) vcan0 607#00000000
(1781012834.594320) vcan0 604#01
(1781012834.644544) vcan0 604#01
(1781012834.691003) vcan0 600#00000000
(1781012834.691039) vcan0 601#00000000
(1781012834.691056) vcan0 602#7F000000
(1781012834.694775) vcan0 604#01
(1781012834.744993) vcan0 604#01
(1781012834.785989) vcan0 603#00
(1781012834.786025) vcan0 604#00
(1781012834.786047) vcan0 607#00000000
(1781012834.795199) vcan0 604#01
(1781012834.802052) vcan0 600#00000000
(1781012834.802103) vcan0 601#00000000
(1781012834.802136) vcan0 602#7F000000
(1781012834.845477) vcan0 604#01
(1781012834.895694) vcan0 604#01
(1781012834.914103) vcan0 600#00000000
(1781012834.914156) vcan0 601#00000000
(1781012834.914193) vcan0 602#7F000000
(1781012834.946057) vcan0 604#01
(1781012834.962072) vcan0 606#00
(1781012834.994147) vcan0 603#00
(1781012834.994195) vcan0 604#00
(1781012834.994216) vcan0 607#00000000
(1781012834.996246) vcan0 604#01
(1781012835.027192) vcan0 600#00000000
(1781012835.027292) vcan0 601#00000000
(1781012835.027327) vcan0 602#7F000000
(1781012835.046713) vcan0 604#01
(1781012835.096950) vcan0 604#01
(1781012835.139070) vcan0 600#00000000
(1781012835.139107) vcan0 601#00000000
(1781012835.139125) vcan0 602#7F000000
(1781012835.147138) vcan0 604#01
(1781012835.197330) vcan0 604#01
(1781012835.203084) vcan0 603#00
(1781012835.203120) vcan0 604#00
(1781012835.203139) vcan0 607#00000000
(1781012835.247621) vcan0 604#01
(1781012835.251175) vcan0 600#00000000
(1781012835.251213) vcan0 601#00000000
(1781012835.251231) vcan0 602#7F000000
(1781012835.297909) vcan0 604#01
(1781012835.348102) vcan0 604#01
(1781012835.363179) vcan0 600#00000000
(1781012835.363282) vcan0 601#00000000
(1781012835.363370) vcan0 602#7F000000
(1781012835.398337) vcan0 604#01
(1781012835.411213) vcan0 603#00
(1781012835.411255) vcan0 604#00
(1781012835.411274) vcan0 607#00000000
(1781012835.448622) vcan0 604#01
(1781012835.475196) vcan0 600#00000000
(1781012835.475237) vcan0 601#00000000
(1781012835.475256) vcan0 602#7F000000
(1781012835.475279) vcan0 606#00
(1781012835.498923) vcan0 604#01
(1781012835.549114) vcan0 604#01
(1781012835.587185) vcan0 600#00000000
(1781012835.587229) vcan0 601#00000000
(1781012835.587274) vcan0 602#7F000000
(1781012835.599420) vcan0 604#01
(1781012835.619186) vcan0 603#00
(1781012835.619224) vcan0 604#00
(1781012835.619246) vcan0 607#00000000
(1781012835.649662) vcan0 604#01
(1781012835.699180) vcan0 600#00000000
(1781012835.699225) vcan0 601#00000000
(1781012835.699243) vcan0 602#7F000000
(1781012835.699865) vcan0 604#01
(1781012835.750034) vcan0 604#01
(1781012835.800312) vcan0 604#01
(1781012835.810298) vcan0 600#00000000
(1781012835.810355) vcan0 601#00000000
(1781012835.810391) vcan0 602#7F000000
(1781012835.826243) vcan0 603#00
(1781012835.826278) vcan0 604#00
(1781012835.826297) vcan0 607#00000000
(1781012835.850524) vcan0 604#01
(1781012835.900774) vcan0 604#01
(1781012835.922223) vcan0 600#00000000
(1781012835.922257) vcan0 601#00000000
(1781012835.922274) vcan0 602#7F000000
(1781012835.951023) vcan0 604#01
(1781012835.986286) vcan0 606#00
(1781012836.001219) vcan0 604#01
(1781012836.035291) vcan0 600#00000000
(1781012836.035327) vcan0 601#00000000
(1781012836.035348) vcan0 602#7F000000
(1781012836.035366) vcan0 603#00
(1781012836.035383) vcan0 604#00
(1781012836.035399) vcan0 607#00000000
(1781012836.051435) vcan0 604#01
(1781012836.101652) vcan0 604#01
(1781012836.147297) vcan0 600#00000000
(1781012836.147331) vcan0 601#00000000
(1781012836.147348) vcan0 602#7F000000
(1781012836.151827) vcan0 604#01
(1781012836.202024) vcan0 604#01
(1781012836.243369) vcan0 603#00
(1781012836.243438) vcan0 604#00
(1781012836.243463) vcan0 607#00000000
(1781012836.252219) vcan0 604#01
(1781012836.259307) vcan0 600#00000000
(1781012836.259336) vcan0 601#00000000
(1781012836.259352) vcan0 602#7F000000
(1781012836.302428) vcan0 604#01
(1781012836.352626) vcan0 604#01
(1781012836.371338) vcan0 600#00000000
(1781012836.371371) vcan0 601#00000000
(1781012836.371389) vcan0 602#7F000000
(1781012836.402809) vcan0 604#01
(1781012836.451358) vcan0 603#00
(1781012836.451393) vcan0 604#00
(1781012836.451412) vcan0 607#00000000
(1781012836.452989) vcan0 604#01
(1781012836.483373) vcan0 600#00000000
(1781012836.483407) vcan0 601#00000000
(1781012836.483425) vcan0 602#7F000000
(1781012836.499381) vcan0 606#00
(1781012836.503180) vcan0 604#01
(1781012836.553426) vcan0 604#01
(1781012836.595413) vcan0 600#00000000
(1781012836.595453) vcan0 601#00000000
(1781012836.595477) vcan0 602#7F000000
(1781012836.603609) vcan0 604#01
(1781012836.653795) vcan0 604#01
(1781012836.659422) vcan0 603#00
(1781012836.659459) vcan0 604#00
(1781012836.659482) vcan0 607#00000000
(1781012836.703983) vcan0 604#01
(1781012836.707440) vcan0 600#00000000
(1781012836.707477) vcan0 601#00000000
(1781012836.707495) vcan0 602#7F000000
(1781012836.754188) vcan0 604#01
(1781012836.804389) vcan0 604#01
(1781012836.818441) vcan0 600#00000000
(1781012836.818478) vcan0 601#00000000
(1781012836.818503) vcan0 602#7F000000
(1781012836.854577) vcan0 604#01
(1781012836.866466) vcan0 603#00
(1781012836.866497) vcan0 604#00
(1781012836.866516) vcan0 607#00000000
(1781012836.904778) vcan0 604#01
(1781012836.930460) vcan0 600#00000000
(1781012836.930500) vcan0 601#00000000
(1781012836.930520) vcan0 602#7F000000
(1781012836.954973) vcan0 604#01
(1781012837.005169) vcan0 604#01
(1781012837.010492) vcan0 606#00
(1781012837.043522) vcan0 600#00000000
(1781012837.043559) vcan0 601#00000000
(1781012837.043581) vcan0 602#7F000000
(1781012837.055431) vcan0 604#01
(1781012837.075503) vcan0 603#00
(1781012837.075537) vcan0 604#00
(1781012837.075557) vcan0 607#00000000
(1781012837.105692) vcan0 604#01
(1781012837.155526) vcan0 600#00000000
(1781012837.155560) vcan0 601#00000000
(1781012837.155579) vcan0 602#7F000000
(1781012837.155904) vcan0 604#01
(1781012837.206122) vcan0 604#01
(1781012837.256422) vcan0 604#01
(1781012837.267527) vcan0 600#00000000
(1781012837.267561) vcan0 601#00000000
(1781012837.267579) vcan0 602#7F000000
(1781012837.283573) vcan0 603#00
(1781012837.283604) vcan0 604#00
(1781012837.283626) vcan0 607#00000000
(1781012837.306622) vcan0 604#01
(1781012837.356821) vcan0 604#01
(1781012837.380575) vcan0 600#00000000
(1781012837.380609) vcan0 601#00000000
(1781012837.380626) vcan0 602#7F000000
(1781012837.407048) vcan0 604#01
(1781012837.457329) vcan0 604#01
(1781012837.492603) vcan0 600#00000000
(1781012837.492646) vcan0 601#00000000
(1781012837.492665) vcan0 602#7F000000
(1781012837.492692) vcan0 603#00
(1781012837.492706) vcan0 604#00
(1781012837.492721) vcan0 607#00000000
(1781012837.507544) vcan0 604#01
(1781012837.524610) vcan0 606#00
(1781012837.557790) vcan0 604#01
(1781012837.604626) vcan0 600#00000000
(1781012837.604663) vcan0 601#00000000
(1781012837.604683) vcan0 602#7F000000
(1781012837.607975) vcan0 604#01
(1781012837.658237) vcan0 604#01
(1781012837.700637) vcan0 603#00
(1781012837.700672) vcan0 604#00
(1781012837.700691) vcan0 607#00000000
(1781012837.708433) vcan0 604#01
(1781012837.716724) vcan0 600#00000000
(1781012837.716764) vcan0 601#00000000
(1781012837.716784) vcan0 602#7F000000
(1781012837.758593) vcan0 604#01
(1781012837.808775) vcan0 604#01
(1781012837.828728) vcan0 600#00000000
(1781012837.828804) vcan0 601#00000000
(1781012837.828864) vcan0 602#7F000000
(1781012837.858980) vcan0 604#01
(1781012837.908691) vcan0 603#00
(1781012837.908725) vcan0 604#00
(1781012837.908743) vcan0 607#00000000
(1781012837.909173) vcan0 604#01
(1781012837.940686) vcan0 600#00000000
(1781012837.940722) vcan0 601#00000000
(1781012837.940741) vcan0 602#7F000000
(1781012837.959389) vcan0 604#01
(1781012838.009568) vcan0 604#01
(1781012838.037706) vcan0 606#00
(1781012838.053752) vcan0 600#00000000
(1781012838.053837) vcan0 601#00000000
(1781012838.053862) vcan0 602#7F000000
(1781012838.059731) vcan0 604#01
(1781012838.109908) vcan0 604#01
(1781012838.117761) vcan0 603#00
(1781012838.117796) vcan0 604#00
(1781012838.117814) vcan0 607#00000000
(1781012838.160123) vcan0 604#01
(1781012838.165728) vcan0 600#00000000
(1781012838.165759) vcan0 601#00000000
(1781012838.165777) vcan0 602#7F000000
(1781012838.210325) vcan0 604#01
(1781012838.260586) vcan0 604#01
(1781012838.277747) vcan0 600#00000000
(1781012838.277780) vcan0 601#00000000
(1781012838.277798) vcan0 602#7F000000
(1781012838.310844) vcan0 604#01
(1781012838.325766) vcan0 603#00
(1781012838.325800) vcan0 604#00
(1781012838.325818) vcan0 607#00000000
(1781012838.361038) vcan0 604#01
(1781012838.389784) vcan0 600#00000000
(1781012838.389820) vcan0 601#00000000
(1781012838.389840) vcan0 602#7F000000
(1781012838.411240) vcan0 604#01
(1781012838.461415) vcan0 604#01
(1781012838.501798) vcan0 600#00000000
(1781012838.501830) vcan0 601#00000000
(1781012838.501851) vcan0 602#7F000000
(1781012838.511605) vcan0 604#01
(1781012838.533797) vcan0 603#00
(1781012838.533828) vcan0 604#00
(1781012838.533846) vcan0 607#00000000
(1781012838.549817) vcan0 606#00
(1781012838.561808) vcan0 604#01
(1781012838.611999) vcan0 604#01
(1781012838.613823) vcan0 600#00000000
(1781012838.613851) vcan0 601#00000000
(1781012838.613871) vcan0 602#7F000000
(1781012838.662180) vcan0 604#01
(1781012838.712361) vcan0 604#01
(1781012838.725852) vcan0 600#00000000
(1781012838.725883) vcan0 601#00000000
(1781012838.725899) vcan0 602#7F000000
(1781012838.741861) vcan0 603#00
(1781012838.741892) vcan0 604#00
(1781012838.741908) vcan0 607#00000000
(1781012838.762558) vcan0 604#01
(1781012838.812727) vcan0 604#01
(1781012838.836886) vcan0 600#00000000
(1781012838.836920) vcan0 601#00000000
(1781012838.836938) vcan0 602#7F000000
(1781012838.862897) vcan0 604#01
(1781012838.913109) vcan0 604#01
(1781012838.948903) vcan0 600#00000000
(1781012838.948936) vcan0 601#00000000
(1781012838.948954) vcan0 602#7F000000
(1781012838.948970) vcan0 603#00
(1781012838.948987) vcan0 604#00
(1781012838.949007) vcan0 607#00000000
(1781012838.963376) vcan0 604#01
(1781012839.013591) vcan0 604#01
(1781012839.061941) vcan0 600#00000000
(1781012839.062003) vcan0 601#00000000
(1781012839.062045) vcan0 602#7F000000
(1781012839.062076) vcan0 606#00
(1781012839.063781) vcan0 604#01
(1781012839.113985) vcan0 604#01
(1781012839.158019) vcan0 603#00
(1781012839.158071) vcan0 604#00
(1781012839.158106) vcan0 607#00000000
(1781012839.164175) vcan0 604#01
(1781012839.173966) vcan0 600#00000000
(1781012839.174002) vcan0 601#00000000
(1781012839.174025) vcan0 602#7F000000
(1781012839.214343) vcan0 604#01
(1781012839.264529) vcan0 604#01
(1781012839.286000) vcan0 600#00000000
(1781012839.286034) vcan0 601#00000000
(1781012839.286053) vcan0 602#7F000000
(1781012839.314735) vcan0 604#01
(1781012839.365059) vcan0 604#01
(1781012839.366009) vcan0 603#00
(1781012839.366040) vcan0 604#00
(1781012839.366060) vcan0 607#00000000
(1781012839.398069) vcan0 600#00000000
(1781012839.398119) vcan0 601#00000000
(1781012839.398152) vcan0 602#7F000000
(1781012839.415314) vcan0 604#01
(1781012839.465547) vcan0 604#01
(1781012839.510033) vcan0 600#00000000
(1781012839.510070) vcan0 601#00000000
(1781012839.510091) vcan0 602#7F000000
(1781012839.515752) vcan0 604#01
(1781012839.565935) vcan0 604#01
(1781012839.574018) vcan0 603#00
(1781012839.574049) vcan0 604#00
(1781012839.574070) vcan0 606#00
(1781012839.574106) vcan0 607#00000000
(1781012839.616597) vcan0 604#01
(1781012839.622041) vcan0 600#00000000
(1781012839.622071) vcan0 601#00000000
(1781012839.622090) vcan0 602#7F000000
(1781012839.666793) vcan0 604#01
(1781012839.717002) vcan0 604#01
(1781012839.734062) vcan0 600#00000000
(1781012839.734095) vcan0 601#00000000
(1781012839.734113) vcan0 602#7F000000
(1781012839.767295) vcan0 604#01
(1781012839.782062) vcan0 603#00
(1781012839.782105) vcan0 604#00
(1781012839.782128) vcan0 607#00000000
(1781012839.817561) vcan0 604#01
(1781012839.845206) vcan0 600#00000000
(1781012839.845262) vcan0 601#00000000
(1781012839.845301) vcan0 602#7F000000
(1781012839.867784) vcan0 604#01
(1781012839.917992) vcan0 604#01
(1781012839.957120) vcan0 600#00000000
(1781012839.957152) vcan0 601#00000000
(1781012839.957171) vcan0 602#7F000000
(1781012839.968178) vcan0 604#01
(1781012839.989163) vcan0 603#00
(1781012839.989212) vcan0 604#00
(1781012839.989247) vcan0 607#00000000
(1781012840.018361) vcan0 604#01
(1781012840.068584) vcan0 604#01
(1781012840.070144) vcan0 600#00000000
(1781012840.070175) vcan0 601#00000000
(1781012840.070192) vcan0 602#7F000000
(1781012840.086162) vcan0 606#00
(1781012840.118910) vcan0 604#01
(1781012840.169147) vcan0 604#01
(1781012840.182226) vcan0 600#00000000
(1781012840.182311) vcan0 601#00000000
(1781012840.182343) vcan0 602#7F000000
(1781012840.198201) vcan0 603#00
(1781012840.198238) vcan0 604#00
(1781012840.198257) vcan0 607#00000000
(1781012840.219368) vcan0 604#01
(1781012840.269581) vcan0 604#01
(1781012840.294185) vcan0 600#00000000
(1781012840.294217) vcan0 601#00000000
(1781012840.294234) vcan0 602#7F000000
(1781012840.319783) vcan0 604#01
(1781012840.369990) vcan0 604#01
(1781012840.406264) vcan0 600#00000000
(1781012840.406316) vcan0 601#00000000
(1781012840.406353) vcan0 602#7F000000
(1781012840.406387) vcan0 603#00
(1781012840.406416) vcan0 604#00
(1781012840.406447) vcan0 607#00000000
(1781012840.420349) vcan0 604#01
(1781012840.470603) vcan0 604#01
(1781012840.518271) vcan0 600#00000000
(1781012840.518314) vcan0 601#00000000
(1781012840.518332) vcan0 602#7F000000
(1781012840.520783) vcan0 604#01
(1781012840.570956) vcan0 604#01
(1781012840.598268) vcan0 606#00
(1781012840.614295) vcan0 603#00
(1781012840.614332) vcan0 604#00
(1781012840.614350) vcan0 607#00000000
(1781012840.621161) vcan0 604#01
(1781012840.630251) vcan0 600#00000000
(1781012840.630284) vcan0 601#00000000
(1781012840.630301) vcan0 602#7F000000
(1781012840.671383) vcan0 604#01
(1781012840.721622) vcan0 604#01
(1781012840.742293) vcan0 600#00000000
(1781012840.742332) vcan0 601#00000000
(1781012840.742353) vcan0 602#7F000000
(1781012840.771845) vcan0 604#01
(1781012840.821305) vcan0 603#00
(1781012840.821344) vcan0 604#00
(1781012840.821365) vcan0 607#00000000
(1781012840.822143) vcan0 604#01
(1781012840.853302) vcan0 600#00000000
(1781012840.853339) vcan0 601#00000000
(1781012840.853357) vcan0 602#7F000000
(1781012840.872351) vcan0 604#01
(1781012840.922550) vcan0 604#01
(1781012840.965337) vcan0 600#00000000
(1781012840.965369) vcan0 601#00000000
(1781012840.965387) vcan0 602#7F000000
(1781012840.972758) vcan0 604#01
(1781012841.022957) vcan0 604#01
(1781012841.030388) vcan0 603#00
(1781012841.030438) vcan0 604#00
(1781012841.030475) vcan0 607#00000000
(1781012841.073170) vcan0 604#01
(1781012841.078358) vcan0 600#00000000
(1781012841.078389) vcan0 601#00000000
(1781012841.078405) vcan0 602#7F000000
(1781012841.110411) vcan0 606#00
(1781012841.123365) vcan0 604#01
(1781012841.173609) vcan0 604#01
(1781012841.190380) vcan0 600#00000000
(1781012841.190411) vcan0 601#00000000
(1781012841.190428) vcan0 602#7F000000
(1781012841.223805) vcan0 604#01
(1781012841.238403) vcan0 603#00
(1781012841.238446) vcan0 604#00
(1781012841.238509) vcan0 607#00000000
(1781012841.273985) vcan0 604#01
(1781012841.302447) vcan0 600#00000000
(1781012841.302488) vcan0 601#00000000
(1781012841.302513) vcan0 602#7F000000
(1781012841.324198) vcan0 604#01
(1781012841.374466) vcan0 604#01
(1781012841.414513) vcan0 600#00000000
(1781012841.414558) vcan0 601#00000000
(1781012841.414578) vcan0 602#7F000000
(1781012841.424706) vcan0 604#01
(1781012841.446425) vcan0 603#00
(1781012841.446460) vcan0 604#00
(1781012841.446480) vcan0 607#00000000
(1781012841.474906) vcan0 604#01
(1781012841.525128) vcan0 604#01
(1781012841.526428) vcan0 600#00000000
(1781012841.526457) vcan0 601#00000000
(1781012841.526476) vcan0 602#7F000000
(1781012841.575367) vcan0 604#01
(1781012841.622483) vcan0 606#00
(1781012841.625577) vcan0 604#01
(1781012841.638481) vcan0 600#00000000
(1781012841.638518) vcan0 601#00000000
(1781012841.638543) vcan0 602#7F000000
(1781012841.654481) vcan0 603#00
(1781012841.654520) vcan0 604#00
(1781012841.654568) vcan0 607#00000000
(1781012841.675860) vcan0 604#01
(1781012841.726054) vcan0 604#01
(1781012841.750512) vcan0 600#00000000
(1781012841.750547) vcan0 601#00000000
(1781012841.750565) vcan0 602#7F000000
(1781012841.776350) vcan0 604#01
(1781012841.826566) vcan0 604#01
(1781012841.861531) vcan0 600#00000000
(1781012841.861565) vcan0 601#00000000
(1781012841.861584) vcan0 602#7F000000
(1781012841.861600) vcan0 603#00
(1781012841.861613) vcan0 604#00
(1781012841.861629) vcan0 607#00000000
(1781012841.876772) vcan0 604#01
(1781012841.926963) vcan0 604#01
(1781012841.973594) vcan0 600#00000000
(1781012841.973643) vcan0 601#00000000
(1781012841.973679) vcan0 602#7F000000
(1781012841.977137) vcan0 604#01
(1781012842.027341) vcan0 604#01
(1781012842.070564) vcan0 603#00
(1781012842.070596) vcan0 604#00
(1781012842.070615) vcan0 607#00000000
(1781012842.077518) vcan0 604#01
(1781012842.086585) vcan0 600#00000000
(1781012842.086614) vcan0 601#00000000
(1781012842.086631) vcan0 602#7F000000
(1781012842.127694) vcan0 604#01
(1781012842.134578) vcan0 606#00
(1781012842.177887) vcan0 604#01
(1781012842.198591) vcan0 600#00000000
(1781012842.198623) vcan0 601#00000000
(1781012842.198642) vcan0 602#7F000000
(1781012842.228093) vcan0 604#01
(1781012842.278323) vcan0 604#01
(1781012842.278599) vcan0 603#00
(1781012842.278630) vcan0 604#00
(1781012842.278652) vcan0 607#00000000
(1781012842.310677) vcan0 600#00000000
(1781012842.310726) vcan0 601#00000000
(1781012842.310768) vcan0 602#7F000000
(1781012842.328503) vcan0 604#01
(1781012842.378905) vcan0 604#01
(1781012842.422674) vcan0 600#00000000
(1781012842.422718) vcan0 601#00000000
(1781012842.422736) vcan0 602#7F000000
(1781012842.429111) vcan0 604#01
(1781012842.479311) vcan0 604#01
(1781012842.486673) vcan0 603#00
(1781012842.486706) vcan0 604#00
(1781012842.486723) vcan0 607#00000000
(1781012842.529506) vcan0 604#01
(1781012842.534638) vcan0 600#00000000
(1781012842.534667) vcan0 601#00000000
(1781012842.534684) vcan0 602#7F000000
(1781012842.579686) vcan0 604#01
(1781012842.629897) vcan0 604#01
(1781012842.646695) vcan0 600#00000000
(1781012842.646728) vcan0 601#00000000
(1781012842.646747) vcan0 602#7F000000
(1781012842.646766) vcan0 606#00
(1781012842.680169) vcan0 604#01
(1781012842.694689) vcan0 603#00
(1781012842.694726) vcan0 604#00
(1781012842.694746) vcan0 607#00000000
(1781012842.730484) vcan0 604#01
(1781012842.758730) vcan0 600#00000000
(1781012842.758767) vcan0 601#00000000
(1781012842.758790) vcan0 602#7F000000
(1781012842.780736) vcan0 604#01
(1781012842.830980) vcan0 604#01
(1781012842.869719) vcan0 600#00000000
(1781012842.869753) vcan0 601#00000000
(1781012842.869770) vcan0 602#7F000000
(1781012842.881220) vcan0 604#01
(1781012842.901754) vcan0 603#00
(1781012842.901789) vcan0 604#00
(1781012842.901811) vcan0 607#00000000
(1781012842.931427) vcan0 604#01
(1781012842.981721) vcan0 604#01
(1781012842.981760) vcan0 600#00000000
(1781012842.981789) vcan0 601#00000000
(1781012842.981806) vcan0 602#7F000000
(1781012843.094807) vcan0 600#00000000
(1781012843.094864) vcan0 601#00000000
(1781012843.094885) vcan0 602#7F000000
(1781012843.110801) vcan0 603#00
(1781012843.110834) vcan0 604#00
(1781012843.110852) vcan0 607#00000000
(1781012843.158895) vcan0 606#00
(1781012843.206861) vcan0 600#00000000
(1781012843.206898) vcan0 601#00000000
(1781012843.206919) vcan0 602#7F000000
(1781012843.318829) vcan0 600#00000000
(1781012843.318869) vcan0 601#00000000
(1781012843.318887) vcan0 602#7F000000
(1781012843.318903) vcan0 603#00
(1781012843.318917) vcan0 604#00
(1781012843.318931) vcan0 607#00000000
(1781012843.430899) vcan0 600#00000000
(1781012843.430946) vcan0 601#00000000
(1781012843.430970) vcan0 602#7F000000
(1781012843.526922) vcan0 603#00
(1781012843.526960) vcan0 604#00
(1781012843.526982) vcan0 607#00000000
(1781012843.542898) vcan0 600#00000000
(1781012843.542940) vcan0 601#00000000
(1781012843.542962) vcan0 602#7F000000
(1781012843.654994) vcan0 600#00000000
(1781012843.655042) vcan0 601#00000000
(1781012843.655078) vcan0 602#7F000000
(1781012843.671055) vcan0 606#00
(1781012843.735009) vcan0 603#00
(1781012843.735064) vcan0 604#00
(1781012843.735098) vcan0 607#00000000
(1781012843.766938) vcan0 600#00000000
(1781012843.766976) vcan0 601#00000000
(1781012843.766997) vcan0 602#7F000000
(1781012843.877972) vcan0 600#00000000
(1781012843.878019) vcan0 601#00000000
(1781012843.878038) vcan0 602#7F000000
(1781012843.941962) vcan0 603#00
(1781012843.942003) vcan0 604#00
(1781012843.942021) vcan0 607#00000000
(1781012843.989973) vcan0 600#00000000
(1781012843.990009) vcan0 601#00000000
(1781012843.990026) vcan0 602#7F000000
(1781012844.103004) vcan0 600#00000000
(1781012844.103064) vcan0 601#00000000
(1781012844.103100) vcan0 602#7F000000
(1781012844.150985) vcan0 603#00
(1781012844.151024) vcan0 604#00
(1781012844.151046) vcan0 607#00000000
(1781012844.183065) vcan0 606#00
(1781012844.215047) vcan0 600#00000000
(1781012844.215082) vcan0 601#00000000
(1781012844.215101) vcan0 602#7F000000
(1781012844.327107) vcan0 600#00000000
(1781012844.327160) vcan0 601#00000000
(1781012844.327196) vcan0 602#7F000000
(1781012844.359095) vcan0 603#00
(1781012844.359144) vcan0 604#00
(1781012844.359181) vcan0 607#00000000
(1781012844.439161) vcan0 600#00000000
(1781012844.439217) vcan0 601#00000000
(1781012844.439264) vcan0 602#7F000000
(1781012844.551114) vcan0 600#00000000
(1781012844.551155) vcan0 601#00000000
(1781012844.551183) vcan0 602#7F000000
(1781012844.567136) vcan0 603#00
(1781012844.567171) vcan0 604#00
(1781012844.567193) vcan0 607#00000000
(1781012844.663117) vcan0 600#00000000
(1781012844.663153) vcan0 601#00000000
(1781012844.663176) vcan0 602#7F000000
(1781012844.695157) vcan0 606#00
(1781012844.775137) vcan0 600#00000000
(1781012844.775176) vcan0 601#00000000
(1781012844.775197) vcan0 602#7F000000
(1781012844.775215) vcan0 603#00
(1781012844.775232) vcan0 604#00
(1781012844.775248) vcan0 607#00000000
(1781012844.886150) vcan0 600#00000000
(1781012844.886191) vcan0 601#00000000
(1781012844.886214) vcan0 602#7F000000
(1781012844.982162) vcan0 603#00
(1781012844.982204) vcan0 604#00
(1781012844.982228) vcan0 607#00000000
(1781012844.998158) vcan0 600#00000000
(1781012844.998194) vcan0 601#00000000
(1781012844.998216) vcan0 602#7F000000
(1781012845.111215) vcan0 600#00000000
(1781012845.111256) vcan0 601#00000000
(1781012845.111277) vcan0 602#7F000000
(1781012845.191263) vcan0 603#00
(1781012845.191300) vcan0 604#00
(1781012845.191318) vcan0 607#00000000
(1781012845.207250) vcan0 606#00
(1781012845.223258) vcan0 600#00000000
(1781012845.223293) vcan0 601#00000000
(1781012845.223311) vcan0 602#7F000000
(1781012845.335263) vcan0 600#00000000
(1781012845.335295) vcan0 601#00000000
(1781012845.335312) vcan0 602#7F000000
(1781012845.399271) vcan0 603#00
(1781012845.399304) vcan0 604#00
(1781012845.399323) vcan0 607#00000000
(1781012845.447291) vcan0 600#00000000
(1781012845.447324) vcan0 601#00000000
(1781012845.447341) vcan0 602#7F000000
(1781012845.559288) vcan0 600#00000000
(1781012845.559329) vcan0 601#00000000
(1781012845.559351) vcan0 602#7F000000
(1781012845.607319) vcan0 603#00
(1781012845.607365) vcan0 604#00
(1781012845.607392) vcan0 607#00000000
(1781012845.671322) vcan0 600#00000000
(1781012845.671360) vcan0 601#00000000
(1781012845.671380) vcan0 602#7F000000
(1781012845.719345) vcan0 606#00
(1781012845.783351) vcan0 600#00000000
(1781012845.783383) vcan0 601#00000000
(1781012845.783401) vcan0 602#7F000000
(1781012845.814390) vcan0 603#00
(1781012845.814426) vcan0 604#00
(1781012845.814446) vcan0 607#00000000
(1781012845.894352) vcan0 600#00000000
(1781012845.894385) vcan0 601#00000000
(1781012845.894403) vcan0 602#7F000000
(1781012846.006439) vcan0 600#00000000
(1781012846.006476) vcan0 601#00000000
(1781012846.006494) vcan0 602#7F000000
(1781012846.023406) vcan0 603#00
(1781012846.023447) vcan0 604#00
(1781012846.023468) vcan0 607#00000000
(1781012846.119469) vcan0 600#00000000
(1781012846.119557) vcan0 601#00000000
(1781012846.119609) vcan0 602#7F000000
(1781012846.231439) vcan0 600#00000000
(1781012846.231471) vcan0 601#00000000
(1781012846.231489) vcan0 602#7F000000
(1781012846.231504) vcan0 603#00
(1781012846.231520) vcan0 604#00
(1781012846.231534) vcan0 606#00
(1781012846.231548) vcan0 607#00000000
(1781012846.343468) vcan0 600#00000000
(1781012846.343502) vcan0 601#00000000
(1781012846.343520) vcan0 602#7F000000
(1781012846.439621) vcan0 603#00
(1781012846.439676) vcan0 604#00
(1781012846.439710) vcan0 607#00000000
(1781012846.457848) vcan0 600#00000000
(1781012846.457912) vcan0 601#00000000
(1781012846.457931) vcan0 602#7F000000
(1781012846.567512) vcan0 600#00000000
(1781012846.567548) vcan0 601#00000000
(1781012846.567573) vcan0 602#7F000000
(1781012846.647528) vcan0 603#00
(1781012846.647560) vcan0 604#00
(1781012846.647579) vcan0 607#00000000
(1781012846.679532) vcan0 600#99000000
(1781012846.679583) vcan0 601#00000000
(1781012846.679662) vcan0 602#7F000000
(1781012846.743551) vcan0 606#00
(1781012846.790611) vcan0 600#FF000000
(1781012846.790646) vcan0 601#00000000
(1781012846.790665) vcan0 602#7F000000
(1781012846.854568) vcan0 603#00
(1781012846.854604) vcan0 604#00
(1781012846.854625) vcan0 607#00000000
(1781012846.902579) vcan0 600#FF000000
(1781012846.902613) vcan0 601#00000000
(1781012846.902633) vcan0 602#7F000000
(1781012847.014606) vcan0 600#FF000000
(1781012847.014638) vcan0 601#00000000
(1781012847.014656) vcan0 602#7F000000
(1781012847.063631) vcan0 603#00
(1781012847.063662) vcan0 604#00
(1781012847.063681) vcan0 607#00000000
(1781012847.127680) vcan0 600#FF000000
(1781012847.127722) vcan0 601#00000000
(1781012847.127745) vcan0 602#7F000000
(1781012847.239688) vcan0 600#FF000000
(1781012847.239724) vcan0 601#00000000
(1781012847.239744) vcan0 602#7F000000
(1781012847.255688) vcan0 606#00
(1781012847.271693) vcan0 603#00
(1781012847.271725) vcan0 604#00
(1781012847.271745) vcan0 607#00000000
(1781012847.351712) vcan0 600#FF000000
(1781012847.351765) vcan0 601#00000000
(1781012847.351837) vcan0 602#7F000000
(1781012847.463714) vcan0 600#FF000000
(1781012847.463750) vcan0 601#00000000
(1781012847.463770) vcan0 602#8C000000
(1781012847.479688) vcan0 603#00
(1781012847.479719) vcan0 604#00
(1781012847.479738) vcan0 607#00000000
(1781012847.575754) vcan0 600#FF000000
(1781012847.575798) vcan0 601#00000000
(1781012847.575817) vcan0 602#99000000
(1781012847.687741) vcan0 600#FF000000
(1781012847.687776) vcan0 601#00000000
(1781012847.687796) vcan0 602#99000000
(1781012847.687813) vcan0 603#00
(1781012847.687829) vcan0 604#00
(1781012847.687846) vcan0 607#00000000
(1781012847.767803) vcan0 606#00
(1781012847.798893) vcan0 600#FF000000
(1781012847.798948) vcan0 601#00000000
(1781012847.798984) vcan0 602#A5000000
(1781012847.894821) vcan0 603#00
(1781012847.894859) vcan0 604#00
(1781012847.894880) vcan0 607#00000000
(1781012847.910799) vcan0 600#FF000000
(1781012847.910835) vcan0 601#00000000
(1781012847.910852) vcan0 602#A5000000
(1781012848.023876) vcan0 600#FF000000
(1781012848.023915) vcan0 601#00000000
(1781012848.023936) vcan0 602#7F000000
(1781012848.103867) vcan0 603#00
(1781012848.103933) vcan0 604#00
(1781012848.103959) vcan0 607#00000000
(1781012848.135860) vcan0 600#FF000000
(1781012848.135893) vcan0 601#00000000
(1781012848.135913) vcan0 602#72000000
(1781012848.247901) vcan0 600#FF000000
(1781012848.247936) vcan0 601#00000000
(1781012848.247956) vcan0 602#72000000
(1781012848.279889) vcan0 606#00
(1781012848.311892) vcan0 603#00
(1781012848.311932) vcan0 604#00
(1781012848.311952) vcan0 607#00000000
(1781012848.359871) vcan0 600#FF000000
(1781012848.359905) vcan0 601#00000000
(1781012848.359923) vcan0 602#65000000
(1781012848.471933) vcan0 600#FF000000
(1781012848.471975) vcan0 601#00000000
(1781012848.471996) vcan0 602#65000000
(1781012848.519928) vcan0 603#00
(1781012848.519966) vcan0 604#00
(1781012848.519993) vcan0 607#00000000
(1781012848.583968) vcan0 600#FF000000
(1781012848.584007) vcan0 601#00000000
(1781012848.584030) vcan0 602#59000000
(1781012848.695974) vcan0 600#FF000000
(1781012848.696009) vcan0 601#00000000
(1781012848.696028) vcan0 602#59000000
(1781012848.727992) vcan0 603#00
(1781012848.728024) vcan0 604#00
(1781012848.728044) vcan0 607#00000000
(1781012848.790946) vcan0 606#00
(1781012848.806968) vcan0 600#FF000000
(1781012848.807001) vcan0 601#00000000
(1781012848.807019) vcan0 602#7F000000
(1781012848.919021) vcan0 600#FF000000
(1781012848.919056) vcan0 601#00000000
(1781012848.919081) vcan0 602#8C000000
(1781012848.935004) vcan0 603#00
(1781012848.935036) vcan0 604#00
(1781012848.935060) vcan0 607#00000000
(1781012849.032031) vcan0 600#FF000000
(1781012849.032068) vcan0 601#00000000
(1781012849.032093) vcan0 602#99000000
(1781012849.144132) vcan0 600#FF000000
(1781012849.144228) vcan0 601#00000000
(1781012849.144261) vcan0 602#99000000
(1781012849.144286) vcan0 603#00
(1781012849.144309) vcan0 604#00
(1781012849.144332) vcan0 607#00000000
(1781012849.256099) vcan0 600#FF000000
(1781012849.256135) vcan0 601#00000000
(1781012849.256154) vcan0 602#A5000000
(1781012849.304088) vcan0 606#00
(1781012849.352085) vcan0 603#00
(1781012849.352136) vcan0 604#00
(1781012849.352157) vcan0 607#00000000
(1781012849.368056) vcan0 600#00000000
(1781012849.368088) vcan0 601#00000000
(1781012849.368109) vcan0 602#7F000000
(1781012849.480188) vcan0 600#00000000
(1781012849.480230) vcan0 601#00000000
(1781012849.480250) vcan0 602#7F000000
(1781012849.560112) vcan0 603#00
(1781012849.560147) vcan0 604#00
(1781012849.560165) vcan0 607#00000000
(1781012849.592113) vcan0 600#00000000
(1781012849.592144) vcan0 601#00000000
(1781012849.592161) vcan0 602#7F000000
(1781012849.704141) vcan0 600#00000000
(1781012849.704223) vcan0 601#00000000
(1781012849.704253) vcan0 602#7F000000
(1781012849.768153) vcan0 603#00
(1781012849.768185) vcan0 604#00
(1781012849.768203) vcan0 607#00000000
(1781012849.815232) vcan0 600#00000000
(1781012849.815268) vcan0 601#00000000
(1781012849.815286) vcan0 602#7F000000
(1781012849.815304) vcan0 606#00
(1781012849.927194) vcan0 600#00000000
(1781012849.927226) vcan0 601#00000000
(1781012849.927245) vcan0 602#7F000000
(1781012849.975183) vcan0 603#00
(1781012849.975217) vcan0 604#00
(1781012849.975237) vcan0 607#00000000
(1781012850.040283) vcan0 600#19000000
(1781012850.040331) vcan0 601#00000000
(1781012850.040370) vcan0 602#7F000000
(1781012850.152244) vcan0 600#CC000000
(1781012850.152278) vcan0 601#00000000
(1781012850.152298) vcan0 602#7F000000
(1781012850.184358) vcan0 603#00
(1781012850.184414) vcan0 604#00
(1781012850.184451) vcan0 607#00000000
(1781012850.264282) vcan0 600#FF000000
(1781012850.264319) vcan0 601#00000000
(1781012850.264338) vcan0 602#7F000000
(1781012850.328277) vcan0 606#00
(1781012850.376268) vcan0 600#FF000000
(1781012850.376301) vcan0 601#00000000
(1781012850.376317) vcan0 602#7F000000
(1781012850.392298) vcan0 603#00
(1781012850.392364) vcan0 604#00
(1781012850.392400) vcan0 607#00000000
(1781012850.488311) vcan0 600#FF000000
(1781012850.488342) vcan0 601#00000000
(1781012850.488359) vcan0 602#72000000
(1781012850.600401) vcan0 600#FF000000
(1781012850.600460) vcan0 601#00000000
(1781012850.600498) vcan0 602#65000000
(1781012850.600562) vcan0 603#00
(1781012850.600595) vcan0 604#00
(1781012850.600648) vcan0 607#00000000
(1781012850.712430) vcan0 600#FF000000
(1781012850.712469) vcan0 601#00000000
(1781012850.712491) vcan0 602#65000000
(1781012850.807366) vcan0 603#00
(1781012850.807399) vcan0 604#00
(1781012850.807417) vcan0 607#00000000
(1781012850.823391) vcan0 600#FF000000
(1781012850.823420) vcan0 601#00000000
(1781012850.823437) vcan0 602#7F000000
(1781012850.839476) vcan0 606#00
(1781012850.935417) vcan0 600#FF000000
(1781012850.935454) vcan0 601#00000000
(1781012850.935474) vcan0 602#7F000000
(1781012851.015433) vcan0 603#00
(1781012851.015468) vcan0 604#00
(1781012851.015495) vcan0 607#00000000
(1781012851.048498) vcan0 600#FF000000
(1781012851.048532) vcan0 601#00000000
(1781012851.048548) vcan0 602#7F000000
(1781012851.160451) vcan0 600#FF000000
(1781012851.160486) vcan0 601#00000000
(1781012851.160505) vcan0 602#8C000000
(1781012851.224461) vcan0 603#00
(1781012851.224656) vcan0 604#00
(1781012851.224677) vcan0 607#00000000
(1781012851.272459) vcan0 600#FF000000
(1781012851.272493) vcan0 601#00000000
(1781012851.272511) vcan0 602#8C000000
(1781012851.352496) vcan0 606#00
(1781012851.384495) vcan0 600#FF000000
(1781012851.384531) vcan0 601#00000000
(1781012851.384553) vcan0 602#99000000
(1781012851.432557) vcan0 603#00
(1781012851.432645) vcan0 604#00
(1781012851.432664) vcan0 607#00000000
(1781012851.496541) vcan0 600#FF000000
(1781012851.496577) vcan0 601#00000000
(1781012851.496597) vcan0 602#7F000000
(1781012851.608670) vcan0 600#FF000000
(1781012851.608704) vcan0 601#00000000
(1781012851.608721) vcan0 602#7F000000
(1781012851.640519) vcan0 603#00
(1781012851.640556) vcan0 604#00
(1781012851.640598) vcan0 607#00000000
(1781012851.720622) vcan0 600#FF000000
(1781012851.720669) vcan0 601#00000000
(1781012851.720688) vcan0 602#7F000000
(1781012851.831604) vcan0 600#FF000000
(1781012851.831645) vcan0 601#00000000
(1781012851.831673) vcan0 602#7F000000
(1781012851.847590) vcan0 603#00
(1781012851.847621) vcan0 604#00
(1781012851.847639) vcan0 607#00000000
(1781012851.863601) vcan0 606#00
(1781012851.943639) vcan0 600#FF000000
(1781012851.943689) vcan0 601#00000000
(1781012851.943706) vcan0 602#7F000000
(1781012852.056637) vcan0 600#FF000000
(1781012852.056673) vcan0 601#00000000
(1781012852.056691) vcan0 602#7F000000
(1781012852.056709) vcan0 603#00
(1781012852.056722) vcan0 604#00
(1781012852.056736) vcan0 607#00000000
(1781012852.168673) vcan0 600#FF000000
(1781012852.168709) vcan0 601#00000000
(1781012852.168727) vcan0 602#7F000000
(1781012852.264666) vcan0 603#00
(1781012852.264705) vcan0 604#00
(1781012852.264726) vcan0 607#00000000
(1781012852.280670) vcan0 600#FF000000
(1781012852.280704) vcan0 601#00000000
(1781012852.280721) vcan0 602#7F000000
(1781012852.376697) vcan0 606#00
(1781012852.392713) vcan0 600#FF000000
(1781012852.392762) vcan0 601#00000000
(1781012852.392783) vcan0 602#7F000000
(1781012852.472712) vcan0 603#00
(1781012852.472744) vcan0 604#00
(1781012852.472762) vcan0 607#00000000
(1781012852.504726) vcan0 600#FF000000
(1781012852.504761) vcan0 601#00000000
(1781012852.504778) vcan0 602#7F000000
(1781012852.616793) vcan0 600#00000000
(1781012852.616829) vcan0 601#00000000
(1781012852.616848) vcan0 602#7F000000
(1781012852.680866) vcan0 603#00
(1781012852.680915) vcan0 604#00
(1781012852.680941) vcan0 607#00000000
(1781012852.728768) vcan0 600#00000000
(1781012852.728801) vcan0 601#00000000
(1781012852.728818) vcan0 602#7F000000
(1781012852.839787) vcan0 600#00000000
(1781012852.839821) vcan0 601#00000000
(1781012852.839839) vcan0 602#7F000000
(1781012852.887803) vcan0 603#00
(1781012852.887842) vcan0 604#00
(1781012852.887861) vcan0 606#00
(1781012852.887877) vcan0 607#00000000
(1781012852.951814) vcan0 600#00000000
(1781012852.951853) vcan0 601#00000000
(1781012852.951872) vcan0 602#7F000000
(1781012853.064820) vcan0 600#00000000
(1781012853.064855) vcan0 601#00000000
(1781012853.064873) vcan0 602#7F000000
(1781012853.096826) vcan0 603#00
(1781012853.096861) vcan0 604#00
(1781012853.096879) vcan0 607#00000000
(1781012853.176854) vcan0 600#00000000
(1781012853.176893) vcan0 601#00000000
(1781012853.176917) vcan0 602#7F000000
(1781012853.288889) vcan0 600#00000000
(1781012853.288945) vcan0 601#00000000
(1781012853.288967) vcan0 602#7F000000
(1781012853.304927) vcan0 603#00
(1781012853.304961) vcan0 604#00
(1781012853.304981) vcan0 607#00000000
(1781012853.400925) vcan0 600#00000000
(1781012853.400960) vcan0 601#00000000
(1781012853.400978) vcan0 602#7F000000
(1781012853.400997) vcan0 606#00
(1781012853.513002) vcan0 600#00000000
(1781012853.513077) vcan0 601#00000000
(1781012853.513097) vcan0 602#7F000000
(1781012853.513115) vcan0 603#00
(1781012853.513129) vcan0 604#00
(1781012853.513144) vcan0 607#00000000
(1781012853.624957) vcan0 600#00000000
(1781012853.624991) vcan0 601#00000000
(1781012853.625011) vcan0 602#7F000000
(1781012853.720974) vcan0 603#00
(1781012853.721007) vcan0 604#00
(1781012853.721027) vcan0 607#00000000
(1781012853.736945) vcan0 600#00000000
(1781012853.736973) vcan0 601#00000000
(1781012853.736990) vcan0 602#7F000000
(1781012853.847993) vcan0 600#00000000
(1781012853.848028) vcan0 601#00000000
(1781012853.848044) vcan0 602#7F000000
(1781012853.912011) vcan0 606#00
(1781012853.928001) vcan0 603#00
(1781012853.928037) vcan0 604#00
(1781012853.928058) vcan0 607#00000000
(1781012853.960073) vcan0 600#00000000
(1781012853.960118) vcan0 601#00000000
(1781012853.960142) vcan0 602#7F000000
(1781012854.073063) vcan0 600#00000000
(1781012854.073115) vcan0 601#00000000
(1781012854.073138) vcan0 602#7F000000
(1781012854.137080) vcan0 603#00
(1781012854.137186) vcan0 604#00
(1781012854.137213) vcan0 607#00000000
(1781012854.185070) vcan0 600#00000000
(1781012854.185102) vcan0 601#00000000
(1781012854.185119) vcan0 602#7F000000
(1781012854.297111) vcan0 600#00000000
(1781012854.297147) vcan0 601#00000000
(1781012854.297167) vcan0 602#7F000000
(1781012854.345107) vcan0 603#00
(1781012854.345141) vcan0 604#00
(1781012854.345167) vcan0 607#00000000
(1781012854.409113) vcan0 600#00000000
(1781012854.409151) vcan0 601#00000000
(1781012854.409169) vcan0 602#7F000000
(1781012854.425105) vcan0 606#00
(1781012854.521165) vcan0 600#00000000
(1781012854.521215) vcan0 601#00000000
(1781012854.521249) vcan0 602#7F000000
(1781012854.553170) vcan0 603#00
(1781012854.553209) vcan0 604#00
(1781012854.553227) vcan0 607#00000000
(1781012854.633217) vcan0 600#00000000
(1781012854.633268) vcan0 601#00000000
(1781012854.633286) vcan0 602#7F000000
(1781012854.745186) vcan0 600#00000000
(1781012854.745218) vcan0 601#00000000
(1781012854.745237) vcan0 602#7F000000
(1781012854.761207) vcan0 603#00
(1781012854.761249) vcan0 604#00
(1781012854.761274) vcan0 607#00000000
(1781012854.856188) vcan0 600#00000000
(1781012854.856223) vcan0 601#00000000
(1781012854.856241) vcan0 602#7F000000
(1781012854.936278) vcan0 606#00
(1781012854.968273) vcan0 600#00000000
(1781012854.968334) vcan0 601#00000000
(1781012854.968367) vcan0 602#7F000000
(1781012854.968396) vcan0 603#00
(1781012854.968426) vcan0 604#00
(1781012854.968456) vcan0 607#00000000
(1781012855.081270) vcan0 600#00000000
(1781012855.081306) vcan0 601#00000000
(1781012855.081326) vcan0 602#7F000000
(1781012855.177266) vcan0 603#00
(1781012855.177300) vcan0 604#00
(1781012855.177319) vcan0 607#00000000
(1781012855.193267) vcan0 600#00000000
(1781012855.193302) vcan0 601#00000000
(1781012855.193326) vcan0 602#7F000000
(1781012855.305289) vcan0 600#00000000
(1781012855.305329) vcan0 601#00000000
(1781012855.305352) vcan0 602#7F000000
(1781012855.385306) vcan0 603#00
(1781012855.385346) vcan0 604#00
(1781012855.385367) vcan0 607#00000000
(1781012855.417339) vcan0 600#00000000
(1781012855.417376) vcan0 601#00000000
(1781012855.417395) vcan0 602#7F000000
(1781012855.449323) vcan0 606#00
(1781012855.529403) vcan0 600#00000000
(1781012855.529448) vcan0 601#00000000
(1781012855.529471) vcan0 602#7F000000
(1781012855.593371) vcan0 603#00
(1781012855.593407) vcan0 604#00
(1781012855.593425) vcan0 607#00000000
(1781012855.641361) vcan0 600#00000000
(1781012855.641397) vcan0 601#00000000
(1781012855.641413) vcan0 602#7F000000
(1781012855.753381) vcan0 600#00000000
(1781012855.753429) vcan0 601#00000000
(1781012855.753450) vcan0 602#7F000000
(1781012855.800367) vcan0 603#00
(1781012855.800399) vcan0 604#00
(1781012855.800418) vcan0 607#00000000
(1781012855.864403) vcan0 600#4C000000
(1781012855.864451) vcan0 601#00000000
(1781012855.864471) vcan0 602#7F000000
(1781012855.960409) vcan0 606#00
(1781012855.976420) vcan0 600#FF000000
(1781012855.976454) vcan0 601#00000000
(1781012855.976471) vcan0 602#7F000000
(1781012856.008406) vcan0 603#00
(1781012856.008438) vcan0 604#00
(1781012856.008458) vcan0 607#00000000
(1781012856.089440) vcan0 600#FF000000
(1781012856.089473) vcan0 601#00000000
(1781012856.089490) vcan0 602#7F000000
(1781012856.201464) vcan0 600#FF000000
(1781012856.201503) vcan0 601#00000000
(1781012856.201523) vcan0 602#72000000
(1781012856.217446) vcan0 603#00
(1781012856.217475) vcan0 604#00
(1781012856.217494) vcan0 607#00000000
(1781012856.313479) vcan0 600#FF000000
(1781012856.313510) vcan0 601#00000000
(1781012856.313527) vcan0 602#72000000
(1781012856.425516) vcan0 600#FF000000
(1781012856.425553) vcan0 601#00000000
(1781012856.425572) vcan0 602#65000000
(1781012856.425589) vcan0 603#00
(1781012856.425603) vcan0 604#00
(1781012856.425620) vcan0 607#00000000
(1781012856.473570) vcan0 606#00
(1781012856.537558) vcan0 600#FF000000
(1781012856.537598) vcan0 601#00000000
(1781012856.537616) vcan0 602#7F000000
(1781012856.633547) vcan0 603#00
(1781012856.633584) vcan0 604#00
(1781012856.633602) vcan0 607#00000000
(1781012856.649568) vcan0 600#FF000000
(1781012856.649623) vcan0 601#00000000
(1781012856.649645) vcan0 602#7F000000
(1781012856.761599) vcan0 600#FF000000
(1781012856.761639) vcan0 601#00000000
(1781012856.761657) vcan0 602#8C000000
(1781012856.840615) vcan0 603#00
(1781012856.840648) vcan0 604#00
(1781012856.840669) vcan0 607#00000000
(1781012856.872683) vcan0 600#00000000
(1781012856.872719) vcan0 601#00000000
(1781012856.872739) vcan0 602#8C000000
(1781012856.984611) vcan0 600#00000000
(1781012856.984639) vcan0 601#00000000
(1781012856.984655) vcan0 602#7F000000
(1781012856.984672) vcan0 606#00
(1781012857.049661) vcan0 603#00
(1781012857.049699) vcan0 604#00
(1781012857.049719) vcan0 607#00000000
(1781012857.097764) vcan0 600#00000000
(1781012857.097855) vcan0 601#00000000
(1781012857.097894) vcan0 602#7F000000
(1781012857.209667) vcan0 600#00000000
(1781012857.209746) vcan0 601#00000000
(1781012857.209779) vcan0 602#7F000000
(1781012857.257671) vcan0 603#00
(1781012857.257709) vcan0 604#00
(1781012857.257730) vcan0 607#00000000
(1781012857.321673) vcan0 600#00000000
(1781012857.321705) vcan0 601#00000000
(1781012857.321738) vcan0 602#7F000000
(1781012857.433713) vcan0 600#00000000
(1781012857.433746) vcan0 601#00000000
(1781012857.433765) vcan0 602#7F000000
(1781012857.465820) vcan0 603#00
(1781012857.465881) vcan0 604#00
(1781012857.465919) vcan0 607#00000000
(1781012857.497776) vcan0 606#00
(1781012857.545787) vcan0 600#00000000
(1781012857.545860) vcan0 601#00000000
(1781012857.546023) vcan0 602#7F000000
(1781012857.657761) vcan0 600#00000000
(1781012857.657796) vcan0 601#00000000
(1781012857.657816) vcan0 602#7F000000
(1781012857.673752) vcan0 603#00
(1781012857.673785) vcan0 604#00
(1781012857.673802) vcan0 607#00000000
(1781012857.769744) vcan0 600#00000000
(1781012857.769775) vcan0 601#00000000
(1781012857.769792) vcan0 602#7F000000
(1781012857.880906) vcan0 600#00000000
(1781012857.880974) vcan0 601#00000000
(1781012857.881029) vcan0 602#7F000000
(1781012857.881076) vcan0 603#00
(1781012857.881121) vcan0 604#00
(1781012857.881165) vcan0 607#00000000
(1781012857.992819) vcan0 600#00000000
(1781012857.992854) vcan0 601#00000000
(1781012857.992874) vcan0 602#7F000000
(1781012858.008871) vcan0 606#00
(1781012858.089838) vcan0 603#00
(1781012858.089868) vcan0 604#00
(1781012858.089885) vcan0 607#00000000
(1781012858.105840) vcan0 600#00000000
(1781012858.105869) vcan0 601#00000000
(1781012858.105886) vcan0 602#7F000000
(1781012858.217864) vcan0 600#00000000
(1781012858.217897) vcan0 601#00000000
(1781012858.217914) vcan0 602#7F000000
(1781012858.297900) vcan0 603#00
(1781012858.297931) vcan0 604#00
(1781012858.297948) vcan0 607#00000000
(1781012858.329981) vcan0 600#00000000
(1781012858.330041) vcan0 601#00000000
(1781012858.330076) vcan0 602#7F000000
(1781012858.441903) vcan0 600#00000000
(1781012858.441933) vcan0 601#00000000
(1781012858.441950) vcan0 602#7F000000
(1781012858.505939) vcan0 603#00
(1781012858.505985) vcan0 604#00
(1781012858.506007) vcan0 607#00000000
(1781012858.521932) vcan0 606#00
(1781012858.553937) vcan0 600#00000000
(1781012858.553971) vcan0 601#00000000
(1781012858.553991) vcan0 602#7F000000
(1781012858.666047) vcan0 600#00000000
(1781012858.666101) vcan0 601#00000000
(1781012858.666126) vcan0 602#7F000000
(1781012858.713994) vcan0 603#00
(1781012858.714025) vcan0 604#00
(1781012858.714043) vcan0 607#00000000
(1781012858.777981) vcan0 600#00000000
(1781012858.778015) vcan0 601#00000000
(1781012858.778031) vcan0 602#7F000000
(1781012858.888995) vcan0 600#00000000
(1781012858.889027) vcan0 601#00000000
(1781012858.889043) vcan0 602#7F000000
(1781012858.921047) vcan0 603#00
(1781012858.921100) vcan0 604#00
(1781012858.921125) vcan0 607#00000000
(1781012859.001035) vcan0 600#00000000
(1781012859.001071) vcan0 601#00000000
(1781012859.001090) vcan0 602#7F000000
(1781012859.034026) vcan0 606#00
(1781012859.114054) vcan0 600#00000000
(1781012859.114092) vcan0 601#00000000
(1781012859.114111) vcan0 602#7F000000
(1781012859.130017) vcan0 603#00
(1781012859.130046) vcan0 604#00
(1781012859.130065) vcan0 607#00000000
(1781012859.226096) vcan0 600#00000000
(1781012859.226142) vcan0 601#00000000
(1781012859.226160) vcan0 602#7F000000
(1781012859.338186) vcan0 600#00000000
(1781012859.338250) vcan0 601#00000000
(1781012859.338288) vcan0 602#7F000000
(1781012859.338327) vcan0 603#00
(1781012859.338358) vcan0 604#00
(1781012859.338393) vcan0 607#00000000
(1781012859.450132) vcan0 600#00000000
(1781012859.450170) vcan0 601#00000000
(1781012859.450187) vcan0 602#7F000000
(1781012859.546156) vcan0 603#00
(1781012859.546202) vcan0 604#00
(1781012859.546234) vcan0 606#00
(1781012859.546262) vcan0 607#00000000
(1781012859.562108) vcan0 600#00000000
(1781012859.562137) vcan0 601#00000000
(1781012859.562153) vcan0 602#7F000000
(1781012859.674149) vcan0 600#00000000
(1781012859.674182) vcan0 601#00000000
(1781012859.674199) vcan0 602#7F000000
(1781012859.754194) vcan0 603#00
(1781012859.754234) vcan0 604#00
(1781012859.754255) vcan0 607#00000000
(1781012859.786175) vcan0 600#00000000
(1781012859.786221) vcan0 601#00000000
(1781012859.786238) vcan0 602#7F000000
(1781012859.897291) vcan0 600#00000000
(1781012859.897342) vcan0 601#00000000
(1781012859.897364) vcan0 602#7F000000
(1781012859.961255) vcan0 603#00
(1781012859.961296) vcan0 604#00
(1781012859.961345) vcan0 607#00000000
(1781012860.009201) vcan0 600#00000000
(1781012860.009229) vcan0 601#00000000
(1781012860.009246) vcan0 602#7F000000
(1781012860.058283) vcan0 606#00
(1781012860.122228) vcan0 600#00000000
(1781012860.122264) vcan0 601#00000000
(1781012860.122285) vcan0 602#7F000000
