timestamp,bus,can_id,payload
1780061448.162619,vcan0,600,00000000
1780061448.162652,vcan0,601,00000000
1780061448.162669,vcan0,602,7F000000
1780061448.258613,vcan0,603,00
1780061448.258643,vcan0,604,00
1780061448.258660,vcan0,607,01000000
1780061448.274632,vcan0,600,00000000
1780061448.274657,vcan0,601,00000000
1780061448.274673,vcan0,602,7F000000
1780061448.386686,vcan0,600,00000000
1780061448.386721,vcan0,601,00000000
1780061448.386738,vcan0,602,7F000000
1780061448.466607,vcan0,603,00
1780061448.466635,vcan0,604,00
1780061448.466651,vcan0,607,01000000
1780061448.482628,vcan0,606,00
1780061448.498636,vcan0,600,00000000
1780061448.498671,vcan0,601,00000000
1780061448.498686,vcan0,602,7F000000
1780061448.610636,vcan0,600,00000000
1780061448.610668,vcan0,601,00000000
1780061448.610686,vcan0,602,7F000000
1780061448.674641,vcan0,603,00
1780061448.674671,vcan0,604,00
1780061448.674689,vcan0,607,01000000
1780061448.722618,vcan0,600,00000000
1780061448.722648,vcan0,601,00000000
1780061448.722664,vcan0,602,7F000000
1780061448.834669,vcan0,600,00000000
1780061448.834723,vcan0,601,00000000
1780061448.834756,vcan0,602,7F000000
1780061448.883670,vcan0,603,00
1780061448.883702,vcan0,604,00
1780061448.883719,vcan0,607,01000000
1780061448.947624,vcan0,600,00000000
1780061448.947653,vcan0,601,00000000
1780061448.947670,vcan0,602,7F000000
1780061448.995626,vcan0,606,00
1780061449.058641,vcan0,600,00000000
1780061449.058674,vcan0,601,00000000
1780061449.058691,vcan0,602,7F000000
1780061449.090641,vcan0,603,00
1780061449.090674,vcan0,604,00
1780061449.090691,vcan0,607,01000000
1780061449.170608,vcan0,600,00000000
1780061449.170637,vcan0,601,00000000
1780061449.170653,vcan0,602,7F000000
1780061449.282677,vcan0,600,00000000
1780061449.282715,vcan0,601,00000000
1780061449.282733,vcan0,602,7F000000
1780061449.298675,vcan0,603,00
1780061449.298714,vcan0,604,00
1780061449.298738,vcan0,607,01000000
1780061449.394619,vcan0,600,00000000
1780061449.394651,vcan0,601,00000000
1780061449.394667,vcan0,602,7F000000
1780061449.506598,vcan0,600,00000000
1780061449.506627,vcan0,601,00000000
1780061449.506642,vcan0,602,7F000000
1780061449.506657,vcan0,603,00
1780061449.506668,vcan0,604,00
1780061449.506681,vcan0,606,00
1780061449.506694,vcan0,607,01000000
1780061449.618612,vcan0,600,00000000
1780061449.618643,vcan0,601,00000000
1780061449.618660,vcan0,602,7F000000
1780061449.714620,vcan0,603,00
1780061449.714651,vcan0,604,00
1780061449.714670,vcan0,607,01000000
1780061449.730598,vcan0,600,00000000
1780061449.730621,vcan0,601,00000000
1780061449.730636,vcan0,602,7F000000
1780061449.842628,vcan0,600,00000000
1780061449.842658,vcan0,601,00000000
1780061449.842675,vcan0,602,7F000000
1780061449.923623,vcan0,603,00
1780061449.923656,vcan0,604,00
1780061449.923673,vcan0,607,01000000
1780061449.955649,vcan0,600,00000000
1780061449.955683,vcan0,601,00000000
1780061449.955699,vcan0,602,7F000000
1780061450.019607,vcan0,606,00
1780061450.066606,vcan0,600,00000000
1780061450.066634,vcan0,601,00000000
1780061450.066654,vcan0,602,7F000000
1780061450.130642,vcan0,603,00
1780061450.130673,vcan0,604,00
1780061450.130690,vcan0,607,01000000
1780061450.178658,vcan0,600,00000000
1780061450.178697,vcan0,601,00000000
1780061450.178715,vcan0,602,7F000000
1780061450.290599,vcan0,600,00000000
1780061450.290634,vcan0,601,00000000
1780061450.290654,vcan0,602,7F000000
1780061450.338599,vcan0,603,00
1780061450.338633,vcan0,604,00
1780061450.338652,vcan0,607,01000000
1780061450.402585,vcan0,600,00000000
1780061450.402616,vcan0,601,00000000
1780061450.402632,vcan0,602,7F000000
1780061450.514595,vcan0,600,00000000
1780061450.514623,vcan0,601,00000000
1780061450.514639,vcan0,602,7F000000
1780061450.530600,vcan0,606,00
1780061450.546589,vcan0,603,00
1780061450.546614,vcan0,604,00
1780061450.546630,vcan0,607,01000000
1780061450.626622,vcan0,600,00000000
1780061450.626652,vcan0,601,00000000
1780061450.626669,vcan0,602,7F000000
1780061450.738650,vcan0,600,00000000
1780061450.738684,vcan0,601,00000000
1780061450.738702,vcan0,602,7F000000
1780061450.754583,vcan0,603,00
1780061450.754608,vcan0,604,00
1780061450.754624,vcan0,607,01000000
1780061450.850627,vcan0,600,00000000
1780061450.850665,vcan0,601,00000000
1780061450.850682,vcan0,602,7F000000
1780061450.963579,vcan0,600,00000000
1780061450.963612,vcan0,601,00000000
1780061450.963628,vcan0,602,7F000000
1780061450.963642,vcan0,603,00
1780061450.963654,vcan0,604,00
1780061450.963667,vcan0,607,01000000
1780061451.043585,vcan0,606,00
1780061451.074621,vcan0,600,00000000
1780061451.074653,vcan0,601,00000000
1780061451.074670,vcan0,602,7F000000
1780061451.170622,vcan0,603,00
1780061451.170652,vcan0,604,00
1780061451.170670,vcan0,607,01000000
1780061451.186624,vcan0,600,00000000
1780061451.186653,vcan0,601,00000000
1780061451.186669,vcan0,602,7F000000
1780061451.298608,vcan0,600,00000000
1780061451.298639,vcan0,601,00000000
1780061451.298656,vcan0,602,7F000000
1780061451.378606,vcan0,603,00
1780061451.378638,vcan0,604,00
1780061451.378656,vcan0,607,01000000
1780061451.410598,vcan0,600,00000000
1780061451.410627,vcan0,601,00000000
1780061451.410643,vcan0,602,7F000000
1780061451.522573,vcan0,600,00000000
1780061451.522602,vcan0,601,00000000
1780061451.522620,vcan0,602,7F000000
1780061451.554590,vcan0,606,00
1780061451.586571,vcan0,603,00
1780061451.586600,vcan0,604,00
1780061451.586617,vcan0,607,01000000
1780061451.634618,vcan0,600,00000000
1780061451.634650,vcan0,601,00000000
1780061451.634667,vcan0,602,7F000000
1780061451.746617,vcan0,600,00000000
1780061451.746648,vcan0,601,00000000
1780061451.746664,vcan0,602,7F000000
1780061451.794584,vcan0,603,00
1780061451.794619,vcan0,604,00
1780061451.794636,vcan0,607,01000000
1780061451.859585,vcan0,600,00000000
1780061451.859615,vcan0,601,00000000
1780061451.859631,vcan0,602,7F000000
1780061451.971589,vcan0,600,00000000
1780061451.971621,vcan0,601,00000000
1780061451.971638,vcan0,602,7F000000
1780061452.003567,vcan0,603,00
1780061452.003595,vcan0,604,00
1780061452.003612,vcan0,607,01000000
1780061452.066685,vcan0,606,00
1780061452.082566,vcan0,600,00000000
1780061452.082595,vcan0,601,00000000
1780061452.082612,vcan0,602,7F000000
1780061452.194576,vcan0,600,00000000
1780061452.194607,vcan0,601,00000000
1780061452.194623,vcan0,602,7F000000
1780061452.210567,vcan0,603,00
1780061452.210593,vcan0,604,00
1780061452.210609,vcan0,607,01000000
1780061452.306646,vcan0,600,00000000
1780061452.306680,vcan0,601,00000000
1780061452.306697,vcan0,602,7F000000
1780061452.418583,vcan0,600,00000000
1780061452.418619,vcan0,601,00000000
1780061452.418637,vcan0,602,7F000000
1780061452.418652,vcan0,603,00
1780061452.418665,vcan0,604,00
1780061452.418679,vcan0,607,01000000
1780061452.530607,vcan0,600,00000000
1780061452.530635,vcan0,601,00000000
1780061452.530650,vcan0,602,7F000000
1780061452.578585,vcan0,606,00
1780061452.626585,vcan0,603,00
1780061452.626615,vcan0,604,00
1780061452.626631,vcan0,607,01000000
1780061452.642574,vcan0,600,00000000
1780061452.642600,vcan0,601,00000000
1780061452.642616,vcan0,602,7F000000
1780061452.754603,vcan0,600,00000000
1780061452.754631,vcan0,601,00000000
1780061452.754646,vcan0,602,7F000000
1780061452.834608,vcan0,603,00
1780061452.834641,vcan0,604,00
1780061452.834660,vcan0,607,01000000
1780061452.867548,vcan0,600,00000000
1780061452.867573,vcan0,601,00000000
1780061452.867592,vcan0,602,7F000000
1780061452.979557,vcan0,600,00000000
1780061452.979591,vcan0,601,00000000
1780061452.979608,vcan0,602,7F000000
1780061453.043558,vcan0,603,00
1780061453.043590,vcan0,604,00
1780061453.043607,vcan0,607,01000000
1780061453.090592,vcan0,600,00000000
1780061453.090622,vcan0,601,00000000
1780061453.090640,vcan0,602,7F000000
1780061453.090658,vcan0,606,00
1780061453.202556,vcan0,600,00000000
1780061453.202588,vcan0,601,00000000
1780061453.202606,vcan0,602,7F000000
1780061453.250559,vcan0,603,00
1780061453.250587,vcan0,604,00
1780061453.250605,vcan0,607,01000000
1780061453.314622,vcan0,600,00000000
1780061453.314656,vcan0,601,00000000
1780061453.314672,vcan0,602,7F000000
1780061453.426562,vcan0,600,00000000
1780061453.426596,vcan0,601,00000000
1780061453.426612,vcan0,602,7F000000
1780061453.458562,vcan0,603,00
1780061453.458591,vcan0,604,00
1780061453.458608,vcan0,607,01000000
1780061453.538559,vcan0,600,00000000
1780061453.538593,vcan0,601,00000000
1780061453.538610,vcan0,602,7F000000
1780061453.602605,vcan0,606,00
1780061453.650557,vcan0,600,00000000
1780061453.650589,vcan0,601,00000000
1780061453.650606,vcan0,602,7F000000
1780061453.666575,vcan0,603,00
1780061453.667418,vcan0,604,00
1780061453.667435,vcan0,607,01000000
1780061453.762570,vcan0,600,00000000
1780061453.762604,vcan0,601,00000000
1780061453.762621,vcan0,602,7F000000
1780061453.875555,vcan0,600,00000000
1780061453.875587,vcan0,601,00000000
1780061453.875605,vcan0,602,7F000000
1780061453.875620,vcan0,603,00
1780061453.875633,vcan0,604,00
1780061453.875647,vcan0,607,01000000
1780061453.987560,vcan0,600,00000000
1780061453.987592,vcan0,601,00000000
1780061453.987609,vcan0,602,7F000000
1780061454.082610,vcan0,603,00
1780061454.082641,vcan0,604,00
1780061454.082660,vcan0,607,01000000
1780061454.098535,vcan0,600,00000000
1780061454.098557,vcan0,601,00000000
1780061454.098572,vcan0,602,7F000000
1780061454.114530,vcan0,606,00
1780061454.210543,vcan0,600,00000000
1780061454.210570,vcan0,601,00000000
1780061454.210587,vcan0,602,7F000000
1780061454.290565,vcan0,603,00
1780061454.290597,vcan0,604,00
1780061454.290615,vcan0,607,01000000
1780061454.322538,vcan0,600,00000000
1780061454.322563,vcan0,601,00000000
1780061454.322578,vcan0,602,7F000000
1780061454.434556,vcan0,600,00000000
1780061454.434588,vcan0,601,00000000
1780061454.434604,vcan0,602,7F000000
1780061454.498540,vcan0,603,00
1780061454.498568,vcan0,604,00
1780061454.498587,vcan0,607,01000000
1780061454.546545,vcan0,600,00000000
1780061454.546574,vcan0,601,00000000
1780061454.546590,vcan0,602,7F000000
1780061454.626548,vcan0,606,00
1780061454.658556,vcan0,600,00000000
1780061454.658590,vcan0,601,00000000
1780061454.658607,vcan0,602,7F000000
1780061454.706549,vcan0,603,00
1780061454.706575,vcan0,604,00
1780061454.706594,vcan0,607,01000000
1780061454.770530,vcan0,600,00000000
1780061454.770555,vcan0,601,00000000
1780061454.770570,vcan0,602,7F000000
1780061454.883533,vcan0,600,00000000
1780061454.883560,vcan0,601,00000000
1780061454.883576,vcan0,602,7F000000
1780061454.915540,vcan0,603,00
1780061454.915566,vcan0,604,00
1780061454.915583,vcan0,607,01000000
1780061454.995564,vcan0,600,00000000
1780061454.995599,vcan0,601,00000000
1780061454.995615,vcan0,602,7F000000
1780061455.106553,vcan0,600,00000000
1780061455.106585,vcan0,601,00000000
1780061455.106604,vcan0,602,7F000000
1780061455.122522,vcan0,603,00
1780061455.122545,vcan0,604,00
1780061455.122563,vcan0,607,01000000
1780061455.138557,vcan0,606,00
1780061455.218613,vcan0,600,00000000
1780061455.218658,vcan0,601,00000000
1780061455.218676,vcan0,602,7F000000
1780061455.330536,vcan0,600,00000000
1780061455.330566,vcan0,601,00000000
1780061455.330583,vcan0,602,7F000000
1780061455.330600,vcan0,603,00
1780061455.330613,vcan0,604,00
1780061455.330627,vcan0,607,01000000
1780061455.442541,vcan0,600,00000000
1780061455.442575,vcan0,601,00000000
1780061455.442596,vcan0,602,7F000000
1780061455.538537,vcan0,603,00
1780061455.538568,vcan0,604,00
1780061455.538587,vcan0,607,01000000
1780061455.554533,vcan0,600,00000000
1780061455.554559,vcan0,601,00000000
1780061455.554574,vcan0,602,7F000000
1780061455.650531,vcan0,606,00
1780061455.666579,vcan0,600,00000000
1780061455.666612,vcan0,601,00000000
1780061455.666628,vcan0,602,7F000000
1780061455.746545,vcan0,603,00
1780061455.746576,vcan0,604,00
1780061455.746600,vcan0,607,01000000
1780061455.778570,vcan0,600,00000000
1780061455.778599,vcan0,601,00000000
1780061455.778615,vcan0,602,7F000000
1780061455.891523,vcan0,600,00000000
1780061455.891552,vcan0,601,00000000
1780061455.891569,vcan0,602,7F000000
1780061455.955525,vcan0,603,00
1780061455.955553,vcan0,604,00
1780061455.955570,vcan0,607,01000000
1780061456.003574,vcan0,600,00000000
1780061456.003610,vcan0,601,00000000
1780061456.003628,vcan0,602,7F000000
1780061456.114528,vcan0,600,00000000
1780061456.114558,vcan0,601,00000000
1780061456.114575,vcan0,602,7F000000
1780061456.162531,vcan0,603,00
1780061456.162559,vcan0,604,00
1780061456.162574,vcan0,606,00
1780061456.162593,vcan0,607,01000000
1780061456.226534,vcan0,600,00000000
1780061456.226563,vcan0,601,00000000
1780061456.226579,vcan0,602,7F000000
1780061456.338522,vcan0,600,00000000
1780061456.338551,vcan0,601,00000000
1780061456.338567,vcan0,602,7F000000
1780061456.370576,vcan0,603,00
1780061456.370611,vcan0,604,00
1780061456.370633,vcan0,607,01000000
1780061456.450521,vcan0,600,00000000
1780061456.450549,vcan0,601,00000000
1780061456.450565,vcan0,602,7F000000
1780061456.562540,vcan0,600,00000000
1780061456.562569,vcan0,601,00000000
1780061456.562589,vcan0,602,7F000000
1780061456.578522,vcan0,603,00
1780061456.578554,vcan0,604,00
1780061456.578570,vcan0,607,01000000
1780061456.674590,vcan0,600,00000000
1780061456.674638,vcan0,601,00000000
1780061456.674661,vcan0,602,7F000000
1780061456.674679,vcan0,606,00
1780061456.786562,vcan0,600,00000000
1780061456.786599,vcan0,601,00000000
1780061456.786616,vcan0,602,7F000000
1780061456.786631,vcan0,603,00
1780061456.786645,vcan0,604,00
1780061456.786658,vcan0,607,01000000
1780061456.899541,vcan0,600,00000000
1780061456.899569,vcan0,601,00000000
1780061456.899588,vcan0,602,7F000000
1780061456.995569,vcan0,603,00
1780061456.995602,vcan0,604,00
1780061456.995619,vcan0,607,01000000
1780061457.011508,vcan0,600,00000000
1780061457.011531,vcan0,601,00000000
1780061457.011546,vcan0,602,7F000000
1780061457.122531,vcan0,600,00000000
1780061457.122560,vcan0,601,00000000
1780061457.122576,vcan0,602,7F000000
1780061457.186590,vcan0,606,00
1780061457.202542,vcan0,603,00
1780061457.202569,vcan0,604,00
1780061457.202588,vcan0,607,01000000
1780061457.234537,vcan0,600,00000000
1780061457.234566,vcan0,601,00000000
1780061457.234581,vcan0,602,7F000000
1780061457.346535,vcan0,600,00000000
1780061457.346569,vcan0,601,00000000
1780061457.346585,vcan0,602,7F000000
1780061457.410534,vcan0,603,00
1780061457.410565,vcan0,604,00
1780061457.410581,vcan0,607,01000000
1780061457.458530,vcan0,600,00000000
1780061457.458558,vcan0,601,00000000
1780061457.458580,vcan0,602,7F000000
1780061457.570532,vcan0,600,00000000
1780061457.570561,vcan0,601,00000000
1780061457.570577,vcan0,602,7F000000
1780061457.618506,vcan0,603,00
1780061457.618533,vcan0,604,00
1780061457.618550,vcan0,607,01000000
1780061457.682513,vcan0,600,00000000
1780061457.682543,vcan0,601,00000000
1780061457.682559,vcan0,602,7F000000
1780061457.698530,vcan0,606,00
1780061457.794530,vcan0,600,00000000
1780061457.794562,vcan0,601,00000000
1780061457.794578,vcan0,602,7F000000
1780061457.826501,vcan0,603,00
1780061457.826531,vcan0,604,00
1780061457.826547,vcan0,607,01000000
1780061457.907545,vcan0,600,00000000
1780061457.907576,vcan0,601,00000000
1780061457.907594,vcan0,602,7F000000
1780061458.019503,vcan0,600,00000000
1780061458.019533,vcan0,601,00000000
1780061458.019550,vcan0,602,7F000000
1780061458.035522,vcan0,603,00
1780061458.035549,vcan0,604,00
1780061458.035564,vcan0,607,01000000
1780061458.130514,vcan0,600,00000000
1780061458.130543,vcan0,601,00000000
1780061458.130561,vcan0,602,7F000000
1780061458.210547,vcan0,606,00
1780061458.242540,vcan0,600,00000000
1780061458.242575,vcan0,601,00000000
1780061458.242597,vcan0,602,7F000000
1780061458.242615,vcan0,603,00
1780061458.242630,vcan0,604,00
1780061458.242647,vcan0,607,01000000
1780061458.354513,vcan0,600,00000000
1780061458.354549,vcan0,601,00000000
1780061458.354567,vcan0,602,7F000000
1780061458.450547,vcan0,603,00
1780061458.450593,vcan0,604,00
1780061458.450617,vcan0,607,01000000
1780061458.466547,vcan0,600,00000000
1780061458.466583,vcan0,601,00000000
1780061458.466607,vcan0,602,7F000000
1780061458.578592,vcan0,600,00000000
1780061458.578636,vcan0,601,00000000
1780061458.578660,vcan0,602,7F000000
1780061458.658548,vcan0,603,00
1780061458.658581,vcan0,604,00
1780061458.658602,vcan0,607,01000000
1780061458.690668,vcan0,600,00000000
1780061458.690711,vcan0,601,00000000
1780061458.690731,vcan0,602,7F000000
1780061458.722495,vcan0,606,00
1780061458.802533,vcan0,600,00000000
1780061458.802567,vcan0,601,00000000
1780061458.802587,vcan0,602,7F000000
1780061458.867530,vcan0,603,00
1780061458.867562,vcan0,604,00
1780061458.867580,vcan0,607,01000000
1780061458.915489,vcan0,600,00000000
1780061458.915516,vcan0,601,00000000
1780061458.915531,vcan0,602,7F000000
1780061459.027504,vcan0,600,00000000
1780061459.027536,vcan0,601,00000000
1780061459.027552,vcan0,602,7F000000
1780061459.074510,vcan0,603,00
1780061459.074541,vcan0,604,00
1780061459.074561,vcan0,607,01000000
1780061459.138493,vcan0,600,00000000
1780061459.138523,vcan0,601,00000000
1780061459.138539,vcan0,602,7F000000
1780061459.234507,vcan0,606,00
1780061459.250492,vcan0,600,00000000
1780061459.250518,vcan0,601,00000000
1780061459.250533,vcan0,602,7F000000
1780061459.282541,vcan0,603,00
1780061459.282572,vcan0,604,00
1780061459.282592,vcan0,607,01000000
1780061459.362508,vcan0,600,99000000
1780061459.362537,vcan0,601,00000000
1780061459.362554,vcan0,602,7F000000
1780061459.474507,vcan0,600,FF000000
1780061459.474537,vcan0,601,00000000
1780061459.474554,vcan0,602,7F000000
1780061459.490511,vcan0,603,00
1780061459.490536,vcan0,604,00
1780061459.490553,vcan0,607,01000000
1780061459.586546,vcan0,600,FF000000
1780061459.586596,vcan0,601,00000000
1780061459.586627,vcan0,602,7F000000
1780061459.698519,vcan0,600,FF000000
1780061459.698549,vcan0,601,00000000
1780061459.698564,vcan0,602,7F000000
1780061459.698578,vcan0,603,00
1780061459.698595,vcan0,604,00
1780061459.698609,vcan0,607,01000000
1780061459.746502,vcan0,606,00
1780061459.810509,vcan0,600,FF000000
1780061459.810540,vcan0,601,00000000
1780061459.810556,vcan0,602,7F000000
1780061459.907555,vcan0,603,00
1780061459.907604,vcan0,604,00
1780061459.907637,vcan0,607,01000000
1780061459.923533,vcan0,600,FF000000
1780061459.923561,vcan0,601,00000000
1780061459.923576,vcan0,602,7F000000
1780061460.035511,vcan0,600,FF000000
1780061460.035546,vcan0,601,00000000
1780061460.035564,vcan0,602,7F000000
1780061460.114517,vcan0,603,00
1780061460.114549,vcan0,604,00
1780061460.114569,vcan0,607,01000000
1780061460.146498,vcan0,600,FF000000
1780061460.146525,vcan0,601,00000000
1780061460.146539,vcan0,602,7F000000
1780061460.258523,vcan0,600,FF000000
1780061460.258554,vcan0,601,00000000
1780061460.258571,vcan0,602,7F000000
1780061460.258591,vcan0,606,00
1780061460.322519,vcan0,603,00
1780061460.322546,vcan0,604,00
1780061460.322563,vcan0,607,01000000
1780061460.370484,vcan0,600,FF000000
1780061460.370512,vcan0,601,00000000
1780061460.370527,vcan0,602,7F000000
1780061460.482479,vcan0,600,FF000000
1780061460.482510,vcan0,601,00000000
1780061460.482526,vcan0,602,7F000000
1780061460.530513,vcan0,603,00
1780061460.530542,vcan0,604,00
1780061460.530560,vcan0,607,01000000
1780061460.594521,vcan0,600,00000000
1780061460.594568,vcan0,601,00000000
1780061460.594595,vcan0,602,7F000000
1780061460.706483,vcan0,600,00000000
1780061460.706511,vcan0,601,00000000
1780061460.706526,vcan0,602,7F000000
1780061460.738531,vcan0,603,00
1780061460.738562,vcan0,604,00
1780061460.738579,vcan0,607,01000000
1780061460.770491,vcan0,606,00
1780061460.818482,vcan0,600,00000000
1780061460.818509,vcan0,601,00000000
1780061460.818524,vcan0,602,7F000000
1780061460.931517,vcan0,600,99000000
1780061460.931562,vcan0,601,00000000
1780061460.931585,vcan0,602,7F000000
1780061460.947517,vcan0,603,00
1780061460.947668,vcan0,604,00
1780061460.947686,vcan0,607,01000000
1780061461.043543,vcan0,600,FF000000
1780061461.043597,vcan0,601,00000000
1780061461.043628,vcan0,602,7F000000
1780061461.154548,vcan0,600,FF000000
1780061461.154590,vcan0,601,00000000
1780061461.154610,vcan0,602,8C000000
1780061461.154626,vcan0,603,00
1780061461.154640,vcan0,604,00
1780061461.154655,vcan0,607,01000000
1780061461.266498,vcan0,600,FF000000
1780061461.266530,vcan0,601,00000000
1780061461.266547,vcan0,602,7F000000
1780061461.282582,vcan0,606,00
1780061461.362532,vcan0,603,00
1780061461.362563,vcan0,604,00
1780061461.362582,vcan0,607,01000000
1780061461.378477,vcan0,600,FF000000
1780061461.378505,vcan0,601,00000000
1780061461.378520,vcan0,602,7F000000
1780061461.490497,vcan0,600,FF000000
1780061461.490527,vcan0,601,00000000
1780061461.490544,vcan0,602,7F000000
1780061461.570477,vcan0,603,00
1780061461.570509,vcan0,604,00
1780061461.570527,vcan0,607,01000000
1780061461.602472,vcan0,600,FF000000
1780061461.602501,vcan0,601,00000000
1780061461.602517,vcan0,602,8C000000
1780061461.714468,vcan0,600,FF000000
1780061461.714499,vcan0,601,00000000
1780061461.714514,vcan0,602,7F000000
1780061461.778481,vcan0,603,00
1780061461.778514,vcan0,604,00
1780061461.778532,vcan0,607,01000000
1780061461.794492,vcan0,606,00
1780061461.826488,vcan0,600,FF000000
1780061461.826520,vcan0,601,00000000
1780061461.826536,vcan0,602,7F000000
1780061461.939525,vcan0,600,FF000000
1780061461.939578,vcan0,601,00000000
1780061461.939614,vcan0,602,8C000000
1780061461.987557,vcan0,603,00
1780061461.987614,vcan0,604,00
1780061461.987647,vcan0,607,01000000
1780061462.051493,vcan0,600,FF000000
1780061462.051523,vcan0,601,00000000
1780061462.051538,vcan0,602,99000000
1780061462.162480,vcan0,600,FF000000
1780061462.162512,vcan0,601,00000000
1780061462.162527,vcan0,602,7F000000
1780061462.194486,vcan0,603,00
1780061462.194521,vcan0,604,00
1780061462.194538,vcan0,607,01000000
1780061462.274459,vcan0,600,FF000000
1780061462.274495,vcan0,601,00000000
1780061462.274511,vcan0,602,7F000000
1780061462.306534,vcan0,606,00
1780061462.386458,vcan0,600,FF000000
1780061462.386495,vcan0,601,00000000
1780061462.386511,vcan0,602,7F000000
1780061462.402515,vcan0,603,00
1780061462.402553,vcan0,604,00
1780061462.402571,vcan0,607,01000000
1780061462.498477,vcan0,600,FF000000
1780061462.498517,vcan0,601,00000000
1780061462.498534,vcan0,602,7F000000
1780061462.610493,vcan0,600,FF000000
1780061462.610521,vcan0,601,00000000
1780061462.610537,vcan0,602,8C000000
1780061462.610551,vcan0,603,00
1780061462.610563,vcan0,604,00
1780061462.610576,vcan0,607,01000000
1780061462.722454,vcan0,600,FF000000
1780061462.722488,vcan0,601,00000000
1780061462.722504,vcan0,602,8C000000
1780061462.818533,vcan0,603,00
1780061462.818581,vcan0,604,00
1780061462.818621,vcan0,606,00
1780061462.818652,vcan0,607,01000000
1780061462.834468,vcan0,600,FF000000
1780061462.834504,vcan0,601,00000000
1780061462.834521,vcan0,602,99000000
1780061462.947494,vcan0,600,FF000000
1780061462.947530,vcan0,601,00000000
1780061462.947547,vcan0,602,99000000
1780061463.027452,vcan0,603,00
1780061463.027484,vcan0,604,00
1780061463.027501,vcan0,607,01000000
1780061463.058457,vcan0,600,FF000000
1780061463.058486,vcan0,601,00000000
1780061463.058501,vcan0,602,7F000000
1780061463.170481,vcan0,600,FF000000
1780061463.170516,vcan0,601,00000000
1780061463.170533,vcan0,602,7F000000
1780061463.234463,vcan0,603,00
1780061463.234494,vcan0,604,00
1780061463.234511,vcan0,607,01000000
1780061463.282493,vcan0,600,FF000000
1780061463.282522,vcan0,601,00000000
1780061463.282538,vcan0,602,7F000000
1780061463.330448,vcan0,606,00
1780061463.394445,vcan0,600,FF000000
1780061463.394473,vcan0,601,00000000
1780061463.394488,vcan0,602,7F000000
1780061463.442436,vcan0,603,00
1780061463.442462,vcan0,604,00
1780061463.442479,vcan0,607,01000000
1780061463.506465,vcan0,600,FF000000
1780061463.506496,vcan0,601,00000000
1780061463.506513,vcan0,602,7F000000
1780061463.618437,vcan0,600,FF000000
1780061463.618467,vcan0,601,00000000
1780061463.618483,vcan0,602,7F000000
1780061463.650477,vcan0,603,00
1780061463.650506,vcan0,604,00
1780061463.650523,vcan0,607,01000000
1780061463.730486,vcan0,600,00000000
1780061463.730520,vcan0,601,00000000
1780061463.730538,vcan0,602,7F000000
1780061463.842443,vcan0,600,00000000
1780061463.842471,vcan0,601,00000000
1780061463.842487,vcan0,602,7F000000
1780061463.842505,vcan0,606,00
1780061463.859477,vcan0,603,00
1780061463.859505,vcan0,604,00
1780061463.859522,vcan0,607,01000000
1780061463.955488,vcan0,600,00000000
1780061463.955530,vcan0,601,00000000
1780061463.955548,vcan0,602,7F000000
1780061464.066442,vcan0,600,00000000
1780061464.066472,vcan0,601,00000000
1780061464.066489,vcan0,602,7F000000
1780061464.066504,vcan0,603,00
1780061464.066517,vcan0,604,00
1780061464.066531,vcan0,607,01000000
1780061464.178435,vcan0,600,99000000
1780061464.178465,vcan0,601,00000000
1780061464.178481,vcan0,602,7F000000
1780061464.274431,vcan0,603,00
1780061464.274457,vcan0,604,00
1780061464.274475,vcan0,607,01000000
1780061464.290419,vcan0,600,FF000000
1780061464.290443,vcan0,601,00000000
1780061464.290458,vcan0,602,7F000000
1780061464.354433,vcan0,606,00
1780061464.402451,vcan0,600,FF000000
1780061464.402479,vcan0,601,00000000
1780061464.402494,vcan0,602,7F000000
1780061464.482480,vcan0,603,00
1780061464.482509,vcan0,604,00
1780061464.482526,vcan0,607,01000000
1780061464.514427,vcan0,600,FF000000
1780061464.514453,vcan0,601,00000000
1780061464.514468,vcan0,602,7F000000
1780061464.626444,vcan0,600,FF000000
1780061464.626472,vcan0,601,00000000
1780061464.626487,vcan0,602,7F000000
1780061464.690460,vcan0,603,00
1780061464.690487,vcan0,604,00
1780061464.690504,vcan0,607,01000000
1780061464.738461,vcan0,600,FF000000
1780061464.738495,vcan0,601,00000000
1780061464.738510,vcan0,602,7F000000
1780061464.850463,vcan0,600,FF000000
1780061464.850495,vcan0,601,00000000
1780061464.850510,vcan0,602,7F000000
1780061464.867448,vcan0,606,00
1780061464.899457,vcan0,603,00
1780061464.899490,vcan0,604,00
1780061464.899507,vcan0,607,01000000
1780061464.963541,vcan0,600,FF000000
1780061464.963593,vcan0,601,00000000
1780061464.963628,vcan0,602,7F000000
1780061465.074430,vcan0,600,00000000
1780061465.074462,vcan0,601,00000000
1780061465.074478,vcan0,602,7F000000
1780061465.106417,vcan0,603,00
1780061465.106442,vcan0,604,00
1780061465.106459,vcan0,607,01000000
1780061465.186425,vcan0,600,00000000
1780061465.186456,vcan0,601,00000000
1780061465.186472,vcan0,602,7F000000
1780061465.298478,vcan0,600,00000000
1780061465.298528,vcan0,601,00000000
1780061465.298548,vcan0,602,8C000000
1780061465.314448,vcan0,603,00
1780061465.314482,vcan0,604,00
1780061465.314501,vcan0,607,01000000
1780061465.378419,vcan0,606,00
1780061465.410459,vcan0,600,19000000
1780061465.410491,vcan0,601,00000000
1780061465.410509,vcan0,602,7F000000
1780061465.522491,vcan0,600,CC000000
1780061465.523067,vcan0,601,00000000
1780061465.523087,vcan0,602,7F000000
1780061465.523103,vcan0,603,00
1780061465.523117,vcan0,604,00
1780061465.523132,vcan0,607,01000000
1780061465.634410,vcan0,600,FF000000
1780061465.634437,vcan0,601,00000000
1780061465.634451,vcan0,602,7F000000
1780061465.730425,vcan0,603,00
1780061465.730453,vcan0,604,00
1780061465.730469,vcan0,607,01000000
1780061465.746437,vcan0,600,FF000000
1780061465.746464,vcan0,601,00000000
1780061465.746479,vcan0,602,7F000000
1780061465.859414,vcan0,600,FF000000
1780061465.859443,vcan0,601,00000000
1780061465.859457,vcan0,602,7F000000
1780061465.891428,vcan0,606,00
1780061465.939499,vcan0,603,00
1780061465.939532,vcan0,604,00
1780061465.939552,vcan0,607,01000000
1780061465.971407,vcan0,600,FF000000
1780061465.971432,vcan0,601,00000000
1780061465.971447,vcan0,602,7F000000
1780061466.082444,vcan0,600,FF000000
1780061466.082475,vcan0,601,00000000
1780061466.082492,vcan0,602,7F000000
1780061466.146497,vcan0,603,00
1780061466.146532,vcan0,604,00
1780061466.146550,vcan0,607,01000000
1780061466.194415,vcan0,600,FF000000
1780061466.194442,vcan0,601,00000000
1780061466.194456,vcan0,602,7F000000
1780061466.306417,vcan0,600,FF000000
1780061466.306445,vcan0,601,00000000
1780061466.306460,vcan0,602,7F000000
1780061466.354408,vcan0,603,00
1780061466.354435,vcan0,604,00
1780061466.354452,vcan0,607,01000000
1780061466.402428,vcan0,606,00
1780061466.418410,vcan0,600,FF000000
1780061466.418438,vcan0,601,00000000
1780061466.418454,vcan0,602,7F000000
1780061466.530413,vcan0,600,FF000000
1780061466.530443,vcan0,601,00000000
1780061466.530459,vcan0,602,7F000000
1780061466.562410,vcan0,603,00
1780061466.562435,vcan0,604,00
1780061466.562452,vcan0,607,01000000
1780061466.642443,vcan0,600,FF000000
1780061466.642472,vcan0,601,00000000
1780061466.642488,vcan0,602,7F000000
1780061466.754408,vcan0,600,FF000000
1780061466.754438,vcan0,601,00000000
1780061466.754454,vcan0,602,7F000000
1780061466.770411,vcan0,603,00
1780061466.770434,vcan0,604,00
1780061466.770450,vcan0,607,01000000
1780061466.867403,vcan0,600,FF000000
1780061466.867432,vcan0,601,00000000
1780061466.867447,vcan0,602,7F000000
1780061466.915451,vcan0,606,00
1780061466.979403,vcan0,600,00000000
1780061466.979433,vcan0,601,00000000
1780061466.979449,vcan0,602,7F000000
1780061466.979464,vcan0,603,00
1780061466.979477,vcan0,604,00
1780061466.979490,vcan0,607,01000000
1780061467.090399,vcan0,600,00000000
1780061467.090429,vcan0,601,00000000
1780061467.090446,vcan0,602,7F000000
1780061467.186422,vcan0,603,00
1780061467.186453,vcan0,604,00
1780061467.186471,vcan0,607,01000000
1780061467.202413,vcan0,600,00000000
1780061467.202441,vcan0,601,00000000
1780061467.202456,vcan0,602,7F000000
1780061467.314430,vcan0,600,00000000
1780061467.314461,vcan0,601,00000000
1780061467.314478,vcan0,602,7F000000
1780061467.394423,vcan0,603,00
1780061467.394453,vcan0,604,00
1780061467.394472,vcan0,607,01000000
1780061467.426404,vcan0,600,19000000
1780061467.426428,vcan0,601,00000000
1780061467.426443,vcan0,602,7F000000
1780061467.426458,vcan0,606,00
1780061467.538406,vcan0,600,CC000000
1780061467.538438,vcan0,601,00000000
1780061467.538453,vcan0,602,7F000000
1780061467.602416,vcan0,603,00
1780061467.602446,vcan0,604,00
1780061467.602464,vcan0,607,01000000
1780061467.650461,vcan0,600,FF000000
1780061467.650496,vcan0,601,00000000
1780061467.650514,vcan0,602,7F000000
1780061467.762470,vcan0,600,FF000000
1780061467.762501,vcan0,601,00000000
1780061467.762516,vcan0,602,7F000000
1780061467.810389,vcan0,603,00
1780061467.810414,vcan0,604,00
1780061467.810431,vcan0,607,01000000
1780061467.875397,vcan0,600,00000000
1780061467.875424,vcan0,601,00000000
1780061467.875441,vcan0,602,8C000000
1780061467.939407,vcan0,606,00
1780061467.987389,vcan0,600,00000000
1780061467.987418,vcan0,601,00000000
1780061467.987435,vcan0,602,99000000
1780061468.019443,vcan0,603,00
1780061468.019478,vcan0,604,00
1780061468.019497,vcan0,607,01000000
1780061468.098418,vcan0,600,00000000
1780061468.098445,vcan0,601,00000000
1780061468.098461,vcan0,602,99000000
1780061468.210424,vcan0,600,00000000
1780061468.210455,vcan0,601,00000000
1780061468.210473,vcan0,602,7F000000
1780061468.226407,vcan0,603,00
1780061468.226432,vcan0,604,00
1780061468.226448,vcan0,607,01000000
1780061468.322406,vcan0,600,00000000
1780061468.322436,vcan0,601,00000000
1780061468.322452,vcan0,602,7F000000
1780061468.434448,vcan0,600,00000000
1780061468.434506,vcan0,601,00000000
1780061468.434533,vcan0,602,7F000000
1780061468.434555,vcan0,603,00
1780061468.434576,vcan0,604,00
1780061468.434604,vcan0,607,01000000
1780061468.450397,vcan0,606,00
1780061468.546395,vcan0,600,00000000
1780061468.546423,vcan0,601,00000000
1780061468.546438,vcan0,602,7F000000
1780061468.642409,vcan0,603,00
1780061468.642439,vcan0,604,00
1780061468.642457,vcan0,607,01000000
1780061468.658406,vcan0,600,00000000
1780061468.658436,vcan0,601,00000000
1780061468.658453,vcan0,602,7F000000
1780061468.770392,vcan0,600,00000000
1780061468.770422,vcan0,601,00000000
1780061468.770439,vcan0,602,7F000000
1780061468.850435,vcan0,603,00
1780061468.850468,vcan0,604,00
1780061468.850489,vcan0,607,01000000
1780061468.883383,vcan0,600,00000000
1780061468.883406,vcan0,601,00000000
1780061468.883421,vcan0,602,7F000000
1780061468.963397,vcan0,606,00
1780061468.995402,vcan0,600,00000000
1780061468.995429,vcan0,601,00000000
1780061468.995445,vcan0,602,7F000000
1780061469.058375,vcan0,603,00
1780061469.058404,vcan0,604,00
1780061469.058421,vcan0,607,01000000
1780061469.106388,vcan0,600,00000000
1780061469.106413,vcan0,601,00000000
1780061469.106430,vcan0,602,7F000000
1780061469.218409,vcan0,600,00000000
1780061469.218440,vcan0,601,00000000
1780061469.218456,vcan0,602,7F000000
1780061469.266391,vcan0,603,00
1780061469.266416,vcan0,604,00
1780061469.266433,vcan0,607,01000000
1780061469.330396,vcan0,600,7F000000
1780061469.330428,vcan0,601,00000000
1780061469.330444,vcan0,602,7F000000
1780061469.442380,vcan0,600,FF000000
1780061469.442410,vcan0,601,00000000
1780061469.442427,vcan0,602,7F000000
1780061469.474382,vcan0,603,00
1780061469.474408,vcan0,604,00
1780061469.474424,vcan0,606,00
1780061469.474440,vcan0,607,01000000
1780061469.554380,vcan0,600,FF000000
1780061469.554411,vcan0,601,00000000
1780061469.554426,vcan0,602,8C000000
1780061469.666404,vcan0,600,00000000
1780061469.666434,vcan0,601,00000000
1780061469.666451,vcan0,602,8C000000
1780061469.682373,vcan0,603,00
1780061469.682400,vcan0,604,00
1780061469.682417,vcan0,607,01000000
1780061469.778396,vcan0,600,00000000
1780061469.778428,vcan0,601,00000000
1780061469.778445,vcan0,602,99000000
1780061469.891385,vcan0,600,00000000
1780061469.891415,vcan0,601,00000000
1780061469.891431,vcan0,602,7F000000
1780061469.891445,vcan0,603,00
1780061469.891459,vcan0,604,00
1780061469.891472,vcan0,607,01000000
1780061469.987376,vcan0,606,00
1780061470.003433,vcan0,600,00000000
1780061470.003461,vcan0,601,00000000
1780061470.003479,vcan0,602,7F000000
1780061470.098370,vcan0,603,00
1780061470.098398,vcan0,604,00
1780061470.098414,vcan0,607,01000000
1780061470.114381,vcan0,600,00000000
1780061470.114408,vcan0,601,00000000
1780061470.114425,vcan0,602,7F000000
1780061470.226373,vcan0,600,00000000
1780061470.226400,vcan0,601,00000000
1780061470.226416,vcan0,602,7F000000
1780061470.306362,vcan0,603,00
1780061470.306388,vcan0,604,00
1780061470.306406,vcan0,607,01000000
1780061470.338359,vcan0,600,00000000
1780061470.338383,vcan0,601,00000000
1780061470.338398,vcan0,602,8C000000
1780061470.450381,vcan0,600,00000000
1780061470.450413,vcan0,601,00000000
1780061470.450430,vcan0,602,99000000
1780061470.498379,vcan0,606,00
1780061470.514357,vcan0,603,00
1780061470.514380,vcan0,604,00
1780061470.514397,vcan0,607,01000000
1780061470.562378,vcan0,600,00000000
1780061470.562404,vcan0,601,00000000
1780061470.562421,vcan0,602,99000000
1780061470.674377,vcan0,600,00000000
1780061470.674404,vcan0,601,00000000
1780061470.674420,vcan0,602,A5000000
1780061470.722371,vcan0,603,00
1780061470.722398,vcan0,604,00
1780061470.722415,vcan0,607,01000000
1780061470.786371,vcan0,600,00000000
1780061470.786400,vcan0,601,00000000
1780061470.786417,vcan0,602,A5000000
1780061470.899370,vcan0,600,00000000
1780061470.899400,vcan0,601,00000000
1780061470.899417,vcan0,602,B2000000
1780061470.931387,vcan0,603,00
1780061470.931417,vcan0,604,00
1780061470.931435,vcan0,607,01000000
1780061471.011355,vcan0,600,00000000
1780061471.011385,vcan0,601,00000000
1780061471.011401,vcan0,602,7F000000
1780061471.011418,vcan0,606,00
1780061471.122356,vcan0,600,00000000
1780061471.122383,vcan0,601,00000000
1780061471.122400,vcan0,602,7F000000
1780061471.138340,vcan0,603,00
1780061471.138363,vcan0,604,00
1780061471.138380,vcan0,607,01000000
1780061471.234373,vcan0,600,00000000
1780061471.234402,vcan0,601,00000000
1780061471.234419,vcan0,602,7F000000
1780061471.346381,vcan0,600,00000000
1780061471.346408,vcan0,601,00000000
1780061471.346424,vcan0,602,7F000000
1780061471.346438,vcan0,603,00
1780061471.346453,vcan0,604,00
1780061471.346466,vcan0,607,01000000
1780061471.378382,vcan0,60D,08000000
1780061471.458358,vcan0,600,00000000
1780061471.458387,vcan0,601,FF000000
1780061471.458403,vcan0,602,7F000000
1780061471.522360,vcan0,606,00
1780061471.554354,vcan0,603,00
1780061471.554380,vcan0,604,00
1780061471.554397,vcan0,607,01000000
1780061471.570415,vcan0,600,00000000
1780061471.570449,vcan0,601,FF000000
1780061471.570467,vcan0,602,7F000000
1780061471.682365,vcan0,600,00000000
1780061471.682396,vcan0,601,FF000000
1780061471.682412,vcan0,602,7F000000
1780061471.762374,vcan0,603,00
1780061471.762402,vcan0,604,00
1780061471.762420,vcan0,607,01000000
1780061471.794371,vcan0,600,00000000
1780061471.794404,vcan0,601,FF000000
1780061471.794420,vcan0,602,7F000000
1780061471.907389,vcan0,600,00000000
1780061471.907420,vcan0,601,FF000000
1780061471.907438,vcan0,602,7F000000
1780061471.971358,vcan0,603,00
1780061471.971384,vcan0,604,00
1780061471.971401,vcan0,607,01000000
1780061472.019370,vcan0,600,00000000
1780061472.019401,vcan0,601,FF000000
1780061472.019417,vcan0,602,7F000000
1780061472.035384,vcan0,606,00
1780061472.130373,vcan0,600,00000000
1780061472.130403,vcan0,601,FF000000
1780061472.130418,vcan0,602,7F000000
1780061472.178373,vcan0,603,00
1780061472.178406,vcan0,604,00
1780061472.178423,vcan0,607,01000000
1780061472.210387,vcan0,60D,00000000
1780061472.242403,vcan0,600,00000000
1780061472.242436,vcan0,601,00000000
1780061472.242453,vcan0,602,7F000000
1780061472.354348,vcan0,600,00000000
1780061472.354379,vcan0,601,00000000
1780061472.354396,vcan0,602,7F000000
1780061472.386354,vcan0,603,00
1780061472.386381,vcan0,604,00
1780061472.386398,vcan0,607,01000000
1780061472.466360,vcan0,600,00000000
1780061472.466390,vcan0,601,00000000
1780061472.466416,vcan0,602,7F000000
1780061472.546349,vcan0,606,00
1780061472.578365,vcan0,600,00000000
1780061472.578392,vcan0,601,00000000
1780061472.578408,vcan0,602,7F000000
1780061472.594341,vcan0,603,00
1780061472.594365,vcan0,604,00
1780061472.594382,vcan0,607,01000000
1780061472.690361,vcan0,600,00000000
1780061472.690388,vcan0,601,00000000
1780061472.690405,vcan0,602,7F000000
1780061472.802361,vcan0,600,19000000
1780061472.802393,vcan0,601,00000000
1780061472.802408,vcan0,602,8C000000
1780061472.802423,vcan0,603,00
1780061472.802436,vcan0,604,00
1780061472.802451,vcan0,607,01000000
1780061472.915393,vcan0,600,CC000000
1780061472.915429,vcan0,601,00000000
1780061472.915446,vcan0,602,8C000000
1780061473.011388,vcan0,603,00
1780061473.011423,vcan0,604,00
1780061473.011443,vcan0,607,01000000
1780061473.027398,vcan0,600,00000000
1780061473.027427,vcan0,601,00000000
1780061473.027444,vcan0,602,99000000
1780061473.058339,vcan0,606,00
1780061473.138354,vcan0,600,00000000
1780061473.138383,vcan0,601,00000000
1780061473.138399,vcan0,602,99000000
1780061473.218368,vcan0,603,00
1780061473.218397,vcan0,604,00
1780061473.218416,vcan0,607,01000000
1780061473.250335,vcan0,600,00000000
1780061473.250364,vcan0,601,00000000
1780061473.250379,vcan0,602,A5000000
1780061473.362340,vcan0,600,4C000000
1780061473.362375,vcan0,601,00000000
1780061473.362392,vcan0,602,7F000000
1780061473.426330,vcan0,603,00
1780061473.426359,vcan0,604,00
1780061473.426376,vcan0,607,01000000
1780061473.474388,vcan0,600,FF000000
1780061473.474423,vcan0,601,00000000
1780061473.474439,vcan0,602,7F000000
1780061473.570386,vcan0,606,00
1780061473.586384,vcan0,600,FF000000
1780061473.586430,vcan0,601,00000000
1780061473.586446,vcan0,602,7F000000
1780061473.634363,vcan0,603,00
1780061473.634392,vcan0,604,00
1780061473.634411,vcan0,607,01000000
1780061473.698332,vcan0,600,FF000000
1780061473.698362,vcan0,601,00000000
1780061473.698377,vcan0,602,7F000000
1780061473.810324,vcan0,600,FF000000
1780061473.810352,vcan0,601,00000000
1780061473.810367,vcan0,602,7F000000
1780061473.842375,vcan0,603,00
1780061473.842402,vcan0,604,00
1780061473.842420,vcan0,607,01000000
1780061473.923394,vcan0,600,FF000000
1780061473.923431,vcan0,601,00000000
1780061473.923447,vcan0,602,7F000000
1780061474.035409,vcan0,600,FF000000
1780061474.035439,vcan0,601,00000000
1780061474.035456,vcan0,602,7F000000
1780061474.051316,vcan0,603,00
1780061474.051339,vcan0,604,00
1780061474.051355,vcan0,607,01000000
1780061474.082334,vcan0,606,00
1780061474.146381,vcan0,600,FF000000
1780061474.146416,vcan0,601,00000000
1780061474.146433,vcan0,602,7F000000
1780061474.258402,vcan0,600,FF000000
1780061474.258433,vcan0,601,00000000
1780061474.258451,vcan0,602,7F000000
1780061474.258466,vcan0,603,00
1780061474.258481,vcan0,604,00
1780061474.258495,vcan0,607,01000000
1780061474.370352,vcan0,600,FF000000
1780061474.370381,vcan0,601,00000000
1780061474.370396,vcan0,602,7F000000
1780061474.466335,vcan0,603,00
1780061474.466363,vcan0,604,00
1780061474.466381,vcan0,607,01000000
1780061474.482333,vcan0,600,FF000000
1780061474.482359,vcan0,601,00000000
1780061474.482373,vcan0,602,7F000000
1780061474.594347,vcan0,600,FF000000
1780061474.594380,vcan0,601,00000000
1780061474.594396,vcan0,602,7F000000
1780061474.594414,vcan0,606,00
1780061474.674360,vcan0,603,00
1780061474.674392,vcan0,604,00
1780061474.674409,vcan0,607,01000000
1780061474.706334,vcan0,600,FF000000
1780061474.706363,vcan0,601,00000000
1780061474.706378,vcan0,602,7F000000
1780061474.818373,vcan0,600,00000000
1780061474.818422,vcan0,601,00000000
1780061474.818440,vcan0,602,7F000000
1780061474.883318,vcan0,603,00
1780061474.883348,vcan0,604,00
1780061474.883367,vcan0,607,01000000
1780061474.931346,vcan0,600,00000000
1780061474.931374,vcan0,601,00000000
1780061474.931391,vcan0,602,7F000000
1780061475.043315,vcan0,600,7F000000
1780061475.043344,vcan0,601,00000000
1780061475.043360,vcan0,602,7F000000
1780061475.090333,vcan0,603,00
1780061475.090367,vcan0,604,00
1780061475.090385,vcan0,607,01000000
1780061475.106391,vcan0,606,00
1780061475.154309,vcan0,600,FF000000
1780061475.154336,vcan0,601,00000000
1780061475.154351,vcan0,602,7F000000
1780061475.266330,vcan0,600,FF000000
1780061475.266361,vcan0,601,00000000
1780061475.266378,vcan0,602,7F000000
1780061475.298331,vcan0,603,00
1780061475.298359,vcan0,604,00
1780061475.298377,vcan0,607,01000000
1780061475.378337,vcan0,600,FF000000
1780061475.378367,vcan0,601,00000000
1780061475.378383,vcan0,602,7F000000
1780061475.490317,vcan0,600,FF000000
1780061475.490348,vcan0,601,00000000
1780061475.490364,vcan0,602,7F000000
1780061475.506313,vcan0,603,00
1780061475.506336,vcan0,604,00
1780061475.506352,vcan0,607,01000000
1780061475.602310,vcan0,600,FF000000
1780061475.602341,vcan0,601,00000000
1780061475.602357,vcan0,602,7F000000
1780061475.618304,vcan0,606,00
1780061475.714368,vcan0,600,FF000000
1780061475.714399,vcan0,601,00000000
1780061475.714416,vcan0,602,8C000000
1780061475.714431,vcan0,603,00
1780061475.714446,vcan0,604,00
1780061475.714461,vcan0,607,01000000
1780061475.826312,vcan0,600,FF000000
1780061475.826342,vcan0,601,00000000
1780061475.826357,vcan0,602,8C000000
1780061475.923352,vcan0,603,00
1780061475.923383,vcan0,604,00
1780061475.923401,vcan0,607,01000000
1780061475.939375,vcan0,600,FF000000
1780061475.939403,vcan0,601,00000000
1780061475.939420,vcan0,602,7F000000
1780061476.051301,vcan0,600,FF000000
1780061476.051332,vcan0,601,00000000
1780061476.051347,vcan0,602,7F000000
1780061476.130308,vcan0,603,00
1780061476.130339,vcan0,604,00
1780061476.130356,vcan0,606,00
1780061476.130371,vcan0,607,01000000
1780061476.162333,vcan0,600,FF000000
1780061476.162362,vcan0,601,00000000
1780061476.162376,vcan0,602,7F000000
1780061476.274307,vcan0,600,FF000000
1780061476.274338,vcan0,601,00000000
1780061476.274353,vcan0,602,7F000000
1780061476.338325,vcan0,603,00
1780061476.338359,vcan0,604,00
1780061476.338377,vcan0,607,01000000
1780061476.386360,vcan0,600,FF000000
1780061476.386392,vcan0,601,00000000
1780061476.386412,vcan0,602,7F000000
1780061476.498298,vcan0,600,FF000000
1780061476.498328,vcan0,601,00000000
1780061476.498344,vcan0,602,7F000000
1780061476.546315,vcan0,603,00
1780061476.546343,vcan0,604,00
1780061476.546360,vcan0,607,01000000
1780061476.610294,vcan0,600,FF000000
1780061476.610319,vcan0,601,00000000
1780061476.610334,vcan0,602,7F000000
1780061476.642291,vcan0,606,00
1780061476.722326,vcan0,600,FF000000
1780061476.722359,vcan0,601,00000000
1780061476.722377,vcan0,602,7F000000
1780061476.754357,vcan0,603,00
1780061476.754386,vcan0,604,00
1780061476.754404,vcan0,607,01000000
1780061476.834313,vcan0,600,FF000000
1780061476.834344,vcan0,601,00000000
1780061476.834360,vcan0,602,7F000000
1780061476.947294,vcan0,600,FF000000
1780061476.947323,vcan0,601,00000000
1780061476.947339,vcan0,602,7F000000
1780061476.963308,vcan0,603,00
1780061476.963337,vcan0,604,00
1780061476.963354,vcan0,607,01000000
1780061477.058315,vcan0,600,FF000000
1780061477.058343,vcan0,601,00000000
1780061477.058358,vcan0,602,7F000000
1780061477.154285,vcan0,606,00
1780061477.170343,vcan0,600,FF000000
1780061477.170368,vcan0,601,00000000
1780061477.170384,vcan0,602,7F000000
1780061477.170398,vcan0,603,00
1780061477.170412,vcan0,604,00
1780061477.170425,vcan0,607,01000000
1780061477.282294,vcan0,600,FF000000
1780061477.282323,vcan0,601,00000000
1780061477.282339,vcan0,602,72000000
1780061477.378292,vcan0,603,00
1780061477.378323,vcan0,604,00
1780061477.378340,vcan0,607,01000000
1780061477.394323,vcan0,600,FF000000
1780061477.394350,vcan0,601,00000000
1780061477.394366,vcan0,602,7F000000
1780061477.506362,vcan0,600,FF000000
1780061477.506400,vcan0,601,00000000
1780061477.506418,vcan0,602,7F000000
1780061477.586293,vcan0,603,00
1780061477.586321,vcan0,604,00
1780061477.586339,vcan0,607,01000000
1780061477.618336,vcan0,600,FF000000
1780061477.618362,vcan0,601,00000000
1780061477.618378,vcan0,602,7F000000
1780061477.666324,vcan0,606,00
1780061477.730297,vcan0,600,00000000
1780061477.730327,vcan0,601,00000000
1780061477.730343,vcan0,602,7F000000
1780061477.794341,vcan0,603,00
1780061477.794368,vcan0,604,00
1780061477.794386,vcan0,607,01000000
1780061477.842279,vcan0,600,00000000
1780061477.842306,vcan0,601,00000000
1780061477.842323,vcan0,602,7F000000
1780061477.955299,vcan0,600,00000000
1780061477.955327,vcan0,601,00000000
1780061477.955344,vcan0,602,7F000000
1780061478.003314,vcan0,603,00
1780061478.003342,vcan0,604,00
1780061478.003360,vcan0,607,01000000
1780061478.066280,vcan0,600,00000000
1780061478.066306,vcan0,601,00000000
1780061478.066321,vcan0,602,7F000000
1780061478.178289,vcan0,600,00000000
1780061478.178319,vcan0,601,00000000
1780061478.178335,vcan0,602,8C000000
1780061478.178352,vcan0,606,00
1780061478.210291,vcan0,603,00
1780061478.210318,vcan0,604,00
1780061478.210334,vcan0,607,01000000
1780061478.290336,vcan0,600,00000000
1780061478.290371,vcan0,601,00000000
1780061478.290388,vcan0,602,7F000000
1780061478.402295,vcan0,600,00000000
1780061478.402322,vcan0,601,00000000
1780061478.402338,vcan0,602,7F000000
1780061478.418260,vcan0,603,00
1780061478.418281,vcan0,604,00
1780061478.418296,vcan0,607,01000000
1780061478.514274,vcan0,600,00000000
1780061478.514304,vcan0,601,00000000
1780061478.514320,vcan0,602,7F000000
1780061478.626293,vcan0,600,00000000
1780061478.626322,vcan0,601,00000000
1780061478.626338,vcan0,602,7F000000
1780061478.626354,vcan0,603,00
1780061478.626368,vcan0,604,00
1780061478.626381,vcan0,607,01000000
1780061478.690346,vcan0,606,00
1780061478.738329,vcan0,600,00000000
1780061478.738367,vcan0,601,00000000
1780061478.738384,vcan0,602,7F000000
1780061478.834275,vcan0,603,00
1780061478.834304,vcan0,604,00
1780061478.834322,vcan0,607,01000000
1780061478.850310,vcan0,600,00000000
1780061478.850338,vcan0,601,00000000
1780061478.850354,vcan0,602,8C000000
1780061478.963281,vcan0,600,00000000
1780061478.963312,vcan0,601,00000000
1780061478.963328,vcan0,602,7F000000
1780061479.043308,vcan0,603,00
1780061479.043343,vcan0,604,00
1780061479.043360,vcan0,607,01000000
1780061479.074281,vcan0,600,00000000
1780061479.074309,vcan0,601,00000000
1780061479.074324,vcan0,602,7F000000
1780061479.186282,vcan0,600,B2000000
1780061479.186314,vcan0,601,00000000
1780061479.186330,vcan0,602,7F000000
1780061479.202260,vcan0,606,00
1780061479.250277,vcan0,603,00
1780061479.250308,vcan0,604,00
1780061479.250326,vcan0,607,01000000
1780061479.298296,vcan0,600,FF000000
1780061479.298325,vcan0,601,00000000
1780061479.298340,vcan0,602,7F000000
1780061479.410293,vcan0,600,FF000000
1780061479.410326,vcan0,601,00000000
1780061479.410342,vcan0,602,7F000000
1780061479.458268,vcan0,603,00
1780061479.458298,vcan0,604,00
1780061479.458316,vcan0,607,01000000
1780061479.522251,vcan0,600,FF000000
1780061479.522280,vcan0,601,00000000
1780061479.522295,vcan0,602,7F000000
1780061479.634316,vcan0,600,FF000000
1780061479.634349,vcan0,601,00000000
1780061479.634367,vcan0,602,7F000000
1780061479.666286,vcan0,603,00
1780061479.666316,vcan0,604,00
1780061479.666334,vcan0,607,01000000
1780061479.714280,vcan0,606,00
1780061479.746267,vcan0,600,FF000000
1780061479.746294,vcan0,601,00000000
1780061479.746308,vcan0,602,7F000000
1780061479.859273,vcan0,600,00000000
1780061479.859303,vcan0,601,00000000
1780061479.859319,vcan0,602,7F000000
1780061479.875292,vcan0,603,00
1780061479.875324,vcan0,604,00
1780061479.875343,vcan0,607,01000000
1780061479.971323,vcan0,600,00000000
1780061479.971358,vcan0,601,00000000
1780061479.971377,vcan0,602,7F000000
1780061480.082264,vcan0,600,00000000
1780061480.082296,vcan0,601,00000000
1780061480.082313,vcan0,602,7F000000
1780061480.082329,vcan0,603,00
1780061480.082342,vcan0,604,00
1780061480.082357,vcan0,607,01000000
1780061480.194260,vcan0,600,00000000
1780061480.194288,vcan0,601,00000000
1780061480.194304,vcan0,602,7F000000
1780061480.226259,vcan0,606,00
1780061480.290260,vcan0,603,00
1780061480.290292,vcan0,604,00
1780061480.290309,vcan0,607,01000000
1780061480.306261,vcan0,600,00000000
1780061480.306285,vcan0,601,00000000
1780061480.306301,vcan0,602,7F000000
1780061480.418322,vcan0,600,00000000
1780061480.418355,vcan0,601,00000000
1780061480.418373,vcan0,602,7F000000
1780061480.498266,vcan0,603,00
1780061480.498297,vcan0,604,00
1780061480.498313,vcan0,607,01000000
1780061480.530265,vcan0,600,00000000
1780061480.530298,vcan0,601,00000000
1780061480.530315,vcan0,602,7F000000
1780061480.594320,vcan0,60D,08000000
1780061480.642249,vcan0,600,00000000
1780061480.642277,vcan0,601,CC000000
1780061480.642291,vcan0,602,7F000000
1780061480.706257,vcan0,603,00
1780061480.706285,vcan0,604,00
1780061480.706302,vcan0,607,01000000
1780061480.738244,vcan0,606,00
1780061480.754326,vcan0,600,00000000
1780061480.754366,vcan0,601,FF000000
1780061480.754387,vcan0,602,7F000000
1780061480.867262,vcan0,600,00000000
1780061480.867291,vcan0,601,FF000000
1780061480.867306,vcan0,602,7F000000
1780061480.915246,vcan0,603,00
1780061480.915273,vcan0,604,00
1780061480.915289,vcan0,607,01000000
1780061480.979267,vcan0,600,00000000
1780061480.979303,vcan0,601,FF000000
1780061480.979320,vcan0,602,7F000000
1780061481.090264,vcan0,60D,00000000
1780061481.090298,vcan0,600,00000000
1780061481.090314,vcan0,601,00000000
1780061481.090329,vcan0,602,7F000000
1780061481.122287,vcan0,603,00
1780061481.122315,vcan0,604,00
1780061481.122333,vcan0,607,01000000
1780061481.202250,vcan0,600,00000000
1780061481.202281,vcan0,601,00000000
1780061481.202297,vcan0,602,7F000000
1780061481.250254,vcan0,606,00
1780061481.314264,vcan0,600,00000000
1780061481.314293,vcan0,601,00000000
1780061481.314310,vcan0,602,7F000000
1780061481.330232,vcan0,603,00
1780061481.330255,vcan0,604,00
1780061481.330270,vcan0,607,01000000
1780061481.426271,vcan0,600,00000000
1780061481.426302,vcan0,601,00000000
1780061481.426318,vcan0,602,7F000000
1780061481.538286,vcan0,60D,01000000
1780061481.538321,vcan0,600,00000000
1780061481.538337,vcan0,601,00000000
1780061481.538352,vcan0,602,7F000000
1780061481.538366,vcan0,603,00
1780061481.538379,vcan0,604,00
1780061481.538392,vcan0,607,01000000
1780061481.650252,vcan0,600,00000000
1780061481.650282,vcan0,601,00000000
1780061481.650300,vcan0,602,7F000000
1780061481.746276,vcan0,603,00
1780061481.746306,vcan0,604,00
1780061481.746323,vcan0,607,01000000
1780061481.762235,vcan0,600,00000000
1780061481.762257,vcan0,601,00000000
1780061481.762273,vcan0,602,7F000000
1780061481.762289,vcan0,606,00
1780061481.875236,vcan0,600,00000000
1780061481.875263,vcan0,601,00000000
1780061481.875279,vcan0,602,7F000000
1780061481.955254,vcan0,603,00
1780061481.955286,vcan0,604,00
1780061481.955303,vcan0,607,01000000
1780061481.987237,vcan0,600,00000000
1780061481.987262,vcan0,601,00000000
1780061481.987277,vcan0,602,7F000000
1780061482.098240,vcan0,600,00000000
1780061482.098268,vcan0,601,00000000
1780061482.098283,vcan0,602,7F000000
1780061482.162262,vcan0,603,00
1780061482.162291,vcan0,604,00
1780061482.162310,vcan0,607,01000000
1780061482.210223,vcan0,600,00000000
1780061482.210248,vcan0,601,00000000
1780061482.210263,vcan0,602,7F000000
1780061482.274224,vcan0,606,00
1780061482.322286,vcan0,600,19000000
1780061482.322314,vcan0,601,00000000
1780061482.322330,vcan0,602,7F000000
1780061482.370224,vcan0,603,00
1780061482.370249,vcan0,604,00
1780061482.370264,vcan0,607,01000000
1780061482.434226,vcan0,600,CC000000
1780061482.434257,vcan0,601,00000000
1780061482.434272,vcan0,602,7F000000
1780061482.546251,vcan0,600,FF000000
1780061482.546283,vcan0,601,00000000
1780061482.546298,vcan0,602,7F000000
1780061482.578232,vcan0,603,00
1780061482.578258,vcan0,604,00
1780061482.578274,vcan0,607,01000000
1780061482.658234,vcan0,600,FF000000
1780061482.658264,vcan0,601,00000000
1780061482.658280,vcan0,602,7F000000
1780061482.770228,vcan0,600,FF000000
1780061482.770259,vcan0,601,00000000
1780061482.770276,vcan0,602,7F000000
1780061482.786243,vcan0,603,00
1780061482.786270,vcan0,604,00
1780061482.786286,vcan0,606,00
1780061482.786301,vcan0,607,01000000
1780061482.883257,vcan0,600,00000000
1780061482.883287,vcan0,601,00000000
1780061482.883303,vcan0,602,7F000000
1780061482.995242,vcan0,600,00000000
1780061482.995272,vcan0,601,00000000
1780061482.995289,vcan0,602,7F000000
1780061482.995303,vcan0,603,00
1780061482.995317,vcan0,604,00
1780061482.995330,vcan0,607,01000000
1780061483.106215,vcan0,600,00000000
1780061483.106243,vcan0,601,00000000
1780061483.106259,vcan0,602,7F000000
1780061483.202250,vcan0,603,00
1780061483.202280,vcan0,604,00
1780061483.202298,vcan0,607,01000000
1780061483.218232,vcan0,600,00000000
1780061483.218257,vcan0,601,00000000
1780061483.218272,vcan0,602,7F000000
1780061483.298223,vcan0,606,00
1780061483.330260,vcan0,600,00000000
1780061483.330291,vcan0,601,00000000
1780061483.330307,vcan0,602,8C000000
1780061483.410234,vcan0,603,00
1780061483.410262,vcan0,604,00
1780061483.410280,vcan0,607,01000000
1780061483.442232,vcan0,600,00000000
1780061483.442261,vcan0,601,00000000
1780061483.442277,vcan0,602,8C000000
1780061483.554216,vcan0,600,00000000
1780061483.554246,vcan0,601,00000000
1780061483.554263,vcan0,602,99000000
1780061483.618229,vcan0,603,00
1780061483.618258,vcan0,604,00
1780061483.618275,vcan0,607,01000000
1780061483.666239,vcan0,600,00000000
1780061483.666266,vcan0,601,00000000
1780061483.666283,vcan0,602,99000000
1780061483.778264,vcan0,600,00000000
1780061483.778296,vcan0,601,00000000
1780061483.778315,vcan0,602,A5000000
1780061483.810234,vcan0,606,00
1780061483.826210,vcan0,603,00
1780061483.826234,vcan0,604,00
1780061483.826251,vcan0,607,01000000
1780061483.891214,vcan0,600,B2000000
1780061483.891241,vcan0,601,00000000
1780061483.891257,vcan0,602,B2000000
1780061484.003222,vcan0,600,FF000000
1780061484.003254,vcan0,601,00000000
1780061484.003270,vcan0,602,B2000000
1780061484.035239,vcan0,603,00
1780061484.035269,vcan0,604,00
1780061484.035286,vcan0,607,01000000
1780061484.114218,vcan0,600,FF000000
1780061484.114247,vcan0,601,00000000
1780061484.114263,vcan0,602,BF000000
1780061484.226309,vcan0,600,FF000000
1780061484.226343,vcan0,601,00000000
1780061484.226360,vcan0,602,BF000000
1780061484.242201,vcan0,603,00
1780061484.242223,vcan0,604,00
1780061484.242239,vcan0,607,01000000
1780061484.322233,vcan0,606,00
1780061484.338220,vcan0,600,FF000000
1780061484.338244,vcan0,601,00000000
1780061484.338260,vcan0,602,7F000000
1780061484.450225,vcan0,600,FF000000
1780061484.450256,vcan0,601,00000000
1780061484.450272,vcan0,602,7F000000
1780061484.450286,vcan0,603,00
1780061484.450300,vcan0,604,00
1780061484.450314,vcan0,607,01000000
1780061484.562224,vcan0,600,FF000000
1780061484.562253,vcan0,601,00000000
1780061484.562269,vcan0,602,7F000000
1780061484.658232,vcan0,603,00
1780061484.658261,vcan0,604,00
1780061484.658279,vcan0,607,01000000
1780061484.674238,vcan0,600,FF000000
1780061484.674270,vcan0,601,00000000
1780061484.674286,vcan0,602,7F000000
1780061484.786224,vcan0,600,FF000000
1780061484.786255,vcan0,601,00000000
1780061484.786270,vcan0,602,7F000000
1780061484.834229,vcan0,606,00
1780061484.867259,vcan0,603,00
1780061484.867290,vcan0,604,00
1780061484.867308,vcan0,607,01000000
1780061484.899227,vcan0,600,FF000000
1780061484.899253,vcan0,601,00000000
1780061484.899267,vcan0,602,7F000000
1780061485.011212,vcan0,600,FF000000
1780061485.011242,vcan0,601,00000000
1780061485.011257,vcan0,602,7F000000
1780061485.074202,vcan0,603,00
1780061485.074228,vcan0,604,00
1780061485.074245,vcan0,607,01000000
1780061485.122219,vcan0,600,FF000000
1780061485.122249,vcan0,601,00000000
1780061485.122270,vcan0,602,8C000000
1780061485.234277,vcan0,600,FF000000
1780061485.234310,vcan0,601,00000000
1780061485.234327,vcan0,602,8C000000
1780061485.282197,vcan0,603,00
1780061485.282225,vcan0,604,00
1780061485.282241,vcan0,607,01000000
1780061485.346196,vcan0,600,FF000000
1780061485.346223,vcan0,601,00000000
1780061485.346239,vcan0,602,99000000
1780061485.346255,vcan0,606,00
1780061485.458198,vcan0,600,FF000000
1780061485.458227,vcan0,601,00000000
1780061485.458242,vcan0,602,7F000000
1780061485.490191,vcan0,603,00
1780061485.490217,vcan0,604,00
1780061485.490233,vcan0,607,01000000
1780061485.570201,vcan0,600,FF000000
1780061485.570230,vcan0,601,00000000
1780061485.570245,vcan0,602,7F000000
1780061485.682200,vcan0,600,FF000000
1780061485.682230,vcan0,601,00000000
1780061485.682247,vcan0,602,7F000000
1780061485.698176,vcan0,603,00
1780061485.698198,vcan0,604,00
1780061485.698213,vcan0,607,01000000
1780061485.794207,vcan0,600,FF000000
1780061485.794238,vcan0,601,00000000
1780061485.794254,vcan0,602,7F000000
1780061485.859204,vcan0,606,00
1780061485.907217,vcan0,600,00000000
1780061485.907244,vcan0,601,00000000
1780061485.907261,vcan0,602,7F000000
1780061485.907276,vcan0,603,00
1780061485.907289,vcan0,604,00
1780061485.907303,vcan0,607,01000000
1780061486.019208,vcan0,600,00000000
1780061486.019239,vcan0,601,00000000
1780061486.019255,vcan0,602,8C000000
1780061486.114212,vcan0,603,00
1780061486.114240,vcan0,604,00
1780061486.114257,vcan0,607,01000000
1780061486.130185,vcan0,600,00000000
1780061486.130207,vcan0,601,00000000
1780061486.130222,vcan0,602,8C000000
1780061486.242230,vcan0,600,00000000
1780061486.242264,vcan0,601,00000000
1780061486.242281,vcan0,602,99000000
1780061486.322188,vcan0,603,00
1780061486.322217,vcan0,604,00
1780061486.322234,vcan0,607,01000000
1780061486.354181,vcan0,600,00000000
1780061486.354207,vcan0,601,00000000
1780061486.354223,vcan0,602,7F000000
1780061486.370196,vcan0,606,00
1780061486.466182,vcan0,600,00000000
1780061486.466208,vcan0,601,00000000
1780061486.466224,vcan0,602,7F000000
1780061486.530208,vcan0,603,00
1780061486.530237,vcan0,604,00
1780061486.530255,vcan0,607,01000000
1780061486.578181,vcan0,600,00000000
1780061486.578209,vcan0,601,00000000
1780061486.578226,vcan0,602,7F000000
1780061486.690201,vcan0,600,00000000
1780061486.690230,vcan0,601,00000000
1780061486.690248,vcan0,602,8C000000
1780061486.738183,vcan0,603,00
1780061486.738211,vcan0,604,00
1780061486.738226,vcan0,607,01000000
1780061486.802192,vcan0,600,00000000
1780061486.802221,vcan0,601,00000000
1780061486.802238,vcan0,602,99000000
1780061486.883207,vcan0,606,00
1780061486.915190,vcan0,600,00000000
1780061486.915218,vcan0,601,00000000
1780061486.915233,vcan0,602,7F000000
1780061486.947179,vcan0,603,00
1780061486.947207,vcan0,604,00
1780061486.947223,vcan0,607,01000000
1780061487.027185,vcan0,600,00000000
1780061487.027215,vcan0,601,00000000
1780061487.027232,vcan0,602,7F000000
1780061487.138192,vcan0,600,00000000
1780061487.138219,vcan0,601,00000000
1780061487.138234,vcan0,602,7F000000
1780061487.154212,vcan0,603,00
1780061487.154239,vcan0,604,00
1780061487.154258,vcan0,607,01000000
1780061487.250221,vcan0,600,4C000000
1780061487.250257,vcan0,601,00000000
1780061487.250275,vcan0,602,7F000000
1780061487.362217,vcan0,600,FF000000
1780061487.362247,vcan0,601,00000000
1780061487.362263,vcan0,602,7F000000
1780061487.362278,vcan0,603,00
1780061487.362291,vcan0,604,00
1780061487.362305,vcan0,607,01000000
1780061487.394184,vcan0,606,00
1780061487.474205,vcan0,600,FF000000
1780061487.474233,vcan0,601,00000000
1780061487.474248,vcan0,602,7F000000
1780061487.570272,vcan0,603,00
1780061487.570303,vcan0,604,00
1780061487.570322,vcan0,607,01000000
1780061487.586169,vcan0,600,FF000000
1780061487.586192,vcan0,601,00000000
1780061487.586206,vcan0,602,7F000000
1780061487.698193,vcan0,600,FF000000
1780061487.698225,vcan0,601,00000000
1780061487.698240,vcan0,602,7F000000
1780061487.778212,vcan0,603,00
1780061487.778241,vcan0,604,00
1780061487.778258,vcan0,607,01000000
1780061487.810157,vcan0,600,00000000
1780061487.810180,vcan0,601,00000000
1780061487.810195,vcan0,602,8C000000
1780061487.907173,vcan0,606,00
1780061487.923179,vcan0,600,00000000
1780061487.923202,vcan0,601,00000000
1780061487.923218,vcan0,602,8C000000
1780061487.987168,vcan0,603,00
1780061487.987196,vcan0,604,00
1780061487.987214,vcan0,607,01000000
1780061488.035176,vcan0,600,00000000
1780061488.035207,vcan0,601,00000000
1780061488.035222,vcan0,602,99000000
1780061488.146173,vcan0,600,00000000
1780061488.146201,vcan0,601,00000000
1780061488.146218,vcan0,602,7F000000
1780061488.194221,vcan0,603,00
1780061488.194260,vcan0,604,00
1780061488.194278,vcan0,607,01000000
1780061488.258174,vcan0,600,00000000
1780061488.258203,vcan0,601,00000000
1780061488.258221,vcan0,602,7F000000
1780061488.370184,vcan0,600,33000000
1780061488.370214,vcan0,601,00000000
1780061488.370230,vcan0,602,7F000000
1780061488.402164,vcan0,603,00
1780061488.402189,vcan0,604,00
1780061488.402205,vcan0,607,01000000
1780061488.418179,vcan0,606,00
1780061488.482172,vcan0,600,E5000000
1780061488.482201,vcan0,601,00000000
1780061488.482217,vcan0,602,7F000000
1780061488.594164,vcan0,600,FF000000
1780061488.594193,vcan0,601,00000000
1780061488.594209,vcan0,602,7F000000
1780061488.610170,vcan0,603,00
1780061488.610195,vcan0,604,00
1780061488.610211,vcan0,607,01000000
1780061488.706192,vcan0,600,FF000000
1780061488.706234,vcan0,601,00000000
1780061488.706250,vcan0,602,7F000000
1780061488.818211,vcan0,600,FF000000
1780061488.818244,vcan0,601,00000000
1780061488.818260,vcan0,602,7F000000
1780061488.818276,vcan0,603,00
1780061488.818289,vcan0,604,00
1780061488.818303,vcan0,607,01000000
1780061488.931194,vcan0,600,FF000000
1780061488.931224,vcan0,601,00000000
1780061488.931242,vcan0,602,7F000000
1780061488.931259,vcan0,606,00
1780061489.027223,vcan0,603,00
1780061489.027253,vcan0,604,00
1780061489.027272,vcan0,607,01000000
1780061489.043152,vcan0,600,FF000000
1780061489.043176,vcan0,601,00000000
1780061489.043190,vcan0,602,7F000000
1780061489.154176,vcan0,600,FF000000
1780061489.154205,vcan0,601,00000000
1780061489.154223,vcan0,602,7F000000
1780061489.234199,vcan0,603,00
1780061489.234229,vcan0,604,00
1780061489.234249,vcan0,607,01000000
1780061489.266175,vcan0,600,FF000000
1780061489.266203,vcan0,601,00000000
1780061489.266219,vcan0,602,7F000000
1780061489.378159,vcan0,600,00000000
1780061489.378192,vcan0,601,00000000
1780061489.378209,vcan0,602,7F000000
1780061489.442156,vcan0,603,00
1780061489.442185,vcan0,604,00
1780061489.442202,vcan0,606,00
1780061489.442218,vcan0,607,01000000
1780061489.490162,vcan0,600,00000000
1780061489.490190,vcan0,601,00000000
1780061489.490206,vcan0,602,7F000000
1780061489.602170,vcan0,600,00000000
1780061489.602201,vcan0,601,00000000
1780061489.602221,vcan0,602,7F000000
1780061489.650169,vcan0,603,00
1780061489.650195,vcan0,604,00
1780061489.650212,vcan0,607,01000000
1780061489.714151,vcan0,600,00000000
1780061489.714178,vcan0,601,00000000
1780061489.714194,vcan0,602,7F000000
1780061489.826169,vcan0,600,00000000
1780061489.826198,vcan0,601,00000000
1780061489.826215,vcan0,602,7F000000
1780061489.859173,vcan0,60D,09000000
1780061489.859204,vcan0,603,00
1780061489.859220,vcan0,604,00
1780061489.859235,vcan0,607,01000000
1780061489.939198,vcan0,600,00000000
1780061489.939229,vcan0,601,FF000000
1780061489.939246,vcan0,602,7F000000
1780061489.955140,vcan0,606,00
1780061490.051144,vcan0,600,00000000
1780061490.051169,vcan0,601,FF000000
1780061490.051184,vcan0,602,7F000000
1780061490.066134,vcan0,603,00
1780061490.066155,vcan0,604,00
1780061490.066171,vcan0,607,01000000
1780061490.162182,vcan0,600,00000000
1780061490.162216,vcan0,601,FF000000
1780061490.162234,vcan0,602,7F000000
1780061490.274146,vcan0,600,00000000
1780061490.274176,vcan0,601,FF000000
1780061490.274192,vcan0,602,7F000000
1780061490.274206,vcan0,603,00
1780061490.274219,vcan0,604,00
1780061490.274233,vcan0,607,01000000
1780061490.386148,vcan0,600,00000000
1780061490.386176,vcan0,601,FF000000
1780061490.386192,vcan0,602,7F000000
1780061490.466140,vcan0,606,00
1780061490.482157,vcan0,603,00
1780061490.482181,vcan0,604,00
1780061490.482198,vcan0,607,01000000
1780061490.498152,vcan0,600,00000000
1780061490.498177,vcan0,601,FF000000
1780061490.498192,vcan0,602,7F000000
1780061490.610186,vcan0,600,00000000
1780061490.610220,vcan0,601,FF000000
1780061490.610236,vcan0,602,7F000000
1780061490.690153,vcan0,603,00
1780061490.690180,vcan0,604,00
1780061490.690197,vcan0,607,01000000
1780061490.722201,vcan0,600,00000000
1780061490.722240,vcan0,601,FF000000
1780061490.722262,vcan0,602,7F000000
1780061490.834136,vcan0,600,00000000
1780061490.834165,vcan0,601,FF000000
1780061490.834179,vcan0,602,7F000000
1780061490.899170,vcan0,603,00
1780061490.899197,vcan0,604,00
1780061490.899214,vcan0,607,01000000
1780061490.947154,vcan0,600,00000000
1780061490.947181,vcan0,601,FF000000
1780061490.947196,vcan0,602,7F000000
1780061490.979149,vcan0,606,00
1780061491.058184,vcan0,600,00000000
1780061491.058216,vcan0,601,FF000000
1780061491.058233,vcan0,602,7F000000
1780061491.106161,vcan0,603,00
1780061491.106190,vcan0,604,00
1780061491.106207,vcan0,607,01000000
1780061491.170162,vcan0,600,00000000
1780061491.170192,vcan0,601,FF000000
1780061491.170209,vcan0,602,7F000000
1780061491.282132,vcan0,600,00000000
1780061491.282160,vcan0,601,FF000000
1780061491.282175,vcan0,602,7F000000
1780061491.314177,vcan0,603,00
1780061491.314207,vcan0,604,00
1780061491.314224,vcan0,607,01000000
1780061491.394146,vcan0,600,00000000
1780061491.394176,vcan0,601,FF000000
1780061491.394191,vcan0,602,7F000000
1780061491.490168,vcan0,606,00
1780061491.506165,vcan0,600,00000000
1780061491.506191,vcan0,601,FF000000
1780061491.506207,vcan0,602,7F000000
1780061491.522192,vcan0,603,00
1780061491.522223,vcan0,604,00
1780061491.522242,vcan0,607,01000000
1780061491.618134,vcan0,600,00000000
1780061491.618162,vcan0,601,FF000000
1780061491.618177,vcan0,602,7F000000
1780061491.730157,vcan0,600,00000000
1780061491.730185,vcan0,601,FF000000
1780061491.730200,vcan0,602,7F000000
1780061491.730215,vcan0,603,00
1780061491.730228,vcan0,604,00
1780061491.730241,vcan0,607,01000000
1780061491.746143,vcan0,60D,01000000
1780061491.842127,vcan0,600,00000000
1780061491.842157,vcan0,601,00000000
1780061491.842174,vcan0,602,7F000000
1780061491.939129,vcan0,603,00
1780061491.939156,vcan0,604,00
1780061491.939172,vcan0,607,01000000
1780061491.955130,vcan0,600,00000000
1780061491.955156,vcan0,601,00000000
1780061491.955170,vcan0,602,7F000000
1780061492.003117,vcan0,606,00
1780061492.066154,vcan0,600,00000000
1780061492.066184,vcan0,601,00000000
1780061492.066201,vcan0,602,7F000000
1780061492.146162,vcan0,603,00
1780061492.146192,vcan0,604,00
1780061492.146211,vcan0,607,01000000
1780061492.178132,vcan0,600,00000000
1780061492.178160,vcan0,601,00000000
1780061492.178175,vcan0,602,7F000000
1780061492.290118,vcan0,600,00000000
1780061492.290148,vcan0,601,00000000
1780061492.290163,vcan0,602,7F000000
1780061492.354154,vcan0,603,00
1780061492.354184,vcan0,604,00
1780061492.354201,vcan0,607,01000000
1780061492.402120,vcan0,600,00000000
1780061492.402148,vcan0,601,00000000
1780061492.402165,vcan0,602,7F000000
1780061492.514119,vcan0,600,00000000
1780061492.514147,vcan0,601,00000000
1780061492.514163,vcan0,602,7F000000
1780061492.514180,vcan0,606,00
1780061492.562172,vcan0,603,00
1780061492.562200,vcan0,604,00
1780061492.562217,vcan0,607,01000000
1780061492.626110,vcan0,600,00000000
1780061492.626136,vcan0,601,00000000
1780061492.626152,vcan0,602,7F000000
1780061492.738111,vcan0,600,00000000
1780061492.738140,vcan0,601,00000000
1780061492.738156,vcan0,602,7F000000
1780061492.770148,vcan0,603,00
1780061492.770174,vcan0,604,00
1780061492.770191,vcan0,607,01000000
1780061492.818183,vcan0,60D,21000000
1780061492.850150,vcan0,600,00000000
1780061492.850179,vcan0,601,00000000
1780061492.850196,vcan0,602,7F000000
1780061492.963136,vcan0,600,00000000
1780061492.963166,vcan0,601,00000000
1780061492.963182,vcan0,602,7F000000
1780061492.979110,vcan0,603,00
1780061492.979134,vcan0,604,00
1780061492.979151,vcan0,607,01000000
1780061493.027093,vcan0,606,00
1780061493.074096,vcan0,600,00000000
1780061493.074120,vcan0,601,00000000
1780061493.074135,vcan0,602,7F000000
1780061493.186128,vcan0,600,00000000
1780061493.186157,vcan0,601,00000000
1780061493.186174,vcan0,602,7F000000
1780061493.186189,vcan0,603,00
1780061493.186202,vcan0,604,00
1780061493.186216,vcan0,607,01000000
1780061493.298121,vcan0,600,00000000
1780061493.298147,vcan0,601,00000000
1780061493.298162,vcan0,602,7F000000
1780061493.394104,vcan0,603,00
1780061493.394128,vcan0,604,00
1780061493.394145,vcan0,607,01000000
1780061493.410114,vcan0,600,00000000
1780061493.410137,vcan0,601,00000000
1780061493.410153,vcan0,602,7F000000
1780061493.522142,vcan0,600,00000000
1780061493.522176,vcan0,601,00000000
1780061493.522194,vcan0,602,7F000000
1780061493.538107,vcan0,606,00
1780061493.602179,vcan0,603,00
1780061493.602234,vcan0,604,00
1780061493.602262,vcan0,607,01000000
1780061493.634109,vcan0,600,00000000
1780061493.634137,vcan0,601,00000000
1780061493.634153,vcan0,602,7F000000
1780061493.746122,vcan0,600,00000000
1780061493.746151,vcan0,601,00000000
1780061493.746168,vcan0,602,7F000000
1780061493.810100,vcan0,603,00
1780061493.810125,vcan0,604,00
1780061493.810142,vcan0,607,01000000
1780061493.859161,vcan0,600,00000000
1780061493.859190,vcan0,601,00000000
1780061493.859208,vcan0,602,7F000000
1780061493.971108,vcan0,600,00000000
1780061493.971137,vcan0,601,00000000
1780061493.971153,vcan0,602,7F000000
1780061494.019122,vcan0,603,00
1780061494.019149,vcan0,604,00
1780061494.019167,vcan0,607,01000000
1780061494.051112,vcan0,606,00
1780061494.082133,vcan0,600,00000000
1780061494.082158,vcan0,601,00000000
1780061494.082174,vcan0,602,7F000000
1780061494.194112,vcan0,600,00000000
1780061494.194141,vcan0,601,00000000
1780061494.194158,vcan0,602,7F000000
1780061494.226119,vcan0,603,00
1780061494.226149,vcan0,604,00
1780061494.226167,vcan0,607,01000000
1780061494.306151,vcan0,600,00000000
1780061494.306184,vcan0,601,00000000
1780061494.306202,vcan0,602,7F000000
1780061494.418106,vcan0,600,00000000
1780061494.418135,vcan0,601,00000000
1780061494.418151,vcan0,602,7F000000
1780061494.434091,vcan0,603,00
1780061494.434115,vcan0,604,00
1780061494.434132,vcan0,607,01000000
1780061494.530106,vcan0,600,00000000
1780061494.530131,vcan0,601,00000000
1780061494.530147,vcan0,602,7F000000
1780061494.562106,vcan0,606,00
1780061494.642107,vcan0,600,00000000
1780061494.642133,vcan0,601,00000000
1780061494.642150,vcan0,602,7F000000
1780061494.642164,vcan0,603,00
1780061494.642176,vcan0,604,00
1780061494.642189,vcan0,607,01000000
1780061494.738140,vcan0,60D,01000000
1780061494.754081,vcan0,600,00000000
1780061494.754103,vcan0,601,00000000
1780061494.754118,vcan0,602,7F000000
1780061494.850098,vcan0,603,00
1780061494.850126,vcan0,604,00
1780061494.850144,vcan0,607,01000000
1780061494.867160,vcan0,600,00000000
1780061494.867186,vcan0,601,00000000
1780061494.867203,vcan0,602,7F000000
1780061494.979106,vcan0,600,00000000
1780061494.979134,vcan0,601,00000000
1780061494.979150,vcan0,602,7F000000
1780061495.058117,vcan0,603,00
1780061495.058155,vcan0,604,00
1780061495.058173,vcan0,607,01000000
1780061495.074163,vcan0,606,00
1780061495.090113,vcan0,600,00000000
1780061495.090145,vcan0,601,00000000
1780061495.090162,vcan0,602,7F000000
1780061495.202103,vcan0,600,00000000
1780061495.202133,vcan0,601,00000000
1780061495.202149,vcan0,602,7F000000
1780061495.250155,vcan0,60D,11000000
1780061495.266165,vcan0,603,00
1780061495.266207,vcan0,604,00
1780061495.266224,vcan0,607,01000000
1780061495.314086,vcan0,600,00000000
1780061495.314111,vcan0,601,00000000
1780061495.314126,vcan0,602,7F000000
1780061495.426113,vcan0,600,00000000
1780061495.426142,vcan0,601,00000000
1780061495.426159,vcan0,602,7F000000
1780061495.474109,vcan0,603,00
1780061495.474148,vcan0,604,00
1780061495.474165,vcan0,607,01000000
1780061495.538095,vcan0,600,00000000
1780061495.538126,vcan0,601,00000000
1780061495.538142,vcan0,602,7F000000
1780061495.586100,vcan0,606,00
1780061495.650114,vcan0,600,00000000
1780061495.650141,vcan0,601,00000000
1780061495.650159,vcan0,602,7F000000
1780061495.682071,vcan0,603,00
1780061495.682095,vcan0,604,00
1780061495.682111,vcan0,607,01000000
1780061495.762084,vcan0,600,00000000
1780061495.762113,vcan0,601,00000000
1780061495.762129,vcan0,602,7F000000
1780061495.875089,vcan0,600,00000000
1780061495.875117,vcan0,601,00000000
1780061495.875135,vcan0,602,7F000000
1780061495.891074,vcan0,603,00
1780061495.891097,vcan0,604,00
1780061495.891113,vcan0,607,01000000
1780061495.987107,vcan0,600,00000000
1780061495.987137,vcan0,601,00000000
1780061495.987154,vcan0,602,7F000000
1780061496.098104,vcan0,600,00000000
1780061496.098138,vcan0,601,00000000
1780061496.098157,vcan0,602,7F000000
1780061496.098172,vcan0,603,00
1780061496.098187,vcan0,604,00
1780061496.098202,vcan0,606,00
1780061496.098213,vcan0,607,01000000
1780061496.210127,vcan0,600,00000000
1780061496.210159,vcan0,601,00000000
1780061496.210178,vcan0,602,7F000000
1780061496.306075,vcan0,603,00
1780061496.306102,vcan0,604,00
1780061496.306119,vcan0,607,01000000
1780061496.322090,vcan0,600,00000000
1780061496.322119,vcan0,601,00000000
1780061496.322134,vcan0,602,7F000000
1780061496.434073,vcan0,600,00000000
1780061496.434101,vcan0,601,00000000
1780061496.434116,vcan0,602,7F000000
1780061496.514083,vcan0,603,00
1780061496.514110,vcan0,604,00
1780061496.514127,vcan0,607,01000000
1780061496.546063,vcan0,600,00000000
1780061496.546086,vcan0,601,00000000
1780061496.546100,vcan0,602,7F000000
1780061496.610096,vcan0,606,00
1780061496.658076,vcan0,600,00000000
1780061496.658105,vcan0,601,00000000
1780061496.658122,vcan0,602,7F000000
1780061496.722068,vcan0,603,00
1780061496.722095,vcan0,604,00
1780061496.722112,vcan0,607,01000000
1780061496.770069,vcan0,600,00000000
1780061496.770095,vcan0,601,00000000
1780061496.770111,vcan0,602,7F000000
1780061496.883099,vcan0,600,00000000
1780061496.883130,vcan0,601,00000000
1780061496.883147,vcan0,602,7F000000
1780061496.931077,vcan0,603,00
1780061496.931106,vcan0,604,00
1780061496.931122,vcan0,607,01000000
1780061496.995127,vcan0,600,00000000
1780061496.995161,vcan0,601,00000000
1780061496.995178,vcan0,602,7F000000
1780061497.043091,vcan0,60D,01000000
1780061497.106067,vcan0,600,00000000
1780061497.106097,vcan0,601,00000000
1780061497.106113,vcan0,602,7F000000
1780061497.122090,vcan0,606,00
1780061497.138067,vcan0,603,00
1780061497.138091,vcan0,604,00
1780061497.138108,vcan0,607,01000000
1780061497.218111,vcan0,600,00000000
1780061497.218148,vcan0,601,00000000
1780061497.218167,vcan0,602,7F000000
1780061497.330073,vcan0,600,00000000
1780061497.330103,vcan0,601,00000000
1780061497.330120,vcan0,602,7F000000
1780061497.346055,vcan0,603,00
1780061497.346079,vcan0,604,00
1780061497.346095,vcan0,607,01000000
1780061497.442090,vcan0,600,00000000
1780061497.442125,vcan0,601,00000000
1780061497.442143,vcan0,602,7F000000
1780061497.554122,vcan0,600,00000000
1780061497.554156,vcan0,601,00000000
1780061497.554174,vcan0,602,7F000000
1780061497.554190,vcan0,603,00
1780061497.554205,vcan0,604,00
1780061497.554222,vcan0,607,01000000
1780061497.634065,vcan0,606,00
1780061497.666072,vcan0,600,00000000
1780061497.666100,vcan0,601,00000000
1780061497.666117,vcan0,602,7F000000
1780061497.762096,vcan0,603,00
1780061497.762124,vcan0,604,00
1780061497.762142,vcan0,607,01000000
1780061497.778048,vcan0,600,00000000
1780061497.778071,vcan0,601,00000000
1780061497.778085,vcan0,602,7F000000
1780061497.891112,vcan0,600,00000000
1780061497.891143,vcan0,601,00000000
1780061497.891160,vcan0,602,7F000000
1780061497.971055,vcan0,603,00
1780061497.971083,vcan0,604,00
1780061497.971101,vcan0,607,01000000
1780061498.003065,vcan0,600,00000000
1780061498.003093,vcan0,601,00000000
1780061498.003109,vcan0,602,7F000000
1780061498.114062,vcan0,600,00000000
1780061498.114090,vcan0,601,00000000
1780061498.114106,vcan0,602,7F000000
1780061498.146056,vcan0,606,00
1780061498.178050,vcan0,603,00
1780061498.178074,vcan0,604,00
1780061498.178091,vcan0,607,01000000
1780061498.226258,vcan0,600,00000000
1780061498.226290,vcan0,601,00000000
1780061498.226308,vcan0,602,7F000000
1780061498.338049,vcan0,600,00000000
1780061498.338076,vcan0,601,00000000
1780061498.338091,vcan0,602,7F000000
1780061498.386066,vcan0,603,00
1780061498.386094,vcan0,604,00
1780061498.386112,vcan0,607,01000000
1780061498.450061,vcan0,600,00000000
1780061498.450089,vcan0,601,00000000
1780061498.450105,vcan0,602,7F000000
1780061498.562056,vcan0,600,00000000
1780061498.562086,vcan0,601,00000000
1780061498.562102,vcan0,602,7F000000
1780061498.594057,vcan0,603,00
1780061498.594083,vcan0,604,00
1780061498.594100,vcan0,607,01000000
1780061498.658091,vcan0,606,00
1780061498.674063,vcan0,600,00000000
1780061498.674089,vcan0,601,00000000
1780061498.674105,vcan0,602,7F000000
1780061498.786064,vcan0,600,00000000
1780061498.786094,vcan0,601,00000000
1780061498.786111,vcan0,602,7F000000
1780061498.802063,vcan0,603,00
1780061498.802087,vcan0,604,00
1780061498.802103,vcan0,607,01000000
1780061498.899100,vcan0,600,00000000
1780061498.899132,vcan0,601,00000000
1780061498.899150,vcan0,602,7F000000
1780061499.011090,vcan0,600,00000000
1780061499.011123,vcan0,601,00000000
1780061499.011141,vcan0,602,7F000000
1780061499.011156,vcan0,603,00
1780061499.011171,vcan0,604,00
1780061499.011185,vcan0,607,01000000
1780061499.122069,vcan0,600,00000000
1780061499.122096,vcan0,601,00000000
1780061499.122113,vcan0,602,7F000000
1780061499.170039,vcan0,606,00
1780061499.218141,vcan0,603,00
1780061499.218176,vcan0,604,00
1780061499.218194,vcan0,607,01000000
1780061499.234039,vcan0,600,00000000
1780061499.234068,vcan0,601,00000000
1780061499.234084,vcan0,602,7F000000
1780061499.346039,vcan0,600,00000000
1780061499.346067,vcan0,601,00000000
1780061499.346082,vcan0,602,7F000000
1780061499.426048,vcan0,603,00
1780061499.426075,vcan0,604,00
1780061499.426093,vcan0,607,01000000
1780061499.458038,vcan0,600,00000000
1780061499.458060,vcan0,601,00000000
1780061499.458075,vcan0,602,7F000000
1780061499.570040,vcan0,600,00000000
1780061499.570070,vcan0,601,00000000
1780061499.570086,vcan0,602,7F000000
1780061499.634039,vcan0,603,00
1780061499.634067,vcan0,604,00
1780061499.634084,vcan0,607,01000000
1780061499.682077,vcan0,600,00000000
1780061499.682106,vcan0,601,00000000
1780061499.682123,vcan0,602,7F000000
1780061499.682139,vcan0,606,00
1780061499.794054,vcan0,600,00000000
1780061499.794082,vcan0,601,00000000
1780061499.794099,vcan0,602,7F000000
1780061499.842039,vcan0,603,00
1780061499.842066,vcan0,604,00
1780061499.842082,vcan0,607,01000000
1780061499.907061,vcan0,600,00000000
1780061499.907090,vcan0,601,00000000
1780061499.907106,vcan0,602,7F000000
1780061500.019066,vcan0,600,00000000
1780061500.019093,vcan0,601,00000000
1780061500.019108,vcan0,602,7F000000
1780061500.051022,vcan0,603,00
1780061500.051046,vcan0,604,00
1780061500.051063,vcan0,607,01000000
1780061500.130100,vcan0,600,00000000
1780061500.130133,vcan0,601,00000000
1780061500.130150,vcan0,602,7F000000
1780061500.194047,vcan0,606,00
1780061500.242032,vcan0,600,00000000
1780061500.242059,vcan0,601,00000000
1780061500.242075,vcan0,602,7F000000
1780061500.258012,vcan0,603,00
1780061500.258035,vcan0,604,00
1780061500.258050,vcan0,607,01000000
1780061500.354029,vcan0,600,00000000
1780061500.354057,vcan0,601,00000000
1780061500.354072,vcan0,602,7F000000
1780061500.466025,vcan0,600,00000000
1780061500.466056,vcan0,601,00000000
1780061500.466072,vcan0,602,7F000000
1780061500.466086,vcan0,603,00
1780061500.466098,vcan0,604,00
1780061500.466111,vcan0,607,01000000
1780061500.578031,vcan0,600,00000000
1780061500.578063,vcan0,601,00000000
1780061500.578080,vcan0,602,7F000000
1780061500.674033,vcan0,603,00
1780061500.674062,vcan0,604,00
1780061500.674079,vcan0,607,01000000
1780061500.690030,vcan0,600,00000000
1780061500.690054,vcan0,601,00000000
1780061500.690070,vcan0,602,7F000000
1780061500.706111,vcan0,606,00
1780061500.802090,vcan0,600,B2000000
1780061500.802126,vcan0,601,00000000
1780061500.802142,vcan0,602,7F000000
1780061500.883024,vcan0,603,00
1780061500.883051,vcan0,604,00
1780061500.883067,vcan0,607,01000000
1780061500.915073,vcan0,600,FF000000
1780061500.915103,vcan0,601,00000000
1780061500.915119,vcan0,602,7F000000
1780061501.027025,vcan0,600,FF000000
1780061501.027054,vcan0,601,00000000
1780061501.027069,vcan0,602,7F000000
1780061501.090026,vcan0,603,00
1780061501.090056,vcan0,604,00
1780061501.090073,vcan0,607,01000000
1780061501.138069,vcan0,600,FF000000
1780061501.138101,vcan0,601,00000000
1780061501.138118,vcan0,602,7F000000
1780061501.218073,vcan0,606,00
1780061501.250038,vcan0,600,FF000000
1780061501.250064,vcan0,601,00000000
1780061501.250078,vcan0,602,7F000000
1780061501.298033,vcan0,603,00
1780061501.298058,vcan0,604,00
1780061501.298075,vcan0,607,01000000
1780061501.362017,vcan0,600,FF000000
1780061501.362041,vcan0,601,00000000
1780061501.362055,vcan0,602,7F000000
1780061501.474026,vcan0,600,FF000000
1780061501.474055,vcan0,601,00000000
1780061501.474070,vcan0,602,7F000000
1780061501.506035,vcan0,603,00
1780061501.506063,vcan0,604,00
1780061501.506079,vcan0,607,01000000
1780061501.586029,vcan0,600,00000000
1780061501.586057,vcan0,601,00000000
1780061501.586074,vcan0,602,8C000000
1780061501.698033,vcan0,600,00000000
1780061501.698061,vcan0,601,00000000
1780061501.698077,vcan0,602,99000000
1780061501.714008,vcan0,603,00
1780061501.714030,vcan0,604,00
1780061501.714044,vcan0,607,01000000
1780061501.730015,vcan0,606,00
1780061501.810035,vcan0,600,00000000
1780061501.810064,vcan0,601,00000000
1780061501.810080,vcan0,602,99000000
1780061501.923030,vcan0,600,66000000
1780061501.923059,vcan0,601,00000000
1780061501.923075,vcan0,602,A5000000
1780061501.923089,vcan0,603,00
1780061501.923101,vcan0,604,00
1780061501.923114,vcan0,607,01000000
1780061502.035024,vcan0,600,FF000000
1780061502.035054,vcan0,601,00000000
1780061502.035070,vcan0,602,A5000000
1780061502.130017,vcan0,603,00
1780061502.130048,vcan0,604,00
1780061502.130065,vcan0,607,01000000
1780061502.145997,vcan0,600,FF000000
1780061502.146018,vcan0,601,00000000
1780061502.146033,vcan0,602,B2000000
1780061502.242019,vcan0,606,00
1780061502.258047,vcan0,600,FF000000
1780061502.258074,vcan0,601,00000000
1780061502.258090,vcan0,602,7F000000
1780061502.338010,vcan0,603,00
1780061502.338036,vcan0,604,00
1780061502.338052,vcan0,607,01000000
1780061502.370055,vcan0,600,FF000000
1780061502.370089,vcan0,601,00000000
1780061502.370108,vcan0,602,7F000000
1780061502.482005,vcan0,600,FF000000
1780061502.482031,vcan0,601,00000000
1780061502.482046,vcan0,602,7F000000
1780061502.546007,vcan0,603,00
1780061502.546032,vcan0,604,00
1780061502.546048,vcan0,607,01000000
1780061502.594032,vcan0,600,FF000000
1780061502.594055,vcan0,601,00000000
1780061502.594070,vcan0,602,7F000000
1780061502.706119,vcan0,600,FF000000
1780061502.706152,vcan0,601,00000000
1780061502.706168,vcan0,602,7F000000
1780061502.754000,vcan0,603,00
1780061502.754025,vcan0,604,00
1780061502.754040,vcan0,606,00
1780061502.754054,vcan0,607,01000000
1780061502.817995,vcan0,600,FF000000
1780061502.818018,vcan0,601,00000000
1780061502.818033,vcan0,602,8C000000
1780061502.931005,vcan0,600,FF000000
1780061502.931033,vcan0,601,00000000
1780061502.931048,vcan0,602,8C000000
1780061502.963025,vcan0,603,00
1780061502.963056,vcan0,604,00
1780061502.963073,vcan0,607,01000000
1780061503.043006,vcan0,600,FF000000
1780061503.043031,vcan0,601,00000000
1780061503.043047,vcan0,602,99000000
1780061503.154036,vcan0,600,FF000000
1780061503.154068,vcan0,601,00000000
1780061503.154085,vcan0,602,99000000
1780061503.170007,vcan0,603,00
1780061503.170033,vcan0,604,00
1780061503.170050,vcan0,607,01000000
1780061503.266015,vcan0,600,FF000000
1780061503.266044,vcan0,601,00000000
1780061503.266060,vcan0,602,A5000000
1780061503.266076,vcan0,606,00
1780061503.378023,vcan0,600,FF000000
1780061503.378055,vcan0,601,00000000
1780061503.378071,vcan0,602,B2000000
1780061503.378087,vcan0,603,00
1780061503.378100,vcan0,604,00
1780061503.378114,vcan0,607,01000000
1780061503.490003,vcan0,600,FF000000
1780061503.490032,vcan0,601,00000000
1780061503.490047,vcan0,602,B2000000
1780061503.585997,vcan0,603,00
1780061503.586026,vcan0,604,00
1780061503.586044,vcan0,607,01000000
1780061503.601998,vcan0,600,FF000000
1780061503.602021,vcan0,601,00000000
1780061503.602037,vcan0,602,7F000000
1780061503.714006,vcan0,600,00000000
1780061503.714035,vcan0,601,00000000
1780061503.714051,vcan0,602,7F000000
1780061503.778024,vcan0,606,00
1780061503.794062,vcan0,603,00
1780061503.794091,vcan0,604,00
1780061503.794109,vcan0,607,01000000
1780061503.826023,vcan0,600,00000000
1780061503.826049,vcan0,601,00000000
1780061503.826068,vcan0,602,7F000000
1780061503.939066,vcan0,600,00000000
1780061503.939103,vcan0,601,00000000
1780061503.939124,vcan0,602,8C000000
1780061504.003020,vcan0,603,00
1780061504.003051,vcan0,604,00
1780061504.003069,vcan0,607,01000000
1780061504.050991,vcan0,600,00000000
1780061504.051019,vcan0,601,00000000
1780061504.051035,vcan0,602,99000000
1780061504.161986,vcan0,600,00000000
1780061504.162014,vcan0,601,00000000
1780061504.162030,vcan0,602,99000000
1780061504.210032,vcan0,603,00
1780061504.210068,vcan0,604,00
1780061504.210087,vcan0,607,01000000
1780061504.274008,vcan0,600,00000000
1780061504.274035,vcan0,601,00000000
1780061504.274051,vcan0,602,A5000000
1780061504.289995,vcan0,606,00
1780061504.386003,vcan0,600,00000000
1780061504.386035,vcan0,601,00000000
1780061504.386054,vcan0,602,A5000000
1780061504.418000,vcan0,603,00
1780061504.418027,vcan0,604,00
1780061504.418045,vcan0,607,01000000
1780061504.498039,vcan0,600,00000000
1780061504.498068,vcan0,601,00000000
1780061504.498084,vcan0,602,B2000000
1780061504.610000,vcan0,600,00000000
1780061504.610030,vcan0,601,00000000
1780061504.610047,vcan0,602,B2000000
1780061504.625974,vcan0,603,00
1780061504.625996,vcan0,604,00
1780061504.626011,vcan0,607,01000000
1780061504.721984,vcan0,600,00000000
1780061504.722012,vcan0,601,00000000
1780061504.722029,vcan0,602,7F000000
1780061504.801998,vcan0,606,00
1780061504.833985,vcan0,600,99000000
1780061504.834010,vcan0,601,00000000
1780061504.834026,vcan0,602,7F000000
1780061504.834040,vcan0,603,00
1780061504.834054,vcan0,604,00
1780061504.834067,vcan0,607,01000000
1780061504.946987,vcan0,600,FF000000
1780061504.947015,vcan0,601,00000000
1780061504.947031,vcan0,602,7F000000
1780061505.042997,vcan0,603,00
1780061505.043027,vcan0,604,00
1780061505.043045,vcan0,607,01000000
1780061505.058025,vcan0,600,FF000000
1780061505.058052,vcan0,601,00000000
1780061505.058068,vcan0,602,7F000000
1780061505.169998,vcan0,600,FF000000
1780061505.170030,vcan0,601,00000000
1780061505.170047,vcan0,602,7F000000
1780061505.250026,vcan0,603,00
1780061505.250058,vcan0,604,00
1780061505.250076,vcan0,607,01000000
1780061505.282035,vcan0,600,FF000000
1780061505.282066,vcan0,601,00000000
1780061505.282083,vcan0,602,7F000000
1780061505.313987,vcan0,606,00
1780061505.394060,vcan0,600,FF000000
1780061505.394095,vcan0,601,00000000
1780061505.394113,vcan0,602,7F000000
1780061505.458015,vcan0,603,00
1780061505.458043,vcan0,604,00
1780061505.458061,vcan0,607,01000000
1780061505.505986,vcan0,600,00000000
1780061505.506014,vcan0,601,00000000
1780061505.506030,vcan0,602,7F000000
1780061505.617983,vcan0,600,00000000
1780061505.618012,vcan0,601,00000000
1780061505.618030,vcan0,602,8C000000
1780061505.665990,vcan0,603,00
1780061505.666018,vcan0,604,00
1780061505.666034,vcan0,607,01000000
1780061505.729965,vcan0,600,00000000
1780061505.729990,vcan0,601,00000000
1780061505.730006,vcan0,602,8C000000
1780061505.826055,vcan0,606,00
1780061505.841970,vcan0,600,00000000
1780061505.841993,vcan0,601,00000000
1780061505.842009,vcan0,602,7F000000
1780061505.874966,vcan0,603,00
1780061505.874991,vcan0,604,00
1780061505.875007,vcan0,607,01000000
1780061505.954965,vcan0,600,00000000
1780061505.954995,vcan0,601,00000000
1780061505.955012,vcan0,602,7F000000
1780061506.065976,vcan0,600,00000000
1780061506.066006,vcan0,601,00000000
1780061506.066023,vcan0,602,7F000000
1780061506.081960,vcan0,603,00
1780061506.081984,vcan0,604,00
1780061506.082000,vcan0,607,01000000
1780061506.177970,vcan0,600,00000000
1780061506.177999,vcan0,601,00000000
1780061506.178016,vcan0,602,7F000000
1780061506.289969,vcan0,600,00000000
1780061506.289998,vcan0,601,00000000
1780061506.290016,vcan0,602,7F000000
1780061506.290031,vcan0,603,00
1780061506.290045,vcan0,604,00
1780061506.290060,vcan0,607,01000000
1780061506.337981,vcan0,606,00
1780061506.401993,vcan0,600,00000000
1780061506.402024,vcan0,601,00000000
1780061506.402040,vcan0,602,8C000000
1780061506.497959,vcan0,603,00
1780061506.497984,vcan0,604,00
1780061506.498001,vcan0,607,01000000
1780061506.513951,vcan0,600,00000000
1780061506.513974,vcan0,601,00000000
1780061506.513988,vcan0,602,7F000000
1780061506.625991,vcan0,600,00000000
1780061506.626020,vcan0,601,00000000
1780061506.626037,vcan0,602,7F000000
1780061506.705960,vcan0,603,00
1780061506.705989,vcan0,604,00
1780061506.706006,vcan0,607,01000000
1780061506.737997,vcan0,600,00000000
1780061506.738025,vcan0,601,00000000
1780061506.738042,vcan0,602,7F000000
1780061506.849995,vcan0,600,19000000
1780061506.850025,vcan0,601,00000000
1780061506.850040,vcan0,602,7F000000
1780061506.850056,vcan0,606,00
1780061506.914975,vcan0,603,00
1780061506.915004,vcan0,604,00
1780061506.915020,vcan0,607,01000000
1780061506.962976,vcan0,600,CC000000
1780061506.963005,vcan0,601,00000000
1780061506.963022,vcan0,602,7F000000
1780061507.073958,vcan0,600,FF000000
1780061507.073988,vcan0,601,00000000
1780061507.074005,vcan0,602,7F000000
1780061507.121969,vcan0,603,00
1780061507.121997,vcan0,604,00
1780061507.122014,vcan0,607,01000000
1780061507.185974,vcan0,600,FF000000
1780061507.186003,vcan0,601,00000000
1780061507.186018,vcan0,602,7F000000
1780061507.297961,vcan0,600,FF000000
1780061507.297989,vcan0,601,00000000
1780061507.298004,vcan0,602,72000000
1780061507.329975,vcan0,603,00
1780061507.330008,vcan0,604,00
1780061507.330026,vcan0,607,01000000
1780061507.361950,vcan0,606,00
1780061507.409979,vcan0,600,FF000000
1780061507.410010,vcan0,601,00000000
1780061507.410027,vcan0,602,72000000
1780061507.521960,vcan0,600,FF000000
1780061507.521993,vcan0,601,00000000
1780061507.522010,vcan0,602,7F000000
1780061507.537961,vcan0,603,00
1780061507.537986,vcan0,604,00
1780061507.538003,vcan0,607,01000000
1780061507.634039,vcan0,600,FF000000
1780061507.634075,vcan0,601,00000000
1780061507.634092,vcan0,602,7F000000
1780061507.745949,vcan0,600,FF000000
1780061507.745980,vcan0,601,00000000
1780061507.745995,vcan0,602,7F000000
1780061507.746010,vcan0,603,00
1780061507.746023,vcan0,604,00
1780061507.746037,vcan0,607,01000000
1780061507.858963,vcan0,600,FF000000
1780061507.858993,vcan0,601,00000000
1780061507.859009,vcan0,602,7F000000
1780061507.874940,vcan0,606,00
1780061507.955008,vcan0,603,00
1780061507.955043,vcan0,604,00
1780061507.955062,vcan0,607,01000000
1780061507.970946,vcan0,600,FF000000
1780061507.970971,vcan0,601,00000000
1780061507.970985,vcan0,602,7F000000
1780061508.081947,vcan0,600,FF000000
1780061508.081978,vcan0,601,00000000
1780061508.081995,vcan0,602,7F000000
1780061508.161944,vcan0,603,00
1780061508.161972,vcan0,604,00
1780061508.161989,vcan0,607,01000000
1780061508.193948,vcan0,600,FF000000
1780061508.193978,vcan0,601,00000000
1780061508.193993,vcan0,602,7F000000
1780061508.305953,vcan0,600,00000000
1780061508.305980,vcan0,601,00000000
1780061508.305996,vcan0,602,7F000000
1780061508.370039,vcan0,603,00
1780061508.370074,vcan0,604,00
1780061508.370091,vcan0,607,01000000
1780061508.385929,vcan0,606,00
1780061508.417938,vcan0,600,00000000
1780061508.417964,vcan0,601,00000000
1780061508.417979,vcan0,602,7F000000
1780061508.529945,vcan0,600,00000000
1780061508.529975,vcan0,601,00000000
1780061508.529991,vcan0,602,7F000000
1780061508.578010,vcan0,603,00
1780061508.578049,vcan0,604,00
1780061508.578068,vcan0,607,01000000
1780061508.641942,vcan0,600,00000000
1780061508.641968,vcan0,601,00000000
1780061508.641984,vcan0,602,7F000000
1780061508.674024,vcan0,60D,09000000
1780061508.753943,vcan0,600,00000000
1780061508.753972,vcan0,601,FF000000
1780061508.753987,vcan0,602,7F000000
1780061508.785937,vcan0,603,00
1780061508.785963,vcan0,604,00
1780061508.785979,vcan0,607,01000000
1780061508.866939,vcan0,600,00000000
1780061508.866970,vcan0,601,FF000000
1780061508.866985,vcan0,602,7F000000
1780061508.898944,vcan0,606,00
1780061508.979047,vcan0,600,00000000
1780061508.979083,vcan0,601,FF000000
1780061508.979099,vcan0,602,7F000000
1780061508.994927,vcan0,603,00
1780061508.994949,vcan0,604,00
1780061508.994964,vcan0,607,01000000
1780061509.089971,vcan0,600,00000000
1780061509.090001,vcan0,601,FF000000
1780061509.090018,vcan0,602,7F000000
1780061509.201946,vcan0,600,00000000
1780061509.201977,vcan0,601,FF000000
1780061509.201992,vcan0,602,7F000000
1780061509.202006,vcan0,603,00
1780061509.202019,vcan0,604,00
1780061509.202033,vcan0,607,01000000
1780061509.313948,vcan0,600,00000000
1780061509.313977,vcan0,601,FF000000
1780061509.313997,vcan0,602,7F000000
1780061509.409947,vcan0,603,00
1780061509.409975,vcan0,604,00
1780061509.409992,vcan0,606,00
1780061509.410008,vcan0,607,01000000
1780061509.425946,vcan0,600,00000000
1780061509.425972,vcan0,601,FF000000
1780061509.425988,vcan0,602,7F000000
1780061509.537963,vcan0,600,00000000
1780061509.537992,vcan0,601,FF000000
1780061509.538008,vcan0,602,7F000000
1780061509.617931,vcan0,603,00
1780061509.617958,vcan0,604,00
1780061509.617974,vcan0,607,01000000
1780061509.649929,vcan0,600,00000000
1780061509.649956,vcan0,601,FF000000
1780061509.649970,vcan0,602,7F000000
1780061509.761943,vcan0,600,00000000
1780061509.761973,vcan0,601,FF000000
1780061509.761988,vcan0,602,7F000000
1780061509.825949,vcan0,603,00
1780061509.825979,vcan0,604,00
1780061509.825996,vcan0,607,01000000
1780061509.875016,vcan0,600,00000000
1780061509.875044,vcan0,601,FF000000
1780061509.875060,vcan0,602,7F000000
1780061509.922945,vcan0,60D,01000000
1780061509.922978,vcan0,606,00
1780061509.986921,vcan0,600,00000000
1780061509.986946,vcan0,601,00000000
1780061509.986961,vcan0,602,7F000000
1780061510.034915,vcan0,603,00
1780061510.034942,vcan0,604,00
1780061510.034958,vcan0,607,01000000
1780061510.097927,vcan0,600,00000000
1780061510.097956,vcan0,601,00000000
1780061510.097972,vcan0,602,7F000000
1780061510.209924,vcan0,600,00000000
1780061510.209954,vcan0,601,00000000
1780061510.209969,vcan0,602,7F000000
1780061510.241915,vcan0,603,00
1780061510.241938,vcan0,604,00
1780061510.241953,vcan0,607,01000000
1780061510.321991,vcan0,600,00000000
1780061510.322041,vcan0,601,00000000
1780061510.322076,vcan0,602,7F000000
1780061510.433925,vcan0,600,00000000
1780061510.433959,vcan0,601,00000000
1780061510.433975,vcan0,602,7F000000
1780061510.433992,vcan0,606,00
1780061510.449926,vcan0,603,00
1780061510.449954,vcan0,604,00
1780061510.449972,vcan0,607,01000000
1780061510.545948,vcan0,600,00000000
1780061510.545976,vcan0,601,00000000
1780061510.545993,vcan0,602,7F000000
1780061510.657926,vcan0,600,00000000
1780061510.657954,vcan0,601,00000000
1780061510.657969,vcan0,602,7F000000
1780061510.657983,vcan0,603,00
1780061510.657996,vcan0,604,00
1780061510.658009,vcan0,607,01000000
1780061510.769929,vcan0,600,00000000
1780061510.769960,vcan0,601,00000000
1780061510.769977,vcan0,602,7F000000
1780061510.866960,vcan0,60D,09000000
1780061510.866992,vcan0,603,00
1780061510.867009,vcan0,604,00
1780061510.867023,vcan0,607,01000000
1780061510.882905,vcan0,600,00000000
1780061510.882926,vcan0,601,66000000
1780061510.882941,vcan0,602,7F000000
1780061510.946994,vcan0,606,00
1780061510.994925,vcan0,600,00000000
1780061510.994959,vcan0,601,FF000000
1780061510.994975,vcan0,602,7F000000
1780061511.073936,vcan0,603,00
1780061511.073966,vcan0,604,00
1780061511.073984,vcan0,607,01000000
1780061511.105934,vcan0,60D,01000000
1780061511.105965,vcan0,600,00000000
1780061511.105981,vcan0,601,00000000
1780061511.105996,vcan0,602,7F000000
1780061511.217912,vcan0,600,00000000
1780061511.217941,vcan0,601,00000000
1780061511.217958,vcan0,602,7F000000
1780061511.281919,vcan0,603,00
1780061511.281947,vcan0,604,00
1780061511.281964,vcan0,607,01000000
1780061511.329915,vcan0,600,00000000
1780061511.329942,vcan0,601,00000000
1780061511.329957,vcan0,602,7F000000
1780061511.441914,vcan0,600,00000000
1780061511.441943,vcan0,601,00000000
1780061511.441960,vcan0,602,7F000000
1780061511.457928,vcan0,606,00
1780061511.489939,vcan0,603,00
1780061511.490010,vcan0,604,00
1780061511.490054,vcan0,607,01000000
1780061511.553921,vcan0,600,00000000
1780061511.553949,vcan0,601,00000000
1780061511.553965,vcan0,602,7F000000
1780061511.665922,vcan0,600,00000000
1780061511.665952,vcan0,601,00000000
1780061511.665968,vcan0,602,7F000000
1780061511.697913,vcan0,603,00
1780061511.697939,vcan0,604,00
1780061511.697955,vcan0,607,01000000
1780061511.777906,vcan0,600,00000000
1780061511.777935,vcan0,601,00000000
1780061511.777951,vcan0,602,7F000000
1780061511.890934,vcan0,600,00000000
1780061511.890965,vcan0,601,00000000
1780061511.890982,vcan0,602,7F000000
1780061511.907143,vcan0,603,00
1780061511.907183,vcan0,604,00
1780061511.907206,vcan0,607,01000000
1780061511.970929,vcan0,606,00
1780061512.002932,vcan0,600,00000000
1780061512.002959,vcan0,601,00000000
1780061512.002976,vcan0,602,7F000000
1780061512.113907,vcan0,600,00000000
1780061512.113934,vcan0,601,00000000
1780061512.113951,vcan0,602,7F000000
1780061512.113965,vcan0,603,00
1780061512.113978,vcan0,604,00
1780061512.113993,vcan0,607,01000000
1780061512.225970,vcan0,600,00000000
1780061512.226004,vcan0,601,00000000
1780061512.226023,vcan0,602,7F000000
1780061512.321901,vcan0,603,00
1780061512.321931,vcan0,604,00
1780061512.321948,vcan0,607,01000000
1780061512.337894,vcan0,600,00000000
1780061512.337918,vcan0,601,00000000
1780061512.337934,vcan0,602,7F000000
1780061512.450079,vcan0,600,00000000
1780061512.450141,vcan0,601,00000000
1780061512.450159,vcan0,602,7F000000
1780061512.481891,vcan0,606,00
1780061512.529913,vcan0,603,00
1780061512.529944,vcan0,604,00
1780061512.529962,vcan0,607,01000000
1780061512.561902,vcan0,600,00000000
1780061512.561931,vcan0,601,00000000
1780061512.561946,vcan0,602,7F000000
1780061512.673911,vcan0,600,00000000
1780061512.673942,vcan0,601,00000000
1780061512.673958,vcan0,602,7F000000
1780061512.737895,vcan0,603,00
1780061512.737920,vcan0,604,00
1780061512.737936,vcan0,607,01000000
1780061512.785898,vcan0,600,00000000
1780061512.785926,vcan0,601,00000000
1780061512.785942,vcan0,602,7F000000
1780061512.898892,vcan0,600,00000000
1780061512.898920,vcan0,601,00000000
1780061512.898937,vcan0,602,7F000000
1780061512.946911,vcan0,603,00
1780061512.946942,vcan0,604,00
1780061512.946959,vcan0,607,01000000
1780061512.994893,vcan0,606,00
1780061513.010892,vcan0,600,00000000
1780061513.010917,vcan0,601,00000000
1780061513.010932,vcan0,602,7F000000
1780061513.121892,vcan0,600,00000000
1780061513.121919,vcan0,601,00000000
1780061513.121934,vcan0,602,7F000000
1780061513.153900,vcan0,603,00
1780061513.153929,vcan0,604,00
1780061513.153946,vcan0,607,01000000
1780061513.233890,vcan0,600,00000000
1780061513.233917,vcan0,601,00000000
1780061513.233933,vcan0,602,7F000000
1780061513.345910,vcan0,600,00000000
1780061513.345943,vcan0,601,00000000
1780061513.345959,vcan0,602,7F000000
1780061513.361905,vcan0,603,00
1780061513.361930,vcan0,604,00
1780061513.361946,vcan0,607,01000000
1780061513.457918,vcan0,600,00000000
1780061513.457959,vcan0,601,00000000
1780061513.457978,vcan0,602,7F000000
1780061513.505928,vcan0,606,00
1780061513.569912,vcan0,600,00000000
1780061513.569941,vcan0,601,00000000
1780061513.569958,vcan0,602,7F000000
1780061513.569976,vcan0,603,00
1780061513.569990,vcan0,604,00
1780061513.570005,vcan0,607,01000000
1780061513.681896,vcan0,600,00000000
1780061513.681925,vcan0,601,00000000
1780061513.681942,vcan0,602,7F000000
1780061513.777945,vcan0,603,00
1780061513.777997,vcan0,604,00
1780061513.778023,vcan0,607,01000000
1780061513.793909,vcan0,600,00000000
1780061513.793934,vcan0,601,00000000
1780061513.793950,vcan0,602,7F000000
1780061513.906888,vcan0,600,00000000
1780061513.906917,vcan0,601,00000000
1780061513.906935,vcan0,602,7F000000
1780061513.986890,vcan0,603,00
1780061513.986920,vcan0,604,00
1780061513.986937,vcan0,607,01000000
1780061514.018891,vcan0,600,00000000
1780061514.018919,vcan0,601,00000000
1780061514.018935,vcan0,602,7F000000
1780061514.018951,vcan0,606,00
1780061514.129933,vcan0,600,00000000
1780061514.129966,vcan0,601,00000000
1780061514.129982,vcan0,602,7F000000
1780061514.193893,vcan0,603,00
1780061514.193920,vcan0,604,00
1780061514.193937,vcan0,607,01000000
1780061514.241892,vcan0,600,00000000
1780061514.241923,vcan0,601,00000000
1780061514.241943,vcan0,602,7F000000
1780061514.353913,vcan0,600,00000000
1780061514.353948,vcan0,601,00000000
1780061514.353966,vcan0,602,7F000000
1780061514.401879,vcan0,603,00
1780061514.401919,vcan0,604,00
1780061514.401938,vcan0,607,01000000
1780061514.465887,vcan0,600,00000000
1780061514.465922,vcan0,601,00000000
1780061514.465950,vcan0,602,7F000000
1780061514.529936,vcan0,606,00
1780061514.577886,vcan0,600,00000000
1780061514.577929,vcan0,601,00000000
1780061514.577950,vcan0,602,7F000000
1780061514.609872,vcan0,603,00
1780061514.609897,vcan0,604,00
1780061514.609913,vcan0,607,01000000
1780061514.689890,vcan0,600,00000000
1780061514.689919,vcan0,601,00000000
1780061514.689935,vcan0,602,7F000000
1780061514.801896,vcan0,600,00000000
1780061514.801926,vcan0,601,00000000
1780061514.801942,vcan0,602,7F000000
1780061514.817875,vcan0,603,00
1780061514.817897,vcan0,604,00
1780061514.817914,vcan0,607,01000000
1780061514.914887,vcan0,600,00000000
1780061514.914917,vcan0,601,00000000
1780061514.914934,vcan0,602,7F000000
1780061515.026871,vcan0,600,00000000
1780061515.026900,vcan0,601,00000000
1780061515.026916,vcan0,602,7F000000
1780061515.026931,vcan0,603,00
1780061515.026944,vcan0,604,00
1780061515.026957,vcan0,607,01000000
1780061515.042855,vcan0,606,00
1780061515.137863,vcan0,600,00000000
1780061515.137889,vcan0,601,00000000
1780061515.137904,vcan0,602,7F000000
1780061515.233895,vcan0,603,00
1780061515.233923,vcan0,604,00
1780061515.233941,vcan0,607,01000000
1780061515.249860,vcan0,600,00000000
1780061515.249883,vcan0,601,00000000
1780061515.249898,vcan0,602,7F000000
1780061515.361864,vcan0,600,00000000
1780061515.361894,vcan0,601,00000000
1780061515.361909,vcan0,602,7F000000
1780061515.441884,vcan0,603,00
1780061515.441915,vcan0,604,00
1780061515.441934,vcan0,607,01000000
1780061515.473856,vcan0,600,00000000
1780061515.473879,vcan0,601,00000000
1780061515.473894,vcan0,602,7F000000
1780061515.553868,vcan0,606,00
1780061515.585863,vcan0,600,00000000
1780061515.585889,vcan0,601,00000000
1780061515.585905,vcan0,602,7F000000
1780061515.649860,vcan0,603,00
1780061515.649886,vcan0,604,00
1780061515.649902,vcan0,607,01000000
1780061515.697860,vcan0,600,00000000
1780061515.697888,vcan0,601,00000000
1780061515.697904,vcan0,602,7F000000
1780061515.809916,vcan0,600,00000000
1780061515.809953,vcan0,601,00000000
1780061515.809971,vcan0,602,7F000000
1780061515.858863,vcan0,603,00
1780061515.858889,vcan0,604,00
1780061515.858906,vcan0,607,01000000
1780061515.922920,vcan0,600,00000000
1780061515.922950,vcan0,601,00000000
1780061515.922967,vcan0,602,7F000000
1780061516.034877,vcan0,600,00000000
1780061516.034906,vcan0,601,00000000
1780061516.034921,vcan0,602,7F000000
1780061516.065929,vcan0,603,00
1780061516.065977,vcan0,604,00
1780061516.066001,vcan0,606,00
1780061516.066023,vcan0,607,01000000
1780061516.145885,vcan0,600,00000000
1780061516.145914,vcan0,601,00000000
1780061516.145931,vcan0,602,7F000000
1780061516.257861,vcan0,600,00000000
1780061516.257891,vcan0,601,00000000
1780061516.257910,vcan0,602,7F000000
1780061516.273908,vcan0,603,00
1780061516.273936,vcan0,604,00
1780061516.273953,vcan0,607,01000000
1780061516.369884,vcan0,600,00000000
1780061516.369917,vcan0,601,00000000
1780061516.369934,vcan0,602,7F000000
1780061516.481917,vcan0,600,00000000
1780061516.481946,vcan0,601,00000000
1780061516.481964,vcan0,602,7F000000
1780061516.481978,vcan0,603,00
1780061516.481990,vcan0,604,00
1780061516.482004,vcan0,607,01000000
1780061516.577866,vcan0,606,00
1780061516.593889,vcan0,600,00000000
1780061516.593918,vcan0,601,00000000
1780061516.593940,vcan0,602,7F000000
1780061516.689850,vcan0,603,00
1780061516.689878,vcan0,604,00
1780061516.689895,vcan0,607,01000000
1780061516.705862,vcan0,600,00000000
1780061516.705890,vcan0,601,00000000
1780061516.705905,vcan0,602,7F000000
1780061516.817865,vcan0,600,00000000
1780061516.817895,vcan0,601,00000000
1780061516.817912,vcan0,602,7F000000
1780061516.898869,vcan0,603,00
1780061516.898898,vcan0,604,00
1780061516.898916,vcan0,607,01000000
1780061516.930853,vcan0,600,00000000
1780061516.930883,vcan0,601,00000000
1780061516.930899,vcan0,602,7F000000
1780061517.042856,vcan0,600,00000000
1780061517.042887,vcan0,601,00000000
1780061517.042904,vcan0,602,7F000000
1780061517.089852,vcan0,606,00
1780061517.105919,vcan0,603,00
1780061517.105949,vcan0,604,00
1780061517.105967,vcan0,607,01000000
1780061517.153870,vcan0,600,00000000
1780061517.153901,vcan0,601,00000000
1780061517.153917,vcan0,602,7F000000
1780061517.265850,vcan0,600,00000000
1780061517.265884,vcan0,601,00000000
1780061517.265901,vcan0,602,7F000000
1780061517.313860,vcan0,603,00
1780061517.313888,vcan0,604,00
1780061517.313906,vcan0,607,01000000
1780061517.377855,vcan0,600,00000000
1780061517.377885,vcan0,601,00000000
1780061517.377900,vcan0,602,7F000000
1780061517.489852,vcan0,600,00000000
1780061517.489881,vcan0,601,00000000
1780061517.489898,vcan0,602,7F000000
1780061517.521860,vcan0,603,00
1780061517.521890,vcan0,604,00
1780061517.521908,vcan0,607,01000000
1780061517.601851,vcan0,600,00000000
1780061517.601882,vcan0,601,00000000
1780061517.601898,vcan0,602,7F000000
1780061517.601914,vcan0,606,00
1780061517.713842,vcan0,600,00000000
1780061517.713872,vcan0,601,00000000
1780061517.713888,vcan0,602,7F000000
1780061517.729832,vcan0,603,00
1780061517.729854,vcan0,604,00
1780061517.729869,vcan0,607,01000000
1780061517.825846,vcan0,600,00000000
1780061517.825875,vcan0,601,00000000
1780061517.825892,vcan0,602,7F000000
1780061517.938839,vcan0,600,00000000
1780061517.938867,vcan0,601,00000000
1780061517.938883,vcan0,602,7F000000
1780061517.938897,vcan0,603,00
1780061517.938909,vcan0,604,00
1780061517.938922,vcan0,607,01000000
1780061518.050836,vcan0,600,00000000
1780061518.050864,vcan0,601,00000000
1780061518.050880,vcan0,602,7F000000
1780061518.113835,vcan0,606,00
1780061518.145827,vcan0,603,00
1780061518.145852,vcan0,604,00
1780061518.145869,vcan0,607,01000000
1780061518.161846,vcan0,600,00000000
1780061518.161874,vcan0,601,00000000
1780061518.161890,vcan0,602,7F000000
1780061518.273834,vcan0,600,00000000
1780061518.273864,vcan0,601,00000000
1780061518.273880,vcan0,602,7F000000
1780061518.353844,vcan0,603,00
1780061518.353873,vcan0,604,00
1780061518.353891,vcan0,607,01000000
1780061518.385839,vcan0,600,00000000
1780061518.385864,vcan0,601,00000000
1780061518.385879,vcan0,602,7F000000
1780061518.497835,vcan0,600,00000000
1780061518.497869,vcan0,601,00000000
1780061518.497884,vcan0,602,7F000000
1780061518.561821,vcan0,603,00
1780061518.561848,vcan0,604,00
1780061518.561865,vcan0,607,01000000
1780061518.609833,vcan0,600,00000000
1780061518.609862,vcan0,601,00000000
1780061518.609878,vcan0,602,7F000000
1780061518.625855,vcan0,606,00
1780061518.721851,vcan0,600,00000000
1780061518.721884,vcan0,601,00000000
1780061518.721901,vcan0,602,7F000000
1780061518.769827,vcan0,603,00
1780061518.769853,vcan0,604,00
1780061518.769870,vcan0,607,01000000
1780061518.833856,vcan0,600,00000000
1780061518.833891,vcan0,601,00000000
1780061518.833909,vcan0,602,7F000000
1780061518.946828,vcan0,600,00000000
1780061518.946857,vcan0,601,00000000
1780061518.946872,vcan0,602,7F000000
1780061518.978823,vcan0,603,00
1780061518.978850,vcan0,604,00
1780061518.978866,vcan0,607,01000000
1780061519.057858,vcan0,600,00000000
1780061519.057887,vcan0,601,00000000
1780061519.057902,vcan0,602,7F000000
1780061519.138136,vcan0,606,00
1780061519.169824,vcan0,600,00000000
1780061519.169850,vcan0,601,00000000
1780061519.169866,vcan0,602,7F000000
1780061519.185842,vcan0,603,00
1780061519.185870,vcan0,604,00
1780061519.185886,vcan0,607,01000000
