timestamp,bus,can_id,payload
1780062816.116256,vcan0,600,00000000
1780062816.116286,vcan0,601,00000000
1780062816.116302,vcan0,602,7F000000
1780062816.228252,vcan0,600,00000000
1780062816.228280,vcan0,601,00000000
1780062816.228297,vcan0,602,7F000000
1780062816.260240,vcan0,603,00
1780062816.260267,vcan0,604,00
1780062816.260283,vcan0,607,01000000
1780062816.340240,vcan0,600,00000000
1780062816.340267,vcan0,601,00000000
1780062816.340284,vcan0,602,7F000000
1780062816.452255,vcan0,600,00000000
1780062816.452283,vcan0,601,00000000
1780062816.452300,vcan0,602,7F000000
1780062816.468258,vcan0,603,00
1780062816.468281,vcan0,604,00
1780062816.468297,vcan0,607,01000000
1780062816.532271,vcan0,606,00
1780062816.564242,vcan0,600,00000000
1780062816.564267,vcan0,601,00000000
1780062816.564281,vcan0,602,7F000000
1780062816.676253,vcan0,600,00000000
1780062816.676281,vcan0,601,00000000
1780062816.676298,vcan0,602,7F000000
1780062816.676311,vcan0,603,00
1780062816.676323,vcan0,604,00
1780062816.676336,vcan0,607,01000000
1780062816.788264,vcan0,600,00000000
1780062816.788294,vcan0,601,00000000
1780062816.788310,vcan0,602,7F000000
1780062816.885245,vcan0,603,00
1780062816.885272,vcan0,604,00
1780062816.885289,vcan0,607,01000000
1780062816.901228,vcan0,600,00000000
1780062816.901250,vcan0,601,00000000
1780062816.901266,vcan0,602,7F000000
1780062817.013232,vcan0,600,00000000
1780062817.013261,vcan0,601,00000000
1780062817.013278,vcan0,602,7F000000
1780062817.044223,vcan0,606,00
1780062817.092231,vcan0,603,00
1780062817.092257,vcan0,604,00
1780062817.092275,vcan0,607,01000000
1780062817.124255,vcan0,600,00000000
1780062817.124283,vcan0,601,00000000
1780062817.124298,vcan0,602,7F000000
1780062817.236268,vcan0,600,00000000
1780062817.236298,vcan0,601,00000000
1780062817.236315,vcan0,602,7F000000
1780062817.300243,vcan0,603,00
1780062817.300268,vcan0,604,00
1780062817.300284,vcan0,607,01000000
1780062817.348234,vcan0,600,00000000
1780062817.348261,vcan0,601,00000000
1780062817.348277,vcan0,602,7F000000
1780062817.460274,vcan0,600,00000000
1780062817.460313,vcan0,601,00000000
1780062817.460333,vcan0,602,7F000000
1780062817.508229,vcan0,603,00
1780062817.508255,vcan0,604,00
1780062817.508272,vcan0,607,01000000
1780062817.556262,vcan0,606,00
1780062817.572224,vcan0,600,00000000
1780062817.572249,vcan0,601,00000000
1780062817.572266,vcan0,602,7F000000
1780062817.684230,vcan0,600,00000000
1780062817.684259,vcan0,601,00000000
1780062817.684276,vcan0,602,7F000000
1780062817.716241,vcan0,603,00
1780062817.716269,vcan0,604,00
1780062817.716286,vcan0,607,01000000
1780062817.796225,vcan0,600,00000000
1780062817.796250,vcan0,601,00000000
1780062817.796265,vcan0,602,7F000000
1780062817.909226,vcan0,600,00000000
1780062817.909255,vcan0,601,00000000
1780062817.909271,vcan0,602,7F000000
1780062817.925203,vcan0,603,00
1780062817.925224,vcan0,604,00
1780062817.925238,vcan0,607,01000000
1780062818.021215,vcan0,600,00000000
1780062818.021241,vcan0,601,00000000
1780062818.021257,vcan0,602,7F000000
1780062818.068221,vcan0,606,00
1780062818.132217,vcan0,600,00000000
1780062818.132242,vcan0,601,00000000
1780062818.132258,vcan0,602,7F000000
1780062818.132272,vcan0,603,00
1780062818.132284,vcan0,604,00
1780062818.132297,vcan0,607,01000000
1780062818.244273,vcan0,600,00000000
1780062818.244303,vcan0,601,00000000
1780062818.244319,vcan0,602,7F000000
1780062818.340244,vcan0,603,00
1780062818.340275,vcan0,604,00
1780062818.340300,vcan0,607,01000000
1780062818.356258,vcan0,600,00000000
1780062818.356285,vcan0,601,00000000
1780062818.356301,vcan0,602,7F000000
1780062818.468220,vcan0,600,00000000
1780062818.468247,vcan0,601,00000000
1780062818.468263,vcan0,602,7F000000
1780062818.548271,vcan0,603,00
1780062818.548302,vcan0,604,00
1780062818.548321,vcan0,607,01000000
1780062818.580242,vcan0,600,00000000
1780062818.580268,vcan0,601,00000000
1780062818.580284,vcan0,602,7F000000
1780062818.580301,vcan0,606,00
1780062818.692243,vcan0,600,00000000
1780062818.692270,vcan0,601,00000000
1780062818.692288,vcan0,602,7F000000
1780062818.756222,vcan0,603,00
1780062818.756250,vcan0,604,00
1780062818.756266,vcan0,607,01000000
1780062818.804225,vcan0,600,00000000
1780062818.804251,vcan0,601,00000000
1780062818.804267,vcan0,602,7F000000
1780062818.917211,vcan0,600,00000000
1780062818.917239,vcan0,601,00000000
1780062818.917256,vcan0,602,7F000000
1780062818.965223,vcan0,603,00
1780062818.965248,vcan0,604,00
1780062818.965264,vcan0,607,01000000
1780062819.029212,vcan0,600,00000000
1780062819.029238,vcan0,601,00000000
1780062819.029252,vcan0,602,7F000000
1780062819.092234,vcan0,606,00
1780062819.140239,vcan0,600,00000000
1780062819.140266,vcan0,601,00000000
1780062819.140282,vcan0,602,7F000000
1780062819.172207,vcan0,603,00
1780062819.172234,vcan0,604,00
1780062819.172250,vcan0,607,01000000
1780062819.252215,vcan0,600,00000000
1780062819.252243,vcan0,601,00000000
1780062819.252258,vcan0,602,7F000000
1780062819.364240,vcan0,600,00000000
1780062819.364271,vcan0,601,00000000
1780062819.364289,vcan0,602,7F000000
1780062819.380234,vcan0,603,00
1780062819.380271,vcan0,604,00
1780062819.380293,vcan0,607,01000000
1780062819.476199,vcan0,600,00000000
1780062819.476226,vcan0,601,00000000
1780062819.476241,vcan0,602,7F000000
1780062819.588203,vcan0,600,00000000
1780062819.588231,vcan0,601,00000000
1780062819.588246,vcan0,602,7F000000
1780062819.588260,vcan0,603,00
1780062819.588271,vcan0,604,00
1780062819.588285,vcan0,607,01000000
1780062819.604191,vcan0,606,00
1780062819.700238,vcan0,600,00000000
1780062819.700266,vcan0,601,00000000
1780062819.700281,vcan0,602,7F000000
1780062819.796228,vcan0,603,00
1780062819.796254,vcan0,604,00
1780062819.796272,vcan0,607,01000000
1780062819.812199,vcan0,600,00000000
1780062819.812220,vcan0,601,00000000
1780062819.812234,vcan0,602,7F000000
1780062819.925246,vcan0,600,00000000
1780062819.925274,vcan0,601,00000000
1780062819.925290,vcan0,602,7F000000
1780062820.005212,vcan0,603,00
1780062820.005240,vcan0,604,00
1780062820.005257,vcan0,607,01000000
1780062820.037191,vcan0,600,00000000
1780062820.037213,vcan0,601,00000000
1780062820.037227,vcan0,602,7F000000
1780062820.116239,vcan0,606,00
1780062820.148198,vcan0,600,00000000
1780062820.148224,vcan0,601,00000000
1780062820.148240,vcan0,602,7F000000
1780062820.212208,vcan0,603,00
1780062820.212234,vcan0,604,00
1780062820.212251,vcan0,607,01000000
1780062820.260212,vcan0,600,00000000
1780062820.260236,vcan0,601,00000000
1780062820.260252,vcan0,602,7F000000
1780062820.372231,vcan0,600,00000000
1780062820.372263,vcan0,601,00000000
1780062820.372279,vcan0,602,7F000000
1780062820.420198,vcan0,603,00
1780062820.420226,vcan0,604,00
1780062820.420243,vcan0,607,01000000
1780062820.484217,vcan0,600,00000000
1780062820.484241,vcan0,601,00000000
1780062820.484256,vcan0,602,7F000000
1780062820.596194,vcan0,600,00000000
1780062820.596222,vcan0,601,00000000
1780062820.596237,vcan0,602,7F000000
1780062820.628260,vcan0,603,00
1780062820.628289,vcan0,604,00
1780062820.628306,vcan0,606,00
1780062820.628322,vcan0,607,01000000
1780062820.708199,vcan0,600,00000000
1780062820.708226,vcan0,601,00000000
1780062820.708241,vcan0,602,7F000000
1780062820.820262,vcan0,600,00000000
1780062820.820295,vcan0,601,00000000
1780062820.820313,vcan0,602,7F000000
1780062820.836201,vcan0,603,00
1780062820.836225,vcan0,604,00
1780062820.836241,vcan0,607,01000000
1780062820.933206,vcan0,600,00000000
1780062820.933233,vcan0,601,00000000
1780062820.933249,vcan0,602,7F000000
1780062821.044197,vcan0,600,00000000
1780062821.044223,vcan0,601,00000000
1780062821.044239,vcan0,602,7F000000
1780062821.044252,vcan0,603,00
1780062821.044266,vcan0,604,00
1780062821.044279,vcan0,607,01000000
1780062821.140235,vcan0,606,00
1780062821.156242,vcan0,600,00000000
1780062821.156270,vcan0,601,00000000
1780062821.156286,vcan0,602,7F000000
1780062821.252220,vcan0,603,00
1780062821.252245,vcan0,604,00
1780062821.252263,vcan0,607,01000000
1780062821.268201,vcan0,600,00000000
1780062821.268223,vcan0,601,00000000
1780062821.268239,vcan0,602,7F000000
1780062821.380210,vcan0,600,00000000
1780062821.380240,vcan0,601,00000000
1780062821.380258,vcan0,602,7F000000
1780062821.460259,vcan0,603,00
1780062821.460295,vcan0,604,00
1780062821.460314,vcan0,607,01000000
1780062821.492251,vcan0,600,00000000
1780062821.492279,vcan0,601,00000000
1780062821.492294,vcan0,602,7F000000
1780062821.604214,vcan0,600,00000000
1780062821.604244,vcan0,601,00000000
1780062821.604261,vcan0,602,7F000000
1780062821.652216,vcan0,606,00
1780062821.668193,vcan0,603,00
1780062821.668217,vcan0,604,00
1780062821.668235,vcan0,607,01000000
1780062821.716197,vcan0,600,00000000
1780062821.716223,vcan0,601,00000000
1780062821.716238,vcan0,602,7F000000
1780062821.828197,vcan0,600,00000000
1780062821.828226,vcan0,601,00000000
1780062821.828242,vcan0,602,7F000000
1780062821.877203,vcan0,603,00
1780062821.877231,vcan0,604,00
1780062821.877248,vcan0,607,01000000
1780062821.941214,vcan0,600,00000000
1780062821.941245,vcan0,601,00000000
1780062821.941263,vcan0,602,7F000000
1780062822.052212,vcan0,600,00000000
1780062822.052240,vcan0,601,00000000
1780062822.052257,vcan0,602,7F000000
1780062822.084196,vcan0,603,00
1780062822.084221,vcan0,604,00
1780062822.084237,vcan0,607,01000000
1780062822.164200,vcan0,600,00000000
1780062822.164229,vcan0,601,00000000
1780062822.164247,vcan0,602,7F000000
1780062822.164263,vcan0,606,00
1780062822.276194,vcan0,600,00000000
1780062822.276224,vcan0,601,00000000
1780062822.276241,vcan0,602,7F000000
1780062822.292191,vcan0,603,00
1780062822.292214,vcan0,604,00
1780062822.292229,vcan0,607,01000000
1780062822.388187,vcan0,600,00000000
1780062822.388215,vcan0,601,00000000
1780062822.388232,vcan0,602,7F000000
1780062822.500186,vcan0,600,00000000
1780062822.500214,vcan0,601,00000000
1780062822.500231,vcan0,602,7F000000
1780062822.500245,vcan0,603,00
1780062822.500258,vcan0,604,00
1780062822.500271,vcan0,607,01000000
1780062822.612190,vcan0,600,00000000
1780062822.612219,vcan0,601,00000000
1780062822.612237,vcan0,602,7F000000
1780062822.676200,vcan0,606,00
1780062822.708188,vcan0,603,00
1780062822.708213,vcan0,604,00
1780062822.708231,vcan0,607,01000000
1780062822.724204,vcan0,600,00000000
1780062822.724231,vcan0,601,00000000
1780062822.724248,vcan0,602,7F000000
1780062822.823457,vcan0,604,01
1780062822.836213,vcan0,600,00000000
1780062822.836240,vcan0,601,00000000
1780062822.836257,vcan0,602,7F000000
1780062822.873741,vcan0,604,01
1780062822.917208,vcan0,603,00
1780062822.917244,vcan0,604,00
1780062822.917263,vcan0,607,01000000
1780062822.923915,vcan0,604,01
1780062822.949168,vcan0,600,00000000
1780062822.949197,vcan0,601,00000000
1780062822.949214,vcan0,602,7F000000
1780062822.974090,vcan0,604,01
1780062823.024252,vcan0,604,01
1780062823.060179,vcan0,600,00000000
1780062823.060207,vcan0,601,00000000
1780062823.060223,vcan0,602,7F000000
1780062823.074393,vcan0,604,01
1780062823.124200,vcan0,603,00
1780062823.124229,vcan0,604,00
1780062823.124247,vcan0,607,01000000
1780062823.124582,vcan0,604,01
1780062823.172224,vcan0,600,00000000
1780062823.172254,vcan0,601,00000000
1780062823.172270,vcan0,602,7F000000
1780062823.174789,vcan0,604,01
1780062823.188190,vcan0,606,00
1780062823.225597,vcan0,604,01
1780062823.275833,vcan0,604,01
1780062823.284213,vcan0,600,00000000
1780062823.284242,vcan0,601,00000000
1780062823.284257,vcan0,602,7F000000
1780062823.326075,vcan0,604,01
1780062823.332187,vcan0,603,00
1780062823.332213,vcan0,604,00
1780062823.332230,vcan0,607,01000000
1780062823.376337,vcan0,604,01
1780062823.396181,vcan0,600,00000000
1780062823.396208,vcan0,601,00000000
1780062823.396225,vcan0,602,7F000000
1780062823.426616,vcan0,604,01
1780062823.476811,vcan0,604,01
1780062823.508182,vcan0,600,00000000
1780062823.508213,vcan0,601,00000000
1780062823.508231,vcan0,602,7F000000
1780062823.527052,vcan0,604,01
1780062823.540222,vcan0,603,00
1780062823.540253,vcan0,604,00
1780062823.540272,vcan0,607,01000000
1780062823.577233,vcan0,604,01
1780062823.620169,vcan0,600,00000000
1780062823.620201,vcan0,601,00000000
1780062823.620218,vcan0,602,7F000000
1780062823.627418,vcan0,604,01
1780062823.677736,vcan0,604,01
1780062823.700197,vcan0,606,00
1780062823.727937,vcan0,604,01
1780062823.732180,vcan0,600,00000000
1780062823.732207,vcan0,601,00000000
1780062823.732225,vcan0,602,7F000000
1780062823.748142,vcan0,603,00
1780062823.748162,vcan0,604,00
1780062823.748179,vcan0,607,01000000
1780062823.778201,vcan0,604,01
1780062823.828499,vcan0,604,01
1780062823.845159,vcan0,600,00000000
1780062823.845191,vcan0,601,00000000
1780062823.845207,vcan0,602,7F000000
1780062823.878780,vcan0,604,01
1780062823.929097,vcan0,604,01
1780062823.957199,vcan0,600,00000000
1780062823.957232,vcan0,601,00000000
1780062823.957250,vcan0,602,7F000000
1780062823.957266,vcan0,603,00
1780062823.957280,vcan0,604,00
1780062823.957294,vcan0,607,01000000
1780062823.979321,vcan0,604,01
1780062824.029557,vcan0,604,01
1780062824.068180,vcan0,600,00000000
1780062824.068212,vcan0,601,00000000
1780062824.068230,vcan0,602,7F000000
1780062824.079790,vcan0,604,01
1780062824.129989,vcan0,604,01
1780062824.164183,vcan0,603,00
1780062824.164217,vcan0,604,00
1780062824.164234,vcan0,607,01000000
1780062824.180182,vcan0,604,01
1780062824.180200,vcan0,600,7F000000
1780062824.180224,vcan0,601,00000000
1780062824.180239,vcan0,602,7F000000
1780062824.212178,vcan0,606,00
1780062824.230415,vcan0,604,01
1780062824.280753,vcan0,604,01
1780062824.292158,vcan0,600,FF000000
1780062824.292187,vcan0,601,00000000
1780062824.292203,vcan0,602,7F000000
1780062824.330942,vcan0,604,01
1780062824.372207,vcan0,603,00
1780062824.372239,vcan0,604,00
1780062824.372258,vcan0,607,01000000
1780062824.381190,vcan0,604,01
1780062824.404148,vcan0,600,FF000000
1780062824.404174,vcan0,601,00000000
1780062824.404189,vcan0,602,7F000000
1780062824.431475,vcan0,604,01
1780062824.481660,vcan0,604,01
1780062824.516202,vcan0,600,FF000000
1780062824.516235,vcan0,601,00000000
1780062824.516251,vcan0,602,7F000000
1780062824.531991,vcan0,604,01
1780062824.580168,vcan0,603,00
1780062824.580198,vcan0,604,00
1780062824.580214,vcan0,607,01000000
1780062824.582171,vcan0,604,01
1780062824.628172,vcan0,600,FF000000
1780062824.628201,vcan0,601,00000000
1780062824.628217,vcan0,602,7F000000
1780062824.632353,vcan0,604,01
1780062824.682574,vcan0,604,01
1780062824.724205,vcan0,606,00
1780062824.732762,vcan0,604,01
1780062824.740173,vcan0,600,FF000000
1780062824.740201,vcan0,601,00000000
1780062824.740218,vcan0,602,7F000000
1780062824.783066,vcan0,604,01
1780062824.788241,vcan0,603,00
1780062824.788276,vcan0,604,00
1780062824.788295,vcan0,607,01000000
1780062824.833388,vcan0,604,01
1780062824.853162,vcan0,600,FF000000
1780062824.853191,vcan0,601,00000000
1780062824.853206,vcan0,602,7F000000
1780062824.883684,vcan0,604,01
1780062824.933880,vcan0,604,01
1780062824.965169,vcan0,600,FF000000
1780062824.965203,vcan0,601,00000000
1780062824.965221,vcan0,602,7F000000
1780062824.984132,vcan0,604,01
1780062824.997157,vcan0,603,00
1780062824.997181,vcan0,604,00
1780062824.997199,vcan0,607,01000000
1780062825.034328,vcan0,604,01
1780062825.076187,vcan0,600,FF000000
1780062825.076221,vcan0,601,00000000
1780062825.076237,vcan0,602,7F000000
1780062825.084524,vcan0,604,01
1780062825.134720,vcan0,604,01
1780062825.185014,vcan0,604,01
1780062825.188174,vcan0,600,FF000000
1780062825.188207,vcan0,601,00000000
1780062825.188224,vcan0,602,7F000000
1780062825.204143,vcan0,603,00
1780062825.204168,vcan0,604,00
1780062825.204184,vcan0,607,01000000
1780062825.235213,vcan0,604,01
1780062825.236186,vcan0,606,00
1780062825.285409,vcan0,604,01
1780062825.300189,vcan0,600,FF000000
1780062825.300218,vcan0,601,00000000
1780062825.300235,vcan0,602,7F000000
1780062825.335621,vcan0,604,01
1780062825.385964,vcan0,604,01
1780062825.412142,vcan0,600,00000000
1780062825.412171,vcan0,601,00000000
1780062825.412187,vcan0,602,7F000000
1780062825.412201,vcan0,603,00
1780062825.412215,vcan0,604,00
1780062825.412228,vcan0,607,01000000
1780062825.436166,vcan0,604,01
1780062825.486373,vcan0,604,01
1780062825.524147,vcan0,600,4C000000
1780062825.524177,vcan0,601,00000000
1780062825.524192,vcan0,602,7F000000
1780062825.536718,vcan0,604,01
1780062825.586910,vcan0,604,01
1780062825.620165,vcan0,603,00
1780062825.620196,vcan0,604,00
1780062825.620215,vcan0,607,01000000
1780062825.636167,vcan0,600,FF000000
1780062825.636197,vcan0,601,00000000
1780062825.636213,vcan0,602,7F000000
1780062825.637106,vcan0,604,01
1780062825.687338,vcan0,604,01
1780062825.737562,vcan0,604,01
1780062825.748144,vcan0,600,FF000000
1780062825.748171,vcan0,601,00000000
1780062825.748187,vcan0,602,7F000000
1780062825.748203,vcan0,606,00
1780062825.787745,vcan0,604,01
1780062825.828136,vcan0,603,00
1780062825.828161,vcan0,604,00
1780062825.828178,vcan0,607,01000000
1780062825.837961,vcan0,604,01
1780062825.861149,vcan0,600,FF000000
1780062825.861174,vcan0,601,00000000
1780062825.861189,vcan0,602,7F000000
1780062825.888151,vcan0,604,01
1780062825.938392,vcan0,604,01
1780062825.973149,vcan0,600,FF000000
1780062825.973179,vcan0,601,00000000
1780062825.973194,vcan0,602,7F000000
1780062825.988627,vcan0,604,01
1780062826.037175,vcan0,603,00
1780062826.037205,vcan0,604,00
1780062826.037222,vcan0,607,01000000
1780062826.038807,vcan0,604,01
1780062826.084203,vcan0,600,FF000000
1780062826.084234,vcan0,601,00000000
1780062826.084251,vcan0,602,7F000000
1780062826.088993,vcan0,604,01
1780062826.139223,vcan0,604,01
1780062826.189474,vcan0,604,01
1780062826.196171,vcan0,600,FF000000
1780062826.196206,vcan0,601,00000000
1780062826.196222,vcan0,602,7F000000
1780062826.239786,vcan0,604,01
1780062826.244182,vcan0,603,00
1780062826.244211,vcan0,604,00
1780062826.244229,vcan0,607,01000000
1780062826.260156,vcan0,606,00
1780062826.289983,vcan0,604,01
1780062826.308140,vcan0,600,33000000
1780062826.308168,vcan0,601,00000000
1780062826.308185,vcan0,602,7F000000
1780062826.340188,vcan0,604,01
1780062826.390429,vcan0,604,01
1780062826.420152,vcan0,600,E5000000
1780062826.420183,vcan0,601,00000000
1780062826.420198,vcan0,602,7F000000
1780062826.440736,vcan0,604,01
1780062826.452169,vcan0,603,00
1780062826.452198,vcan0,604,00
1780062826.452215,vcan0,607,01000000
1780062826.490921,vcan0,604,01
1780062826.532142,vcan0,600,FF000000
1780062826.532174,vcan0,601,00000000
1780062826.532190,vcan0,602,7F000000
1780062826.541145,vcan0,604,01
1780062826.591449,vcan0,604,01
1780062826.641739,vcan0,604,01
1780062826.644170,vcan0,600,FF000000
1780062826.644205,vcan0,601,00000000
1780062826.644221,vcan0,602,7F000000
1780062826.660130,vcan0,603,00
1780062826.660154,vcan0,604,00
1780062826.660170,vcan0,607,01000000
1780062826.691957,vcan0,604,01
1780062826.742201,vcan0,604,01
1780062826.756161,vcan0,600,FF000000
1780062826.756194,vcan0,601,00000000
1780062826.756213,vcan0,602,7F000000
1780062826.772126,vcan0,606,00
1780062826.792385,vcan0,604,01
1780062826.842755,vcan0,604,01
1780062826.869164,vcan0,600,FF000000
1780062826.869197,vcan0,601,00000000
1780062826.869213,vcan0,602,7F000000
1780062826.869229,vcan0,603,00
1780062826.869243,vcan0,604,00
1780062826.869257,vcan0,607,01000000
1780062826.893013,vcan0,604,01
1780062826.943233,vcan0,604,01
1780062826.981169,vcan0,600,00000000
1780062826.981202,vcan0,601,00000000
1780062826.981219,vcan0,602,7F000000
1780062826.993536,vcan0,604,01
1780062827.043772,vcan0,604,01
1780062827.076152,vcan0,603,00
1780062827.076190,vcan0,604,00
1780062827.076209,vcan0,607,01000000
1780062827.092124,vcan0,600,7F000000
1780062827.092149,vcan0,601,00000000
1780062827.092165,vcan0,602,7F000000
1780062827.093971,vcan0,604,01
1780062827.144167,vcan0,604,01
1780062827.194398,vcan0,604,01
1780062827.204145,vcan0,600,FF000000
1780062827.204174,vcan0,601,00000000
1780062827.204190,vcan0,602,7F000000
1780062827.244748,vcan0,604,01
1780062827.284176,vcan0,603,00
1780062827.284211,vcan0,604,00
1780062827.284229,vcan0,606,00
1780062827.284244,vcan0,607,01000000
1780062827.294928,vcan0,604,01
1780062827.316157,vcan0,600,FF000000
1780062827.316183,vcan0,601,00000000
1780062827.316197,vcan0,602,7F000000
1780062827.345160,vcan0,604,01
1780062827.395366,vcan0,604,01
1780062827.428172,vcan0,600,FF000000
1780062827.428208,vcan0,601,00000000
1780062827.428225,vcan0,602,7F000000
1780062827.445748,vcan0,604,01
1780062827.492174,vcan0,603,00
1780062827.492212,vcan0,604,00
1780062827.492231,vcan0,607,01000000
1780062827.495959,vcan0,604,01
1780062827.540183,vcan0,600,4C000000
1780062827.540220,vcan0,601,00000000
1780062827.540239,vcan0,602,7F000000
1780062827.546155,vcan0,604,01
1780062827.596332,vcan0,604,01
1780062827.646526,vcan0,604,01
1780062827.652151,vcan0,600,FF000000
1780062827.652176,vcan0,601,00000000
1780062827.652193,vcan0,602,7F000000
1780062827.696718,vcan0,604,01
1780062827.700108,vcan0,603,00
1780062827.700131,vcan0,604,00
1780062827.700147,vcan0,607,01000000
1780062827.746894,vcan0,604,01
1780062827.764149,vcan0,600,FF000000
1780062827.764179,vcan0,601,00000000
1780062827.764195,vcan0,602,7F000000
1780062827.796157,vcan0,606,00
1780062827.797174,vcan0,604,01
1780062827.847402,vcan0,604,01
1780062827.877159,vcan0,600,FF000000
1780062827.877194,vcan0,601,00000000
1780062827.877210,vcan0,602,7F000000
1780062827.897607,vcan0,604,01
1780062827.909134,vcan0,603,00
1780062827.909159,vcan0,604,00
1780062827.909176,vcan0,607,01000000
1780062827.947776,vcan0,604,01
1780062827.989118,vcan0,600,66000000
1780062827.989146,vcan0,601,00000000
1780062827.989161,vcan0,602,7F000000
1780062827.997943,vcan0,604,01
1780062828.048228,vcan0,604,01
1780062828.098520,vcan0,604,01
1780062828.100131,vcan0,600,FF000000
1780062828.100157,vcan0,601,00000000
1780062828.100174,vcan0,602,7F000000
1780062828.116165,vcan0,603,00
1780062828.116191,vcan0,604,00
1780062828.116208,vcan0,607,01000000
1780062828.148707,vcan0,604,01
1780062828.199015,vcan0,604,01
1780062828.212154,vcan0,600,4C000000
1780062828.212182,vcan0,601,00000000
1780062828.212197,vcan0,602,7F000000
1780062828.249285,vcan0,604,01
1780062828.299455,vcan0,604,01
1780062828.308125,vcan0,606,00
1780062828.324111,vcan0,600,FF000000
1780062828.324136,vcan0,601,00000000
1780062828.324151,vcan0,602,7F000000
1780062828.324165,vcan0,603,00
1780062828.324177,vcan0,604,00
1780062828.324190,vcan0,607,01000000
1780062828.349750,vcan0,604,01
1780062828.399921,vcan0,604,01
1780062828.436108,vcan0,600,FF000000
1780062828.436135,vcan0,601,00000000
1780062828.436150,vcan0,602,7F000000
1780062828.450142,vcan0,604,01
1780062828.500371,vcan0,604,01
1780062828.532117,vcan0,603,00
1780062828.532146,vcan0,604,00
1780062828.532163,vcan0,607,01000000
1780062828.548116,vcan0,600,FF000000
1780062828.548139,vcan0,601,00000000
1780062828.548155,vcan0,602,7F000000
1780062828.550552,vcan0,604,01
1780062828.600850,vcan0,604,01
1780062828.651057,vcan0,604,01
1780062828.660190,vcan0,600,FF000000
1780062828.660228,vcan0,601,00000000
1780062828.660244,vcan0,602,7F000000
1780062828.701214,vcan0,604,01
1780062828.740133,vcan0,603,00
1780062828.740162,vcan0,604,00
1780062828.740179,vcan0,607,01000000
1780062828.751364,vcan0,604,01
1780062828.772165,vcan0,600,FF000000
1780062828.772195,vcan0,601,00000000
1780062828.772211,vcan0,602,7F000000
1780062828.801625,vcan0,604,01
1780062828.820152,vcan0,606,00
1780062828.851777,vcan0,604,01
1780062828.885118,vcan0,600,FF000000
1780062828.885150,vcan0,601,00000000
1780062828.885165,vcan0,602,7F000000
1780062828.901943,vcan0,604,01
1780062828.949137,vcan0,603,00
1780062828.949168,vcan0,604,00
1780062828.949185,vcan0,607,01000000
1780062828.952130,vcan0,604,01
1780062828.997122,vcan0,600,FF000000
1780062828.997153,vcan0,601,00000000
1780062828.997170,vcan0,602,7F000000
1780062829.002363,vcan0,604,01
1780062829.052584,vcan0,604,01
1780062829.102772,vcan0,604,01
1780062829.108149,vcan0,600,FF000000
1780062829.108178,vcan0,601,00000000
1780062829.108193,vcan0,602,7F000000
1780062829.153068,vcan0,604,01
1780062829.156167,vcan0,603,00
1780062829.156195,vcan0,604,00
1780062829.156212,vcan0,607,01000000
1780062829.203245,vcan0,604,01
1780062829.220139,vcan0,600,FF000000
1780062829.220167,vcan0,601,00000000
1780062829.220184,vcan0,602,7F000000
1780062829.253463,vcan0,604,01
1780062829.303812,vcan0,604,01
1780062829.332109,vcan0,600,FF000000
1780062829.332138,vcan0,601,00000000
1780062829.332153,vcan0,602,7F000000
1780062829.332170,vcan0,606,00
1780062829.354001,vcan0,604,01
1780062829.364137,vcan0,603,00
1780062829.364167,vcan0,604,00
1780062829.364185,vcan0,607,01000000
1780062829.404240,vcan0,604,01
1780062829.444133,vcan0,600,FF000000
1780062829.444164,vcan0,601,00000000
1780062829.444180,vcan0,602,7F000000
1780062829.454554,vcan0,604,01
1780062829.504807,vcan0,604,01
1780062829.555027,vcan0,604,01
1780062829.556165,vcan0,600,FF000000
1780062829.556193,vcan0,601,00000000
1780062829.556209,vcan0,602,7F000000
1780062829.572147,vcan0,603,00
1780062829.572174,vcan0,604,00
1780062829.572191,vcan0,607,01000000
1780062829.605367,vcan0,604,01
1780062829.655611,vcan0,604,01
1780062829.668111,vcan0,600,FF000000
1780062829.668139,vcan0,601,00000000
1780062829.668154,vcan0,602,7F000000
1780062829.705829,vcan0,604,01
1780062829.756156,vcan0,604,01
1780062829.780134,vcan0,600,FF000000
1780062829.780166,vcan0,601,00000000
1780062829.780182,vcan0,602,7F000000
1780062829.780201,vcan0,603,00
1780062829.780217,vcan0,604,00
1780062829.780239,vcan0,607,01000000
1780062829.806383,vcan0,604,01
1780062829.845125,vcan0,606,00
1780062829.856684,vcan0,604,01
1780062829.893143,vcan0,600,FF000000
1780062829.893174,vcan0,601,00000000
1780062829.893194,vcan0,602,7F000000
1780062829.906917,vcan0,604,01
1780062829.957160,vcan0,604,01
1780062829.989159,vcan0,603,00
1780062829.989189,vcan0,604,00
1780062829.989207,vcan0,607,01000000
1780062830.005111,vcan0,600,FF000000
1780062830.005135,vcan0,601,00000000
1780062830.005151,vcan0,602,7F000000
1780062830.007406,vcan0,604,01
1780062830.057652,vcan0,604,01
1780062830.107858,vcan0,604,01
1780062830.116116,vcan0,600,FF000000
1780062830.116144,vcan0,601,00000000
1780062830.116158,vcan0,602,7F000000
1780062830.158132,vcan0,604,01
1780062830.196135,vcan0,603,00
1780062830.196169,vcan0,604,00
1780062830.196186,vcan0,607,01000000
1780062830.208362,vcan0,604,01
1780062830.228115,vcan0,600,FF000000
1780062830.228142,vcan0,601,00000000
1780062830.228157,vcan0,602,7F000000
1780062830.258622,vcan0,604,01
1780062830.308978,vcan0,604,01
1780062830.340132,vcan0,600,FF000000
1780062830.340167,vcan0,601,00000000
1780062830.340184,vcan0,602,7F000000
1780062830.356114,vcan0,606,00
1780062830.359334,vcan0,604,01
1780062830.404158,vcan0,603,00
1780062830.404186,vcan0,604,00
1780062830.404203,vcan0,607,01000000
1780062830.409543,vcan0,604,01
1780062830.452091,vcan0,600,FF000000
1780062830.452118,vcan0,601,00000000
1780062830.452132,vcan0,602,7F000000
1780062830.459760,vcan0,604,01
1780062830.510000,vcan0,604,01
1780062830.560251,vcan0,604,01
1780062830.564145,vcan0,600,FF000000
1780062830.564172,vcan0,601,00000000
1780062830.564188,vcan0,602,7F000000
1780062830.610473,vcan0,604,01
1780062830.612139,vcan0,603,00
1780062830.612165,vcan0,604,00
1780062830.612183,vcan0,607,01000000
1780062830.660758,vcan0,604,01
1780062830.676129,vcan0,600,FF000000
1780062830.676158,vcan0,601,00000000
1780062830.676174,vcan0,602,7F000000
1780062830.711076,vcan0,604,01
1780062830.761245,vcan0,604,01
1780062830.788150,vcan0,600,FF000000
1780062830.788183,vcan0,601,00000000
1780062830.788202,vcan0,602,7F000000
1780062830.811482,vcan0,604,01
1780062830.820130,vcan0,603,00
1780062830.820161,vcan0,604,00
1780062830.820177,vcan0,607,01000000
1780062830.861730,vcan0,604,01
1780062830.869189,vcan0,606,00
1780062830.901133,vcan0,600,00000000
1780062830.901163,vcan0,601,00000000
1780062830.901179,vcan0,602,7F000000
1780062830.911961,vcan0,604,01
1780062830.962145,vcan0,604,01
1780062831.012466,vcan0,604,01
1780062831.013102,vcan0,600,00000000
1780062831.013130,vcan0,601,00000000
1780062831.013147,vcan0,602,7F000000
1780062831.029092,vcan0,603,00
1780062831.029124,vcan0,604,00
1780062831.029139,vcan0,607,01000000
1780062831.062674,vcan0,604,01
1780062831.112881,vcan0,604,01
1780062831.124159,vcan0,600,00000000
1780062831.124199,vcan0,601,00000000
1780062831.124216,vcan0,602,7F000000
1780062831.163200,vcan0,604,01
1780062831.213442,vcan0,604,01
1780062831.236127,vcan0,600,00000000
1780062831.236159,vcan0,601,00000000
1780062831.236176,vcan0,602,7F000000
1780062831.236191,vcan0,603,00
1780062831.236204,vcan0,604,00
1780062831.236219,vcan0,607,01000000
1780062831.263780,vcan0,604,01
1780062831.313978,vcan0,604,01
1780062831.348121,vcan0,600,00000000
1780062831.348157,vcan0,601,00000000
1780062831.348176,vcan0,602,7F000000
1780062831.364203,vcan0,604,01
1780062831.380109,vcan0,606,00
1780062831.414525,vcan0,604,01
1780062831.444080,vcan0,603,00
1780062831.444111,vcan0,604,00
1780062831.444127,vcan0,607,01000000
1780062831.460113,vcan0,600,00000000
1780062831.460139,vcan0,601,00000000
1780062831.460154,vcan0,602,7F000000
1780062831.464806,vcan0,604,01
1780062831.514988,vcan0,604,01
1780062831.565223,vcan0,604,01
1780062831.572079,vcan0,600,00000000
1780062831.572101,vcan0,601,00000000
1780062831.572116,vcan0,602,7F000000
1780062831.615501,vcan0,604,01
1780062831.652085,vcan0,603,00
1780062831.652114,vcan0,604,00
1780062831.652130,vcan0,607,01000000
1780062831.665719,vcan0,604,01
1780062831.684370,vcan0,600,00000000
1780062831.684430,vcan0,601,00000000
1780062831.684449,vcan0,602,7F000000
1780062831.715928,vcan0,604,01
1780062831.766185,vcan0,604,01
1780062831.796087,vcan0,600,00000000
1780062831.796118,vcan0,601,00000000
1780062831.796135,vcan0,602,7F000000
1780062831.816400,vcan0,604,01
1780062831.861101,vcan0,603,00
1780062831.861130,vcan0,604,00
1780062831.861146,vcan0,607,01000000
1780062831.866634,vcan0,604,01
1780062831.893128,vcan0,606,00
1780062831.909079,vcan0,600,00000000
1780062831.909103,vcan0,601,00000000
1780062831.909119,vcan0,602,7F000000
1780062831.916832,vcan0,604,01
1780062831.967036,vcan0,604,01
1780062832.017230,vcan0,604,01
1780062832.021084,vcan0,600,00000000
1780062832.021108,vcan0,601,00000000
1780062832.021125,vcan0,602,7F000000
1780062832.067529,vcan0,604,01
1780062832.068120,vcan0,603,00
1780062832.068152,vcan0,604,00
1780062832.068169,vcan0,607,01000000
1780062832.117722,vcan0,604,01
1780062832.132089,vcan0,600,00000000
1780062832.132116,vcan0,601,00000000
1780062832.132132,vcan0,602,7F000000
1780062832.167915,vcan0,604,01
1780062832.218159,vcan0,604,01
1780062832.244088,vcan0,600,00000000
1780062832.244116,vcan0,601,00000000
1780062832.244133,vcan0,602,7F000000
1780062832.268386,vcan0,604,01
1780062832.276077,vcan0,603,00
1780062832.276100,vcan0,604,00
1780062832.276117,vcan0,607,01000000
1780062832.318596,vcan0,604,01
1780062832.356078,vcan0,600,00000000
1780062832.356106,vcan0,601,00000000
1780062832.356122,vcan0,602,7F000000
1780062832.368842,vcan0,604,01
1780062832.404076,vcan0,606,00
1780062832.419083,vcan0,604,01
1780062832.468081,vcan0,600,00000000
1780062832.468108,vcan0,601,00000000
1780062832.468125,vcan0,602,7F000000
1780062832.469310,vcan0,604,01
1780062832.484090,vcan0,603,00
1780062832.484115,vcan0,604,00
1780062832.484133,vcan0,607,01000000
1780062832.519634,vcan0,604,01
1780062832.569878,vcan0,604,01
1780062832.580080,vcan0,600,00000000
1780062832.580103,vcan0,601,00000000
1780062832.580119,vcan0,602,7F000000
1780062832.620109,vcan0,604,01
1780062832.670300,vcan0,604,01
1780062832.692094,vcan0,600,00000000
1780062832.692125,vcan0,601,00000000
1780062832.692142,vcan0,602,7F000000
1780062832.692157,vcan0,603,00
1780062832.692171,vcan0,604,00
1780062832.692184,vcan0,607,01000000
1780062832.720634,vcan0,604,01
1780062832.770829,vcan0,604,01
1780062832.804081,vcan0,600,00000000
1780062832.804109,vcan0,601,00000000
1780062832.804126,vcan0,602,7F000000
1780062832.821030,vcan0,604,01
1780062832.871248,vcan0,604,01
1780062832.901088,vcan0,603,00
1780062832.901117,vcan0,604,00
1780062832.901134,vcan0,607,01000000
1780062832.917098,vcan0,600,00000000
1780062832.917126,vcan0,601,00000000
1780062832.917141,vcan0,602,7F000000
1780062832.917157,vcan0,606,00
1780062832.921445,vcan0,604,01
1780062832.971696,vcan0,604,01
1780062833.021903,vcan0,604,01
1780062833.029072,vcan0,600,00000000
1780062833.029098,vcan0,601,00000000
1780062833.029115,vcan0,602,7F000000
1780062833.072102,vcan0,604,01
1780062833.108087,vcan0,603,00
1780062833.108118,vcan0,604,00
1780062833.108135,vcan0,607,01000000
1780062833.122420,vcan0,604,01
1780062833.140069,vcan0,600,00000000
1780062833.140096,vcan0,601,00000000
1780062833.140110,vcan0,602,7F000000
1780062833.172669,vcan0,604,01
1780062833.222897,vcan0,604,01
1780062833.252066,vcan0,600,00000000
1780062833.252094,vcan0,601,00000000
1780062833.252110,vcan0,602,7F000000
1780062833.273084,vcan0,604,01
1780062833.316193,vcan0,603,00
1780062833.316265,vcan0,604,00
1780062833.316319,vcan0,607,01000000
1780062833.323390,vcan0,604,01
1780062833.364135,vcan0,600,00000000
1780062833.364170,vcan0,601,00000000
1780062833.364189,vcan0,602,7F000000
1780062833.373726,vcan0,604,01
1780062833.423914,vcan0,604,01
1780062833.428063,vcan0,606,00
1780062833.474144,vcan0,604,01
1780062833.476103,vcan0,600,00000000
1780062833.476132,vcan0,601,00000000
1780062833.476149,vcan0,602,7F000000
1780062833.524081,vcan0,603,00
1780062833.524110,vcan0,604,00
1780062833.524127,vcan0,607,01000000
1780062833.524368,vcan0,604,01
1780062833.574660,vcan0,604,01
1780062833.588076,vcan0,600,00000000
1780062833.588108,vcan0,601,00000000
1780062833.588124,vcan0,602,7F000000
1780062833.624899,vcan0,604,01
1780062833.675140,vcan0,604,01
1780062833.700068,vcan0,600,00000000
1780062833.700097,vcan0,601,00000000
1780062833.700112,vcan0,602,7F000000
1780062833.725343,vcan0,604,01
1780062833.732128,vcan0,603,00
1780062833.732157,vcan0,604,00
1780062833.732176,vcan0,607,01000000
1780062833.775662,vcan0,604,01
1780062833.812064,vcan0,600,00000000
1780062833.812093,vcan0,601,00000000
1780062833.812108,vcan0,602,7F000000
1780062833.825969,vcan0,604,01
1780062833.876203,vcan0,604,01
1780062833.925114,vcan0,600,00000000
1780062833.925153,vcan0,601,00000000
1780062833.925171,vcan0,602,7F000000
1780062833.926447,vcan0,604,01
1780062833.941087,vcan0,603,00
1780062833.941111,vcan0,604,00
1780062833.941130,vcan0,606,00
1780062833.941148,vcan0,607,01000000
1780062833.976740,vcan0,604,01
1780062834.026974,vcan0,604,01
1780062834.037069,vcan0,600,00000000
1780062834.037094,vcan0,601,00000000
1780062834.037110,vcan0,602,7F000000
1780062834.077225,vcan0,604,01
1780062834.127465,vcan0,604,01
1780062834.148340,vcan0,600,00000000
1780062834.148407,vcan0,601,00000000
1780062834.148451,vcan0,602,7F000000
1780062834.148488,vcan0,603,00
1780062834.148515,vcan0,604,00
1780062834.148538,vcan0,607,01000000
1780062834.177738,vcan0,604,01
1780062834.227984,vcan0,604,01
1780062834.260073,vcan0,600,00000000
1780062834.260100,vcan0,601,00000000
1780062834.260117,vcan0,602,7F000000
1780062834.278174,vcan0,604,01
1780062834.328544,vcan0,604,01
1780062834.356064,vcan0,603,00
1780062834.356094,vcan0,604,00
1780062834.356111,vcan0,607,01000000
1780062834.372073,vcan0,600,00000000
1780062834.372099,vcan0,601,00000000
1780062834.372115,vcan0,602,7F000000
1780062834.378911,vcan0,604,01
1780062834.429144,vcan0,604,01
1780062834.452075,vcan0,606,00
1780062834.479382,vcan0,604,01
1780062834.484068,vcan0,600,00000000
1780062834.484101,vcan0,601,00000000
1780062834.484117,vcan0,602,7F000000
1780062834.529595,vcan0,604,01
1780062834.564079,vcan0,603,00
1780062834.564111,vcan0,604,00
1780062834.564128,vcan0,607,01000000
1780062834.579808,vcan0,604,01
1780062834.596060,vcan0,600,00000000
1780062834.596086,vcan0,601,00000000
1780062834.596101,vcan0,602,7F000000
1780062834.630052,vcan0,604,01
1780062834.680255,vcan0,604,01
1780062834.708085,vcan0,600,00000000
1780062834.708112,vcan0,601,00000000
1780062834.708129,vcan0,602,7F000000
1780062834.730485,vcan0,604,01
1780062834.772070,vcan0,603,00
1780062834.772099,vcan0,604,00
1780062834.772117,vcan0,607,01000000
1780062834.780732,vcan0,604,01
1780062834.820066,vcan0,600,00000000
1780062834.820097,vcan0,601,00000000
1780062834.820112,vcan0,602,7F000000
1780062834.830944,vcan0,604,01
1780062834.881162,vcan0,604,01
1780062834.931422,vcan0,604,01
1780062834.933064,vcan0,600,00000000
1780062834.933096,vcan0,601,00000000
1780062834.933113,vcan0,602,7F000000
1780062834.965071,vcan0,606,00
1780062834.981089,vcan0,603,00
1780062834.981119,vcan0,604,00
1780062834.981136,vcan0,607,01000000
1780062834.981626,vcan0,604,01
1780062835.031837,vcan0,604,01
1780062835.044093,vcan0,600,00000000
1780062835.044123,vcan0,601,00000000
1780062835.044140,vcan0,602,7F000000
1780062835.082075,vcan0,604,01
1780062835.132283,vcan0,604,01
1780062835.156062,vcan0,600,00000000
1780062835.156093,vcan0,601,00000000
1780062835.156111,vcan0,602,7F000000
1780062835.182504,vcan0,604,01
1780062835.188117,vcan0,603,00
1780062835.188151,vcan0,604,00
1780062835.188169,vcan0,607,01000000
1780062835.232821,vcan0,604,01
1780062835.268100,vcan0,600,00000000
1780062835.268130,vcan0,601,00000000
1780062835.268148,vcan0,602,7F000000
1780062835.283061,vcan0,604,01
1780062835.333316,vcan0,604,01
1780062835.380047,vcan0,600,00000000
1780062835.380077,vcan0,601,00000000
1780062835.380094,vcan0,602,7F000000
1780062835.383553,vcan0,604,01
1780062835.396064,vcan0,603,00
1780062835.396090,vcan0,604,00
1780062835.396107,vcan0,607,01000000
1780062835.433748,vcan0,604,01
1780062835.476051,vcan0,606,00
1780062835.483941,vcan0,604,01
1780062835.492049,vcan0,600,00000000
1780062835.492070,vcan0,601,00000000
1780062835.492085,vcan0,602,7F000000
1780062835.534161,vcan0,604,01
1780062835.584396,vcan0,604,01
1780062835.604069,vcan0,600,00000000
1780062835.604100,vcan0,601,00000000
1780062835.604117,vcan0,602,7F000000
1780062835.604131,vcan0,603,00
1780062835.604145,vcan0,604,00
1780062835.604157,vcan0,607,01000000
1780062835.634691,vcan0,604,01
1780062835.684891,vcan0,604,01
1780062835.716052,vcan0,600,00000000
1780062835.716082,vcan0,601,00000000
1780062835.716098,vcan0,602,7F000000
1780062835.735164,vcan0,604,01
1780062835.785531,vcan0,604,01
1780062835.812053,vcan0,603,00
1780062835.812082,vcan0,604,00
1780062835.812099,vcan0,607,01000000
1780062835.828082,vcan0,600,00000000
1780062835.828108,vcan0,601,00000000
1780062835.828125,vcan0,602,7F000000
1780062835.835732,vcan0,604,01
1780062835.885933,vcan0,604,01
1780062835.936197,vcan0,604,01
1780062835.941061,vcan0,600,00000000
1780062835.941092,vcan0,601,00000000
1780062835.941108,vcan0,602,7F000000
1780062835.986420,vcan0,604,01
1780062835.989092,vcan0,606,00
1780062836.021062,vcan0,603,00
1780062836.021092,vcan0,604,00
1780062836.021109,vcan0,607,01000000
1780062836.036704,vcan0,604,01
1780062836.052046,vcan0,600,00000000
1780062836.052073,vcan0,601,00000000
1780062836.052090,vcan0,602,7F000000
1780062836.087035,vcan0,604,01
1780062836.137223,vcan0,604,01
1780062836.164065,vcan0,600,00000000
1780062836.164095,vcan0,601,00000000
1780062836.164112,vcan0,602,7F000000
1780062836.187534,vcan0,604,01
1780062836.228036,vcan0,603,00
1780062836.228065,vcan0,604,00
1780062836.228081,vcan0,607,01000000
1780062836.237718,vcan0,604,01
1780062836.276088,vcan0,600,00000000
1780062836.276122,vcan0,601,00000000
1780062836.276139,vcan0,602,7F000000
1780062836.287907,vcan0,604,01
1780062836.338163,vcan0,604,01
1780062836.388046,vcan0,600,00000000
1780062836.388078,vcan0,601,00000000
1780062836.388094,vcan0,602,7F000000
1780062836.388394,vcan0,604,01
1780062836.436049,vcan0,603,00
1780062836.436077,vcan0,604,00
1780062836.436094,vcan0,607,01000000
1780062836.438580,vcan0,604,01
1780062836.488730,vcan0,604,01
1780062836.500075,vcan0,600,00000000
1780062836.500104,vcan0,601,00000000
1780062836.500122,vcan0,602,7F000000
1780062836.500139,vcan0,606,00
1780062836.538922,vcan0,604,01
1780062836.589145,vcan0,604,01
1780062836.612053,vcan0,600,00000000
1780062836.612082,vcan0,601,00000000
1780062836.612099,vcan0,602,7F000000
1780062836.639359,vcan0,604,01
1780062836.644046,vcan0,603,00
1780062836.644077,vcan0,604,00
1780062836.644093,vcan0,607,01000000
1780062836.689549,vcan0,604,01
1780062836.724049,vcan0,600,00000000
1780062836.724077,vcan0,601,00000000
1780062836.724102,vcan0,602,7F000000
1780062836.739783,vcan0,604,01
1780062836.790019,vcan0,604,01
1780062836.836082,vcan0,600,00000000
1780062836.836115,vcan0,601,00000000
1780062836.836132,vcan0,602,7F000000
1780062836.840226,vcan0,604,01
1780062836.853047,vcan0,603,00
1780062836.853072,vcan0,604,00
1780062836.853090,vcan0,607,01000000
1780062836.890561,vcan0,604,01
1780062836.940761,vcan0,604,01
1780062836.949058,vcan0,600,00000000
1780062836.949083,vcan0,601,00000000
1780062836.949100,vcan0,602,7F000000
1780062836.990940,vcan0,604,01
1780062837.013071,vcan0,606,00
1780062837.041180,vcan0,604,01
1780062837.060033,vcan0,600,00000000
1780062837.060060,vcan0,601,00000000
1780062837.060076,vcan0,602,7F000000
1780062837.060090,vcan0,603,00
1780062837.060103,vcan0,604,00
1780062837.060117,vcan0,607,01000000
1780062837.091473,vcan0,604,01
1780062837.141799,vcan0,604,01
1780062837.172055,vcan0,600,00000000
1780062837.172086,vcan0,601,00000000
1780062837.172102,vcan0,602,7F000000
1780062837.192003,vcan0,604,01
1780062837.242182,vcan0,604,01
1780062837.268037,vcan0,603,00
1780062837.268067,vcan0,604,00
1780062837.268084,vcan0,607,01000000
1780062837.284036,vcan0,600,00000000
1780062837.284059,vcan0,601,00000000
1780062837.284074,vcan0,602,7F000000
1780062837.292396,vcan0,604,01
1780062837.342668,vcan0,604,01
1780062837.392870,vcan0,604,01
1780062837.396040,vcan0,600,00000000
1780062837.396069,vcan0,601,00000000
1780062837.396086,vcan0,602,7F000000
1780062837.443113,vcan0,604,01
1780062837.476069,vcan0,603,00
1780062837.476100,vcan0,604,00
1780062837.476118,vcan0,607,01000000
1780062837.493346,vcan0,604,01
1780062837.508025,vcan0,600,00000000
1780062837.508051,vcan0,601,00000000
1780062837.508068,vcan0,602,7F000000
1780062837.524017,vcan0,606,00
1780062837.543576,vcan0,604,01
1780062837.593772,vcan0,604,01
1780062837.620040,vcan0,600,00000000
1780062837.620069,vcan0,601,00000000
1780062837.620086,vcan0,602,7F000000
1780062837.644007,vcan0,604,01
1780062837.684043,vcan0,603,00
1780062837.684072,vcan0,604,00
1780062837.684090,vcan0,607,01000000
1780062837.694251,vcan0,604,01
1780062837.732100,vcan0,600,00000000
1780062837.732134,vcan0,601,00000000
1780062837.732151,vcan0,602,7F000000
1780062837.744478,vcan0,604,01
1780062837.794726,vcan0,604,01
1780062837.844934,vcan0,604,01
1780062837.845078,vcan0,600,00000000
1780062837.845105,vcan0,601,00000000
1780062837.845122,vcan0,602,7F000000
1780062837.893083,vcan0,603,00
1780062837.893113,vcan0,604,00
1780062837.893130,vcan0,607,01000000
1780062837.895152,vcan0,604,01
1780062837.945345,vcan0,604,01
1780062837.957035,vcan0,600,00000000
1780062837.957062,vcan0,601,00000000
1780062837.957080,vcan0,602,7F000000
1780062837.995544,vcan0,604,01
1780062838.037054,vcan0,606,00
1780062838.045804,vcan0,604,01
1780062838.068027,vcan0,600,00000000
1780062838.068055,vcan0,601,00000000
1780062838.068073,vcan0,602,7F000000
1780062838.096019,vcan0,604,01
1780062838.100032,vcan0,603,00
1780062838.100055,vcan0,604,00
1780062838.100072,vcan0,607,01000000
1780062838.146262,vcan0,604,01
1780062838.180040,vcan0,600,00000000
1780062838.180069,vcan0,601,00000000
1780062838.180085,vcan0,602,7F000000
1780062838.196493,vcan0,604,01
1780062838.246727,vcan0,604,01
1780062838.292047,vcan0,600,00000000
1780062838.292081,vcan0,601,00000000
1780062838.292098,vcan0,602,7F000000
1780062838.296979,vcan0,604,01
1780062838.308021,vcan0,603,00
1780062838.308042,vcan0,604,00
1780062838.308058,vcan0,607,01000000
1780062838.347241,vcan0,604,01
1780062838.397539,vcan0,604,01
1780062838.404066,vcan0,600,00000000
1780062838.404102,vcan0,601,00000000
1780062838.404119,vcan0,602,7F000000
1780062838.447752,vcan0,604,01
1780062838.497948,vcan0,604,01
1780062838.516029,vcan0,600,00000000
1780062838.516060,vcan0,601,00000000
1780062838.516077,vcan0,602,7F000000
1780062838.516092,vcan0,603,00
1780062838.516105,vcan0,604,00
1780062838.516119,vcan0,607,01000000
1780062838.548028,vcan0,606,00
1780062838.548173,vcan0,604,01
1780062838.598407,vcan0,604,01
1780062838.628078,vcan0,600,00000000
1780062838.628111,vcan0,601,00000000
1780062838.628128,vcan0,602,7F000000
1780062838.648659,vcan0,604,01
1780062838.698846,vcan0,604,01
1780062838.724019,vcan0,603,00
1780062838.724050,vcan0,604,00
1780062838.724067,vcan0,607,01000000
1780062838.740036,vcan0,600,00000000
1780062838.740063,vcan0,601,00000000
1780062838.740079,vcan0,602,7F000000
1780062838.749157,vcan0,604,01
1780062838.799357,vcan0,604,01
1780062838.849698,vcan0,604,01
1780062838.853072,vcan0,600,00000000
1780062838.853104,vcan0,601,00000000
1780062838.853123,vcan0,602,7F000000
1780062838.899899,vcan0,604,01
1780062838.933096,vcan0,603,00
1780062838.933138,vcan0,604,00
1780062838.933157,vcan0,607,01000000
1780062838.950145,vcan0,604,01
1780062838.965019,vcan0,600,00000000
1780062838.965047,vcan0,601,00000000
1780062838.965063,vcan0,602,7F000000
1780062839.000357,vcan0,604,01
1780062839.050616,vcan0,604,01
1780062839.060031,vcan0,606,00
1780062839.076068,vcan0,600,00000000
1780062839.076099,vcan0,601,00000000
1780062839.076117,vcan0,602,7F000000
1780062839.100818,vcan0,604,01
1780062839.140067,vcan0,603,00
1780062839.140102,vcan0,604,00
1780062839.140120,vcan0,607,01000000
1780062839.151008,vcan0,604,01
1780062839.188039,vcan0,600,00000000
1780062839.188071,vcan0,601,00000000
1780062839.188088,vcan0,602,7F000000
1780062839.201235,vcan0,604,01
1780062839.251579,vcan0,604,01
1780062839.300002,vcan0,600,00000000
1780062839.300032,vcan0,601,00000000
1780062839.300050,vcan0,602,7F000000
1780062839.301803,vcan0,604,01
1780062839.348015,vcan0,603,00
1780062839.348047,vcan0,604,00
1780062839.348065,vcan0,607,01000000
1780062839.352040,vcan0,604,01
1780062839.402244,vcan0,604,01
1780062839.412015,vcan0,600,00000000
1780062839.412047,vcan0,601,00000000
1780062839.412063,vcan0,602,7F000000
1780062839.452444,vcan0,604,01
1780062839.502648,vcan0,604,01
1780062839.524026,vcan0,600,00000000
1780062839.524058,vcan0,601,00000000
1780062839.524076,vcan0,602,7F000000
1780062839.552863,vcan0,604,01
1780062839.556027,vcan0,603,00
1780062839.556056,vcan0,604,00
1780062839.556073,vcan0,607,01000000
1780062839.572013,vcan0,606,00
1780062839.603148,vcan0,604,01
1780062839.636016,vcan0,600,00000000
1780062839.636044,vcan0,601,00000000
1780062839.636061,vcan0,602,7F000000
1780062839.653442,vcan0,604,01
1780062839.703767,vcan0,604,01
1780062839.747995,vcan0,600,00000000
1780062839.748022,vcan0,601,00000000
1780062839.748038,vcan0,602,7F000000
1780062839.753965,vcan0,604,01
1780062839.764013,vcan0,603,00
1780062839.764036,vcan0,604,00
1780062839.764053,vcan0,607,01000000
1780062839.804177,vcan0,604,01
1780062839.854401,vcan0,604,01
1780062839.861061,vcan0,600,00000000
1780062839.861092,vcan0,601,00000000
1780062839.861110,vcan0,602,7F000000
1780062839.904756,vcan0,604,01
1780062839.954970,vcan0,604,01
1780062839.973053,vcan0,600,00000000
1780062839.973089,vcan0,601,00000000
1780062839.973107,vcan0,602,7F000000
1780062839.973122,vcan0,603,00
1780062839.973137,vcan0,604,00
1780062839.973151,vcan0,607,01000000
1780062840.005169,vcan0,604,01
1780062840.055496,vcan0,604,01
1780062840.084001,vcan0,600,00000000
1780062840.084032,vcan0,601,00000000
1780062840.084050,vcan0,602,7F000000
1780062840.084067,vcan0,606,00
1780062840.105810,vcan0,604,01
1780062840.156026,vcan0,604,01
1780062840.179998,vcan0,603,00
1780062840.180030,vcan0,604,00
1780062840.180047,vcan0,607,01000000
1780062840.195981,vcan0,600,99000000
1780062840.196003,vcan0,601,00000000
1780062840.196018,vcan0,602,7F000000
1780062840.206313,vcan0,604,01
1780062840.256543,vcan0,604,01
1780062840.306728,vcan0,604,01
1780062840.308052,vcan0,600,FF000000
1780062840.308080,vcan0,601,00000000
1780062840.308097,vcan0,602,7F000000
1780062840.356949,vcan0,604,01
1780062840.388005,vcan0,603,00
1780062840.388038,vcan0,604,00
1780062840.388055,vcan0,607,01000000
1780062840.407285,vcan0,604,01
1780062840.420002,vcan0,600,FF000000
1780062840.420032,vcan0,601,00000000
1780062840.420047,vcan0,602,7F000000
1780062840.457525,vcan0,604,01
1780062840.507799,vcan0,604,01
1780062840.531999,vcan0,600,FF000000
1780062840.532029,vcan0,601,00000000
1780062840.532045,vcan0,602,7F000000
1780062840.558053,vcan0,604,01
1780062840.596012,vcan0,603,00
1780062840.596042,vcan0,604,00
1780062840.596058,vcan0,606,00
1780062840.596073,vcan0,607,01000000
1780062840.608297,vcan0,604,01
1780062840.644016,vcan0,600,FF000000
1780062840.644044,vcan0,601,00000000
1780062840.644058,vcan0,602,7F000000
1780062840.658625,vcan0,604,01
1780062840.708834,vcan0,604,01
1780062840.756039,vcan0,600,FF000000
1780062840.756075,vcan0,601,00000000
1780062840.756091,vcan0,602,7F000000
1780062840.759095,vcan0,604,01
1780062840.804054,vcan0,603,00
1780062840.804082,vcan0,604,00
1780062840.804099,vcan0,607,01000000
1780062840.809311,vcan0,604,01
1780062840.859639,vcan0,604,01
1780062840.869031,vcan0,600,FF000000
1780062840.869059,vcan0,601,00000000
1780062840.869074,vcan0,602,7F000000
1780062840.909834,vcan0,604,01
1780062840.960139,vcan0,604,01
1780062840.981004,vcan0,600,FF000000
1780062840.981036,vcan0,601,00000000
1780062840.981053,vcan0,602,7F000000
1780062841.010372,vcan0,604,01
1780062841.013003,vcan0,603,00
1780062841.013034,vcan0,604,00
1780062841.013050,vcan0,607,01000000
1780062841.060596,vcan0,604,01
1780062841.091978,vcan0,600,FF000000
1780062841.092007,vcan0,601,00000000
1780062841.092024,vcan0,602,7F000000
1780062841.108068,vcan0,606,00
1780062841.110802,vcan0,604,01
1780062841.161021,vcan0,604,01
1780062841.204012,vcan0,600,FF000000
1780062841.204044,vcan0,601,00000000
1780062841.204061,vcan0,602,7F000000
1780062841.211202,vcan0,604,01
1780062841.219976,vcan0,603,00
1780062841.219997,vcan0,604,00
1780062841.220014,vcan0,607,01000000
1780062841.261537,vcan0,604,01
1780062841.311832,vcan0,604,01
1780062841.316008,vcan0,600,00000000
1780062841.316038,vcan0,601,00000000
1780062841.316055,vcan0,602,7F000000
1780062841.362073,vcan0,604,01
1780062841.412313,vcan0,604,01
1780062841.428010,vcan0,600,00000000
1780062841.428041,vcan0,601,00000000
1780062841.428056,vcan0,602,7F000000
1780062841.428070,vcan0,603,00
1780062841.428084,vcan0,604,00
1780062841.428097,vcan0,607,01000000
1780062841.462552,vcan0,604,01
1780062841.512779,vcan0,604,01
1780062841.540034,vcan0,600,00000000
1780062841.540087,vcan0,601,00000000
1780062841.540107,vcan0,602,7F000000
1780062841.563007,vcan0,604,01
1780062841.613197,vcan0,604,01
1780062841.619996,vcan0,606,00
1780062841.635989,vcan0,603,00
1780062841.636019,vcan0,604,00
1780062841.636036,vcan0,607,01000000
1780062841.651990,vcan0,600,00000000
1780062841.652018,vcan0,601,00000000
1780062841.652033,vcan0,602,7F000000
1780062841.663400,vcan0,604,01
1780062841.713633,vcan0,604,01
1780062841.763864,vcan0,604,01
1780062841.764013,vcan0,600,00000000
1780062841.764039,vcan0,601,00000000
1780062841.764054,vcan0,602,7F000000
1780062841.814093,vcan0,604,01
1780062841.844994,vcan0,603,00
1780062841.845028,vcan0,604,00
1780062841.845045,vcan0,607,01000000
1780062841.864407,vcan0,604,01
1780062841.876986,vcan0,600,00000000
1780062841.877014,vcan0,601,00000000
1780062841.877029,vcan0,602,7F000000
1780062841.914607,vcan0,604,01
1780062841.964803,vcan0,604,01
1780062841.988976,vcan0,600,00000000
1780062841.989006,vcan0,601,00000000
1780062841.989023,vcan0,602,7F000000
1780062842.014991,vcan0,604,01
1780062842.051991,vcan0,603,00
1780062842.052023,vcan0,604,00
1780062842.052041,vcan0,607,01000000
1780062842.065196,vcan0,604,01
1780062842.100035,vcan0,600,00000000
1780062842.100065,vcan0,601,00000000
1780062842.100081,vcan0,602,7F000000
1780062842.115398,vcan0,604,01
1780062842.131984,vcan0,606,00
1780062842.165740,vcan0,604,01
1780062842.212016,vcan0,600,00000000
1780062842.212047,vcan0,601,00000000
1780062842.212063,vcan0,602,7F000000
1780062842.215940,vcan0,604,01
1780062842.259977,vcan0,603,00
1780062842.260003,vcan0,604,00
1780062842.260020,vcan0,607,01000000
1780062842.266159,vcan0,604,01
1780062842.316342,vcan0,604,01
1780062842.323979,vcan0,600,00000000
1780062842.324006,vcan0,601,00000000
1780062842.324021,vcan0,602,7F000000
1780062842.366563,vcan0,604,01
1780062842.416759,vcan0,604,01
1780062842.435995,vcan0,600,00000000
1780062842.436026,vcan0,601,00000000
1780062842.436042,vcan0,602,7F000000
1780062842.467023,vcan0,604,01
1780062842.467987,vcan0,603,00
1780062842.468010,vcan0,604,00
1780062842.468026,vcan0,607,01000000
1780062842.517276,vcan0,604,01
1780062842.547980,vcan0,600,00000000
1780062842.548009,vcan0,601,00000000
1780062842.548025,vcan0,602,7F000000
1780062842.567631,vcan0,604,01
1780062842.617855,vcan0,604,01
1780062842.643979,vcan0,606,00
1780062842.659981,vcan0,600,00000000
1780062842.660004,vcan0,601,00000000
1780062842.660020,vcan0,602,7F000000
1780062842.668103,vcan0,604,01
1780062842.675963,vcan0,603,00
1780062842.675986,vcan0,604,00
1780062842.676002,vcan0,607,01000000
1780062842.718323,vcan0,604,01
1780062842.768549,vcan0,604,01
1780062842.771967,vcan0,600,00000000
1780062842.771995,vcan0,601,00000000
1780062842.772011,vcan0,602,7F000000
1780062842.818798,vcan0,604,01
1780062842.869051,vcan0,604,01
1780062842.884967,vcan0,600,00000000
1780062842.884993,vcan0,601,00000000
1780062842.885010,vcan0,602,7F000000
1780062842.885024,vcan0,603,00
1780062842.885037,vcan0,604,00
1780062842.885049,vcan0,607,01000000
1780062842.919281,vcan0,604,01
1780062842.969473,vcan0,604,01
1780062842.996985,vcan0,600,00000000
1780062842.997014,vcan0,601,00000000
1780062842.997031,vcan0,602,7F000000
1780062843.019806,vcan0,604,01
1780062843.070133,vcan0,604,01
1780062843.092012,vcan0,603,00
1780062843.092052,vcan0,604,00
1780062843.092070,vcan0,607,01000000
1780062843.108018,vcan0,600,00000000
1780062843.108043,vcan0,601,00000000
1780062843.108058,vcan0,602,7F000000
1780062843.120358,vcan0,604,01
1780062843.155975,vcan0,606,00
1780062843.170543,vcan0,604,01
1780062843.219965,vcan0,600,00000000
1780062843.219996,vcan0,601,00000000
1780062843.220012,vcan0,602,7F000000
1780062843.220820,vcan0,604,01
1780062843.271064,vcan0,604,01
1780062843.299978,vcan0,603,00
1780062843.300007,vcan0,604,00
1780062843.300024,vcan0,607,01000000
1780062843.321398,vcan0,604,01
1780062843.332012,vcan0,600,00000000
1780062843.332040,vcan0,601,00000000
1780062843.332056,vcan0,602,7F000000
1780062843.371732,vcan0,604,01
1780062843.421920,vcan0,604,01
1780062843.444001,vcan0,600,00000000
1780062843.444035,vcan0,601,00000000
1780062843.444053,vcan0,602,7F000000
1780062843.472124,vcan0,604,01
1780062843.507967,vcan0,603,00
1780062843.507994,vcan0,604,00
1780062843.508010,vcan0,607,01000000
1780062843.522444,vcan0,604,01
1780062843.555981,vcan0,600,00000000
1780062843.556007,vcan0,601,00000000
1780062843.556022,vcan0,602,7F000000
1780062843.572659,vcan0,604,01
1780062843.622871,vcan0,604,01
1780062843.667965,vcan0,600,00000000
1780062843.667996,vcan0,601,00000000
1780062843.668013,vcan0,602,7F000000
1780062843.668029,vcan0,606,00
1780062843.673112,vcan0,604,01
1780062843.716026,vcan0,603,00
1780062843.716059,vcan0,604,00
1780062843.716077,vcan0,607,01000000
1780062843.723349,vcan0,604,01
1780062843.773618,vcan0,604,01
1780062843.780010,vcan0,600,00000000
1780062843.780043,vcan0,601,00000000
1780062843.780059,vcan0,602,7F000000
1780062843.823800,vcan0,604,01
1780062843.873992,vcan0,604,01
1780062843.892987,vcan0,600,00000000
1780062843.893019,vcan0,601,00000000
1780062843.893038,vcan0,602,7F000000
1780062843.924218,vcan0,604,01
1780062843.924978,vcan0,603,00
1780062843.925002,vcan0,604,00
1780062843.925019,vcan0,607,01000000
1780062843.974468,vcan0,604,01
1780062844.004994,vcan0,600,00000000
1780062844.005027,vcan0,601,00000000
1780062844.005044,vcan0,602,7F000000
1780062844.024708,vcan0,604,01
1780062844.074924,vcan0,604,01
1780062844.115973,vcan0,600,00000000
1780062844.116002,vcan0,601,00000000
1780062844.116019,vcan0,602,7F000000
1780062844.125168,vcan0,604,01
1780062844.131965,vcan0,603,00
1780062844.131992,vcan0,604,00
1780062844.132008,vcan0,607,01000000
1780062844.175482,vcan0,604,01
1780062844.179965,vcan0,606,00
1780062844.225803,vcan0,604,01
1780062844.227997,vcan0,600,00000000
1780062844.228025,vcan0,601,00000000
1780062844.228041,vcan0,602,7F000000
1780062844.276134,vcan0,604,01
1780062844.326344,vcan0,604,01
1780062844.340041,vcan0,600,00000000
1780062844.340077,vcan0,601,00000000
1780062844.340093,vcan0,602,7F000000
1780062844.340107,vcan0,603,00
1780062844.340120,vcan0,604,00
1780062844.340134,vcan0,607,01000000
1780062844.376541,vcan0,604,01
1780062844.426747,vcan0,604,01
1780062844.452001,vcan0,600,00000000
1780062844.452031,vcan0,601,00000000
1780062844.452049,vcan0,602,7F000000
1780062844.476932,vcan0,604,01
1780062844.527191,vcan0,604,01
1780062844.547978,vcan0,603,00
1780062844.548013,vcan0,604,00
1780062844.548032,vcan0,607,01000000
1780062844.563969,vcan0,600,00000000
1780062844.563994,vcan0,601,00000000
1780062844.564010,vcan0,602,7F000000
1780062844.577425,vcan0,604,01
1780062844.627639,vcan0,604,01
1780062844.675997,vcan0,600,00000000
1780062844.676033,vcan0,601,00000000
1780062844.676050,vcan0,602,7F000000
1780062844.677824,vcan0,604,01
1780062844.691953,vcan0,606,00
1780062844.728043,vcan0,604,01
1780062844.755980,vcan0,603,00
1780062844.756012,vcan0,604,00
1780062844.756029,vcan0,607,01000000
1780062844.778268,vcan0,604,01
1780062844.787966,vcan0,600,00000000
1780062844.787994,vcan0,601,00000000
1780062844.788011,vcan0,602,7F000000
1780062844.828481,vcan0,604,01
1780062844.878636,vcan0,604,01
1780062844.900994,vcan0,600,00000000
1780062844.901032,vcan0,601,00000000
1780062844.901049,vcan0,602,7F000000
1780062844.928933,vcan0,604,01
1780062844.965006,vcan0,603,00
1780062844.965040,vcan0,604,00
1780062844.965058,vcan0,607,01000000
1780062844.979164,vcan0,604,01
1780062845.012948,vcan0,600,00000000
1780062845.012975,vcan0,601,00000000
1780062845.012991,vcan0,602,7F000000
1780062845.029515,vcan0,604,01
1780062845.079821,vcan0,604,01
1780062845.124028,vcan0,600,00000000
1780062845.124067,vcan0,601,00000000
1780062845.124085,vcan0,602,7F000000
1780062845.130052,vcan0,604,01
1780062845.171956,vcan0,603,00
1780062845.171986,vcan0,604,00
1780062845.172003,vcan0,607,01000000
1780062845.180276,vcan0,604,01
1780062845.203936,vcan0,606,00
1780062845.230491,vcan0,604,01
1780062845.235978,vcan0,600,00000000
1780062845.236009,vcan0,601,00000000
1780062845.236025,vcan0,602,7F000000
1780062845.280822,vcan0,604,01
1780062845.331151,vcan0,604,01
1780062845.347946,vcan0,600,00000000
1780062845.347978,vcan0,601,00000000
1780062845.347994,vcan0,602,7F000000
1780062845.379989,vcan0,603,00
1780062845.380021,vcan0,604,00
1780062845.380040,vcan0,607,01000000
1780062845.381382,vcan0,604,01
1780062845.431583,vcan0,604,01
1780062845.459958,vcan0,600,00000000
1780062845.459990,vcan0,601,00000000
1780062845.460006,vcan0,602,7F000000
1780062845.481839,vcan0,604,01
1780062845.532066,vcan0,604,01
1780062845.572027,vcan0,600,00000000
1780062845.572066,vcan0,601,00000000
1780062845.572084,vcan0,602,7F000000
1780062845.582295,vcan0,604,01
1780062845.587945,vcan0,603,00
1780062845.587969,vcan0,604,00
1780062845.587986,vcan0,607,01000000
1780062845.632630,vcan0,604,01
1780062845.682817,vcan0,604,01
1780062845.683968,vcan0,600,00000000
1780062845.684002,vcan0,601,00000000
1780062845.684020,vcan0,602,7F000000
1780062845.715992,vcan0,606,00
1780062845.733063,vcan0,604,01
1780062845.783320,vcan0,604,01
1780062845.795951,vcan0,600,00000000
1780062845.795980,vcan0,601,00000000
1780062845.795996,vcan0,602,7F000000
1780062845.796009,vcan0,603,00
1780062845.796021,vcan0,604,00
1780062845.796035,vcan0,607,01000000
1780062845.833535,vcan0,604,01
1780062845.883730,vcan0,604,01
1780062845.908959,vcan0,600,00000000
1780062845.908989,vcan0,601,00000000
1780062845.909006,vcan0,602,7F000000
1780062845.933910,vcan0,604,01
1780062845.984106,vcan0,604,01
1780062846.004999,vcan0,603,00
1780062846.005030,vcan0,604,00
1780062846.005050,vcan0,607,01000000
1780062846.021040,vcan0,600,00000000
1780062846.021066,vcan0,601,00000000
1780062846.021084,vcan0,602,7F000000
1780062846.034310,vcan0,604,01
1780062846.084648,vcan0,604,01
1780062846.131946,vcan0,600,00000000
1780062846.131981,vcan0,601,00000000
1780062846.131998,vcan0,602,7F000000
1780062846.134879,vcan0,604,01
1780062846.185083,vcan0,604,01
1780062846.211976,vcan0,603,00
1780062846.212007,vcan0,604,00
1780062846.212024,vcan0,607,01000000
1780062846.227999,vcan0,606,00
1780062846.235340,vcan0,604,01
1780062846.244019,vcan0,600,00000000
1780062846.244061,vcan0,601,00000000
1780062846.244094,vcan0,602,7F000000
1780062846.285579,vcan0,604,01
1780062846.335775,vcan0,604,01
1780062846.355974,vcan0,600,00000000
1780062846.356010,vcan0,601,00000000
1780062846.356027,vcan0,602,7F000000
1780062846.385986,vcan0,604,01
1780062846.419933,vcan0,603,00
1780062846.419962,vcan0,604,00
1780062846.419980,vcan0,607,01000000
1780062846.436300,vcan0,604,01
1780062846.467936,vcan0,600,00000000
1780062846.467962,vcan0,601,00000000
1780062846.467979,vcan0,602,7F000000
1780062846.486583,vcan0,604,01
1780062846.536824,vcan0,604,01
1780062846.579984,vcan0,600,00000000
1780062846.580017,vcan0,601,00000000
1780062846.580033,vcan0,602,7F000000
1780062846.587064,vcan0,604,01
1780062846.627928,vcan0,603,00
1780062846.627956,vcan0,604,00
1780062846.627974,vcan0,607,01000000
1780062846.637259,vcan0,604,01
1780062846.687460,vcan0,604,01
1780062846.691944,vcan0,600,00000000
1780062846.691974,vcan0,601,00000000
1780062846.691992,vcan0,602,7F000000
1780062846.737806,vcan0,604,01
1780062846.739941,vcan0,606,00
1780062846.788067,vcan0,604,01
1780062846.803946,vcan0,600,00000000
1780062846.803979,vcan0,601,00000000
1780062846.803996,vcan0,602,7F000000
1780062846.835939,vcan0,603,00
1780062846.835964,vcan0,604,00
1780062846.835979,vcan0,607,01000000
1780062846.838316,vcan0,604,01
1780062846.888703,vcan0,604,01
1780062846.916936,vcan0,600,00000000
1780062846.916963,vcan0,601,00000000
1780062846.916979,vcan0,602,7F000000
1780062846.938972,vcan0,604,01
1780062846.989205,vcan0,604,01
1780062847.028932,vcan0,600,00000000
1780062847.028961,vcan0,601,00000000
1780062847.028977,vcan0,602,7F000000
1780062847.039449,vcan0,604,01
1780062847.043939,vcan0,603,00
1780062847.043961,vcan0,604,00
1780062847.043977,vcan0,607,01000000
1780062847.089781,vcan0,604,01
1780062847.139950,vcan0,600,00000000
1780062847.139978,vcan0,601,00000000
1780062847.139996,vcan0,602,7F000000
1780062847.140007,vcan0,604,01
1780062847.190208,vcan0,604,01
1780062847.240443,vcan0,604,01
1780062847.251919,vcan0,600,00000000
1780062847.251947,vcan0,601,00000000
1780062847.251963,vcan0,602,7F000000
1780062847.251977,vcan0,603,00
1780062847.251989,vcan0,604,00
1780062847.252003,vcan0,606,00
1780062847.252018,vcan0,607,01000000
1780062847.290788,vcan0,604,01
1780062847.340979,vcan0,604,01
1780062847.363955,vcan0,600,00000000
1780062847.363987,vcan0,601,00000000
1780062847.364005,vcan0,602,7F000000
1780062847.391231,vcan0,604,01
1780062847.441591,vcan0,604,01
1780062847.459977,vcan0,603,00
1780062847.460012,vcan0,604,00
1780062847.460034,vcan0,607,01000000
1780062847.475928,vcan0,600,00000000
1780062847.475951,vcan0,601,00000000
1780062847.475966,vcan0,602,7F000000
1780062847.491803,vcan0,604,01
1780062847.542002,vcan0,604,01
1780062847.587971,vcan0,600,00000000
1780062847.588006,vcan0,601,00000000
1780062847.588025,vcan0,602,7F000000
1780062847.592226,vcan0,604,01
1780062847.642468,vcan0,604,01
1780062847.667947,vcan0,603,00
1780062847.667981,vcan0,604,00
1780062847.667999,vcan0,607,01000000
1780062847.692802,vcan0,604,01
1780062847.699908,vcan0,600,00000000
1780062847.699930,vcan0,601,00000000
1780062847.699945,vcan0,602,7F000000
1780062847.742999,vcan0,604,01
1780062847.763911,vcan0,606,00
1780062847.793258,vcan0,604,01
1780062847.811930,vcan0,600,00000000
1780062847.811959,vcan0,601,00000000
1780062847.811976,vcan0,602,7F000000
1780062847.843567,vcan0,604,01
1780062847.876952,vcan0,603,00
1780062847.876983,vcan0,604,00
1780062847.877001,vcan0,607,01000000
1780062847.893904,vcan0,604,01
1780062847.924922,vcan0,600,00000000
1780062847.924951,vcan0,601,00000000
1780062847.924968,vcan0,602,7F000000
1780062847.944088,vcan0,604,01
1780062847.994277,vcan0,604,01
1780062848.036916,vcan0,600,00000000
1780062848.036946,vcan0,601,00000000
1780062848.036962,vcan0,602,7F000000
1780062848.044483,vcan0,604,01
1780062848.083914,vcan0,603,00
1780062848.083941,vcan0,604,00
1780062848.083958,vcan0,607,01000000
1780062848.094746,vcan0,604,01
1780062848.144950,vcan0,604,01
1780062848.147891,vcan0,600,00000000
1780062848.147912,vcan0,601,00000000
1780062848.147926,vcan0,602,7F000000
1780062848.195170,vcan0,604,01
1780062848.245484,vcan0,604,01
1780062848.259908,vcan0,600,00000000
1780062848.259936,vcan0,601,00000000
1780062848.259952,vcan0,602,7F000000
1780062848.275933,vcan0,606,00
1780062848.291913,vcan0,603,00
1780062848.291938,vcan0,604,00
1780062848.291955,vcan0,607,01000000
1780062848.295722,vcan0,604,01
1780062848.345907,vcan0,604,01
1780062848.371891,vcan0,600,00000000
1780062848.371918,vcan0,601,00000000
1780062848.371933,vcan0,602,7F000000
1780062848.396233,vcan0,604,01
1780062848.446556,vcan0,604,01
1780062848.483906,vcan0,600,00000000
1780062848.483935,vcan0,601,00000000
1780062848.483950,vcan0,602,7F000000
1780062848.496890,vcan0,604,01
1780062848.499892,vcan0,603,00
1780062848.499913,vcan0,604,00
1780062848.499929,vcan0,607,01000000
1780062848.547130,vcan0,604,01
1780062848.595895,vcan0,600,00000000
1780062848.595923,vcan0,601,00000000
1780062848.595939,vcan0,602,7F000000
1780062848.597352,vcan0,604,01
1780062848.647730,vcan0,604,01
1780062848.697984,vcan0,604,01
1780062848.707909,vcan0,600,00000000
1780062848.707939,vcan0,601,00000000
1780062848.707957,vcan0,602,7F000000
1780062848.707971,vcan0,603,00
1780062848.707985,vcan0,604,00
1780062848.707999,vcan0,607,01000000
1780062848.748180,vcan0,604,01
1780062848.787924,vcan0,606,00
1780062848.798496,vcan0,604,01
1780062848.819902,vcan0,600,00000000
1780062848.819931,vcan0,601,00000000
1780062848.819947,vcan0,602,7F000000
1780062848.848854,vcan0,604,01
1780062848.899180,vcan0,604,01
1780062848.916927,vcan0,603,00
1780062848.916959,vcan0,604,00
1780062848.916977,vcan0,607,01000000
1780062848.932964,vcan0,600,00000000
1780062848.932993,vcan0,601,00000000
1780062848.933010,vcan0,602,7F000000
1780062848.949503,vcan0,604,01
1780062848.999847,vcan0,604,01
1780062849.043930,vcan0,600,00000000
1780062849.043962,vcan0,601,00000000
1780062849.043979,vcan0,602,7F000000
1780062849.050088,vcan0,604,01
1780062849.100339,vcan0,604,01
1780062849.123897,vcan0,603,00
1780062849.123924,vcan0,604,00
1780062849.123941,vcan0,607,01000000
1780062849.150678,vcan0,604,01
1780062849.155938,vcan0,600,00000000
1780062849.155990,vcan0,601,00000000
1780062849.156018,vcan0,602,7F000000
1780062849.201049,vcan0,604,01
1780062849.251406,vcan0,604,01
1780062849.267904,vcan0,600,00000000
1780062849.267936,vcan0,601,00000000
1780062849.267952,vcan0,602,7F000000
1780062849.299911,vcan0,606,00
1780062849.301664,vcan0,604,01
1780062849.331903,vcan0,603,00
1780062849.331931,vcan0,604,00
1780062849.331948,vcan0,607,01000000
1780062849.351831,vcan0,604,01
1780062849.379969,vcan0,600,00000000
1780062849.380006,vcan0,601,00000000
1780062849.380023,vcan0,602,7F000000
1780062849.401990,vcan0,604,01
1780062849.453335,vcan0,604,01
1780062849.491919,vcan0,600,00000000
1780062849.491948,vcan0,601,00000000
1780062849.491964,vcan0,602,7F000000
1780062849.503494,vcan0,604,01
1780062849.539913,vcan0,603,00
1780062849.539940,vcan0,604,00
1780062849.539960,vcan0,607,01000000
1780062849.553690,vcan0,604,01
1780062849.603857,vcan0,604,01
1780062849.603893,vcan0,600,00000000
1780062849.603915,vcan0,601,00000000
1780062849.603930,vcan0,602,7F000000
1780062849.654049,vcan0,604,01
1780062849.704260,vcan0,604,01
1780062849.715895,vcan0,600,00000000
1780062849.715919,vcan0,601,00000000
1780062849.715934,vcan0,602,7F000000
1780062849.747957,vcan0,603,00
1780062849.747989,vcan0,604,00
1780062849.748008,vcan0,607,01000000
1780062849.755216,vcan0,604,01
1780062849.805424,vcan0,604,01
1780062849.811912,vcan0,606,00
1780062849.827888,vcan0,600,00000000
1780062849.827912,vcan0,601,00000000
1780062849.827929,vcan0,602,7F000000
1780062849.855725,vcan0,604,01
1780062849.905880,vcan0,604,01
1780062849.940948,vcan0,600,00000000
1780062849.940984,vcan0,601,00000000
1780062849.941003,vcan0,602,7F000000
1780062849.956070,vcan0,604,01
1780062849.956880,vcan0,603,00
1780062849.956900,vcan0,604,00
1780062849.956915,vcan0,607,01000000
1780062850.006351,vcan0,604,01
1780062850.051932,vcan0,600,00000000
1780062850.051964,vcan0,601,00000000
1780062850.051981,vcan0,602,7F000000
1780062850.056524,vcan0,604,01
1780062850.106703,vcan0,604,01
1780062850.156863,vcan0,604,01
1780062850.163883,vcan0,600,00000000
1780062850.163910,vcan0,601,00000000
1780062850.163926,vcan0,602,7F000000
1780062850.163941,vcan0,603,00
1780062850.163955,vcan0,604,00
1780062850.163968,vcan0,607,01000000
1780062850.207051,vcan0,604,01
1780062850.257209,vcan0,604,01
1780062850.275896,vcan0,600,00000000
1780062850.275926,vcan0,601,00000000
1780062850.275942,vcan0,602,7F000000
1780062850.307489,vcan0,604,01
1780062850.323948,vcan0,606,00
1780062850.357691,vcan0,604,01
1780062850.371925,vcan0,603,00
1780062850.371953,vcan0,604,00
1780062850.371969,vcan0,607,01000000
1780062850.387889,vcan0,600,00000000
1780062850.387914,vcan0,601,00000000
1780062850.387929,vcan0,602,7F000000
1780062850.407957,vcan0,604,01
1780062850.458222,vcan0,604,01
1780062850.499933,vcan0,600,00000000
1780062850.499964,vcan0,601,00000000
1780062850.499981,vcan0,602,7F000000
1780062850.508373,vcan0,604,01
1780062850.558540,vcan0,604,01
1780062850.579918,vcan0,603,00
1780062850.579946,vcan0,604,00
1780062850.579964,vcan0,607,01000000
1780062850.608700,vcan0,604,01
1780062850.611934,vcan0,600,00000000
1780062850.611984,vcan0,601,00000000
1780062850.612006,vcan0,602,7F000000
1780062850.658868,vcan0,604,01
1780062850.709148,vcan0,604,01
1780062850.723888,vcan0,600,00000000
1780062850.723917,vcan0,601,00000000
1780062850.723934,vcan0,602,7F000000
1780062850.759463,vcan0,604,01
1780062850.787904,vcan0,603,00
1780062850.787933,vcan0,604,00
1780062850.787950,vcan0,607,01000000
1780062850.809753,vcan0,604,01
1780062850.835894,vcan0,600,00000000
1780062850.835920,vcan0,601,00000000
1780062850.835935,vcan0,602,7F000000
1780062850.835950,vcan0,606,00
1780062850.860032,vcan0,604,01
1780062850.910189,vcan0,604,01
1780062850.948957,vcan0,600,00000000
1780062850.948993,vcan0,601,00000000
1780062850.949011,vcan0,602,7F000000
1780062850.960371,vcan0,604,01
1780062850.996892,vcan0,603,00
1780062850.996920,vcan0,604,00
1780062850.996936,vcan0,607,01000000
1780062851.010639,vcan0,604,01
1780062851.059936,vcan0,600,00000000
1780062851.059970,vcan0,601,00000000
1780062851.059990,vcan0,602,7F000000
1780062851.060847,vcan0,604,01
1780062851.111021,vcan0,604,01
1780062851.161321,vcan0,604,01
1780062851.171875,vcan0,600,00000000
1780062851.171901,vcan0,601,00000000
1780062851.171917,vcan0,602,7F000000
1780062851.203912,vcan0,603,00
1780062851.203941,vcan0,604,00
1780062851.203960,vcan0,607,01000000
1780062851.211531,vcan0,604,01
1780062851.261779,vcan0,604,01
1780062851.283886,vcan0,600,00000000
1780062851.283915,vcan0,601,00000000
1780062851.283931,vcan0,602,7F000000
1780062851.311965,vcan0,604,01
1780062851.347877,vcan0,606,00
1780062851.362178,vcan0,604,01
1780062851.395880,vcan0,600,00000000
1780062851.395907,vcan0,601,00000000
1780062851.395924,vcan0,602,7F000000
1780062851.411887,vcan0,603,00
1780062851.411909,vcan0,604,00
1780062851.411926,vcan0,607,01000000
1780062851.412445,vcan0,604,01
1780062851.462726,vcan0,604,01
1780062851.507874,vcan0,600,00000000
1780062851.507902,vcan0,601,00000000
1780062851.507917,vcan0,602,7F000000
1780062851.512882,vcan0,604,01
1780062851.563077,vcan0,604,01
1780062851.613373,vcan0,604,01
1780062851.619877,vcan0,600,00000000
1780062851.619903,vcan0,601,00000000
1780062851.619918,vcan0,602,7F000000
1780062851.619932,vcan0,603,00
1780062851.619945,vcan0,604,00
1780062851.619958,vcan0,607,01000000
1780062851.663671,vcan0,604,01
1780062851.713946,vcan0,604,01
1780062851.731887,vcan0,600,00000000
1780062851.731917,vcan0,601,00000000
1780062851.731933,vcan0,602,7F000000
1780062851.764147,vcan0,604,01
1780062851.814428,vcan0,604,01
1780062851.827954,vcan0,603,00
1780062851.827985,vcan0,604,00
1780062851.828003,vcan0,607,01000000
1780062851.844908,vcan0,600,00000000
1780062851.844934,vcan0,601,00000000
1780062851.844951,vcan0,602,7F000000
1780062851.860961,vcan0,606,00
1780062851.864592,vcan0,604,01
1780062851.914799,vcan0,604,01
1780062851.956887,vcan0,600,00000000
1780062851.956915,vcan0,601,00000000
1780062851.956932,vcan0,602,7F000000
1780062851.964957,vcan0,604,01
1780062852.015116,vcan0,604,01
1780062852.036896,vcan0,603,00
1780062852.036923,vcan0,604,00
1780062852.036939,vcan0,607,01000000
1780062852.065386,vcan0,604,01
1780062852.067857,vcan0,600,00000000
1780062852.067877,vcan0,601,00000000
1780062852.067892,vcan0,602,7F000000
1780062852.115682,vcan0,604,01
1780062852.165865,vcan0,604,01
1780062852.179906,vcan0,600,00000000
1780062852.179937,vcan0,601,00000000
1780062852.179954,vcan0,602,7F000000
1780062852.216064,vcan0,604,01
1780062852.243891,vcan0,603,00
1780062852.243920,vcan0,604,00
1780062852.243937,vcan0,607,01000000
1780062852.266261,vcan0,604,01
1780062852.291870,vcan0,600,00000000
1780062852.291894,vcan0,601,00000000
1780062852.291909,vcan0,602,7F000000
1780062852.316446,vcan0,604,01
1780062852.366647,vcan0,604,01
1780062852.371927,vcan0,606,00
1780062852.403863,vcan0,600,00000000
1780062852.403889,vcan0,601,00000000
1780062852.403906,vcan0,602,7F000000
1780062852.416812,vcan0,604,01
1780062852.451850,vcan0,603,00
1780062852.451873,vcan0,604,00
1780062852.451889,vcan0,607,01000000
1780062852.467105,vcan0,604,01
1780062852.515862,vcan0,600,00000000
1780062852.515886,vcan0,601,00000000
1780062852.515900,vcan0,602,7F000000
1780062852.517270,vcan0,604,01
1780062852.567447,vcan0,604,01
1780062852.617654,vcan0,604,01
1780062852.627857,vcan0,600,00000000
1780062852.627880,vcan0,601,00000000
1780062852.627895,vcan0,602,7F000000
1780062852.659852,vcan0,603,00
1780062852.659875,vcan0,604,00
1780062852.659890,vcan0,607,01000000
1780062852.667808,vcan0,604,01
1780062852.717964,vcan0,604,01
1780062852.739848,vcan0,600,00000000
1780062852.739872,vcan0,601,00000000
1780062852.739888,vcan0,602,7F000000
1780062852.768233,vcan0,604,01
1780062852.818438,vcan0,604,01
1780062852.852890,vcan0,600,00000000
1780062852.852919,vcan0,601,00000000
1780062852.852938,vcan0,602,7F000000
1780062852.868718,vcan0,604,01
1780062852.868846,vcan0,603,00
1780062852.868866,vcan0,604,00
1780062852.868881,vcan0,607,01000000
1780062852.884875,vcan0,606,00
1780062852.918891,vcan0,604,01
1780062852.964915,vcan0,600,00000000
1780062852.964943,vcan0,601,00000000
1780062852.964960,vcan0,602,7F000000
1780062852.969177,vcan0,604,01
1780062853.019450,vcan0,604,01
1780062853.069722,vcan0,604,01
1780062853.075935,vcan0,600,00000000
1780062853.075968,vcan0,601,00000000
1780062853.075985,vcan0,602,7F000000
1780062853.075999,vcan0,603,00
1780062853.076013,vcan0,604,00
1780062853.076027,vcan0,607,01000000
1780062853.119887,vcan0,604,01
1780062853.170090,vcan0,604,01
1780062853.187857,vcan0,600,00000000
1780062853.187889,vcan0,601,00000000
1780062853.187906,vcan0,602,7F000000
1780062853.220274,vcan0,604,01
1780062853.270516,vcan0,604,01
1780062853.283838,vcan0,603,00
1780062853.283861,vcan0,604,00
1780062853.283877,vcan0,607,01000000
1780062853.299898,vcan0,600,00000000
1780062853.299924,vcan0,601,00000000
1780062853.299940,vcan0,602,7F000000
1780062853.320780,vcan0,604,01
1780062853.370965,vcan0,604,01
1780062853.395877,vcan0,606,00
1780062853.411877,vcan0,600,00000000
1780062853.411906,vcan0,601,00000000
1780062853.411924,vcan0,602,7F000000
1780062853.421199,vcan0,604,01
1780062853.471393,vcan0,604,01
1780062853.491855,vcan0,603,00
1780062853.491884,vcan0,604,00
1780062853.491901,vcan0,607,01000000
1780062853.521619,vcan0,604,01
1780062853.523843,vcan0,600,00000000
1780062853.523864,vcan0,601,00000000
1780062853.523880,vcan0,602,7F000000
1780062853.571807,vcan0,604,01
1780062853.622029,vcan0,604,01
1780062853.635894,vcan0,600,00000000
1780062853.635925,vcan0,601,00000000
1780062853.635943,vcan0,602,7F000000
1780062853.672218,vcan0,604,01
1780062853.699870,vcan0,603,00
1780062853.699895,vcan0,604,00
1780062853.699912,vcan0,607,01000000
1780062853.722412,vcan0,604,01
1780062853.747879,vcan0,600,00000000
1780062853.747908,vcan0,601,00000000
1780062853.747927,vcan0,602,7F000000
1780062853.772647,vcan0,604,01
1780062853.822837,vcan0,604,01
1780062853.860860,vcan0,600,00000000
1780062853.860892,vcan0,601,00000000
1780062853.860909,vcan0,602,7F000000
1780062853.873032,vcan0,604,01
1780062853.908892,vcan0,603,00
1780062853.908924,vcan0,604,00
1780062853.908941,vcan0,606,00
1780062853.908959,vcan0,607,01000000
1780062853.923283,vcan0,604,01
1780062853.972847,vcan0,600,00000000
1780062853.972874,vcan0,601,00000000
1780062853.972889,vcan0,602,7F000000
1780062853.973523,vcan0,604,01
1780062854.023814,vcan0,604,01
1780062854.074055,vcan0,604,01
1780062854.083849,vcan0,600,00000000
1780062854.083877,vcan0,601,00000000
1780062854.083894,vcan0,602,7F000000
1780062854.115885,vcan0,603,00
1780062854.115911,vcan0,604,00
1780062854.115927,vcan0,607,01000000
1780062854.124297,vcan0,604,01
1780062854.174493,vcan0,604,01
1780062854.195869,vcan0,600,00000000
1780062854.195903,vcan0,601,00000000
1780062854.195922,vcan0,602,7F000000
1780062854.224795,vcan0,604,01
1780062854.275034,vcan0,604,01
1780062854.307871,vcan0,600,00000000
1780062854.307908,vcan0,601,00000000
1780062854.307928,vcan0,602,7F000000
1780062854.323894,vcan0,603,00
1780062854.323925,vcan0,604,00
1780062854.323943,vcan0,607,01000000
1780062854.325287,vcan0,604,01
1780062854.375492,vcan0,604,01
1780062854.420021,vcan0,600,00000000
1780062854.420065,vcan0,601,00000000
1780062854.420088,vcan0,602,7F000000
1780062854.420114,vcan0,606,00
1780062854.425724,vcan0,604,01
1780062854.475923,vcan0,604,01
1780062854.526115,vcan0,604,01
1780062854.531889,vcan0,600,00000000
1780062854.531920,vcan0,601,00000000
1780062854.531940,vcan0,602,7F000000
1780062854.531957,vcan0,603,00
1780062854.531974,vcan0,604,00
1780062854.531990,vcan0,607,01000000
1780062854.576343,vcan0,604,01
1780062854.626539,vcan0,604,01
1780062854.643852,vcan0,600,00000000
1780062854.643884,vcan0,601,00000000
1780062854.643902,vcan0,602,7F000000
1780062854.676896,vcan0,604,01
1780062854.727129,vcan0,604,01
1780062854.739885,vcan0,603,00
1780062854.739924,vcan0,604,00
1780062854.739945,vcan0,607,01000000
1780062854.755943,vcan0,600,00000000
1780062854.755978,vcan0,601,00000000
1780062854.755997,vcan0,602,7F000000
1780062854.777423,vcan0,604,01
1780062854.827620,vcan0,604,01
1780062854.868911,vcan0,600,00000000
1780062854.868954,vcan0,601,00000000
1780062854.868974,vcan0,602,7F000000
1780062854.877804,vcan0,604,01
1780062854.928036,vcan0,604,01
1780062854.932858,vcan0,606,00
1780062854.948842,vcan0,603,00
1780062854.948870,vcan0,604,00
1780062854.948889,vcan0,607,01000000
1780062854.978299,vcan0,604,01
1780062854.980892,vcan0,600,00000000
1780062854.980932,vcan0,601,00000000
1780062854.980956,vcan0,602,7F000000
1780062855.028532,vcan0,604,01
1780062855.078758,vcan0,604,01
1780062855.091872,vcan0,600,00000000
1780062855.091905,vcan0,601,00000000
1780062855.091921,vcan0,602,7F000000
1780062855.128969,vcan0,604,01
1780062855.155845,vcan0,603,00
1780062855.155874,vcan0,604,00
1780062855.155891,vcan0,607,01000000
1780062855.179185,vcan0,604,01
1780062855.203846,vcan0,600,00000000
1780062855.203870,vcan0,601,00000000
1780062855.203885,vcan0,602,7F000000
1780062855.229396,vcan0,604,01
1780062855.279743,vcan0,604,01
1780062855.315873,vcan0,600,00000000
1780062855.315908,vcan0,601,00000000
1780062855.315925,vcan0,602,7F000000
1780062855.329942,vcan0,604,01
1780062855.363837,vcan0,603,00
1780062855.363863,vcan0,604,00
1780062855.363879,vcan0,607,01000000
1780062855.380179,vcan0,604,01
1780062855.427887,vcan0,600,00000000
1780062855.427915,vcan0,601,00000000
1780062855.427931,vcan0,602,7F000000
1780062855.430378,vcan0,604,01
1780062855.443840,vcan0,606,00
1780062855.480580,vcan0,604,01
1780062855.530799,vcan0,604,01
1780062855.539841,vcan0,600,00000000
1780062855.539866,vcan0,601,00000000
1780062855.539883,vcan0,602,7F000000
1780062855.571979,vcan0,603,00
1780062855.572008,vcan0,604,00
1780062855.572025,vcan0,607,01000000
1780062855.581030,vcan0,604,01
1780062855.631249,vcan0,604,01
1780062855.651897,vcan0,600,00000000
1780062855.651926,vcan0,601,00000000
1780062855.651942,vcan0,602,7F000000
1780062855.681566,vcan0,604,01
1780062855.731775,vcan0,604,01
1780062855.763888,vcan0,600,00000000
1780062855.763921,vcan0,601,00000000
1780062855.763938,vcan0,602,7F000000
1780062855.779863,vcan0,603,00
1780062855.779890,vcan0,604,00
1780062855.779907,vcan0,607,01000000
1780062855.782018,vcan0,604,01
1780062855.832212,vcan0,604,01
1780062855.876862,vcan0,600,00000000
1780062855.876892,vcan0,601,00000000
1780062855.876910,vcan0,602,7F000000
1780062855.882433,vcan0,604,01
1780062855.932631,vcan0,604,01
1780062855.956870,vcan0,606,00
1780062855.982829,vcan0,604,01
1780062855.988829,vcan0,600,00000000
1780062855.988854,vcan0,601,00000000
1780062855.988870,vcan0,602,7F000000
1780062855.988884,vcan0,603,00
1780062855.988896,vcan0,604,00
1780062855.988910,vcan0,607,01000000
1780062856.033011,vcan0,604,01
1780062856.083238,vcan0,604,01
1780062856.099902,vcan0,600,00000000
1780062856.099936,vcan0,601,00000000
1780062856.099954,vcan0,602,7F000000
1780062856.133571,vcan0,604,01
1780062856.183782,vcan0,604,01
1780062856.195885,vcan0,603,00
1780062856.195914,vcan0,604,00
1780062856.195932,vcan0,607,01000000
1780062856.211857,vcan0,600,00000000
1780062856.211882,vcan0,601,00000000
1780062856.211898,vcan0,602,7F000000
1780062856.234021,vcan0,604,01
1780062856.284317,vcan0,604,01
1780062856.323839,vcan0,600,00000000
1780062856.323865,vcan0,601,00000000
1780062856.323881,vcan0,602,7F000000
1780062856.334562,vcan0,604,01
1780062856.384790,vcan0,604,01
1780062856.403842,vcan0,603,00
1780062856.403871,vcan0,604,00
1780062856.403887,vcan0,607,01000000
1780062856.435046,vcan0,604,01
1780062856.435827,vcan0,600,00000000
1780062856.435850,vcan0,601,00000000
1780062856.435865,vcan0,602,7F000000
1780062856.467870,vcan0,606,00
1780062856.485239,vcan0,604,01
1780062856.535452,vcan0,604,01
1780062856.547860,vcan0,600,00000000
1780062856.547891,vcan0,601,00000000
1780062856.547908,vcan0,602,7F000000
1780062856.585700,vcan0,604,01
1780062856.611824,vcan0,603,00
1780062856.611850,vcan0,604,00
1780062856.611867,vcan0,607,01000000
1780062856.635892,vcan0,604,01
1780062856.659836,vcan0,600,00000000
1780062856.659864,vcan0,601,00000000
1780062856.659880,vcan0,602,7F000000
1780062856.686115,vcan0,604,01
1780062856.736305,vcan0,604,01
1780062856.771827,vcan0,600,00000000
1780062856.771857,vcan0,601,00000000
1780062856.771874,vcan0,602,7F000000
1780062856.786491,vcan0,604,01
1780062856.819853,vcan0,603,00
1780062856.819881,vcan0,604,00
1780062856.819898,vcan0,607,01000000
1780062856.836657,vcan0,604,01
1780062856.884824,vcan0,600,00000000
1780062856.884850,vcan0,601,00000000
1780062856.884866,vcan0,602,7F000000
1780062856.886837,vcan0,604,01
1780062856.937031,vcan0,604,01
1780062856.980852,vcan0,606,00
1780062856.987256,vcan0,604,01
1780062856.996899,vcan0,600,00000000
1780062856.996929,vcan0,601,00000000
1780062856.996947,vcan0,602,7F000000
1780062857.028851,vcan0,603,00
1780062857.028879,vcan0,604,00
1780062857.028896,vcan0,607,01000000
1780062857.037486,vcan0,604,01
1780062857.087712,vcan0,604,01
1780062857.107844,vcan0,600,00000000
1780062857.107875,vcan0,601,00000000
1780062857.107892,vcan0,602,7F000000
1780062857.137903,vcan0,604,01
1780062857.188168,vcan0,604,01
1780062857.219828,vcan0,600,00000000
1780062857.219858,vcan0,601,00000000
1780062857.219875,vcan0,602,7F000000
1780062857.235803,vcan0,603,00
1780062857.235823,vcan0,604,00
1780062857.235838,vcan0,607,01000000
1780062857.238364,vcan0,604,01
1780062857.288558,vcan0,604,01
1780062857.331822,vcan0,600,00000000
1780062857.331853,vcan0,601,00000000
1780062857.331869,vcan0,602,7F000000
1780062857.338761,vcan0,604,01
1780062857.389010,vcan0,604,01
1780062857.439216,vcan0,604,01
1780062857.443839,vcan0,600,00000000
1780062857.443867,vcan0,601,00000000
1780062857.443884,vcan0,602,7F000000
1780062857.443899,vcan0,603,00
1780062857.443913,vcan0,604,00
1780062857.443927,vcan0,607,01000000
1780062857.489425,vcan0,604,01
1780062857.491857,vcan0,606,00
1780062857.539755,vcan0,604,01
1780062857.555817,vcan0,600,00000000
1780062857.555844,vcan0,601,00000000
1780062857.555860,vcan0,602,7F000000
1780062857.589978,vcan0,604,01
1780062857.640179,vcan0,604,01
1780062857.651823,vcan0,603,00
1780062857.651852,vcan0,604,00
1780062857.651869,vcan0,607,01000000
1780062857.667813,vcan0,600,00000000
1780062857.667835,vcan0,601,00000000
1780062857.667851,vcan0,602,7F000000
1780062857.690480,vcan0,604,01
1780062857.740801,vcan0,604,01
1780062857.779874,vcan0,600,00000000
1780062857.779908,vcan0,601,00000000
1780062857.779925,vcan0,602,7F000000
1780062857.790986,vcan0,604,01
1780062857.841190,vcan0,604,01
1780062857.860879,vcan0,603,00
1780062857.860916,vcan0,604,00
1780062857.860936,vcan0,607,01000000
1780062857.891542,vcan0,604,01
1780062857.892899,vcan0,600,00000000
1780062857.892933,vcan0,601,00000000
1780062857.892951,vcan0,602,7F000000
1780062857.941764,vcan0,604,01
1780062857.991957,vcan0,604,01
1780062858.004817,vcan0,600,00000000
1780062858.004845,vcan0,601,00000000
1780062858.004862,vcan0,602,7F000000
1780062858.004879,vcan0,606,00
1780062858.042190,vcan0,604,01
1780062858.067835,vcan0,603,00
1780062858.067864,vcan0,604,00
1780062858.067882,vcan0,607,01000000
1780062858.092387,vcan0,604,01
1780062858.115811,vcan0,600,00000000
1780062858.115836,vcan0,601,00000000
1780062858.115851,vcan0,602,7F000000
1780062858.142575,vcan0,604,01
1780062858.192816,vcan0,604,01
1780062858.227843,vcan0,600,00000000
1780062858.227874,vcan0,601,00000000
1780062858.227891,vcan0,602,7F000000
1780062858.243030,vcan0,604,01
1780062858.275799,vcan0,603,00
1780062858.275824,vcan0,604,00
1780062858.275841,vcan0,607,01000000
1780062858.293218,vcan0,604,01
1780062858.340131,vcan0,600,00000000
1780062858.340183,vcan0,601,00000000
1780062858.340219,vcan0,602,7F000000
1780062858.343429,vcan0,604,01
1780062858.393734,vcan0,604,01
1780062858.444021,vcan0,604,01
1780062858.451829,vcan0,600,00000000
1780062858.451860,vcan0,601,00000000
1780062858.451879,vcan0,602,7F000000
1780062858.483821,vcan0,603,00
1780062858.483846,vcan0,604,00
1780062858.483862,vcan0,607,01000000
1780062858.494208,vcan0,604,01
1780062858.515828,vcan0,606,00
1780062858.544449,vcan0,604,01
1780062858.563811,vcan0,600,00000000
1780062858.563837,vcan0,601,00000000
1780062858.563854,vcan0,602,7F000000
1780062858.594704,vcan0,604,01
1780062858.644924,vcan0,604,01
1780062858.675837,vcan0,600,00000000
1780062858.675869,vcan0,601,00000000
1780062858.675888,vcan0,602,7F000000
1780062858.691837,vcan0,603,00
1780062858.691865,vcan0,604,00
1780062858.691882,vcan0,607,01000000
1780062858.695180,vcan0,604,01
1780062858.745377,vcan0,604,01
1780062858.787831,vcan0,600,00000000
1780062858.787864,vcan0,601,00000000
1780062858.787881,vcan0,602,7F000000
1780062858.795613,vcan0,604,01
1780062858.845814,vcan0,604,01
1780062858.896106,vcan0,604,01
1780062858.900800,vcan0,600,00000000
1780062858.900826,vcan0,601,00000000
1780062858.900842,vcan0,602,7F000000
1780062858.900856,vcan0,603,00
1780062858.900869,vcan0,604,00
1780062858.900882,vcan0,607,01000000
1780062858.946303,vcan0,604,01
1780062858.996605,vcan0,604,01
1780062859.012790,vcan0,600,00000000
1780062859.012815,vcan0,601,00000000
1780062859.012830,vcan0,602,7F000000
1780062859.028795,vcan0,606,00
1780062859.046799,vcan0,604,01
1780062859.096996,vcan0,604,01
1780062859.107831,vcan0,603,00
1780062859.107858,vcan0,604,00
1780062859.107889,vcan0,607,01000000
1780062859.123815,vcan0,600,00000000
1780062859.123840,vcan0,601,00000000
1780062859.123857,vcan0,602,7F000000
1780062859.147183,vcan0,604,01
1780062859.197399,vcan0,604,01
1780062859.236837,vcan0,600,00000000
1780062859.236869,vcan0,601,00000000
1780062859.236885,vcan0,602,7F000000
1780062859.247689,vcan0,604,01
1780062859.297869,vcan0,604,01
1780062859.316823,vcan0,603,00
1780062859.316855,vcan0,604,00
1780062859.316874,vcan0,607,01000000
1780062859.348061,vcan0,604,01
1780062859.348826,vcan0,600,00000000
1780062859.348853,vcan0,601,00000000
1780062859.348870,vcan0,602,7F000000
1780062859.398297,vcan0,604,01
1780062859.448638,vcan0,604,01
1780062859.460816,vcan0,600,00000000
1780062859.460843,vcan0,601,00000000
1780062859.460859,vcan0,602,7F000000
1780062859.498834,vcan0,604,01
1780062859.524855,vcan0,603,00
1780062859.524884,vcan0,604,00
1780062859.524901,vcan0,607,01000000
1780062859.540809,vcan0,606,00
1780062859.549017,vcan0,604,01
1780062859.572795,vcan0,600,00000000
1780062859.572819,vcan0,601,00000000
1780062859.572834,vcan0,602,7F000000
1780062859.599204,vcan0,604,01
1780062859.649401,vcan0,604,01
1780062859.684795,vcan0,600,00000000
1780062859.684827,vcan0,601,00000000
1780062859.684844,vcan0,602,7F000000
1780062859.699646,vcan0,604,01
1780062859.732805,vcan0,603,00
1780062859.732835,vcan0,604,00
1780062859.732852,vcan0,607,01000000
1780062859.749843,vcan0,604,01
1780062859.796796,vcan0,600,00000000
1780062859.796824,vcan0,601,00000000
1780062859.796839,vcan0,602,7F000000
1780062859.800024,vcan0,604,01
1780062859.850204,vcan0,604,01
1780062859.900442,vcan0,604,01
1780062859.909795,vcan0,600,00000000
1780062859.909823,vcan0,601,00000000
1780062859.909839,vcan0,602,7F000000
1780062859.941850,vcan0,603,00
1780062859.941878,vcan0,604,00
1780062859.941897,vcan0,607,01000000
1780062859.950640,vcan0,604,01
1780062860.000847,vcan0,604,01
1780062860.021792,vcan0,600,00000000
1780062860.021819,vcan0,601,00000000
1780062860.021836,vcan0,602,7F000000
1780062860.051067,vcan0,604,01
1780062860.052846,vcan0,606,00
1780062860.101304,vcan0,604,01
1780062860.132806,vcan0,600,00000000
1780062860.132836,vcan0,601,00000000
1780062860.132853,vcan0,602,7F000000
1780062860.148782,vcan0,603,00
1780062860.148806,vcan0,604,00
1780062860.148822,vcan0,607,01000000
1780062860.151505,vcan0,604,01
1780062860.201715,vcan0,604,01
1780062860.244802,vcan0,600,00000000
1780062860.244831,vcan0,601,00000000
1780062860.244847,vcan0,602,7F000000
1780062860.251891,vcan0,604,01
1780062860.302104,vcan0,604,01
1780062860.352339,vcan0,604,01
1780062860.356815,vcan0,600,00000000
1780062860.356842,vcan0,601,00000000
1780062860.356859,vcan0,602,7F000000
1780062860.356874,vcan0,603,00
1780062860.356888,vcan0,604,00
1780062860.356902,vcan0,607,01000000
1780062860.402640,vcan0,604,01
1780062860.452895,vcan0,604,01
1780062860.468787,vcan0,600,00000000
1780062860.468820,vcan0,601,00000000
1780062860.468837,vcan0,602,7F000000
1780062860.503181,vcan0,604,01
1780062860.553483,vcan0,604,01
1780062860.564825,vcan0,603,00
1780062860.564857,vcan0,604,00
1780062860.564874,vcan0,606,00
1780062860.564891,vcan0,607,01000000
1780062860.580824,vcan0,600,00000000
1780062860.580851,vcan0,601,00000000
1780062860.580867,vcan0,602,7F000000
1780062860.603803,vcan0,604,01
1780062860.653972,vcan0,604,01
1780062860.692814,vcan0,600,00000000
1780062860.692847,vcan0,601,00000000
1780062860.692864,vcan0,602,7F000000
1780062860.704177,vcan0,604,01
1780062860.754347,vcan0,604,01
1780062860.772785,vcan0,603,00
1780062860.772813,vcan0,604,00
1780062860.772831,vcan0,607,01000000
1780062860.804536,vcan0,604,01
1780062860.804802,vcan0,600,00000000
1780062860.804837,vcan0,601,00000000
1780062860.804853,vcan0,602,7F000000
1780062860.854728,vcan0,604,01
1780062860.904911,vcan0,604,01
1780062860.917787,vcan0,600,00000000
1780062860.917815,vcan0,601,00000000
1780062860.917832,vcan0,602,7F000000
1780062860.955090,vcan0,604,01
1780062860.981791,vcan0,603,00
1780062860.981817,vcan0,604,00
1780062860.981839,vcan0,607,01000000
1780062861.005263,vcan0,604,01
1780062861.029792,vcan0,600,00000000
1780062861.029820,vcan0,601,00000000
1780062861.029836,vcan0,602,7F000000
1780062861.055440,vcan0,604,01
1780062861.076775,vcan0,606,00
1780062861.105625,vcan0,604,01
1780062861.140797,vcan0,600,00000000
1780062861.140825,vcan0,601,00000000
1780062861.140842,vcan0,602,7F000000
1780062861.155779,vcan0,604,01
1780062861.188810,vcan0,603,00
1780062861.188836,vcan0,604,00
1780062861.188854,vcan0,607,01000000
1780062861.205979,vcan0,604,01
1780062861.252779,vcan0,600,00000000
1780062861.252807,vcan0,601,00000000
1780062861.252824,vcan0,602,7F000000
1780062861.256190,vcan0,604,01
1780062861.306472,vcan0,604,01
1780062861.356676,vcan0,604,01
1780062861.364774,vcan0,600,00000000
1780062861.364799,vcan0,601,00000000
1780062861.364815,vcan0,602,7F000000
1780062861.396769,vcan0,603,00
1780062861.396795,vcan0,604,00
1780062861.396811,vcan0,607,01000000
1780062861.406842,vcan0,604,01
1780062861.457090,vcan0,604,01
1780062861.476770,vcan0,600,00000000
1780062861.476799,vcan0,601,00000000
1780062861.476814,vcan0,602,7F000000
1780062861.507307,vcan0,604,01
1780062861.557617,vcan0,604,01
1780062861.588972,vcan0,600,00000000
1780062861.589003,vcan0,601,00000000
1780062861.589020,vcan0,602,7F000000
1780062861.589037,vcan0,606,00
1780062861.604790,vcan0,603,00
1780062861.604814,vcan0,604,00
1780062861.604830,vcan0,607,01000000
1780062861.607823,vcan0,604,01
1780062861.658103,vcan0,604,01
1780062861.700760,vcan0,600,00000000
1780062861.700786,vcan0,601,00000000
1780062861.700802,vcan0,602,7F000000
1780062861.708272,vcan0,604,01
1780062861.758464,vcan0,604,01
1780062861.808651,vcan0,604,01
1780062861.812782,vcan0,600,00000000
1780062861.812806,vcan0,601,00000000
1780062861.812822,vcan0,602,7F000000
1780062861.812836,vcan0,603,00
1780062861.812850,vcan0,604,00
1780062861.812863,vcan0,607,01000000
1780062861.858829,vcan0,604,01
1780062861.909112,vcan0,604,01
1780062861.925789,vcan0,600,00000000
1780062861.925817,vcan0,601,00000000
1780062861.925834,vcan0,602,7F000000
1780062861.959302,vcan0,604,01
1780062862.009469,vcan0,604,01
1780062862.021770,vcan0,603,00
1780062862.021798,vcan0,604,00
1780062862.021815,vcan0,607,01000000
1780062862.037760,vcan0,600,00000000
1780062862.037783,vcan0,601,00000000
1780062862.037799,vcan0,602,7F000000
1780062862.059649,vcan0,604,01
1780062862.100799,vcan0,606,00
1780062862.109822,vcan0,604,01
1780062862.148767,vcan0,600,00000000
1780062862.148796,vcan0,601,00000000
1780062862.148813,vcan0,602,7F000000
1780062862.160117,vcan0,604,01
1780062862.210385,vcan0,604,01
1780062862.228798,vcan0,603,00
1780062862.228825,vcan0,604,00
1780062862.228842,vcan0,607,01000000
1780062862.260575,vcan0,604,01
1780062862.260775,vcan0,600,00000000
1780062862.260797,vcan0,601,00000000
1780062862.260813,vcan0,602,7F000000
1780062862.310755,vcan0,604,01
1780062862.360930,vcan0,604,01
1780062862.372827,vcan0,600,00000000
1780062862.372858,vcan0,601,00000000
1780062862.372876,vcan0,602,7F000000
1780062862.411097,vcan0,604,01
1780062862.436842,vcan0,603,00
1780062862.436873,vcan0,604,00
1780062862.436892,vcan0,607,01000000
1780062862.461261,vcan0,604,01
1780062862.484803,vcan0,600,00000000
1780062862.484829,vcan0,601,00000000
1780062862.484846,vcan0,602,7F000000
1780062862.511430,vcan0,604,01
1780062862.561634,vcan0,604,01
1780062862.596804,vcan0,600,7F000000
1780062862.596852,vcan0,601,00000000
1780062862.596875,vcan0,602,7F000000
1780062862.611828,vcan0,604,01
1780062862.612776,vcan0,606,00
1780062862.644761,vcan0,603,00
1780062862.644787,vcan0,604,00
1780062862.644805,vcan0,607,01000000
1780062862.661999,vcan0,604,01
1780062862.708795,vcan0,600,FF000000
1780062862.708821,vcan0,601,00000000
1780062862.708836,vcan0,602,7F000000
1780062862.712173,vcan0,604,01
1780062862.762357,vcan0,604,01
1780062862.812529,vcan0,604,01
1780062862.820785,vcan0,600,FF000000
1780062862.820816,vcan0,601,00000000
1780062862.820833,vcan0,602,7F000000
1780062862.853798,vcan0,603,00
1780062862.853827,vcan0,604,00
1780062862.853845,vcan0,607,01000000
1780062862.862698,vcan0,604,01
1780062862.912899,vcan0,604,01
1780062862.933785,vcan0,600,FF000000
1780062862.933815,vcan0,601,00000000
1780062862.933830,vcan0,602,7F000000
1780062862.963079,vcan0,604,01
1780062863.013362,vcan0,604,01
1780062863.044781,vcan0,600,FF000000
1780062863.044810,vcan0,601,00000000
1780062863.044825,vcan0,602,7F000000
1780062863.060767,vcan0,603,00
1780062863.060790,vcan0,604,00
1780062863.060805,vcan0,607,01000000
1780062863.063525,vcan0,604,01
1780062863.113657,vcan0,604,01
1780062863.124806,vcan0,606,00
1780062863.156775,vcan0,600,FF000000
1780062863.156802,vcan0,601,00000000
1780062863.156818,vcan0,602,7F000000
1780062863.163821,vcan0,604,01
1780062863.213988,vcan0,604,01
1780062863.264187,vcan0,604,01
1780062863.268790,vcan0,600,FF000000
1780062863.268815,vcan0,601,00000000
1780062863.268830,vcan0,602,7F000000
1780062863.268844,vcan0,603,00
1780062863.268857,vcan0,604,00
1780062863.268870,vcan0,607,01000000
1780062863.314402,vcan0,604,01
1780062863.364601,vcan0,604,01
1780062863.380762,vcan0,600,FF000000
1780062863.380788,vcan0,601,00000000
1780062863.380804,vcan0,602,7F000000
1780062863.414782,vcan0,604,01
1780062863.464979,vcan0,604,01
1780062863.476841,vcan0,603,00
1780062863.476869,vcan0,604,00
1780062863.476887,vcan0,607,01000000
1780062863.492773,vcan0,600,FF000000
1780062863.492798,vcan0,601,00000000
1780062863.492814,vcan0,602,7F000000
1780062863.515266,vcan0,604,01
1780062863.565438,vcan0,604,01
1780062863.604791,vcan0,600,FF000000
1780062863.604821,vcan0,601,00000000
1780062863.604836,vcan0,602,7F000000
1780062863.615638,vcan0,604,01
1780062863.636778,vcan0,606,00
1780062863.665824,vcan0,604,01
1780062863.684791,vcan0,603,00
1780062863.684818,vcan0,604,00
1780062863.684836,vcan0,607,01000000
1780062863.715997,vcan0,604,01
1780062863.716761,vcan0,600,FF000000
1780062863.716784,vcan0,601,00000000
1780062863.716799,vcan0,602,7F000000
1780062863.766174,vcan0,604,01
1780062863.816479,vcan0,604,01
1780062863.828756,vcan0,600,FF000000
1780062863.828783,vcan0,601,00000000
1780062863.828799,vcan0,602,7F000000
1780062863.866728,vcan0,604,01
1780062863.893797,vcan0,603,00
1780062863.893829,vcan0,604,00
1780062863.893848,vcan0,607,01000000
1780062863.916932,vcan0,604,01
1780062863.941745,vcan0,600,FF000000
1780062863.941774,vcan0,601,00000000
1780062863.941791,vcan0,602,7F000000
1780062863.967119,vcan0,604,01
1780062864.017288,vcan0,604,01
1780062864.052802,vcan0,600,00000000
1780062864.052840,vcan0,601,00000000
1780062864.052859,vcan0,602,7F000000
1780062864.067475,vcan0,604,01
1780062864.100748,vcan0,603,00
1780062864.100779,vcan0,604,00
1780062864.100799,vcan0,607,01000000
1780062864.117657,vcan0,604,01
1780062864.148758,vcan0,606,00
1780062864.164782,vcan0,600,00000000
1780062864.164812,vcan0,601,00000000
1780062864.164830,vcan0,602,7F000000
1780062864.167824,vcan0,604,01
1780062864.218009,vcan0,604,01
1780062864.268193,vcan0,604,01
1780062864.276742,vcan0,600,7F000000
1780062864.276771,vcan0,601,00000000
1780062864.276789,vcan0,602,7F000000
1780062864.308805,vcan0,603,00
1780062864.308840,vcan0,604,00
1780062864.308861,vcan0,607,01000000
1780062864.318466,vcan0,604,01
1780062864.368642,vcan0,604,01
1780062864.388744,vcan0,600,FF000000
1780062864.388776,vcan0,601,00000000
1780062864.388795,vcan0,602,7F000000
1780062864.418821,vcan0,604,01
1780062864.469011,vcan0,604,01
1780062864.500774,vcan0,600,FF000000
1780062864.500809,vcan0,601,00000000
1780062864.500828,vcan0,602,7F000000
1780062864.516734,vcan0,603,00
1780062864.516761,vcan0,604,00
1780062864.516779,vcan0,607,01000000
1780062864.519182,vcan0,604,01
1780062864.569479,vcan0,604,01
1780062864.612771,vcan0,600,FF000000
1780062864.612808,vcan0,601,00000000
1780062864.612827,vcan0,602,7F000000
1780062864.619746,vcan0,604,01
1780062864.660794,vcan0,606,00
1780062864.669903,vcan0,604,01
1780062864.720097,vcan0,604,01
1780062864.724757,vcan0,600,FF000000
1780062864.724786,vcan0,601,00000000
1780062864.724805,vcan0,602,7F000000
1780062864.724822,vcan0,603,00
1780062864.724838,vcan0,604,00
1780062864.724853,vcan0,607,01000000
1780062864.770323,vcan0,604,01
1780062864.820542,vcan0,604,01
1780062864.836750,vcan0,600,FF000000
1780062864.836784,vcan0,601,00000000
1780062864.836802,vcan0,602,7F000000
1780062864.870730,vcan0,604,01
1780062864.920957,vcan0,604,01
1780062864.933764,vcan0,603,00
1780062864.933798,vcan0,604,00
1780062864.933817,vcan0,607,01000000
1780062864.949796,vcan0,600,FF000000
1780062864.949828,vcan0,601,00000000
1780062864.949846,vcan0,602,7F000000
1780062864.971161,vcan0,604,01
1780062865.021327,vcan0,604,01
1780062865.060778,vcan0,600,FF000000
1780062865.060818,vcan0,601,00000000
1780062865.060838,vcan0,602,7F000000
1780062865.071496,vcan0,604,01
1780062865.121692,vcan0,604,01
1780062865.141218,vcan0,603,00
1780062865.141261,vcan0,604,00
1780062865.141284,vcan0,607,01000000
1780062865.171945,vcan0,604,01
1780062865.172983,vcan0,600,00000000
1780062865.173020,vcan0,601,00000000
1780062865.173047,vcan0,602,7F000000
1780062865.173066,vcan0,606,00
1780062865.222224,vcan0,604,01
1780062865.272464,vcan0,604,01
1780062865.284732,vcan0,600,00000000
1780062865.284762,vcan0,601,00000000
1780062865.284781,vcan0,602,7F000000
1780062865.322646,vcan0,604,01
1780062865.348758,vcan0,603,00
1780062865.348791,vcan0,604,00
1780062865.348810,vcan0,607,01000000
1780062865.372869,vcan0,604,01
1780062865.396758,vcan0,600,00000000
1780062865.396794,vcan0,601,00000000
1780062865.396812,vcan0,602,7F000000
1780062865.423039,vcan0,604,01
1780062865.473228,vcan0,604,01
1780062865.508754,vcan0,600,00000000
1780062865.508788,vcan0,601,00000000
1780062865.508808,vcan0,602,7F000000
1780062865.523429,vcan0,604,01
1780062865.556775,vcan0,603,00
1780062865.556808,vcan0,604,00
1780062865.556827,vcan0,607,01000000
1780062865.573651,vcan0,604,01
1780062865.620782,vcan0,600,00000000
1780062865.620818,vcan0,601,00000000
1780062865.620840,vcan0,602,7F000000
1780062865.623807,vcan0,604,01
1780062865.674075,vcan0,604,01
1780062865.684737,vcan0,606,00
1780062865.724406,vcan0,604,01
1780062865.732755,vcan0,600,00000000
1780062865.732790,vcan0,601,00000000
1780062865.732810,vcan0,602,7F000000
1780062865.764730,vcan0,603,00
1780062865.764761,vcan0,604,00
1780062865.764782,vcan0,607,01000000
1780062865.774625,vcan0,604,01
1780062865.824892,vcan0,604,01
1780062865.845763,vcan0,600,00000000
1780062865.845805,vcan0,601,00000000
1780062865.845823,vcan0,602,7F000000
1780062865.875139,vcan0,604,01
1780062865.925355,vcan0,604,01
1780062865.957740,vcan0,600,00000000
1780062865.957768,vcan0,601,00000000
1780062865.957785,vcan0,602,7F000000
1780062865.973759,vcan0,603,00
1780062865.973783,vcan0,604,00
1780062865.973801,vcan0,607,01000000
1780062865.975546,vcan0,604,01
1780062866.025714,vcan0,604,01
1780062866.068727,vcan0,600,00000000
1780062866.068752,vcan0,601,00000000
1780062866.068767,vcan0,602,7F000000
1780062866.075878,vcan0,604,01
1780062866.126147,vcan0,604,01
1780062866.176423,vcan0,604,01
1780062866.180747,vcan0,600,00000000
1780062866.180773,vcan0,601,00000000
1780062866.180789,vcan0,602,7F000000
1780062866.180804,vcan0,603,00
1780062866.180818,vcan0,604,00
1780062866.180838,vcan0,607,01000000
1780062866.196730,vcan0,606,00
1780062866.226719,vcan0,604,01
1780062866.276885,vcan0,604,01
1780062866.292736,vcan0,600,00000000
1780062866.292765,vcan0,601,00000000
1780062866.292782,vcan0,602,7F000000
1780062866.327095,vcan0,604,01
1780062866.377264,vcan0,604,01
1780062866.388733,vcan0,603,00
1780062866.388758,vcan0,604,00
1780062866.388774,vcan0,607,01000000
1780062866.404742,vcan0,600,00000000
1780062866.404766,vcan0,601,00000000
1780062866.404782,vcan0,602,7F000000
1780062866.427463,vcan0,604,01
1780062866.478415,vcan0,604,01
1780062866.516733,vcan0,600,00000000
1780062866.516763,vcan0,601,00000000
1780062866.516778,vcan0,602,7F000000
1780062866.528712,vcan0,604,01
1780062866.578911,vcan0,604,01
1780062866.596741,vcan0,603,00
1780062866.596770,vcan0,604,00
1780062866.596788,vcan0,607,01000000
1780062866.628734,vcan0,600,00000000
1780062866.628759,vcan0,601,00000000
1780062866.628775,vcan0,602,7F000000
1780062866.629075,vcan0,604,01
1780062866.679282,vcan0,604,01
1780062866.708727,vcan0,606,00
1780062866.729486,vcan0,604,01
1780062866.740767,vcan0,600,00000000
1780062866.740793,vcan0,601,00000000
1780062866.740810,vcan0,602,7F000000
1780062866.779754,vcan0,604,01
1780062866.804752,vcan0,603,00
1780062866.804778,vcan0,604,00
1780062866.804795,vcan0,607,01000000
1780062866.829929,vcan0,604,01
1780062866.853742,vcan0,600,00000000
1780062866.853770,vcan0,601,00000000
1780062866.853786,vcan0,602,7F000000
1780062866.880211,vcan0,604,01
1780062866.930389,vcan0,604,01
1780062866.965722,vcan0,600,00000000
1780062866.965769,vcan0,601,00000000
1780062866.965787,vcan0,602,7F000000
1780062866.980750,vcan0,604,01
1780062867.013729,vcan0,603,00
1780062867.013758,vcan0,604,00
1780062867.013775,vcan0,607,01000000
1780062867.030937,vcan0,604,01
1780062867.076747,vcan0,600,00000000
1780062867.076774,vcan0,601,00000000
1780062867.076790,vcan0,602,7F000000
1780062867.081097,vcan0,604,01
1780062867.131299,vcan0,604,01
1780062867.181497,vcan0,604,01
1780062867.188722,vcan0,600,00000000
1780062867.188748,vcan0,601,00000000
1780062867.188764,vcan0,602,7F000000
1780062867.220713,vcan0,603,00
1780062867.220736,vcan0,604,00
1780062867.220751,vcan0,606,00
1780062867.220766,vcan0,607,01000000
1780062867.231700,vcan0,604,01
1780062867.281986,vcan0,604,01
1780062867.300772,vcan0,600,00000000
1780062867.300802,vcan0,601,00000000
1780062867.300819,vcan0,602,7F000000
1780062867.332186,vcan0,604,01
1780062867.382521,vcan0,604,01
1780062867.412715,vcan0,600,00000000
1780062867.412740,vcan0,601,00000000
1780062867.412756,vcan0,602,7F000000
1780062867.428778,vcan0,603,00
1780062867.428805,vcan0,604,00
1780062867.428821,vcan0,607,01000000
1780062867.432691,vcan0,604,01
1780062867.482875,vcan0,604,01
1780062867.524710,vcan0,600,00000000
1780062867.524735,vcan0,601,00000000
1780062867.524750,vcan0,602,7F000000
1780062867.533091,vcan0,604,01
1780062867.583297,vcan0,604,01
1780062867.633608,vcan0,604,01
1780062867.636784,vcan0,600,00000000
1780062867.636819,vcan0,601,00000000
1780062867.636837,vcan0,602,7F000000
1780062867.636853,vcan0,603,00
1780062867.636867,vcan0,604,00
1780062867.636882,vcan0,607,01000000
1780062867.684004,vcan0,604,01
1780062867.732727,vcan0,606,00
1780062867.734219,vcan0,604,01
1780062867.748711,vcan0,600,00000000
1780062867.748735,vcan0,601,00000000
1780062867.748751,vcan0,602,7F000000
1780062867.784933,vcan0,604,01
1780062867.835140,vcan0,604,01
1780062867.845759,vcan0,603,00
1780062867.845789,vcan0,604,00
1780062867.845806,vcan0,607,01000000
1780062867.861759,vcan0,600,00000000
1780062867.861787,vcan0,601,00000000
1780062867.861803,vcan0,602,7F000000
1780062867.885373,vcan0,604,01
1780062867.935578,vcan0,604,01
1780062867.973729,vcan0,600,00000000
1780062867.973759,vcan0,601,00000000
1780062867.973775,vcan0,602,7F000000
1780062867.985742,vcan0,604,01
1780062868.035905,vcan0,604,01
1780062868.052738,vcan0,603,00
1780062868.052765,vcan0,604,00
1780062868.052782,vcan0,607,01000000
1780062868.084882,vcan0,600,00000000
1780062868.084914,vcan0,601,00000000
1780062868.084931,vcan0,602,7F000000
1780062868.086063,vcan0,604,01
1780062868.136221,vcan0,604,01
1780062868.186399,vcan0,604,01
1780062868.196720,vcan0,600,00000000
1780062868.196749,vcan0,601,00000000
1780062868.196767,vcan0,602,7F000000
1780062868.237303,vcan0,604,01
1780062868.244716,vcan0,606,00
1780062868.260700,vcan0,603,00
1780062868.260722,vcan0,604,00
1780062868.260738,vcan0,607,01000000
1780062868.287590,vcan0,604,01
1780062868.308740,vcan0,600,00000000
1780062868.308766,vcan0,601,00000000
1780062868.308782,vcan0,602,7F000000
1780062868.337762,vcan0,604,01
1780062868.387939,vcan0,604,01
1780062868.420717,vcan0,600,00000000
1780062868.420745,vcan0,601,00000000
1780062868.420761,vcan0,602,7F000000
1780062868.438105,vcan0,604,01
1780062868.468765,vcan0,603,00
1780062868.468798,vcan0,604,00
1780062868.468815,vcan0,607,01000000
1780062868.488374,vcan0,604,01
1780062868.532714,vcan0,600,00000000
1780062868.532741,vcan0,601,00000000
1780062868.532756,vcan0,602,7F000000
1780062868.538640,vcan0,604,01
1780062868.588807,vcan0,604,01
1780062868.639016,vcan0,604,01
1780062868.644698,vcan0,600,00000000
1780062868.644722,vcan0,601,00000000
1780062868.644739,vcan0,602,7F000000
1780062868.676696,vcan0,603,00
1780062868.676721,vcan0,604,00
1780062868.676737,vcan0,607,01000000
1780062868.689230,vcan0,604,01
1780062868.739402,vcan0,604,01
1780062868.756733,vcan0,600,00000000
1780062868.756761,vcan0,601,00000000
1780062868.756777,vcan0,602,7F000000
1780062868.756794,vcan0,606,00
1780062868.789615,vcan0,604,01
1780062868.839781,vcan0,604,01
1780062868.869760,vcan0,600,00000000
1780062868.869796,vcan0,601,00000000
1780062868.869814,vcan0,602,7F000000
1780062868.885724,vcan0,603,00
1780062868.885749,vcan0,604,00
1780062868.885766,vcan0,607,01000000
1780062868.889933,vcan0,604,01
1780062868.940121,vcan0,604,01
1780062868.981736,vcan0,600,00000000
1780062868.981765,vcan0,601,00000000
1780062868.981781,vcan0,602,7F000000
1780062868.990276,vcan0,604,01
1780062869.040465,vcan0,604,01
1780062869.090672,vcan0,604,01
1780062869.092717,vcan0,600,00000000
1780062869.092743,vcan0,601,00000000
1780062869.092761,vcan0,602,7F000000
1780062869.092776,vcan0,603,00
1780062869.092789,vcan0,604,00
1780062869.092802,vcan0,607,01000000
1780062869.140857,vcan0,604,01
1780062869.191065,vcan0,604,01
1780062869.204720,vcan0,600,00000000
1780062869.204750,vcan0,601,00000000
1780062869.204766,vcan0,602,7F000000
1780062869.241229,vcan0,604,01
1780062869.268716,vcan0,606,00
1780062869.291417,vcan0,604,01
1780062869.300708,vcan0,603,00
1780062869.300731,vcan0,604,00
1780062869.300747,vcan0,607,01000000
1780062869.316717,vcan0,600,00000000
1780062869.316743,vcan0,601,00000000
1780062869.316759,vcan0,602,7F000000
1780062869.341617,vcan0,604,01
1780062869.391790,vcan0,604,01
1780062869.428707,vcan0,600,00000000
1780062869.428738,vcan0,601,00000000
1780062869.428755,vcan0,602,7F000000
1780062869.441986,vcan0,604,01
1780062869.492203,vcan0,604,01
1780062869.508710,vcan0,603,00
1780062869.508738,vcan0,604,00
1780062869.508755,vcan0,607,01000000
1780062869.540729,vcan0,600,00000000
1780062869.540757,vcan0,601,00000000
1780062869.540773,vcan0,602,7F000000
1780062869.542397,vcan0,604,01
1780062869.593180,vcan0,604,01
1780062869.643466,vcan0,604,01
1780062869.652697,vcan0,600,00000000
1780062869.652724,vcan0,601,00000000
1780062869.652740,vcan0,602,7F000000
1780062869.693631,vcan0,604,01
1780062869.716729,vcan0,603,00
1780062869.716760,vcan0,604,00
1780062869.716778,vcan0,607,01000000
1780062869.743786,vcan0,604,01
1780062869.764701,vcan0,600,00000000
1780062869.764731,vcan0,601,00000000
1780062869.764746,vcan0,602,7F000000
1780062869.780683,vcan0,606,00
1780062869.794054,vcan0,604,01
1780062869.844340,vcan0,604,01
1780062869.877726,vcan0,600,00000000
1780062869.877755,vcan0,601,00000000
1780062869.877771,vcan0,602,7F000000
1780062869.894550,vcan0,604,01
1780062869.925696,vcan0,603,00
1780062869.925722,vcan0,604,00
1780062869.925738,vcan0,607,01000000
1780062869.944777,vcan0,604,01
1780062869.989700,vcan0,600,00000000
1780062869.989726,vcan0,601,00000000
1780062869.989742,vcan0,602,7F000000
1780062869.994928,vcan0,604,01
1780062870.045107,vcan0,604,01
1780062870.095261,vcan0,604,01
1780062870.100690,vcan0,600,00000000
1780062870.100715,vcan0,601,00000000
1780062870.100731,vcan0,602,7F000000
1780062870.132781,vcan0,603,00
1780062870.132818,vcan0,604,00
1780062870.132840,vcan0,607,01000000
1780062870.145528,vcan0,604,01
1780062870.195823,vcan0,604,01
1780062870.212688,vcan0,600,00000000
1780062870.212714,vcan0,601,00000000
1780062870.212729,vcan0,602,7F000000
1780062870.245985,vcan0,604,01
1780062870.292747,vcan0,606,00
1780062870.296139,vcan0,604,01
1780062870.324724,vcan0,600,00000000
1780062870.324755,vcan0,601,00000000
1780062870.324771,vcan0,602,7F000000
1780062870.340727,vcan0,603,00
1780062870.340753,vcan0,604,00
1780062870.340770,vcan0,607,01000000
1780062870.346350,vcan0,604,01
1780062870.396618,vcan0,604,01
1780062870.436726,vcan0,600,00000000
1780062870.436756,vcan0,601,00000000
1780062870.436773,vcan0,602,7F000000
1780062870.446771,vcan0,604,01
1780062870.497296,vcan0,604,01
1780062870.547584,vcan0,604,01
1780062870.548685,vcan0,600,00000000
1780062870.548711,vcan0,601,00000000
1780062870.548728,vcan0,602,7F000000
1780062870.548742,vcan0,603,00
1780062870.548755,vcan0,604,00
1780062870.548769,vcan0,607,01000000
1780062870.597751,vcan0,604,01
1780062870.647910,vcan0,604,01
1780062870.660699,vcan0,600,00000000
1780062870.660728,vcan0,601,00000000
1780062870.660745,vcan0,602,7F000000
1780062870.698117,vcan0,604,01
1780062870.748328,vcan0,604,01
1780062870.756688,vcan0,603,00
1780062870.756714,vcan0,604,00
1780062870.756731,vcan0,607,01000000
1780062870.772698,vcan0,600,00000000
1780062870.772722,vcan0,601,00000000
1780062870.772738,vcan0,602,7F000000
1780062870.798605,vcan0,604,01
1780062870.804695,vcan0,606,00
1780062870.848775,vcan0,604,01
1780062870.885713,vcan0,600,00000000
1780062870.885743,vcan0,601,00000000
1780062870.885760,vcan0,602,7F000000
1780062870.898974,vcan0,604,01
1780062870.949573,vcan0,604,01
1780062870.965683,vcan0,603,00
1780062870.965710,vcan0,604,00
1780062870.965728,vcan0,607,01000000
1780062870.997715,vcan0,600,00000000
1780062870.997742,vcan0,601,00000000
1780062870.997759,vcan0,602,7F000000
1780062870.999794,vcan0,604,01
1780062871.050004,vcan0,604,01
1780062871.100206,vcan0,604,01
1780062871.108689,vcan0,600,00000000
1780062871.108714,vcan0,601,00000000
1780062871.108730,vcan0,602,7F000000
1780062871.150407,vcan0,604,01
1780062871.172727,vcan0,603,00
1780062871.172756,vcan0,604,00
1780062871.172775,vcan0,607,01000000
1780062871.200780,vcan0,604,01
1780062871.220685,vcan0,600,00000000
1780062871.220718,vcan0,601,00000000
1780062871.220735,vcan0,602,7F000000
1780062871.250982,vcan0,604,01
1780062871.301224,vcan0,604,01
1780062871.316693,vcan0,606,00
1780062871.332744,vcan0,600,00000000
1780062871.332774,vcan0,601,00000000
1780062871.332791,vcan0,602,7F000000
1780062871.351453,vcan0,604,01
1780062871.380705,vcan0,603,00
1780062871.380734,vcan0,604,00
1780062871.380752,vcan0,607,01000000
1780062871.401739,vcan0,604,01
1780062871.444686,vcan0,600,00000000
1780062871.444712,vcan0,601,00000000
1780062871.444727,vcan0,602,7F000000
1780062871.451946,vcan0,604,01
1780062871.502185,vcan0,604,01
1780062871.552385,vcan0,604,01
1780062871.556724,vcan0,600,00000000
1780062871.556754,vcan0,601,00000000
1780062871.556772,vcan0,602,7F000000
1780062871.588718,vcan0,603,00
1780062871.588746,vcan0,604,00
1780062871.588763,vcan0,607,01000000
1780062871.602620,vcan0,604,01
1780062871.652788,vcan0,604,01
1780062871.668686,vcan0,600,00000000
1780062871.668713,vcan0,601,00000000
1780062871.668729,vcan0,602,7F000000
1780062871.702998,vcan0,604,01
1780062871.753201,vcan0,604,01
1780062871.780677,vcan0,600,00000000
1780062871.780704,vcan0,601,00000000
1780062871.780719,vcan0,602,7F000000
1780062871.796667,vcan0,603,00
1780062871.796690,vcan0,604,00
1780062871.796706,vcan0,607,01000000
1780062871.803375,vcan0,604,01
1780062871.828696,vcan0,606,00
1780062871.853721,vcan0,604,01
1780062871.893688,vcan0,600,00000000
1780062871.893716,vcan0,601,00000000
1780062871.893733,vcan0,602,7F000000
1780062871.903882,vcan0,604,01
1780062871.954125,vcan0,604,01
1780062872.004422,vcan0,604,01
1780062872.005673,vcan0,600,00000000
1780062872.005697,vcan0,601,00000000
1780062872.005712,vcan0,602,7F000000
1780062872.005727,vcan0,603,00
1780062872.005740,vcan0,604,00
1780062872.005753,vcan0,607,01000000
1780062872.054748,vcan0,604,01
1780062872.104914,vcan0,604,01
1780062872.116698,vcan0,600,00000000
1780062872.116726,vcan0,601,00000000
1780062872.116741,vcan0,602,7F000000
1780062872.155084,vcan0,604,01
1780062872.205366,vcan0,604,01
1780062872.212669,vcan0,603,00
1780062872.212691,vcan0,604,00
1780062872.212708,vcan0,607,01000000
1780062872.228678,vcan0,600,00000000
1780062872.228702,vcan0,601,00000000
1780062872.228717,vcan0,602,7F000000
1780062872.255648,vcan0,604,01
1780062872.305808,vcan0,604,01
1780062872.340702,vcan0,600,00000000
1780062872.340733,vcan0,601,00000000
1780062872.340750,vcan0,602,7F000000
1780062872.340766,vcan0,606,00
1780062872.355960,vcan0,604,01
1780062872.406147,vcan0,604,01
1780062872.420674,vcan0,603,00
1780062872.420702,vcan0,604,00
1780062872.420719,vcan0,607,01000000
1780062872.452680,vcan0,600,00000000
1780062872.452706,vcan0,601,00000000
1780062872.452722,vcan0,602,7F000000
1780062872.456296,vcan0,604,01
1780062872.506559,vcan0,604,01
1780062872.556721,vcan0,604,01
1780062872.564703,vcan0,600,00000000
1780062872.564735,vcan0,601,00000000
1780062872.564752,vcan0,602,7F000000
1780062872.606885,vcan0,604,01
1780062872.628739,vcan0,603,00
1780062872.628767,vcan0,604,00
1780062872.628786,vcan0,607,01000000
1780062872.657071,vcan0,604,01
1780062872.676729,vcan0,600,00000000
1780062872.676757,vcan0,601,00000000
1780062872.676773,vcan0,602,7F000000
1780062872.707284,vcan0,604,01
1780062872.757479,vcan0,604,01
1780062872.788672,vcan0,600,00000000
1780062872.788701,vcan0,601,00000000
1780062872.788719,vcan0,602,7F000000
1780062872.807771,vcan0,604,01
1780062872.836678,vcan0,603,00
1780062872.836706,vcan0,604,00
1780062872.836723,vcan0,607,01000000
1780062872.853658,vcan0,606,00
1780062872.857937,vcan0,604,01
1780062872.901669,vcan0,600,00000000
1780062872.901696,vcan0,601,00000000
1780062872.901713,vcan0,602,7F000000
1780062872.908133,vcan0,604,01
1780062872.958304,vcan0,604,01
1780062873.008583,vcan0,604,01
1780062873.013703,vcan0,600,00000000
1780062873.013732,vcan0,601,00000000
1780062873.013749,vcan0,602,7F000000
1780062873.044660,vcan0,603,00
1780062873.044685,vcan0,604,00
1780062873.044703,vcan0,607,01000000
1780062873.058769,vcan0,604,01
1780062873.108945,vcan0,604,01
1780062873.124697,vcan0,600,00000000
1780062873.124726,vcan0,601,00000000
1780062873.124745,vcan0,602,7F000000
1780062873.159251,vcan0,604,01
1780062873.209539,vcan0,604,01
1780062873.236684,vcan0,600,00000000
1780062873.236711,vcan0,601,00000000
1780062873.236729,vcan0,602,7F000000
1780062873.252680,vcan0,603,00
1780062873.252706,vcan0,604,00
1780062873.252723,vcan0,607,01000000
1780062873.259826,vcan0,604,01
1780062873.310104,vcan0,604,01
1780062873.348710,vcan0,600,00000000
1780062873.348742,vcan0,601,00000000
1780062873.348759,vcan0,602,7F000000
1780062873.360296,vcan0,604,01
1780062873.364646,vcan0,606,00
1780062873.410488,vcan0,604,01
1780062873.460649,vcan0,600,00000000
1780062873.460675,vcan0,601,00000000
1780062873.460691,vcan0,602,7F000000
1780062873.460705,vcan0,603,00
1780062873.460718,vcan0,604,00
1780062873.460731,vcan0,607,01000000
1780062873.460778,vcan0,604,01
1780062873.510966,vcan0,604,01
1780062873.561132,vcan0,604,01
1780062873.572681,vcan0,600,00000000
1780062873.572708,vcan0,601,00000000
1780062873.572726,vcan0,602,7F000000
1780062873.611333,vcan0,604,01
1780062873.661488,vcan0,604,01
1780062873.668656,vcan0,603,00
1780062873.668680,vcan0,604,00
1780062873.668697,vcan0,607,01000000
1780062873.684690,vcan0,600,00000000
1780062873.684717,vcan0,601,00000000
1780062873.684733,vcan0,602,7F000000
1780062873.711659,vcan0,604,01
1780062873.761831,vcan0,604,01
1780062873.796705,vcan0,600,00000000
1780062873.796733,vcan0,601,00000000
1780062873.796751,vcan0,602,7F000000
1780062873.812024,vcan0,604,01
1780062873.862184,vcan0,604,01
1780062873.877662,vcan0,603,00
1780062873.877684,vcan0,604,00
1780062873.877700,vcan0,606,00
1780062873.877714,vcan0,607,01000000
1780062873.909705,vcan0,600,00000000
1780062873.909734,vcan0,601,00000000
1780062873.909750,vcan0,602,7F000000
1780062873.912306,vcan0,604,01
1780062873.962465,vcan0,604,01
1780062874.012667,vcan0,604,01
1780062874.021660,vcan0,600,00000000
1780062874.021684,vcan0,601,00000000
1780062874.021700,vcan0,602,7F000000
1780062874.062834,vcan0,604,01
1780062874.084688,vcan0,603,00
1780062874.084717,vcan0,604,00
1780062874.084734,vcan0,607,01000000
1780062874.113014,vcan0,604,01
1780062874.132699,vcan0,600,00000000
1780062874.132731,vcan0,601,00000000
1780062874.132748,vcan0,602,7F000000
1780062874.163194,vcan0,604,01
1780062874.213379,vcan0,604,01
1780062874.244683,vcan0,600,00000000
1780062874.244711,vcan0,601,00000000
1780062874.244728,vcan0,602,7F000000
1780062874.263576,vcan0,604,01
1780062874.292709,vcan0,603,00
1780062874.292739,vcan0,604,00
1780062874.292757,vcan0,607,01000000
1780062874.313863,vcan0,604,01
1780062874.356674,vcan0,600,00000000
1780062874.356705,vcan0,601,00000000
1780062874.356722,vcan0,602,7F000000
1780062874.364049,vcan0,604,01
1780062874.388632,vcan0,606,00
1780062874.414252,vcan0,604,01
1780062874.464544,vcan0,604,01
1780062874.468625,vcan0,600,00000000
1780062874.468645,vcan0,601,00000000
1780062874.468660,vcan0,602,7F000000
1780062874.500643,vcan0,603,00
1780062874.500672,vcan0,604,00
1780062874.500689,vcan0,607,01000000
1780062874.514706,vcan0,604,01
1780062874.564862,vcan0,604,01
1780062874.580645,vcan0,600,00000000
1780062874.580670,vcan0,601,00000000
1780062874.580685,vcan0,602,7F000000
1780062874.615028,vcan0,604,01
1780062874.665338,vcan0,604,01
1780062874.692641,vcan0,600,00000000
1780062874.692669,vcan0,601,00000000
1780062874.692684,vcan0,602,7F000000
1780062874.708654,vcan0,603,00
1780062874.708679,vcan0,604,00
1780062874.708694,vcan0,607,01000000
1780062874.715617,vcan0,604,01
1780062874.765772,vcan0,604,01
1780062874.804663,vcan0,600,00000000
1780062874.804689,vcan0,601,00000000
1780062874.804705,vcan0,602,7F000000
1780062874.815943,vcan0,604,01
1780062874.866139,vcan0,604,01
1780062874.901707,vcan0,606,00
1780062874.916404,vcan0,604,01
1780062874.917635,vcan0,600,00000000
1780062874.917655,vcan0,601,00000000
1780062874.917669,vcan0,602,7F000000
1780062874.917682,vcan0,603,00
1780062874.917694,vcan0,604,00
1780062874.917707,vcan0,607,01000000
1780062874.966595,vcan0,604,01
1780062875.016877,vcan0,604,01
1780062875.029656,vcan0,600,00000000
1780062875.029682,vcan0,601,00000000
1780062875.029698,vcan0,602,7F000000
1780062875.067135,vcan0,604,01
1780062875.117345,vcan0,604,01
1780062875.124689,vcan0,603,00
1780062875.124714,vcan0,604,00
1780062875.124732,vcan0,607,01000000
1780062875.140641,vcan0,600,00000000
1780062875.140663,vcan0,601,00000000
1780062875.140678,vcan0,602,7F000000
1780062875.167517,vcan0,604,01
1780062875.217761,vcan0,604,01
1780062875.252654,vcan0,600,00000000
1780062875.252680,vcan0,601,00000000
1780062875.252696,vcan0,602,7F000000
1780062875.267949,vcan0,604,01
1780062875.318177,vcan0,604,01
1780062875.332685,vcan0,603,00
1780062875.332711,vcan0,604,00
1780062875.332728,vcan0,607,01000000
1780062875.364655,vcan0,600,00000000
1780062875.364684,vcan0,601,00000000
1780062875.364700,vcan0,602,7F000000
1780062875.368438,vcan0,604,01
1780062875.412671,vcan0,606,00
1780062875.418731,vcan0,604,01
1780062875.468930,vcan0,604,01
1780062875.476642,vcan0,600,00000000
1780062875.476671,vcan0,601,00000000
1780062875.476688,vcan0,602,7F000000
1780062875.519133,vcan0,604,01
1780062875.540677,vcan0,603,00
1780062875.540706,vcan0,604,00
1780062875.540725,vcan0,607,01000000
1780062875.569303,vcan0,604,01
1780062875.588663,vcan0,600,00000000
1780062875.588692,vcan0,601,00000000
1780062875.588708,vcan0,602,7F000000
1780062875.619510,vcan0,604,01
1780062875.669715,vcan0,604,01
1780062875.700659,vcan0,600,00000000
1780062875.700690,vcan0,601,00000000
1780062875.700707,vcan0,602,7F000000
1780062875.719886,vcan0,604,01
1780062875.748647,vcan0,603,00
1780062875.748676,vcan0,604,00
1780062875.748693,vcan0,607,01000000
1780062875.770169,vcan0,604,01
1780062875.812668,vcan0,600,00000000
1780062875.812699,vcan0,601,00000000
1780062875.812715,vcan0,602,7F000000
1780062875.820325,vcan0,604,01
1780062875.870510,vcan0,604,01
1780062875.920782,vcan0,604,01
1780062875.925657,vcan0,600,00000000
1780062875.925687,vcan0,601,00000000
1780062875.925704,vcan0,602,7F000000
1780062875.925722,vcan0,606,00
1780062875.957653,vcan0,603,00
1780062875.957680,vcan0,604,00
1780062875.957697,vcan0,607,01000000
1780062875.971000,vcan0,604,01
1780062876.021218,vcan0,604,01
1780062876.037635,vcan0,600,00000000
1780062876.037668,vcan0,601,00000000
1780062876.037686,vcan0,602,7F000000
1780062876.071409,vcan0,604,01
1780062876.121596,vcan0,604,01
1780062876.148648,vcan0,600,00000000
1780062876.148679,vcan0,601,00000000
1780062876.148696,vcan0,602,7F000000
1780062876.164639,vcan0,603,00
1780062876.164666,vcan0,604,00
1780062876.164682,vcan0,607,01000000
1780062876.171755,vcan0,604,01
1780062876.221916,vcan0,604,01
1780062876.260652,vcan0,600,00000000
1780062876.260683,vcan0,601,00000000
1780062876.260700,vcan0,602,7F000000
1780062876.272123,vcan0,604,01
1780062876.322402,vcan0,604,01
1780062876.372631,vcan0,600,00000000
1780062876.372663,vcan0,601,00000000
1780062876.372679,vcan0,602,7F000000
1780062876.372688,vcan0,604,01
1780062876.372696,vcan0,603,00
1780062876.372712,vcan0,604,00
1780062876.372727,vcan0,607,01000000
1780062876.422887,vcan0,604,01
1780062876.436674,vcan0,606,00
1780062876.473049,vcan0,604,01
1780062876.484659,vcan0,600,00000000
1780062876.484688,vcan0,601,00000000
1780062876.484704,vcan0,602,7F000000
1780062876.523208,vcan0,604,01
1780062876.573375,vcan0,604,01
1780062876.580689,vcan0,603,00
1780062876.580721,vcan0,604,00
1780062876.580740,vcan0,607,01000000
1780062876.596636,vcan0,600,00000000
1780062876.596662,vcan0,601,00000000
1780062876.596677,vcan0,602,7F000000
1780062876.623564,vcan0,604,01
1780062876.673764,vcan0,604,01
1780062876.708678,vcan0,600,00000000
1780062876.708712,vcan0,601,00000000
1780062876.708730,vcan0,602,7F000000
1780062876.723954,vcan0,604,01
1780062876.774141,vcan0,604,01
1780062876.788658,vcan0,603,00
1780062876.788686,vcan0,604,00
1780062876.788703,vcan0,607,01000000
1780062876.820622,vcan0,600,00000000
1780062876.820648,vcan0,601,00000000
1780062876.820664,vcan0,602,7F000000
1780062876.824319,vcan0,604,01
1780062876.874594,vcan0,604,01
1780062876.924784,vcan0,604,01
1780062876.933650,vcan0,600,00000000
1780062876.933681,vcan0,601,00000000
1780062876.933697,vcan0,602,7F000000
1780062876.949660,vcan0,606,00
1780062876.974942,vcan0,604,01
1780062876.997617,vcan0,603,00
1780062876.997642,vcan0,604,00
1780062876.997659,vcan0,607,01000000
1780062877.025147,vcan0,604,01
1780062877.044628,vcan0,600,00000000
1780062877.044654,vcan0,601,00000000
1780062877.044670,vcan0,602,7F000000
1780062877.075444,vcan0,604,01
1780062877.125643,vcan0,604,01
1780062877.156626,vcan0,600,00000000
1780062877.156656,vcan0,601,00000000
1780062877.156675,vcan0,602,7F000000
1780062877.175910,vcan0,604,01
1780062877.204627,vcan0,603,00
1780062877.204656,vcan0,604,00
1780062877.204674,vcan0,607,01000000
1780062877.226202,vcan0,604,01
1780062877.268656,vcan0,600,00000000
1780062877.268688,vcan0,601,00000000
1780062877.268705,vcan0,602,7F000000
1780062877.276495,vcan0,604,01
1780062877.326662,vcan0,604,01
1780062877.376963,vcan0,604,01
1780062877.380680,vcan0,600,00000000
1780062877.380707,vcan0,601,00000000
1780062877.380725,vcan0,602,7F000000
1780062877.412637,vcan0,603,00
1780062877.412664,vcan0,604,00
1780062877.412682,vcan0,607,01000000
1780062877.427300,vcan0,604,01
1780062877.460627,vcan0,606,00
1780062877.477500,vcan0,604,01
1780062877.492611,vcan0,600,00000000
1780062877.492640,vcan0,601,00000000
1780062877.492656,vcan0,602,7F000000
1780062877.527731,vcan0,604,01
1780062877.577921,vcan0,604,01
1780062877.604682,vcan0,600,00000000
1780062877.604723,vcan0,601,00000000
1780062877.604745,vcan0,602,7F000000
1780062877.620626,vcan0,603,00
1780062877.620652,vcan0,604,00
1780062877.620669,vcan0,607,01000000
1780062877.628138,vcan0,604,01
1780062877.678442,vcan0,604,01
1780062877.716631,vcan0,600,00000000
1780062877.716660,vcan0,601,00000000
1780062877.716676,vcan0,602,7F000000
1780062877.728738,vcan0,604,01
1780062877.778913,vcan0,604,01
1780062877.828631,vcan0,600,00000000
1780062877.828661,vcan0,601,00000000
1780062877.828678,vcan0,602,7F000000
1780062877.828692,vcan0,603,00
1780062877.828705,vcan0,604,00
1780062877.828718,vcan0,607,01000000
1780062877.829113,vcan0,604,01
1780062877.879388,vcan0,604,01
1780062877.929552,vcan0,604,01
1780062877.941641,vcan0,600,00000000
1780062877.941671,vcan0,601,00000000
1780062877.941689,vcan0,602,7F000000
1780062877.973611,vcan0,606,00
1780062877.979803,vcan0,604,01
1780062878.029959,vcan0,604,01
1780062878.037654,vcan0,603,00
1780062878.037691,vcan0,604,00
1780062878.037711,vcan0,607,01000000
1780062878.052633,vcan0,600,00000000
1780062878.052660,vcan0,601,00000000
1780062878.052676,vcan0,602,7F000000
1780062878.080165,vcan0,604,01
1780062878.130367,vcan0,604,01
1780062878.164622,vcan0,600,00000000
1780062878.164659,vcan0,601,00000000
1780062878.164678,vcan0,602,7F000000
1780062878.180575,vcan0,604,01
1780062878.230746,vcan0,604,01
1780062878.244721,vcan0,603,00
1780062878.244760,vcan0,604,00
1780062878.244779,vcan0,607,01000000
1780062878.276611,vcan0,600,00000000
1780062878.276637,vcan0,601,00000000
1780062878.276654,vcan0,602,7F000000
1780062878.281025,vcan0,604,01
1780062878.331293,vcan0,604,01
1780062878.381488,vcan0,604,01
1780062878.388633,vcan0,600,00000000
1780062878.388666,vcan0,601,00000000
1780062878.388682,vcan0,602,7F000000
1780062878.431698,vcan0,604,01
1780062878.452619,vcan0,603,00
1780062878.452653,vcan0,604,00
1780062878.452671,vcan0,607,01000000
1780062878.481864,vcan0,604,01
1780062878.484635,vcan0,606,00
1780062878.500633,vcan0,600,00000000
1780062878.500660,vcan0,601,00000000
1780062878.500682,vcan0,602,7F000000
1780062878.532182,vcan0,604,01
1780062878.582347,vcan0,604,01
1780062878.612624,vcan0,600,00000000
1780062878.612656,vcan0,601,00000000
1780062878.612673,vcan0,602,7F000000
1780062878.632636,vcan0,604,01
1780062878.660645,vcan0,603,00
1780062878.660676,vcan0,604,00
1780062878.660694,vcan0,607,01000000
1780062878.682906,vcan0,604,01
1780062878.724625,vcan0,600,00000000
1780062878.724658,vcan0,601,00000000
1780062878.724676,vcan0,602,7F000000
1780062878.733096,vcan0,604,01
1780062878.783275,vcan0,604,01
1780062878.833552,vcan0,604,01
1780062878.836609,vcan0,600,00000000
1780062878.836634,vcan0,601,00000000
1780062878.836651,vcan0,602,7F000000
1780062878.869649,vcan0,603,00
1780062878.869676,vcan0,604,00
1780062878.869694,vcan0,607,01000000
1780062878.883731,vcan0,604,01
1780062878.933916,vcan0,604,01
1780062878.949603,vcan0,600,00000000
1780062878.949633,vcan0,601,00000000
1780062878.949650,vcan0,602,7F000000
1780062878.984144,vcan0,604,01
1780062878.997608,vcan0,606,00
1780062879.034354,vcan0,604,01
1780062879.060592,vcan0,600,00000000
1780062879.060621,vcan0,601,00000000
1780062879.060637,vcan0,602,7F000000
1780062879.076580,vcan0,603,00
1780062879.076604,vcan0,604,00
1780062879.076620,vcan0,607,01000000
1780062879.084542,vcan0,604,01
1780062879.134707,vcan0,604,01
1780062879.172601,vcan0,600,00000000
1780062879.172632,vcan0,601,00000000
1780062879.172648,vcan0,602,7F000000
1780062879.184867,vcan0,604,01
1780062879.235023,vcan0,604,01
1780062879.284636,vcan0,600,00000000
1780062879.284671,vcan0,601,00000000
1780062879.284687,vcan0,602,7F000000
1780062879.284701,vcan0,603,00
1780062879.284715,vcan0,604,00
1780062879.284729,vcan0,607,01000000
1780062879.285229,vcan0,604,01
1780062879.335441,vcan0,604,01
1780062879.385751,vcan0,604,01
1780062879.396607,vcan0,600,00000000
1780062879.396636,vcan0,601,00000000
1780062879.396653,vcan0,602,7F000000
1780062879.436024,vcan0,604,01
1780062879.486292,vcan0,604,01
1780062879.492621,vcan0,603,00
1780062879.492648,vcan0,604,00
1780062879.492666,vcan0,607,01000000
1780062879.508600,vcan0,600,00000000
1780062879.508621,vcan0,601,00000000
1780062879.508637,vcan0,602,7F000000
1780062879.508652,vcan0,606,00
1780062879.536582,vcan0,604,01
1780062879.586759,vcan0,604,01
1780062879.620597,vcan0,600,00000000
1780062879.620629,vcan0,601,00000000
1780062879.620645,vcan0,602,7F000000
1780062879.636934,vcan0,604,01
1780062879.687223,vcan0,604,01
1780062879.700613,vcan0,603,00
1780062879.700646,vcan0,604,00
1780062879.700664,vcan0,607,01000000
1780062879.732611,vcan0,600,00000000
1780062879.732640,vcan0,601,00000000
1780062879.732658,vcan0,602,7F000000
1780062879.737416,vcan0,604,01
1780062879.787626,vcan0,604,01
1780062879.837808,vcan0,604,01
1780062879.845625,vcan0,600,00000000
1780062879.845655,vcan0,601,00000000
1780062879.845672,vcan0,602,7F000000
1780062879.887995,vcan0,604,01
1780062879.909612,vcan0,603,00
1780062879.909641,vcan0,604,00
1780062879.909659,vcan0,607,01000000
1780062879.938237,vcan0,604,01
1780062879.957589,vcan0,600,00000000
1780062879.957617,vcan0,601,00000000
1780062879.957633,vcan0,602,7F000000
1780062879.988539,vcan0,604,01
1780062880.021651,vcan0,606,00
1780062880.038712,vcan0,604,01
1780062880.068642,vcan0,600,00000000
1780062880.068670,vcan0,601,00000000
1780062880.068687,vcan0,602,7F000000
1780062880.088974,vcan0,604,01
1780062880.116603,vcan0,603,00
1780062880.116632,vcan0,604,00
1780062880.116649,vcan0,607,01000000
1780062880.139133,vcan0,604,01
1780062880.180618,vcan0,600,00000000
1780062880.180647,vcan0,601,00000000
1780062880.180665,vcan0,602,7F000000
1780062880.189298,vcan0,604,01
1780062880.239477,vcan0,604,01
1780062880.289714,vcan0,604,01
1780062880.292599,vcan0,600,00000000
1780062880.292629,vcan0,601,00000000
1780062880.292646,vcan0,602,7F000000
1780062880.324613,vcan0,603,00
1780062880.324645,vcan0,604,00
1780062880.324663,vcan0,607,01000000
1780062880.339906,vcan0,604,01
1780062880.390113,vcan0,604,01
1780062880.404619,vcan0,600,00000000
1780062880.404651,vcan0,601,00000000
1780062880.404668,vcan0,602,7F000000
1780062880.440365,vcan0,604,01
1780062880.490604,vcan0,604,01
1780062880.516640,vcan0,600,00000000
1780062880.516675,vcan0,601,00000000
1780062880.516693,vcan0,602,7F000000
1780062880.532610,vcan0,603,00
1780062880.532637,vcan0,604,00
1780062880.532652,vcan0,606,00
1780062880.532667,vcan0,607,01000000
1780062880.540798,vcan0,604,01
1780062880.590997,vcan0,604,01
1780062880.628664,vcan0,600,00000000
1780062880.628696,vcan0,601,00000000
1780062880.628714,vcan0,602,7F000000
1780062880.641246,vcan0,604,01
1780062880.691569,vcan0,604,01
1780062880.740599,vcan0,600,00000000
1780062880.740633,vcan0,601,00000000
1780062880.740649,vcan0,602,7F000000
1780062880.740664,vcan0,603,00
1780062880.740677,vcan0,604,00
1780062880.740691,vcan0,607,01000000
1780062880.741861,vcan0,604,01
1780062880.792131,vcan0,604,01
1780062880.842430,vcan0,604,01
1780062880.853577,vcan0,600,00000000
1780062880.853607,vcan0,601,00000000
1780062880.853622,vcan0,602,7F000000
1780062880.892730,vcan0,604,01
1780062880.942983,vcan0,604,01
1780062880.949616,vcan0,603,00
1780062880.949649,vcan0,604,00
1780062880.949666,vcan0,607,01000000
1780062880.965597,vcan0,600,00000000
1780062880.965623,vcan0,601,00000000
1780062880.965638,vcan0,602,7F000000
1780062880.993179,vcan0,604,01
1780062881.043503,vcan0,604,01
1780062881.044593,vcan0,606,00
1780062881.076579,vcan0,600,00000000
1780062881.076607,vcan0,601,00000000
1780062881.076625,vcan0,602,7F000000
1780062881.093729,vcan0,604,01
1780062881.144062,vcan0,604,01
1780062881.156619,vcan0,603,00
1780062881.156649,vcan0,604,00
1780062881.156667,vcan0,607,01000000
1780062881.188571,vcan0,600,00000000
1780062881.188598,vcan0,601,00000000
1780062881.188615,vcan0,602,7F000000
1780062881.194373,vcan0,604,01
1780062881.244698,vcan0,604,01
1780062881.294926,vcan0,604,01
1780062881.300582,vcan0,600,00000000
1780062881.300614,vcan0,601,00000000
1780062881.300631,vcan0,602,7F000000
1780062881.345279,vcan0,604,01
1780062881.364637,vcan0,603,00
1780062881.364670,vcan0,604,00
1780062881.364687,vcan0,607,01000000
1780062881.395484,vcan0,604,01
1780062881.412596,vcan0,600,00000000
1780062881.412623,vcan0,601,00000000
1780062881.412639,vcan0,602,7F000000
1780062881.445712,vcan0,604,01
1780062881.495863,vcan0,604,01
1780062881.524582,vcan0,600,00000000
1780062881.524617,vcan0,601,00000000
1780062881.524634,vcan0,602,7F000000
1780062881.546099,vcan0,604,01
1780062881.556640,vcan0,606,00
1780062881.572601,vcan0,603,00
1780062881.572631,vcan0,604,00
1780062881.572648,vcan0,607,01000000
1780062881.596414,vcan0,604,01
1780062881.636570,vcan0,600,00000000
1780062881.636603,vcan0,601,00000000
1780062881.636619,vcan0,602,7F000000
1780062881.646634,vcan0,604,01
1780062881.696813,vcan0,604,01
1780062881.746984,vcan0,604,01
1780062881.748583,vcan0,600,00000000
1780062881.748619,vcan0,601,00000000
1780062881.748635,vcan0,602,7F000000
1780062881.780584,vcan0,603,00
1780062881.780617,vcan0,604,00
1780062881.780634,vcan0,607,01000000
1780062881.797171,vcan0,604,01
1780062881.847362,vcan0,604,01
1780062881.861594,vcan0,600,00000000
1780062881.861645,vcan0,601,00000000
1780062881.861664,vcan0,602,7F000000
1780062881.897543,vcan0,604,01
1780062881.947755,vcan0,604,01
1780062881.973578,vcan0,600,00000000
1780062881.973613,vcan0,601,00000000
1780062881.973631,vcan0,602,7F000000
1780062881.989655,vcan0,603,00
1780062881.989688,vcan0,604,00
1780062881.989706,vcan0,607,01000000
1780062881.997914,vcan0,604,01
1780062882.048094,vcan0,604,01
1780062882.068578,vcan0,606,00
1780062882.084589,vcan0,600,00000000
1780062882.084615,vcan0,601,00000000
1780062882.084632,vcan0,602,7F000000
1780062882.098325,vcan0,604,01
1780062882.148549,vcan0,604,01
1780062882.196595,vcan0,600,00000000
1780062882.196630,vcan0,601,00000000
1780062882.196648,vcan0,602,7F000000
1780062882.196663,vcan0,603,00
1780062882.196677,vcan0,604,00
1780062882.196692,vcan0,607,01000000
1780062882.198722,vcan0,604,01
1780062882.248884,vcan0,604,01
1780062882.299182,vcan0,604,01
1780062882.308591,vcan0,600,00000000
1780062882.308617,vcan0,601,00000000
1780062882.308634,vcan0,602,7F000000
1780062882.349420,vcan0,604,01
1780062882.399655,vcan0,604,01
1780062882.404564,vcan0,603,00
1780062882.404593,vcan0,604,00
1780062882.404611,vcan0,607,01000000
1780062882.420591,vcan0,600,00000000
1780062882.420618,vcan0,601,00000000
1780062882.420635,vcan0,602,7F000000
1780062882.449869,vcan0,604,01
1780062882.500106,vcan0,604,01
1780062882.532576,vcan0,600,00000000
1780062882.532609,vcan0,601,00000000
1780062882.532626,vcan0,602,7F000000
1780062882.550352,vcan0,604,01
1780062882.580614,vcan0,606,00
1780062882.600599,vcan0,604,01
1780062882.612600,vcan0,603,00
1780062882.612630,vcan0,604,00
1780062882.612646,vcan0,607,01000000
1780062882.644609,vcan0,600,00000000
1780062882.644643,vcan0,601,00000000
1780062882.644660,vcan0,602,7F000000
1780062882.650786,vcan0,604,01
1780062882.700998,vcan0,604,01
1780062882.751162,vcan0,604,01
1780062882.756574,vcan0,600,00000000
1780062882.756611,vcan0,601,00000000
1780062882.756627,vcan0,602,7F000000
1780062882.801405,vcan0,604,01
1780062882.820563,vcan0,603,00
1780062882.820594,vcan0,604,00
1780062882.820611,vcan0,607,01000000
1780062882.851612,vcan0,604,01
1780062882.869590,vcan0,600,00000000
1780062882.869625,vcan0,601,00000000
1780062882.869643,vcan0,602,7F000000
1780062882.901829,vcan0,604,01
1780062882.952052,vcan0,604,01
1780062882.981574,vcan0,600,00000000
1780062882.981606,vcan0,601,00000000
1780062882.981624,vcan0,602,7F000000
1780062883.002269,vcan0,604,01
1780062883.029569,vcan0,603,00
1780062883.029599,vcan0,604,00
1780062883.029616,vcan0,607,01000000
1780062883.052480,vcan0,604,01
1780062883.092564,vcan0,600,00000000
1780062883.092593,vcan0,601,00000000
1780062883.092609,vcan0,602,7F000000
1780062883.092625,vcan0,606,00
1780062883.102709,vcan0,604,01
1780062883.152945,vcan0,604,01
1780062883.203194,vcan0,604,01
1780062883.204597,vcan0,600,00000000
1780062883.204626,vcan0,601,00000000
1780062883.204642,vcan0,602,7F000000
1780062883.236592,vcan0,603,00
1780062883.236624,vcan0,604,00
1780062883.236641,vcan0,607,01000000
1780062883.253416,vcan0,604,01
1780062883.303678,vcan0,604,01
1780062883.316561,vcan0,600,00000000
1780062883.316598,vcan0,601,00000000
1780062883.316616,vcan0,602,7F000000
1780062883.353856,vcan0,604,01
1780062883.404079,vcan0,604,01
1780062883.428572,vcan0,600,00000000
1780062883.428606,vcan0,601,00000000
1780062883.428625,vcan0,602,7F000000
1780062883.444624,vcan0,603,00
1780062883.444654,vcan0,604,00
1780062883.444671,vcan0,607,01000000
1780062883.454237,vcan0,604,01
1780062883.504509,vcan0,604,01
1780062883.540571,vcan0,600,00000000
1780062883.540605,vcan0,601,00000000
1780062883.540623,vcan0,602,7F000000
1780062883.554754,vcan0,604,01
1780062883.604606,vcan0,606,00
1780062883.604985,vcan0,604,01
1780062883.652551,vcan0,600,00000000
1780062883.652581,vcan0,601,00000000
1780062883.652600,vcan0,602,7F000000
1780062883.652614,vcan0,603,00
1780062883.652626,vcan0,604,00
1780062883.652639,vcan0,607,01000000
1780062883.655190,vcan0,604,01
1780062883.705470,vcan0,604,01
1780062883.755875,vcan0,604,01
1780062883.764617,vcan0,600,00000000
1780062883.764651,vcan0,601,00000000
1780062883.764670,vcan0,602,7F000000
1780062883.806153,vcan0,604,01
1780062883.856356,vcan0,604,01
1780062883.861578,vcan0,603,00
1780062883.861614,vcan0,604,00
1780062883.861633,vcan0,607,01000000
1780062883.877610,vcan0,600,00000000
1780062883.877642,vcan0,601,00000000
1780062883.877660,vcan0,602,7F000000
1780062883.906629,vcan0,604,01
1780062883.956923,vcan0,604,01
1780062883.989552,vcan0,600,00000000
1780062883.989582,vcan0,601,00000000
1780062883.989601,vcan0,602,7F000000
1780062884.007127,vcan0,604,01
1780062884.057337,vcan0,604,01
1780062884.068580,vcan0,603,00
1780062884.068609,vcan0,604,00
1780062884.068627,vcan0,607,01000000
1780062884.100554,vcan0,600,00000000
1780062884.100578,vcan0,601,00000000
1780062884.100597,vcan0,602,7F000000
1780062884.107547,vcan0,604,01
1780062884.116612,vcan0,606,00
1780062884.157737,vcan0,604,01
1780062884.207929,vcan0,604,01
1780062884.212574,vcan0,600,00000000
1780062884.212606,vcan0,601,00000000
1780062884.212622,vcan0,602,7F000000
1780062884.258141,vcan0,604,01
1780062884.276572,vcan0,603,00
1780062884.276603,vcan0,604,00
1780062884.276620,vcan0,607,01000000
1780062884.308360,vcan0,604,01
1780062884.324555,vcan0,600,00000000
1780062884.324589,vcan0,601,00000000
1780062884.324606,vcan0,602,7F000000
1780062884.358582,vcan0,604,01
1780062884.408779,vcan0,604,01
1780062884.436596,vcan0,600,00000000
1780062884.436628,vcan0,601,00000000
1780062884.436645,vcan0,602,7F000000
1780062884.458992,vcan0,604,01
1780062884.484533,vcan0,603,00
1780062884.484560,vcan0,604,00
1780062884.484576,vcan0,607,01000000
1780062884.509221,vcan0,604,01
1780062884.548584,vcan0,600,00000000
1780062884.548621,vcan0,601,00000000
1780062884.548639,vcan0,602,7F000000
1780062884.559424,vcan0,604,01
1780062884.609638,vcan0,604,01
1780062884.628569,vcan0,606,00
1780062884.659877,vcan0,604,01
1780062884.660551,vcan0,600,00000000
1780062884.660580,vcan0,601,00000000
1780062884.660600,vcan0,602,7F000000
1780062884.692554,vcan0,603,00
1780062884.692579,vcan0,604,00
1780062884.692599,vcan0,607,01000000
1780062884.710105,vcan0,604,01
1780062884.760342,vcan0,604,01
1780062884.772617,vcan0,600,00000000
1780062884.772647,vcan0,601,00000000
1780062884.772663,vcan0,602,7F000000
1780062884.810558,vcan0,604,01
1780062884.860730,vcan0,604,01
1780062884.885545,vcan0,600,00000000
1780062884.885576,vcan0,601,00000000
1780062884.885594,vcan0,602,7F000000
1780062884.901529,vcan0,603,00
1780062884.901552,vcan0,604,00
1780062884.901568,vcan0,607,01000000
1780062884.910930,vcan0,604,01
1780062884.961176,vcan0,604,01
1780062884.997569,vcan0,600,00000000
1780062884.997604,vcan0,601,00000000
1780062884.997622,vcan0,602,7F000000
1780062885.011364,vcan0,604,01
1780062885.061594,vcan0,604,01
1780062885.108552,vcan0,600,00000000
1780062885.108581,vcan0,601,00000000
1780062885.108600,vcan0,602,7F000000
1780062885.108614,vcan0,603,00
1780062885.108626,vcan0,604,00
1780062885.108640,vcan0,607,01000000
1780062885.111778,vcan0,604,01
1780062885.140611,vcan0,606,00
1780062885.161973,vcan0,604,01
1780062885.212122,vcan0,604,01
1780062885.220522,vcan0,600,00000000
1780062885.220547,vcan0,601,00000000
1780062885.220563,vcan0,602,7F000000
1780062885.262311,vcan0,604,01
1780062885.312615,vcan0,604,01
1780062885.316547,vcan0,603,00
1780062885.316578,vcan0,604,00
1780062885.316597,vcan0,607,01000000
1780062885.332552,vcan0,600,00000000
1780062885.332577,vcan0,601,00000000
1780062885.332594,vcan0,602,7F000000
1780062885.362829,vcan0,604,01
1780062885.413057,vcan0,604,01
1780062885.444534,vcan0,600,00000000
1780062885.444564,vcan0,601,00000000
1780062885.444579,vcan0,602,7F000000
1780062885.463288,vcan0,604,01
1780062885.513580,vcan0,604,01
1780062885.524563,vcan0,603,00
1780062885.524592,vcan0,604,00
1780062885.524609,vcan0,607,01000000
1780062885.556547,vcan0,600,00000000
1780062885.556574,vcan0,601,00000000
1780062885.556590,vcan0,602,7F000000
1780062885.563828,vcan0,604,01
1780062885.614161,vcan0,604,01
1780062885.652536,vcan0,606,00
1780062885.664678,vcan0,604,01
1780062885.668519,vcan0,600,00000000
1780062885.668545,vcan0,601,00000000
1780062885.668561,vcan0,602,7F000000
1780062885.714859,vcan0,604,01
1780062885.732512,vcan0,603,00
1780062885.732538,vcan0,604,00
1780062885.732554,vcan0,607,01000000
1780062885.765043,vcan0,604,01
1780062885.780537,vcan0,600,00000000
1780062885.780566,vcan0,601,00000000
1780062885.780582,vcan0,602,7F000000
1780062885.815325,vcan0,604,01
1780062885.865632,vcan0,604,01
1780062885.893528,vcan0,600,00000000
1780062885.893558,vcan0,601,00000000
1780062885.893574,vcan0,602,7F000000
1780062885.915833,vcan0,604,01
1780062885.941521,vcan0,603,00
1780062885.941551,vcan0,604,00
1780062885.941570,vcan0,607,01000000
1780062885.966031,vcan0,604,01
1780062886.005536,vcan0,600,00000000
1780062886.005566,vcan0,601,00000000
1780062886.005581,vcan0,602,7F000000
1780062886.016224,vcan0,604,01
1780062886.066540,vcan0,604,01
1780062886.116569,vcan0,600,00000000
1780062886.116604,vcan0,601,00000000
1780062886.116621,vcan0,602,7F000000
1780062886.116729,vcan0,604,01
1780062886.148539,vcan0,603,00
1780062886.148567,vcan0,604,00
1780062886.148588,vcan0,607,01000000
1780062886.164552,vcan0,606,00
1780062886.166919,vcan0,604,01
1780062886.217135,vcan0,604,01
1780062886.228534,vcan0,600,00000000
1780062886.228560,vcan0,601,00000000
1780062886.228576,vcan0,602,7F000000
1780062886.267328,vcan0,604,01
1780062886.317525,vcan0,604,01
1780062886.340529,vcan0,600,00000000
1780062886.341445,vcan0,601,00000000
1780062886.341464,vcan0,602,7F000000
1780062886.356512,vcan0,603,00
1780062886.356534,vcan0,604,00
1780062886.356551,vcan0,607,01000000
1780062886.367727,vcan0,604,01
1780062886.417923,vcan0,604,01
1780062886.452592,vcan0,600,00000000
1780062886.452627,vcan0,601,00000000
1780062886.452644,vcan0,602,7F000000
1780062886.468123,vcan0,604,01
1780062886.518320,vcan0,604,01
1780062886.564575,vcan0,600,00000000
1780062886.564610,vcan0,601,00000000
1780062886.564628,vcan0,602,7F000000
1780062886.564644,vcan0,603,00
1780062886.564658,vcan0,604,00
1780062886.564671,vcan0,607,01000000
1780062886.568626,vcan0,604,01
1780062886.618817,vcan0,604,01
1780062886.669053,vcan0,604,01
1780062886.676570,vcan0,600,00000000
1780062886.676599,vcan0,601,00000000
1780062886.676617,vcan0,602,7F000000
1780062886.676634,vcan0,606,00
1780062886.719264,vcan0,604,01
1780062886.769520,vcan0,604,01
1780062886.772529,vcan0,603,00
1780062886.772562,vcan0,604,00
1780062886.772579,vcan0,607,01000000
1780062886.788502,vcan0,600,00000000
1780062886.788523,vcan0,601,00000000
1780062886.788538,vcan0,602,7F000000
1780062886.819742,vcan0,604,01
1780062886.869945,vcan0,604,01
1780062886.901540,vcan0,600,00000000
1780062886.901572,vcan0,601,00000000
1780062886.901592,vcan0,602,7F000000
1780062886.920139,vcan0,604,01
1780062886.970377,vcan0,604,01
1780062886.981572,vcan0,603,00
1780062886.981609,vcan0,604,00
1780062886.981629,vcan0,607,01000000
1780062887.013530,vcan0,600,66000000
1780062887.013559,vcan0,601,00000000
1780062887.013574,vcan0,602,7F000000
1780062887.020621,vcan0,604,01
1780062887.070827,vcan0,604,01
1780062887.121058,vcan0,604,01
1780062887.124561,vcan0,600,FF000000
1780062887.124593,vcan0,601,00000000
1780062887.124610,vcan0,602,7F000000
1780062887.171302,vcan0,604,01
1780062887.188518,vcan0,603,00
1780062887.188546,vcan0,604,00
1780062887.188562,vcan0,606,00
1780062887.188577,vcan0,607,01000000
1780062887.221632,vcan0,604,01
1780062887.236528,vcan0,600,FF000000
1780062887.236557,vcan0,601,00000000
1780062887.236573,vcan0,602,7F000000
1780062887.271810,vcan0,604,01
1780062887.321998,vcan0,604,01
1780062887.348507,vcan0,600,FF000000
1780062887.348537,vcan0,601,00000000
1780062887.348555,vcan0,602,7F000000
1780062887.372181,vcan0,604,01
1780062887.396511,vcan0,603,00
1780062887.396539,vcan0,604,00
1780062887.396557,vcan0,607,01000000
1780062887.422395,vcan0,604,01
1780062887.460557,vcan0,600,FF000000
1780062887.460585,vcan0,601,00000000
1780062887.460605,vcan0,602,7F000000
1780062887.472686,vcan0,604,01
1780062887.522845,vcan0,604,01
1780062887.572519,vcan0,600,FF000000
1780062887.572549,vcan0,601,00000000
1780062887.572566,vcan0,602,7F000000
1780062887.573117,vcan0,604,01
1780062887.604535,vcan0,603,00
1780062887.604561,vcan0,604,00
1780062887.604578,vcan0,607,01000000
1780062887.623305,vcan0,604,01
1780062887.673573,vcan0,604,01
1780062887.684563,vcan0,600,66000000
1780062887.684596,vcan0,601,00000000
1780062887.684613,vcan0,602,7F000000
1780062887.700592,vcan0,606,00
1780062887.723749,vcan0,604,01
1780062887.773912,vcan0,604,01
1780062887.796547,vcan0,600,19000000
1780062887.796576,vcan0,601,00000000
1780062887.796595,vcan0,602,7F000000
1780062887.812535,vcan0,603,00
1780062887.812560,vcan0,604,00
1780062887.812576,vcan0,607,01000000
1780062887.824062,vcan0,604,01
1780062887.874257,vcan0,604,01
1780062887.909497,vcan0,600,00000000
1780062887.909522,vcan0,601,00000000
1780062887.909538,vcan0,602,7F000000
1780062887.924453,vcan0,604,01
1780062887.974648,vcan0,604,01
1780062888.021538,vcan0,600,99000000
1780062888.021569,vcan0,601,00000000
1780062888.021585,vcan0,602,7F000000
1780062888.021601,vcan0,603,00
1780062888.021615,vcan0,604,00
1780062888.021629,vcan0,607,01000000
1780062888.024848,vcan0,604,01
1780062888.075006,vcan0,604,01
1780062888.125265,vcan0,604,01
1780062888.132546,vcan0,600,FF000000
1780062888.132575,vcan0,601,00000000
1780062888.132594,vcan0,602,7F000000
1780062888.175471,vcan0,604,01
1780062888.212532,vcan0,606,00
1780062888.225842,vcan0,604,01
1780062888.228509,vcan0,603,00
1780062888.228532,vcan0,604,00
1780062888.228550,vcan0,607,01000000
1780062888.244508,vcan0,600,FF000000
1780062888.244532,vcan0,601,00000000
1780062888.244545,vcan0,602,7F000000
1780062888.276052,vcan0,604,01
1780062888.326268,vcan0,604,01
1780062888.356522,vcan0,600,FF000000
1780062888.356553,vcan0,601,00000000
1780062888.356569,vcan0,602,7F000000
1780062888.376543,vcan0,604,01
1780062888.426725,vcan0,604,01
1780062888.436505,vcan0,603,00
1780062888.436529,vcan0,604,00
1780062888.436546,vcan0,607,01000000
1780062888.468503,vcan0,600,FF000000
1780062888.468528,vcan0,601,00000000
1780062888.468542,vcan0,602,7F000000
1780062888.476904,vcan0,604,01
1780062888.527109,vcan0,604,01
1780062888.577261,vcan0,604,01
1780062888.580509,vcan0,600,FF000000
1780062888.580542,vcan0,601,00000000
1780062888.580557,vcan0,602,7F000000
1780062888.627444,vcan0,604,01
1780062888.644520,vcan0,603,00
1780062888.644549,vcan0,604,00
1780062888.644567,vcan0,607,01000000
1780062888.677645,vcan0,604,01
1780062888.692509,vcan0,600,FF000000
1780062888.692538,vcan0,601,00000000
1780062888.692554,vcan0,602,7F000000
1780062888.724558,vcan0,606,00
1780062888.727809,vcan0,604,01
1780062888.777994,vcan0,604,01
1780062888.804552,vcan0,600,00000000
1780062888.804582,vcan0,601,00000000
1780062888.804603,vcan0,602,7F000000
1780062888.828293,vcan0,604,01
1780062888.853488,vcan0,603,00
1780062888.853513,vcan0,604,00
1780062888.853529,vcan0,607,01000000
1780062888.878582,vcan0,604,01
1780062888.917493,vcan0,600,00000000
1780062888.917519,vcan0,601,00000000
1780062888.917534,vcan0,602,7F000000
1780062888.928797,vcan0,604,01
1780062888.978992,vcan0,604,01
1780062889.029167,vcan0,604,01
1780062889.029480,vcan0,600,00000000
1780062889.029503,vcan0,601,00000000
1780062889.029520,vcan0,602,7F000000
1780062889.060524,vcan0,603,00
1780062889.060554,vcan0,604,00
1780062889.060570,vcan0,607,01000000
1780062889.079339,vcan0,604,01
1780062889.129630,vcan0,604,01
1780062889.140529,vcan0,600,00000000
1780062889.140557,vcan0,601,00000000
1780062889.140573,vcan0,602,7F000000
1780062889.179930,vcan0,604,01
1780062889.230173,vcan0,604,01
1780062889.236499,vcan0,606,00
1780062889.252594,vcan0,600,00000000
1780062889.252633,vcan0,601,00000000
1780062889.252654,vcan0,602,7F000000
1780062889.268514,vcan0,603,00
1780062889.268542,vcan0,604,00
1780062889.268558,vcan0,607,01000000
1780062889.280485,vcan0,604,01
1780062889.330780,vcan0,604,01
1780062889.364501,vcan0,600,00000000
1780062889.364530,vcan0,601,00000000
1780062889.364547,vcan0,602,7F000000
1780062889.380949,vcan0,604,01
1780062889.431152,vcan0,604,01
1780062889.476492,vcan0,600,00000000
1780062889.476519,vcan0,601,00000000
1780062889.476534,vcan0,602,7F000000
1780062889.476548,vcan0,603,00
1780062889.476561,vcan0,604,00
1780062889.476575,vcan0,607,01000000
1780062889.481418,vcan0,604,01
1780062889.531653,vcan0,604,01
1780062889.582013,vcan0,604,01
1780062889.588475,vcan0,600,00000000
1780062889.588502,vcan0,601,00000000
1780062889.588519,vcan0,602,7F000000
1780062889.632242,vcan0,604,01
1780062889.682564,vcan0,604,01
1780062889.684504,vcan0,603,00
1780062889.684533,vcan0,604,00
1780062889.684551,vcan0,607,01000000
1780062889.700517,vcan0,600,19000000
1780062889.700544,vcan0,601,00000000
1780062889.700558,vcan0,602,7F000000
1780062889.732755,vcan0,604,01
1780062889.748519,vcan0,606,00
1780062889.782966,vcan0,604,01
1780062889.812502,vcan0,600,00000000
1780062889.812529,vcan0,601,00000000
1780062889.812546,vcan0,602,7F000000
1780062889.833174,vcan0,604,01
1780062889.883482,vcan0,604,01
1780062889.893549,vcan0,603,00
1780062889.893577,vcan0,604,00
1780062889.893599,vcan0,607,01000000
1780062889.925478,vcan0,600,4C000000
1780062889.925505,vcan0,601,00000000
1780062889.925520,vcan0,602,7F000000
1780062889.933683,vcan0,604,01
1780062889.983887,vcan0,604,01
1780062890.034114,vcan0,604,01
1780062890.037505,vcan0,600,00000000
1780062890.037531,vcan0,601,00000000
1780062890.037547,vcan0,602,7F000000
1780062890.084325,vcan0,604,01
1780062890.100490,vcan0,603,00
1780062890.100520,vcan0,604,00
1780062890.100537,vcan0,607,01000000
1780062890.134558,vcan0,604,01
1780062890.148529,vcan0,600,00000000
1780062890.148559,vcan0,601,00000000
1780062890.148577,vcan0,602,7F000000
1780062890.184791,vcan0,604,01
1780062890.235034,vcan0,604,01
1780062890.260572,vcan0,600,7F000000
1780062890.260610,vcan0,601,00000000
1780062890.260628,vcan0,602,7F000000
1780062890.260647,vcan0,606,00
1780062890.285265,vcan0,604,01
1780062890.308476,vcan0,603,00
1780062890.308503,vcan0,604,00
1780062890.308520,vcan0,607,01000000
1780062890.335487,vcan0,604,01
1780062890.372538,vcan0,600,19000000
1780062890.372567,vcan0,601,00000000
1780062890.372583,vcan0,602,7F000000
1780062890.385727,vcan0,604,01
1780062890.435915,vcan0,604,01
1780062890.484489,vcan0,600,00000000
1780062890.484522,vcan0,601,00000000
1780062890.484539,vcan0,602,7F000000
1780062890.486168,vcan0,604,01
1780062890.516550,vcan0,603,00
1780062890.516585,vcan0,604,00
1780062890.516605,vcan0,607,01000000
1780062890.536401,vcan0,604,01
1780062890.586592,vcan0,604,01
1780062890.596487,vcan0,600,7F000000
1780062890.596517,vcan0,601,00000000
1780062890.596533,vcan0,602,7F000000
1780062890.636786,vcan0,604,01
1780062890.686973,vcan0,604,01
1780062890.708503,vcan0,600,19000000
1780062890.708534,vcan0,601,00000000
1780062890.708550,vcan0,602,7F000000
1780062890.724489,vcan0,603,00
1780062890.724513,vcan0,604,00
1780062890.724530,vcan0,607,01000000
1780062890.737125,vcan0,604,01
1780062890.772469,vcan0,606,00
1780062890.787476,vcan0,604,01
1780062890.820464,vcan0,600,00000000
1780062890.820489,vcan0,601,00000000
1780062890.820504,vcan0,602,7F000000
1780062890.837762,vcan0,604,01
1780062890.887969,vcan0,604,01
1780062890.933488,vcan0,600,66000000
1780062890.933520,vcan0,601,00000000
1780062890.933535,vcan0,602,7F000000
1780062890.933549,vcan0,603,00
1780062890.933561,vcan0,604,00
1780062890.933575,vcan0,607,01000000
1780062890.938164,vcan0,604,01
1780062890.988391,vcan0,604,01
1780062891.038637,vcan0,604,01
1780062891.044499,vcan0,600,00000000
1780062891.044528,vcan0,601,00000000
1780062891.044545,vcan0,602,7F000000
1780062891.088870,vcan0,604,01
1780062891.139107,vcan0,604,01
1780062891.140508,vcan0,603,00
1780062891.140542,vcan0,604,00
1780062891.140559,vcan0,607,01000000
1780062891.156508,vcan0,600,B2000000
1780062891.156538,vcan0,601,00000000
1780062891.156554,vcan0,602,7F000000
1780062891.189300,vcan0,604,01
1780062891.239490,vcan0,604,01
1780062891.268498,vcan0,600,FF000000
1780062891.268529,vcan0,601,00000000
1780062891.268546,vcan0,602,7F000000
1780062891.284466,vcan0,606,00
1780062891.289745,vcan0,604,01
1780062891.339931,vcan0,604,01
1780062891.348501,vcan0,603,00
1780062891.348530,vcan0,604,00
1780062891.348548,vcan0,607,01000000
1780062891.380553,vcan0,600,FF000000
1780062891.380588,vcan0,601,00000000
1780062891.380611,vcan0,602,7F000000
1780062891.390214,vcan0,604,01
1780062891.440529,vcan0,604,01
1780062891.490822,vcan0,604,01
1780062891.492473,vcan0,600,FF000000
1780062891.492501,vcan0,601,00000000
1780062891.492518,vcan0,602,7F000000
1780062891.541006,vcan0,604,01
1780062891.556516,vcan0,603,00
1780062891.556548,vcan0,604,00
1780062891.556565,vcan0,607,01000000
1780062891.591323,vcan0,604,01
1780062891.604462,vcan0,600,FF000000
1780062891.604491,vcan0,601,00000000
1780062891.604506,vcan0,602,7F000000
1780062891.641671,vcan0,604,01
1780062891.691868,vcan0,604,01
1780062891.716473,vcan0,600,FF000000
1780062891.716502,vcan0,601,00000000
1780062891.716518,vcan0,602,7F000000
1780062891.742090,vcan0,604,01
1780062891.764468,vcan0,603,00
1780062891.764496,vcan0,604,00
1780062891.764513,vcan0,607,01000000
1780062891.792294,vcan0,604,01
1780062891.796480,vcan0,606,00
1780062891.828470,vcan0,600,00000000
1780062891.828499,vcan0,601,00000000
1780062891.828516,vcan0,602,7F000000
1780062891.842545,vcan0,604,01
1780062891.892786,vcan0,604,01
1780062891.941472,vcan0,600,00000000
1780062891.941506,vcan0,601,00000000
1780062891.941524,vcan0,602,7F000000
1780062891.942964,vcan0,604,01
1780062891.973476,vcan0,603,00
1780062891.973503,vcan0,604,00
1780062891.973519,vcan0,607,01000000
1780062891.993143,vcan0,604,01
1780062892.043326,vcan0,604,01
1780062892.052484,vcan0,600,00000000
1780062892.052513,vcan0,601,00000000
1780062892.052530,vcan0,602,7F000000
1780062892.093577,vcan0,604,01
1780062892.143775,vcan0,604,01
1780062892.164478,vcan0,600,00000000
1780062892.164506,vcan0,601,00000000
1780062892.164523,vcan0,602,7F000000
1780062892.180469,vcan0,603,00
1780062892.180492,vcan0,604,00
1780062892.180508,vcan0,607,01000000
1780062892.193971,vcan0,604,01
1780062892.244185,vcan0,604,01
1780062892.276500,vcan0,600,99000000
1780062892.276537,vcan0,601,00000000
1780062892.276567,vcan0,602,7F000000
1780062892.294434,vcan0,604,01
1780062892.308466,vcan0,606,00
1780062892.344693,vcan0,604,01
1780062892.388486,vcan0,600,FF000000
1780062892.388519,vcan0,601,00000000
1780062892.388535,vcan0,602,7F000000
1780062892.388549,vcan0,603,00
1780062892.388562,vcan0,604,00
1780062892.388577,vcan0,607,01000000
1780062892.394936,vcan0,604,01
1780062892.445167,vcan0,604,01
1780062892.495349,vcan0,604,01
1780062892.500460,vcan0,600,FF000000
1780062892.500486,vcan0,601,00000000
1780062892.500502,vcan0,602,7F000000
1780062892.545544,vcan0,604,01
1780062892.595711,vcan0,604,01
1780062892.596481,vcan0,603,00
1780062892.596508,vcan0,604,00
1780062892.596526,vcan0,607,01000000
1780062892.612482,vcan0,600,FF000000
1780062892.612508,vcan0,601,00000000
1780062892.612522,vcan0,602,7F000000
1780062892.645928,vcan0,604,01
1780062892.696249,vcan0,604,01
1780062892.724483,vcan0,600,FF000000
1780062892.724515,vcan0,601,00000000
1780062892.724530,vcan0,602,7F000000
1780062892.746586,vcan0,604,01
1780062892.796783,vcan0,604,01
1780062892.804470,vcan0,603,00
1780062892.804501,vcan0,604,00
1780062892.804519,vcan0,607,01000000
1780062892.820506,vcan0,606,00
1780062892.836538,vcan0,600,FF000000
1780062892.836575,vcan0,601,00000000
1780062892.836595,vcan0,602,7F000000
1780062892.847080,vcan0,604,01
1780062892.897314,vcan0,604,01
1780062892.947552,vcan0,604,01
1780062892.949478,vcan0,600,FF000000
1780062892.949508,vcan0,601,00000000
1780062892.949524,vcan0,602,7F000000
1780062892.997821,vcan0,604,01
1780062893.013468,vcan0,603,00
1780062893.013501,vcan0,604,00
1780062893.013519,vcan0,607,01000000
1780062893.048015,vcan0,604,01
1780062893.060490,vcan0,600,FF000000
1780062893.060520,vcan0,601,00000000
1780062893.060536,vcan0,602,7F000000
1780062893.098368,vcan0,604,01
1780062893.148670,vcan0,604,01
1780062893.172447,vcan0,600,FF000000
1780062893.172478,vcan0,601,00000000
1780062893.172494,vcan0,602,7F000000
1780062893.198859,vcan0,604,01
1780062893.220454,vcan0,603,00
1780062893.220482,vcan0,604,00
1780062893.220500,vcan0,607,01000000
1780062893.249119,vcan0,604,01
1780062893.284459,vcan0,600,FF000000
1780062893.284489,vcan0,601,00000000
1780062893.284504,vcan0,602,7F000000
1780062893.299455,vcan0,604,01
1780062893.332459,vcan0,606,00
1780062893.349799,vcan0,604,01
1780062893.396466,vcan0,600,FF000000
1780062893.396499,vcan0,601,00000000
1780062893.396516,vcan0,602,7F000000
1780062893.400036,vcan0,604,01
1780062893.428503,vcan0,603,00
1780062893.428532,vcan0,604,00
1780062893.428550,vcan0,607,01000000
1780062893.450216,vcan0,604,01
1780062893.500401,vcan0,604,01
1780062893.508536,vcan0,600,FF000000
1780062893.508567,vcan0,601,00000000
1780062893.508583,vcan0,602,7F000000
1780062893.550608,vcan0,604,01
1780062893.600955,vcan0,604,01
1780062893.620473,vcan0,600,FF000000
1780062893.620507,vcan0,601,00000000
1780062893.620524,vcan0,602,7F000000
1780062893.636495,vcan0,603,00
1780062893.636521,vcan0,604,00
1780062893.636539,vcan0,607,01000000
1780062893.651158,vcan0,604,01
1780062893.701374,vcan0,604,01
1780062893.732451,vcan0,600,FF000000
1780062893.732481,vcan0,601,00000000
1780062893.732497,vcan0,602,7F000000
1780062893.751614,vcan0,604,01
1780062893.801799,vcan0,604,01
1780062893.845492,vcan0,600,FF000000
1780062893.845526,vcan0,601,00000000
1780062893.845542,vcan0,602,7F000000
1780062893.845557,vcan0,603,00
1780062893.845570,vcan0,604,00
1780062893.845582,vcan0,606,00
1780062893.845598,vcan0,607,01000000
1780062893.851979,vcan0,604,01
1780062893.902321,vcan0,604,01
1780062893.952651,vcan0,604,01
1780062893.957450,vcan0,600,00000000
1780062893.957479,vcan0,601,00000000
1780062893.957494,vcan0,602,7F000000
1780062894.002848,vcan0,604,01
1780062894.052448,vcan0,603,00
1780062894.052481,vcan0,604,00
1780062894.052498,vcan0,607,01000000
1780062894.053069,vcan0,604,01
1780062894.068449,vcan0,600,00000000
1780062894.068473,vcan0,601,00000000
1780062894.068488,vcan0,602,7F000000
1780062894.103378,vcan0,604,01
1780062894.153679,vcan0,604,01
1780062894.180455,vcan0,600,00000000
1780062894.180486,vcan0,601,00000000
1780062894.180504,vcan0,602,7F000000
1780062894.203861,vcan0,604,01
1780062894.254079,vcan0,604,01
1780062894.260470,vcan0,603,00
1780062894.260498,vcan0,604,00
1780062894.260516,vcan0,607,01000000
1780062894.292446,vcan0,600,00000000
1780062894.292474,vcan0,601,00000000
1780062894.292489,vcan0,602,7F000000
1780062894.304327,vcan0,604,01
1780062894.354670,vcan0,604,01
1780062894.356438,vcan0,606,00
1780062894.404441,vcan0,600,00000000
1780062894.404470,vcan0,601,00000000
1780062894.404486,vcan0,602,7F000000
1780062894.404851,vcan0,604,01
1780062894.455089,vcan0,604,01
1780062894.468463,vcan0,603,00
1780062894.468492,vcan0,604,00
1780062894.468508,vcan0,607,01000000
1780062894.505413,vcan0,604,01
1780062894.516462,vcan0,600,66000000
1780062894.516488,vcan0,601,00000000
1780062894.516503,vcan0,602,7F000000
1780062894.555737,vcan0,604,01
1780062894.606054,vcan0,604,01
1780062894.628435,vcan0,600,FF000000
1780062894.628466,vcan0,601,00000000
1780062894.628482,vcan0,602,7F000000
1780062894.656296,vcan0,604,01
1780062894.676466,vcan0,603,00
1780062894.676496,vcan0,604,00
1780062894.676514,vcan0,607,01000000
1780062894.706642,vcan0,604,01
1780062894.740447,vcan0,600,FF000000
1780062894.740476,vcan0,601,00000000
1780062894.740492,vcan0,602,7F000000
1780062894.756842,vcan0,604,01
1780062894.807175,vcan0,604,01
1780062894.853471,vcan0,600,FF000000
1780062894.853502,vcan0,601,00000000
1780062894.853522,vcan0,602,7F000000
1780062894.857416,vcan0,604,01
1780062894.869445,vcan0,606,00
1780062894.885476,vcan0,603,00
1780062894.885502,vcan0,604,00
1780062894.885520,vcan0,607,01000000
1780062894.907738,vcan0,604,01
1780062894.957936,vcan0,604,01
1780062894.965444,vcan0,600,FF000000
1780062894.965477,vcan0,601,00000000
1780062894.965493,vcan0,602,7F000000
1780062895.008219,vcan0,604,01
1780062895.058434,vcan0,604,01
1780062895.076458,vcan0,600,FF000000
1780062895.076488,vcan0,601,00000000
1780062895.076504,vcan0,602,7F000000
1780062895.092438,vcan0,603,00
1780062895.092461,vcan0,604,00
1780062895.092477,vcan0,607,01000000
1780062895.108689,vcan0,604,01
1780062895.158874,vcan0,604,01
1780062895.188438,vcan0,600,00000000
1780062895.188465,vcan0,601,00000000
1780062895.188481,vcan0,602,7F000000
1780062895.209098,vcan0,604,01
1780062895.259312,vcan0,604,01
1780062895.300459,vcan0,600,00000000
1780062895.300486,vcan0,601,00000000
1780062895.300504,vcan0,602,7F000000
1780062895.300520,vcan0,603,00
1780062895.300533,vcan0,604,00
1780062895.300546,vcan0,607,01000000
1780062895.309540,vcan0,604,01
1780062895.359842,vcan0,604,01
1780062895.380438,vcan0,606,00
1780062895.410032,vcan0,604,01
1780062895.412445,vcan0,600,00000000
1780062895.412474,vcan0,601,00000000
1780062895.412490,vcan0,602,7F000000
1780062895.460284,vcan0,604,01
1780062895.508448,vcan0,603,00
1780062895.508479,vcan0,604,00
1780062895.508496,vcan0,607,01000000
1780062895.510641,vcan0,604,01
1780062895.524466,vcan0,600,00000000
1780062895.524493,vcan0,601,00000000
1780062895.524510,vcan0,602,7F000000
1780062895.560881,vcan0,604,01
1780062895.611099,vcan0,604,01
1780062895.636475,vcan0,600,00000000
1780062895.636512,vcan0,601,00000000
1780062895.636531,vcan0,602,7F000000
1780062895.661400,vcan0,604,01
1780062895.711742,vcan0,604,01
1780062895.716463,vcan0,603,00
1780062895.716491,vcan0,604,00
1780062895.716509,vcan0,607,01000000
1780062895.748421,vcan0,600,00000000
1780062895.748446,vcan0,601,00000000
1780062895.748462,vcan0,602,7F000000
1780062895.761987,vcan0,604,01
1780062895.812211,vcan0,604,01
1780062895.861465,vcan0,600,00000000
1780062895.861498,vcan0,601,00000000
1780062895.861515,vcan0,602,7F000000
1780062895.862520,vcan0,604,01
1780062895.893422,vcan0,606,00
1780062895.912842,vcan0,604,01
1780062895.925439,vcan0,603,00
1780062895.925469,vcan0,604,00
1780062895.925485,vcan0,607,01000000
1780062895.963154,vcan0,604,01
1780062895.973484,vcan0,600,00000000
1780062895.973521,vcan0,601,00000000
1780062895.973538,vcan0,602,7F000000
1780062896.013486,vcan0,604,01
1780062896.063802,vcan0,604,01
1780062896.084423,vcan0,600,00000000
1780062896.084467,vcan0,601,00000000
1780062896.084483,vcan0,602,7F000000
1780062896.113985,vcan0,604,01
1780062896.132439,vcan0,603,00
1780062896.132470,vcan0,604,00
1780062896.132487,vcan0,607,01000000
1780062896.164231,vcan0,604,01
1780062896.196420,vcan0,600,00000000
1780062896.196452,vcan0,601,00000000
1780062896.196470,vcan0,602,7F000000
1780062896.214530,vcan0,604,01
1780062896.264767,vcan0,604,01
1780062896.308449,vcan0,600,00000000
1780062896.308484,vcan0,601,00000000
1780062896.308502,vcan0,602,7F000000
1780062896.314972,vcan0,604,01
1780062896.340443,vcan0,603,00
1780062896.340653,vcan0,604,00
1780062896.340671,vcan0,607,01000000
1780062896.365199,vcan0,604,01
1780062896.404417,vcan0,606,00
1780062896.415423,vcan0,604,01
1780062896.420428,vcan0,600,00000000
1780062896.420450,vcan0,601,00000000
1780062896.420465,vcan0,602,7F000000
1780062896.465731,vcan0,604,01
1780062896.516061,vcan0,604,01
1780062896.532415,vcan0,600,00000000
1780062896.532446,vcan0,601,00000000
1780062896.532463,vcan0,602,7F000000
1780062896.548403,vcan0,603,00
1780062896.548427,vcan0,604,00
1780062896.548442,vcan0,607,01000000
1780062896.566259,vcan0,604,01
1780062896.616637,vcan0,604,01
1780062896.644428,vcan0,600,00000000
1780062896.644459,vcan0,601,00000000
1780062896.644476,vcan0,602,7F000000
1780062896.666835,vcan0,604,01
1780062896.717051,vcan0,604,01
1780062896.756454,vcan0,600,00000000
1780062896.756486,vcan0,601,00000000
1780062896.756504,vcan0,602,7F000000
1780062896.756519,vcan0,603,00
1780062896.756534,vcan0,604,00
1780062896.756549,vcan0,607,01000000
1780062896.767274,vcan0,604,01
1780062896.817461,vcan0,604,01
1780062896.867684,vcan0,604,01
1780062896.869407,vcan0,600,00000000
1780062896.869436,vcan0,601,00000000
1780062896.869453,vcan0,602,7F000000
1780062896.917430,vcan0,606,00
1780062896.917861,vcan0,604,01
1780062896.965453,vcan0,603,00
1780062896.965484,vcan0,604,00
1780062896.965502,vcan0,607,01000000
1780062896.968138,vcan0,604,01
1780062896.981450,vcan0,600,00000000
1780062896.981479,vcan0,601,00000000
1780062896.981495,vcan0,602,7F000000
1780062897.018484,vcan0,604,01
1780062897.068770,vcan0,604,01
1780062897.092521,vcan0,600,00000000
1780062897.092560,vcan0,601,00000000
1780062897.092580,vcan0,602,7F000000
1780062897.119115,vcan0,604,01
1780062897.169356,vcan0,604,01
1780062897.172410,vcan0,603,00
1780062897.172443,vcan0,604,00
1780062897.172460,vcan0,607,01000000
1780062897.204397,vcan0,600,00000000
1780062897.204421,vcan0,601,00000000
1780062897.204436,vcan0,602,7F000000
1780062897.219554,vcan0,604,01
1780062897.269840,vcan0,604,01
1780062897.316427,vcan0,600,00000000
1780062897.316457,vcan0,601,00000000
1780062897.316474,vcan0,602,7F000000
1780062897.320194,vcan0,604,01
1780062897.370507,vcan0,604,01
1780062897.380410,vcan0,603,00
1780062897.380438,vcan0,604,00
1780062897.380457,vcan0,607,01000000
1780062897.420866,vcan0,604,01
1780062897.428447,vcan0,600,00000000
1780062897.428475,vcan0,601,00000000
1780062897.428491,vcan0,602,7F000000
1780062897.428508,vcan0,606,00
1780062897.471111,vcan0,604,01
1780062897.521346,vcan0,604,01
1780062897.540398,vcan0,600,00000000
1780062897.540429,vcan0,601,00000000
1780062897.540444,vcan0,602,7F000000
1780062897.571554,vcan0,604,01
1780062897.588419,vcan0,603,00
1780062897.588445,vcan0,604,00
1780062897.588462,vcan0,607,01000000
1780062897.621842,vcan0,604,01
1780062897.652438,vcan0,600,00000000
1780062897.652475,vcan0,601,00000000
1780062897.652492,vcan0,602,7F000000
1780062897.672213,vcan0,604,01
1780062897.722560,vcan0,604,01
1780062897.764416,vcan0,600,00000000
1780062897.764447,vcan0,601,00000000
1780062897.764463,vcan0,602,7F000000
1780062897.772902,vcan0,604,01
1780062897.796407,vcan0,603,00
1780062897.796433,vcan0,604,00
1780062897.796449,vcan0,607,01000000
1780062897.823180,vcan0,604,01
1780062897.873383,vcan0,604,01
1780062897.877433,vcan0,600,00000000
1780062897.877464,vcan0,601,00000000
1780062897.877480,vcan0,602,7F000000
1780062897.923575,vcan0,604,01
1780062897.941426,vcan0,606,00
1780062897.973782,vcan0,604,01
1780062897.989391,vcan0,600,00000000
1780062897.989417,vcan0,601,00000000
1780062897.989433,vcan0,602,7F000000
1780062898.005437,vcan0,603,00
1780062898.005464,vcan0,604,00
1780062898.005481,vcan0,607,01000000
1780062898.024008,vcan0,604,01
1780062898.074330,vcan0,604,01
1780062898.100393,vcan0,600,00000000
1780062898.100423,vcan0,601,00000000
1780062898.100440,vcan0,602,7F000000
1780062898.124623,vcan0,604,01
1780062898.174947,vcan0,604,01
1780062898.212386,vcan0,600,00000000
1780062898.212414,vcan0,601,00000000
1780062898.212431,vcan0,602,7F000000
1780062898.212446,vcan0,603,00
1780062898.212459,vcan0,604,00
1780062898.212473,vcan0,607,01000000
1780062898.225261,vcan0,604,01
1780062898.275508,vcan0,604,01
1780062898.324392,vcan0,600,00000000
1780062898.324421,vcan0,601,00000000
1780062898.324437,vcan0,602,7F000000
1780062898.325692,vcan0,604,01
1780062898.375889,vcan0,604,01
1780062898.420400,vcan0,603,00
1780062898.420433,vcan0,604,00
1780062898.420450,vcan0,607,01000000
1780062898.426076,vcan0,604,01
1780062898.436436,vcan0,600,00000000
1780062898.436462,vcan0,601,00000000
1780062898.436478,vcan0,602,7F000000
1780062898.452392,vcan0,606,00
1780062898.476314,vcan0,604,01
1780062898.526569,vcan0,604,01
1780062898.548406,vcan0,600,00000000
1780062898.548435,vcan0,601,00000000
1780062898.548451,vcan0,602,7F000000
1780062898.576822,vcan0,604,01
1780062898.627133,vcan0,604,01
1780062898.628398,vcan0,603,00
1780062898.628425,vcan0,604,00
1780062898.628443,vcan0,607,01000000
1780062898.660377,vcan0,600,00000000
1780062898.660402,vcan0,601,00000000
1780062898.660417,vcan0,602,7F000000
1780062898.677450,vcan0,604,01
1780062898.727742,vcan0,604,01
1780062898.772426,vcan0,600,00000000
1780062898.772459,vcan0,601,00000000
1780062898.772476,vcan0,602,7F000000
1780062898.777935,vcan0,604,01
1780062898.828177,vcan0,604,01
1780062898.836406,vcan0,603,00
1780062898.836437,vcan0,604,00
1780062898.836453,vcan0,607,01000000
1780062898.878374,vcan0,604,01
1780062898.885376,vcan0,600,00000000
1780062898.885402,vcan0,601,00000000
1780062898.885418,vcan0,602,7F000000
1780062898.928628,vcan0,604,01
1780062898.965429,vcan0,606,00
1780062898.978945,vcan0,604,01
1780062898.997377,vcan0,600,00000000
1780062898.997405,vcan0,601,00000000
1780062898.997420,vcan0,602,7F000000
1780062899.029181,vcan0,604,01
1780062899.044387,vcan0,603,00
1780062899.044419,vcan0,604,00
1780062899.044436,vcan0,607,01000000
1780062899.079498,vcan0,604,01
1780062899.108447,vcan0,600,00000000
1780062899.108483,vcan0,601,00000000
1780062899.108498,vcan0,602,7F000000
1780062899.129674,vcan0,604,01
1780062899.179868,vcan0,604,01
1780062899.220425,vcan0,600,00000000
1780062899.220463,vcan0,601,00000000
1780062899.220481,vcan0,602,7F000000
1780062899.230110,vcan0,604,01
1780062899.252424,vcan0,603,00
1780062899.252459,vcan0,604,00
1780062899.252476,vcan0,607,01000000
1780062899.280448,vcan0,604,01
1780062899.330690,vcan0,604,01
1780062899.332391,vcan0,600,00000000
1780062899.332420,vcan0,601,00000000
1780062899.332437,vcan0,602,7F000000
1780062899.381027,vcan0,604,01
1780062899.431236,vcan0,604,01
1780062899.444419,vcan0,600,00000000
1780062899.444450,vcan0,601,00000000
1780062899.444468,vcan0,602,7F000000
1780062899.460426,vcan0,603,00
1780062899.460454,vcan0,604,00
1780062899.460472,vcan0,607,01000000
1780062899.476378,vcan0,606,00
1780062899.481571,vcan0,604,01
1780062899.531724,vcan0,604,01
1780062899.556389,vcan0,600,00000000
1780062899.556421,vcan0,601,00000000
1780062899.556439,vcan0,602,7F000000
1780062899.581911,vcan0,604,01
1780062899.632102,vcan0,604,01
1780062899.668452,vcan0,600,00000000
1780062899.668492,vcan0,601,00000000
1780062899.668510,vcan0,602,7F000000
1780062899.668525,vcan0,603,00
1780062899.668543,vcan0,604,00
1780062899.668558,vcan0,607,01000000
1780062899.682434,vcan0,604,01
1780062899.732788,vcan0,604,01
1780062899.780387,vcan0,600,00000000
1780062899.780435,vcan0,601,00000000
1780062899.780453,vcan0,602,7F000000
1780062899.783032,vcan0,604,01
1780062899.833395,vcan0,604,01
1780062899.877426,vcan0,603,00
1780062899.877462,vcan0,604,00
1780062899.877485,vcan0,607,01000000
1780062899.883754,vcan0,604,01
1780062899.893375,vcan0,600,00000000
1780062899.893399,vcan0,601,00000000
1780062899.893415,vcan0,602,7F000000
1780062899.934114,vcan0,604,01
1780062899.984422,vcan0,604,01
1780062899.989415,vcan0,606,00
1780062900.005375,vcan0,600,00000000
1780062900.005401,vcan0,601,00000000
1780062900.005416,vcan0,602,7F000000
1780062900.034786,vcan0,604,01
1780062900.084385,vcan0,603,00
1780062900.084418,vcan0,604,00
1780062900.084436,vcan0,607,01000000
1780062900.085149,vcan0,604,01
1780062900.116398,vcan0,600,00000000
1780062900.116427,vcan0,601,00000000
1780062900.116443,vcan0,602,7F000000
1780062900.135471,vcan0,604,01
1780062900.185839,vcan0,604,01
1780062900.228375,vcan0,600,00000000
1780062900.228405,vcan0,601,00000000
1780062900.228422,vcan0,602,7F000000
1780062900.236159,vcan0,604,01
1780062900.286476,vcan0,604,01
1780062900.292395,vcan0,603,00
1780062900.292426,vcan0,604,00
1780062900.292443,vcan0,607,01000000
1780062900.336838,vcan0,604,01
1780062900.340469,vcan0,600,00000000
1780062900.340496,vcan0,601,00000000
1780062900.340512,vcan0,602,7F000000
1780062900.387164,vcan0,604,01
1780062900.437359,vcan0,604,01
1780062900.452389,vcan0,600,00000000
1780062900.452420,vcan0,601,00000000
1780062900.452437,vcan0,602,7F000000
1780062900.487619,vcan0,604,01
1780062900.500421,vcan0,603,00
1780062900.500451,vcan0,604,00
1780062900.500467,vcan0,606,00
1780062900.500485,vcan0,607,01000000
1780062900.537802,vcan0,604,01
1780062900.564385,vcan0,600,00000000
1780062900.564413,vcan0,601,00000000
1780062900.564430,vcan0,602,7F000000
1780062900.587985,vcan0,604,01
1780062900.638178,vcan0,604,01
1780062900.676374,vcan0,600,00000000
1780062900.676401,vcan0,601,00000000
1780062900.676417,vcan0,602,7F000000
1780062900.688494,vcan0,604,01
1780062900.708394,vcan0,603,00
1780062900.708424,vcan0,604,00
1780062900.708440,vcan0,607,01000000
1780062900.738718,vcan0,604,01
1780062900.788387,vcan0,600,00000000
1780062900.788418,vcan0,601,00000000
1780062900.788434,vcan0,602,7F000000
1780062900.788920,vcan0,604,01
1780062900.839158,vcan0,604,01
1780062900.889431,vcan0,604,01
1780062900.901386,vcan0,600,00000000
1780062900.901415,vcan0,601,00000000
1780062900.901431,vcan0,602,7F000000
1780062900.917419,vcan0,603,00
1780062900.917448,vcan0,604,00
1780062900.917466,vcan0,607,01000000
1780062900.939680,vcan0,604,01
1780062900.989905,vcan0,604,01
1780062901.013385,vcan0,600,00000000
1780062901.013413,vcan0,601,00000000
1780062901.013430,vcan0,602,7F000000
1780062901.013446,vcan0,606,00
1780062901.040137,vcan0,604,01
1780062901.090340,vcan0,604,01
1780062901.124367,vcan0,600,00000000
1780062901.124396,vcan0,601,00000000
1780062901.124413,vcan0,602,7F000000
1780062901.124427,vcan0,603,00
1780062901.124439,vcan0,604,00
1780062901.124454,vcan0,607,01000000
1780062901.140651,vcan0,604,01
1780062901.190835,vcan0,604,01
1780062901.236413,vcan0,600,00000000
1780062901.236448,vcan0,601,00000000
1780062901.236467,vcan0,602,7F000000
1780062901.241057,vcan0,604,01
1780062901.291282,vcan0,604,01
1780062901.332369,vcan0,603,00
1780062901.332399,vcan0,604,00
1780062901.332415,vcan0,607,01000000
1780062901.341577,vcan0,604,01
1780062901.348370,vcan0,600,00000000
1780062901.348392,vcan0,601,00000000
1780062901.348407,vcan0,602,7F000000
1780062901.391916,vcan0,604,01
1780062901.442159,vcan0,604,01
1780062901.460397,vcan0,600,00000000
1780062901.460427,vcan0,601,00000000
1780062901.460445,vcan0,602,7F000000
1780062901.492449,vcan0,604,01
1780062901.524413,vcan0,606,00
1780062901.540386,vcan0,603,00
1780062901.540419,vcan0,604,00
1780062901.540445,vcan0,607,01000000
1780062901.542746,vcan0,604,01
1780062901.572360,vcan0,600,00000000
1780062901.572385,vcan0,601,00000000
1780062901.572401,vcan0,602,7F000000
1780062901.593002,vcan0,604,01
1780062901.643207,vcan0,604,01
1780062901.684381,vcan0,600,00000000
1780062901.684410,vcan0,601,00000000
1780062901.684427,vcan0,602,7F000000
1780062901.693567,vcan0,604,01
1780062901.743809,vcan0,604,01
1780062901.748371,vcan0,603,00
1780062901.748396,vcan0,604,00
1780062901.748412,vcan0,607,01000000
1780062901.794018,vcan0,604,01
1780062901.796413,vcan0,600,00000000
1780062901.796442,vcan0,601,00000000
1780062901.796458,vcan0,602,7F000000
1780062901.844352,vcan0,604,01
1780062901.894671,vcan0,604,01
1780062901.909349,vcan0,600,00000000
1780062901.909376,vcan0,601,00000000
1780062901.909391,vcan0,602,7F000000
1780062901.944862,vcan0,604,01
1780062901.957359,vcan0,603,00
1780062901.957387,vcan0,604,00
1780062901.957403,vcan0,607,01000000
1780062901.995198,vcan0,604,01
1780062902.021383,vcan0,600,00000000
1780062902.021412,vcan0,601,00000000
1780062902.021428,vcan0,602,7F000000
1780062902.037341,vcan0,606,00
1780062902.045442,vcan0,604,01
1780062902.095777,vcan0,604,01
1780062902.132383,vcan0,600,00000000
1780062902.132415,vcan0,601,00000000
1780062902.132431,vcan0,602,7F000000
1780062902.146072,vcan0,604,01
1780062902.164386,vcan0,603,00
1780062902.164414,vcan0,604,00
1780062902.164431,vcan0,607,01000000
1780062902.244374,vcan0,600,00000000
1780062902.244404,vcan0,601,00000000
1780062902.244421,vcan0,602,7F000000
1780062902.356359,vcan0,600,00000000
1780062902.356386,vcan0,601,00000000
1780062902.356401,vcan0,602,7F000000
1780062902.372339,vcan0,603,00
1780062902.372360,vcan0,604,00
1780062902.372376,vcan0,607,01000000
1780062902.468383,vcan0,600,00000000
1780062902.468416,vcan0,601,00000000
1780062902.468433,vcan0,602,7F000000
1780062902.548354,vcan0,606,00
1780062902.580356,vcan0,600,00000000
1780062902.580382,vcan0,601,00000000
1780062902.580398,vcan0,602,7F000000
1780062902.580412,vcan0,603,00
1780062902.580426,vcan0,604,00
1780062902.580440,vcan0,607,01000000
1780062902.692356,vcan0,600,00000000
1780062902.692385,vcan0,601,00000000
1780062902.692401,vcan0,602,7F000000
1780062902.788380,vcan0,603,00
1780062902.788411,vcan0,604,00
1780062902.788429,vcan0,607,01000000
1780062902.804359,vcan0,600,00000000
1780062902.804384,vcan0,601,00000000
1780062902.804399,vcan0,602,7F000000
1780062902.917347,vcan0,600,00000000
1780062902.917376,vcan0,601,00000000
1780062902.917391,vcan0,602,7F000000
1780062902.997392,vcan0,603,00
1780062902.997419,vcan0,604,00
1780062902.997436,vcan0,607,01000000
1780062903.029361,vcan0,600,00000000
1780062903.029386,vcan0,601,00000000
1780062903.029402,vcan0,602,7F000000
1780062903.060415,vcan0,606,00
1780062903.140359,vcan0,600,00000000
1780062903.140386,vcan0,601,00000000
1780062903.140402,vcan0,602,7F000000
1780062903.204342,vcan0,603,00
1780062903.204366,vcan0,604,00
1780062903.204382,vcan0,607,01000000
1780062903.252590,vcan0,600,00000000
1780062903.252621,vcan0,601,00000000
1780062903.252639,vcan0,602,7F000000
1780062903.364352,vcan0,600,00000000
1780062903.364382,vcan0,601,00000000
1780062903.364399,vcan0,602,7F000000
1780062903.412379,vcan0,603,00
1780062903.412406,vcan0,604,00
1780062903.412424,vcan0,607,01000000
1780062903.476360,vcan0,600,00000000
1780062903.476388,vcan0,601,00000000
1780062903.476405,vcan0,602,7F000000
1780062903.572380,vcan0,606,00
1780062903.588348,vcan0,600,00000000
1780062903.588374,vcan0,601,00000000
1780062903.588390,vcan0,602,7F000000
1780062903.620342,vcan0,603,00
1780062903.620365,vcan0,604,00
1780062903.620382,vcan0,607,01000000
1780062903.700399,vcan0,600,00000000
1780062903.700435,vcan0,601,00000000
1780062903.700452,vcan0,602,7F000000
1780062903.812354,vcan0,600,00000000
1780062903.812383,vcan0,601,00000000
1780062903.812400,vcan0,602,7F000000
1780062903.828329,vcan0,603,00
1780062903.828351,vcan0,604,00
1780062903.828367,vcan0,607,01000000
1780062903.925334,vcan0,600,00000000
1780062903.925364,vcan0,601,00000000
1780062903.925380,vcan0,602,7F000000
1780062904.037337,vcan0,600,00000000
1780062904.037365,vcan0,601,00000000
1780062904.037382,vcan0,602,7F000000
1780062904.037398,vcan0,603,00
1780062904.037411,vcan0,604,00
1780062904.037426,vcan0,607,01000000
