timestamp,bus,can_id,payload
1780065239.587526,vcan0,603,00
1780065239.587558,vcan0,604,00
1780065239.587576,vcan0,607,01000000
1780065239.651512,vcan0,600,00000000
1780065239.651539,vcan0,601,00000000
1780065239.651555,vcan0,602,7F000000
1780065239.667487,vcan0,606,00
1780065239.764502,vcan0,600,00000000
1780065239.764532,vcan0,601,00000000
1780065239.764548,vcan0,602,7F000000
1780065239.796499,vcan0,603,00
1780065239.796525,vcan0,604,00
1780065239.796541,vcan0,607,01000000
1780065239.876499,vcan0,600,00000000
1780065239.876525,vcan0,601,00000000
1780065239.876542,vcan0,602,7F000000
1780065239.988501,vcan0,600,00000000
1780065239.988528,vcan0,601,00000000
1780065239.988544,vcan0,602,7F000000
1780065240.004487,vcan0,603,00
1780065240.004509,vcan0,604,00
1780065240.004525,vcan0,607,01000000
1780065240.099496,vcan0,600,00000000
1780065240.099520,vcan0,601,00000000
1780065240.099535,vcan0,602,7F000000
1780065240.179508,vcan0,606,00
1780065240.211489,vcan0,600,00000000
1780065240.211513,vcan0,601,00000000
1780065240.211528,vcan0,602,7F000000
1780065240.211543,vcan0,603,00
1780065240.211555,vcan0,604,00
1780065240.211567,vcan0,607,01000000
1780065240.323498,vcan0,600,00000000
1780065240.323524,vcan0,601,00000000
1780065240.323540,vcan0,602,7F000000
1780065240.419497,vcan0,603,00
1780065240.419525,vcan0,604,00
1780065240.419541,vcan0,607,01000000
1780065240.435486,vcan0,600,00000000
1780065240.435506,vcan0,601,00000000
1780065240.435520,vcan0,602,7F000000
1780065240.547501,vcan0,600,00000000
1780065240.547529,vcan0,601,00000000
1780065240.547547,vcan0,602,7F000000
1780065240.627503,vcan0,603,00
1780065240.627530,vcan0,604,00
1780065240.627547,vcan0,607,01000000
1780065240.659485,vcan0,600,00000000
1780065240.659506,vcan0,601,00000000
1780065240.659522,vcan0,602,7F000000
1780065240.691479,vcan0,606,00
1780065240.772489,vcan0,600,00000000
1780065240.772515,vcan0,601,00000000
1780065240.772530,vcan0,602,7F000000
1780065240.836498,vcan0,603,00
1780065240.836528,vcan0,604,00
1780065240.836546,vcan0,607,01000000
1780065240.884482,vcan0,600,00000000
1780065240.884506,vcan0,601,00000000
1780065240.884522,vcan0,602,7F000000
1780065240.996486,vcan0,600,00000000
1780065240.996511,vcan0,601,00000000
1780065240.996526,vcan0,602,7F000000
1780065241.043476,vcan0,603,00
1780065241.043499,vcan0,604,00
1780065241.043514,vcan0,607,01000000
1780065241.107533,vcan0,600,00000000
1780065241.107565,vcan0,601,00000000
1780065241.107580,vcan0,602,7F000000
1780065241.203495,vcan0,606,00
1780065241.219501,vcan0,600,00000000
1780065241.219526,vcan0,601,00000000
1780065241.219542,vcan0,602,7F000000
1780065241.251474,vcan0,603,00
1780065241.251497,vcan0,604,00
1780065241.251512,vcan0,607,01000000
1780065241.331489,vcan0,600,00000000
1780065241.331515,vcan0,601,00000000
1780065241.331531,vcan0,602,7F000000
1780065241.443480,vcan0,600,00000000
1780065241.443504,vcan0,601,00000000
1780065241.443520,vcan0,602,7F000000
1780065241.459470,vcan0,603,00
1780065241.459490,vcan0,604,00
1780065241.459506,vcan0,607,01000000
1780065241.555475,vcan0,600,00000000
1780065241.555499,vcan0,601,00000000
1780065241.555514,vcan0,602,7F000000
1780065241.667484,vcan0,600,00000000
1780065241.667511,vcan0,601,00000000
1780065241.667527,vcan0,602,7F000000
1780065241.667542,vcan0,603,00
1780065241.667555,vcan0,604,00
1780065241.667568,vcan0,607,01000000
1780065241.716497,vcan0,606,00
1780065241.780485,vcan0,600,00000000
1780065241.780511,vcan0,601,00000000
1780065241.780526,vcan0,602,7F000000
1780065241.876498,vcan0,603,00
1780065241.876523,vcan0,604,00
1780065241.876540,vcan0,607,01000000
1780065241.892480,vcan0,600,00000000
1780065241.892504,vcan0,601,00000000
1780065241.892522,vcan0,602,7F000000
1780065242.004487,vcan0,600,00000000
1780065242.004514,vcan0,601,00000000
1780065242.004530,vcan0,602,7F000000
1780065242.083493,vcan0,603,00
1780065242.083518,vcan0,604,00
1780065242.083536,vcan0,607,01000000
1780065242.115502,vcan0,600,00000000
1780065242.115529,vcan0,601,00000000
1780065242.115545,vcan0,602,7F000000
1780065242.227493,vcan0,600,00000000
1780065242.227523,vcan0,601,00000000
1780065242.227540,vcan0,602,7F000000
1780065242.227557,vcan0,606,00
1780065242.291505,vcan0,603,00
1780065242.291530,vcan0,604,00
1780065242.291547,vcan0,607,01000000
1780065242.339471,vcan0,600,00000000
1780065242.339494,vcan0,601,00000000
1780065242.339508,vcan0,602,7F000000
1780065242.451483,vcan0,600,00000000
1780065242.451514,vcan0,601,00000000
1780065242.451530,vcan0,602,7F000000
1780065242.499465,vcan0,603,00
1780065242.499487,vcan0,604,00
1780065242.499502,vcan0,607,01000000
1780065242.563472,vcan0,600,00000000
1780065242.563497,vcan0,601,00000000
1780065242.563514,vcan0,602,7F000000
1780065242.675497,vcan0,600,00000000
1780065242.675525,vcan0,601,00000000
1780065242.675541,vcan0,602,7F000000
1780065242.708509,vcan0,603,00
1780065242.708534,vcan0,604,00
1780065242.708551,vcan0,607,01000000
1780065242.740486,vcan0,606,00
1780065242.788565,vcan0,600,00000000
1780065242.788599,vcan0,601,00000000
1780065242.788618,vcan0,602,7F000000
1780065242.900492,vcan0,600,00000000
1780065242.900519,vcan0,601,00000000
1780065242.900537,vcan0,602,7F000000
1780065242.916483,vcan0,603,00
1780065242.916507,vcan0,604,00
1780065242.916524,vcan0,607,01000000
1780065243.012463,vcan0,600,00000000
1780065243.012486,vcan0,601,00000000
1780065243.012502,vcan0,602,7F000000
1780065243.106938,vcan0,607,FFFFFFFF
1780065243.123470,vcan0,600,00000000
1780065243.123495,vcan0,601,00000000
1780065243.123511,vcan0,602,7F000000
1780065243.123525,vcan0,603,00
1780065243.123538,vcan0,604,00
1780065243.123552,vcan0,607,01000000
1780065243.157121,vcan0,607,FFFFFFFF
1780065243.207315,vcan0,607,FFFFFFFF
1780065243.235496,vcan0,600,00000000
1780065243.235531,vcan0,601,00000000
1780065243.235557,vcan0,602,7F000000
1780065243.251468,vcan0,606,00
1780065243.257479,vcan0,607,FFFFFFFF
1780065243.307772,vcan0,607,FFFFFFFF
1780065243.331463,vcan0,603,00
1780065243.331487,vcan0,604,00
1780065243.331503,vcan0,607,01000000
1780065243.347456,vcan0,600,00000000
1780065243.347477,vcan0,601,00000000
1780065243.347490,vcan0,602,7F000000
1780065243.358006,vcan0,607,FFFFFFFF
1780065243.408364,vcan0,607,FFFFFFFF
1780065243.458650,vcan0,607,FFFFFFFF
1780065243.459457,vcan0,600,00000000
1780065243.459479,vcan0,601,00000000
1780065243.459494,vcan0,602,7F000000
1780065243.508831,vcan0,607,FFFFFFFF
1780065243.539465,vcan0,603,00
1780065243.539492,vcan0,604,00
1780065243.539509,vcan0,607,01000000
1780065243.558997,vcan0,607,FFFFFFFF
1780065243.571478,vcan0,600,00000000
1780065243.571503,vcan0,601,00000000
1780065243.571519,vcan0,602,7F000000
1780065243.609168,vcan0,607,FFFFFFFF
1780065243.659469,vcan0,607,FFFFFFFF
1780065243.683459,vcan0,600,00000000
1780065243.683489,vcan0,601,00000000
1780065243.683505,vcan0,602,7F000000
1780065243.709653,vcan0,607,FFFFFFFF
1780065243.748455,vcan0,603,00
1780065243.748481,vcan0,604,00
1780065243.748497,vcan0,607,01000000
1780065243.759826,vcan0,607,FFFFFFFF
1780065243.764453,vcan0,606,00
1780065243.796482,vcan0,600,00000000
1780065243.796510,vcan0,601,00000000
1780065243.796529,vcan0,602,7F000000
1780065243.809980,vcan0,607,FFFFFFFF
1780065243.860245,vcan0,607,FFFFFFFF
1780065243.908489,vcan0,600,00000000
1780065243.908517,vcan0,601,00000000
1780065243.908534,vcan0,602,7F000000
1780065243.910469,vcan0,607,FFFFFFFF
1780065243.956456,vcan0,603,00
1780065243.956481,vcan0,604,00
1780065243.956498,vcan0,607,01000000
1780065243.960626,vcan0,607,FFFFFFFF
1780065244.010840,vcan0,607,FFFFFFFF
1780065244.019501,vcan0,600,00000000
1780065244.019532,vcan0,601,00000000
1780065244.019548,vcan0,602,7F000000
1780065244.061099,vcan0,607,FFFFFFFF
1780065244.111278,vcan0,607,FFFFFFFF
1780065244.131463,vcan0,600,00000000
1780065244.131491,vcan0,601,00000000
1780065244.131509,vcan0,602,7F000000
1780065244.161559,vcan0,607,FFFFFFFF
1780065244.163450,vcan0,603,00
1780065244.163470,vcan0,604,00
1780065244.163486,vcan0,607,01000000
1780065244.211764,vcan0,607,FFFFFFFF
1780065244.243466,vcan0,600,00000000
1780065244.243496,vcan0,601,00000000
1780065244.243511,vcan0,602,7F000000
1780065244.261932,vcan0,607,FFFFFFFF
1780065244.275448,vcan0,606,00
1780065244.312213,vcan0,607,FFFFFFFF
1780065244.355455,vcan0,600,00000000
1780065244.355485,vcan0,601,00000000
1780065244.355502,vcan0,602,7F000000
1780065244.362487,vcan0,607,FFFFFFFF
1780065244.371476,vcan0,603,00
1780065244.371500,vcan0,604,00
1780065244.371518,vcan0,607,01000000
1780065244.412679,vcan0,607,FFFFFFFF
1780065244.462967,vcan0,607,FFFFFFFF
1780065244.467441,vcan0,600,00000000
1780065244.467465,vcan0,601,00000000
1780065244.467480,vcan0,602,7F000000
1780065244.513283,vcan0,607,FFFFFFFF
1780065244.563569,vcan0,607,FFFFFFFF
1780065244.579449,vcan0,600,00000000
1780065244.579477,vcan0,601,00000000
1780065244.579494,vcan0,602,7F000000
1780065244.579512,vcan0,603,00
1780065244.579527,vcan0,604,00
1780065244.579540,vcan0,607,01000000
1780065244.613793,vcan0,607,FFFFFFFF
1780065244.663996,vcan0,607,FFFFFFFF
1780065244.691512,vcan0,600,19000000
1780065244.691542,vcan0,601,00000000
1780065244.691560,vcan0,602,7F000000
1780065244.714192,vcan0,607,FFFFFFFF
1780065244.764455,vcan0,607,FFFFFFFF
1780065244.788447,vcan0,603,00
1780065244.788474,vcan0,604,00
1780065244.788491,vcan0,606,00
1780065244.788506,vcan0,607,01000000
1780065244.804442,vcan0,600,CC000000
1780065244.804464,vcan0,601,00000000
1780065244.804479,vcan0,602,7F000000
1780065244.814758,vcan0,607,FFFFFFFF
1780065244.864925,vcan0,607,FFFFFFFF
1780065244.915082,vcan0,607,FFFFFFFF
1780065244.916459,vcan0,600,FF000000
1780065244.916485,vcan0,601,00000000
1780065244.916501,vcan0,602,7F000000
1780065244.965318,vcan0,607,FFFFFFFF
1780065244.996456,vcan0,603,00
1780065244.996485,vcan0,604,00
1780065244.996502,vcan0,607,01000000
1780065245.015597,vcan0,607,FFFFFFFF
1780065245.027439,vcan0,600,FF000000
1780065245.027463,vcan0,601,00000000
1780065245.027477,vcan0,602,7F000000
1780065245.065879,vcan0,607,FFFFFFFF
1780065245.116060,vcan0,607,FFFFFFFF
1780065245.139495,vcan0,600,FF000000
1780065245.139550,vcan0,601,00000000
1780065245.139569,vcan0,602,7F000000
1780065245.166284,vcan0,607,FFFFFFFF
1780065245.203442,vcan0,603,00
1780065245.203470,vcan0,604,00
1780065245.203487,vcan0,607,01000000
1780065245.216427,vcan0,607,FFFFFFFF
1780065245.251466,vcan0,600,FF000000
1780065245.251490,vcan0,601,00000000
1780065245.251505,vcan0,602,7F000000
1780065245.266611,vcan0,607,FFFFFFFF
1780065245.299455,vcan0,606,00
1780065245.316759,vcan0,607,FFFFFFFF
1780065245.363466,vcan0,600,FF000000
1780065245.363496,vcan0,601,00000000
1780065245.363512,vcan0,602,7F000000
1780065245.366907,vcan0,607,FFFFFFFF
1780065245.411453,vcan0,603,00
1780065245.411479,vcan0,604,00
1780065245.411495,vcan0,607,01000000
1780065245.417094,vcan0,607,FFFFFFFF
1780065245.467254,vcan0,607,FFFFFFFF
1780065245.475436,vcan0,600,FF000000
1780065245.475458,vcan0,601,00000000
1780065245.475473,vcan0,602,7F000000
1780065245.517460,vcan0,607,FFFFFFFF
1780065245.567794,vcan0,607,FFFFFFFF
1780065245.587479,vcan0,600,FF000000
1780065245.587511,vcan0,601,00000000
1780065245.587527,vcan0,602,7F000000
1780065245.618008,vcan0,607,FFFFFFFF
1780065245.619479,vcan0,603,00
1780065245.619504,vcan0,604,00
1780065245.619524,vcan0,607,01000000
1780065245.668207,vcan0,607,FFFFFFFF
1780065245.700471,vcan0,600,FF000000
1780065245.700502,vcan0,601,00000000
1780065245.700519,vcan0,602,7F000000
1780065245.718465,vcan0,607,FFFFFFFF
1780065245.768657,vcan0,607,FFFFFFFF
1780065245.812446,vcan0,600,FF000000
1780065245.812476,vcan0,601,00000000
1780065245.812493,vcan0,602,7F000000
1780065245.812509,vcan0,606,00
1780065245.818879,vcan0,607,FFFFFFFF
1780065245.828455,vcan0,603,00
1780065245.828480,vcan0,604,00
1780065245.828497,vcan0,607,01000000
1780065245.869068,vcan0,607,FFFFFFFF
1780065245.919285,vcan0,607,FFFFFFFF
1780065245.924443,vcan0,600,FF000000
1780065245.924471,vcan0,601,00000000
1780065245.924488,vcan0,602,7F000000
1780065245.969465,vcan0,607,FFFFFFFF
1780065246.019648,vcan0,607,FFFFFFFF
1780065246.035456,vcan0,600,FF000000
1780065246.035486,vcan0,601,00000000
1780065246.035502,vcan0,602,7F000000
1780065246.035516,vcan0,603,00
1780065246.035530,vcan0,604,00
1780065246.035545,vcan0,607,01000000
1780065246.069825,vcan0,607,FFFFFFFF
1780065246.120033,vcan0,607,FFFFFFFF
1780065246.147464,vcan0,600,FF000000
1780065246.147498,vcan0,601,00000000
1780065246.147515,vcan0,602,7F000000
1780065246.170225,vcan0,607,FFFFFFFF
1780065246.220430,vcan0,607,FFFFFFFF
1780065246.243472,vcan0,603,00
1780065246.243502,vcan0,604,00
1780065246.243520,vcan0,607,01000000
1780065246.259432,vcan0,600,FF000000
1780065246.259454,vcan0,601,00000000
1780065246.259469,vcan0,602,7F000000
1780065246.270622,vcan0,607,FFFFFFFF
1780065246.320788,vcan0,607,FFFFFFFF
1780065246.323436,vcan0,606,00
1780065246.370976,vcan0,607,FFFFFFFF
1780065246.371473,vcan0,600,FF000000
1780065246.371508,vcan0,601,00000000
1780065246.371527,vcan0,602,7F000000
1780065246.421193,vcan0,607,FFFFFFFF
1780065246.451472,vcan0,603,00
1780065246.451503,vcan0,604,00
1780065246.451522,vcan0,607,01000000
1780065246.471391,vcan0,607,FFFFFFFF
1780065246.483455,vcan0,600,FF000000
1780065246.483479,vcan0,601,00000000
1780065246.483494,vcan0,602,7F000000
1780065246.521733,vcan0,607,FFFFFFFF
1780065246.571916,vcan0,607,FFFFFFFF
1780065246.595429,vcan0,600,FF000000
1780065246.595459,vcan0,601,00000000
1780065246.595477,vcan0,602,7F000000
1780065246.622214,vcan0,607,FFFFFFFF
1780065246.659430,vcan0,603,00
1780065246.659456,vcan0,604,00
1780065246.659472,vcan0,607,01000000
1780065246.672456,vcan0,607,FFFFFFFF
1780065246.708429,vcan0,600,FF000000
1780065246.708454,vcan0,601,00000000
1780065246.708469,vcan0,602,8C000000
1780065246.722812,vcan0,607,FFFFFFFF
1780065246.772966,vcan0,607,FFFFFFFF
1780065246.820436,vcan0,600,00000000
1780065246.820466,vcan0,601,00000000
1780065246.820483,vcan0,602,7F000000
1780065246.823140,vcan0,607,FFFFFFFF
1780065246.836447,vcan0,606,00
1780065246.868459,vcan0,603,00
1780065246.868484,vcan0,604,00
1780065246.868502,vcan0,607,01000000
1780065246.873407,vcan0,607,FFFFFFFF
1780065246.923679,vcan0,607,FFFFFFFF
1780065246.932420,vcan0,600,00000000
1780065246.932444,vcan0,601,00000000
1780065246.932461,vcan0,602,7F000000
1780065246.973839,vcan0,607,FFFFFFFF
1780065247.024004,vcan0,607,FFFFFFFF
1780065247.043433,vcan0,600,00000000
1780065247.043462,vcan0,601,00000000
1780065247.043479,vcan0,602,7F000000
1780065247.074115,vcan0,607,FFFFFFFF
1780065247.075437,vcan0,603,00
1780065247.075460,vcan0,604,00
1780065247.075477,vcan0,607,01000000
1780065247.124308,vcan0,607,FFFFFFFF
1780065247.155422,vcan0,600,00000000
1780065247.155448,vcan0,601,00000000
1780065247.155463,vcan0,602,7F000000
1780065247.174580,vcan0,607,FFFFFFFF
1780065247.224741,vcan0,607,FFFFFFFF
1780065247.267457,vcan0,600,00000000
1780065247.267493,vcan0,601,00000000
1780065247.267511,vcan0,602,8C000000
1780065247.274906,vcan0,607,FFFFFFFF
1780065247.283422,vcan0,603,00
1780065247.283442,vcan0,604,00
1780065247.283462,vcan0,607,01000000
1780065247.325185,vcan0,607,FFFFFFFF
1780065247.347420,vcan0,606,00
1780065247.375452,vcan0,607,FFFFFFFF
1780065247.379409,vcan0,600,00000000
1780065247.379432,vcan0,601,00000000
1780065247.379447,vcan0,602,8C000000
1780065247.425655,vcan0,607,FFFFFFFF
1780065247.475814,vcan0,607,FFFFFFFF
1780065247.491415,vcan0,600,00000000
1780065247.491441,vcan0,601,00000000
1780065247.491456,vcan0,602,7F000000
1780065247.491472,vcan0,603,00
1780065247.491486,vcan0,604,00
1780065247.491499,vcan0,607,01000000
1780065247.525973,vcan0,607,FFFFFFFF
1780065247.576176,vcan0,607,FFFFFFFF
1780065247.603422,vcan0,600,99000000
1780065247.603450,vcan0,601,00000000
1780065247.603466,vcan0,602,7F000000
1780065247.626460,vcan0,607,FFFFFFFF
1780065247.676745,vcan0,607,FFFFFFFF
1780065247.700442,vcan0,603,00
1780065247.700472,vcan0,604,00
1780065247.700490,vcan0,607,01000000
1780065247.716422,vcan0,600,FF000000
1780065247.716449,vcan0,601,00000000
1780065247.716466,vcan0,602,7F000000
1780065247.727017,vcan0,607,FFFFFFFF
1780065247.777276,vcan0,607,FFFFFFFF
1780065247.827434,vcan0,607,FFFFFFFF
1780065247.828417,vcan0,600,FF000000
1780065247.828440,vcan0,601,00000000
1780065247.828458,vcan0,602,8C000000
1780065247.860439,vcan0,606,00
1780065247.877714,vcan0,607,FFFFFFFF
1780065247.908415,vcan0,603,00
1780065247.908443,vcan0,604,00
1780065247.908459,vcan0,607,01000000
1780065247.927904,vcan0,607,FFFFFFFF
1780065247.940423,vcan0,600,FF000000
1780065247.940448,vcan0,601,00000000
1780065247.940464,vcan0,602,7F000000
1780065247.978098,vcan0,607,FFFFFFFF
1780065248.028378,vcan0,607,FFFFFFFF
1780065248.051427,vcan0,600,FF000000
1780065248.051456,vcan0,601,00000000
1780065248.051472,vcan0,602,7F000000
1780065248.078659,vcan0,607,FFFFFFFF
1780065248.115449,vcan0,603,00
1780065248.115480,vcan0,604,00
1780065248.115498,vcan0,607,01000000
1780065248.128810,vcan0,607,FFFFFFFF
1780065248.163419,vcan0,600,FF000000
1780065248.163448,vcan0,601,00000000
1780065248.163464,vcan0,602,7F000000
1780065248.179062,vcan0,607,FFFFFFFF
1780065248.229262,vcan0,607,FFFFFFFF
1780065248.275413,vcan0,600,FF000000
1780065248.275441,vcan0,601,00000000
1780065248.275456,vcan0,602,7F000000
1780065248.279539,vcan0,607,FFFFFFFF
1780065248.323407,vcan0,603,00
1780065248.323434,vcan0,604,00
1780065248.323453,vcan0,607,01000000
1780065248.329766,vcan0,607,FFFFFFFF
1780065248.371410,vcan0,606,00
1780065248.380061,vcan0,607,FFFFFFFF
1780065248.387434,vcan0,600,FF000000
1780065248.387459,vcan0,601,00000000
1780065248.387474,vcan0,602,7F000000
1780065248.430334,vcan0,607,FFFFFFFF
1780065248.480636,vcan0,607,FFFFFFFF
1780065248.499441,vcan0,600,FF000000
1780065248.499474,vcan0,601,00000000
1780065248.499492,vcan0,602,7F000000
1780065248.530808,vcan0,607,FFFFFFFF
1780065248.531401,vcan0,603,00
1780065248.531421,vcan0,604,00
1780065248.531437,vcan0,607,01000000
1780065248.581082,vcan0,607,FFFFFFFF
1780065248.611412,vcan0,600,FF000000
1780065248.611443,vcan0,601,00000000
1780065248.611459,vcan0,602,72000000
1780065248.631282,vcan0,607,FFFFFFFF
1780065248.681557,vcan0,607,FFFFFFFF
1780065248.724422,vcan0,600,FF000000
1780065248.724454,vcan0,601,00000000
1780065248.724470,vcan0,602,7F000000
1780065248.731787,vcan0,607,FFFFFFFF
1780065248.740409,vcan0,603,00
1780065248.740432,vcan0,604,00
1780065248.740448,vcan0,607,01000000
1780065248.781943,vcan0,607,FFFFFFFF
1780065248.832212,vcan0,607,FFFFFFFF
1780065248.836409,vcan0,600,FF000000
1780065248.836435,vcan0,601,00000000
1780065248.836450,vcan0,602,7F000000
1780065248.882369,vcan0,607,FFFFFFFF
1780065248.884409,vcan0,606,00
1780065248.932641,vcan0,607,FFFFFFFF
1780065248.948418,vcan0,600,FF000000
1780065248.948446,vcan0,601,00000000
1780065248.948461,vcan0,602,7F000000
1780065248.948476,vcan0,603,00
1780065248.948489,vcan0,604,00
1780065248.948501,vcan0,607,01000000
1780065248.982920,vcan0,607,FFFFFFFF
1780065249.033208,vcan0,607,FFFFFFFF
1780065249.059403,vcan0,600,FF000000
1780065249.059432,vcan0,601,00000000
1780065249.059446,vcan0,602,7F000000
1780065249.083488,vcan0,607,FFFFFFFF
1780065249.133818,vcan0,607,FFFFFFFF
1780065249.155439,vcan0,603,00
1780065249.155472,vcan0,604,00
1780065249.155491,vcan0,607,01000000
1780065249.171420,vcan0,600,FF000000
1780065249.171444,vcan0,601,00000000
1780065249.171460,vcan0,602,7F000000
1780065249.184483,vcan0,607,FFFFFFFF
1780065249.234801,vcan0,607,FFFFFFFF
1780065249.283422,vcan0,600,FF000000
1780065249.283450,vcan0,601,00000000
1780065249.283465,vcan0,602,7F000000
1780065249.284978,vcan0,607,FFFFFFFF
1780065249.335175,vcan0,607,FFFFFFFF
1780065249.363431,vcan0,603,00
1780065249.363463,vcan0,604,00
1780065249.363484,vcan0,607,01000000
1780065249.385341,vcan0,607,FFFFFFFF
1780065249.395410,vcan0,600,FF000000
1780065249.395435,vcan0,601,00000000
1780065249.395449,vcan0,602,7F000000
1780065249.395464,vcan0,606,00
1780065249.435572,vcan0,607,FFFFFFFF
1780065249.485796,vcan0,607,FFFFFFFF
1780065249.507404,vcan0,600,FF000000
1780065249.507433,vcan0,601,00000000
1780065249.507450,vcan0,602,7F000000
1780065249.536009,vcan0,607,FFFFFFFF
1780065249.571400,vcan0,603,00
1780065249.571427,vcan0,604,00
1780065249.571443,vcan0,607,01000000
1780065249.586173,vcan0,607,FFFFFFFF
1780065249.619411,vcan0,600,FF000000
1780065249.619438,vcan0,601,00000000
1780065249.619454,vcan0,602,7F000000
1780065249.636324,vcan0,607,FFFFFFFF
1780065249.686607,vcan0,607,FFFFFFFF
1780065249.732398,vcan0,600,FF000000
1780065249.732423,vcan0,601,00000000
1780065249.732438,vcan0,602,7F000000
1780065249.736763,vcan0,607,FFFFFFFF
1780065249.780423,vcan0,603,00
1780065249.780448,vcan0,604,00
1780065249.780464,vcan0,607,01000000
1780065249.786961,vcan0,607,FFFFFFFF
1780065249.837187,vcan0,607,FFFFFFFF
1780065249.844486,vcan0,600,FF000000
1780065249.844523,vcan0,601,00000000
1780065249.844541,vcan0,602,7F000000
1780065249.887384,vcan0,607,FFFFFFFF
1780065249.908393,vcan0,606,00
1780065249.937660,vcan0,607,FFFFFFFF
1780065249.956415,vcan0,600,FF000000
1780065249.956443,vcan0,601,00000000
1780065249.956458,vcan0,602,7F000000
1780065249.987814,vcan0,607,FFFFFFFF
1780065249.988402,vcan0,603,00
1780065249.988427,vcan0,604,00
1780065249.988443,vcan0,607,01000000
1780065250.038003,vcan0,607,FFFFFFFF
1780065250.067391,vcan0,600,FF000000
1780065250.067419,vcan0,601,00000000
1780065250.067433,vcan0,602,7F000000
1780065250.088186,vcan0,607,FFFFFFFF
1780065250.138386,vcan0,607,FFFFFFFF
1780065250.179408,vcan0,600,FF000000
1780065250.179436,vcan0,601,00000000
1780065250.179450,vcan0,602,7F000000
1780065250.188655,vcan0,607,FFFFFFFF
1780065250.195379,vcan0,603,00
1780065250.195397,vcan0,604,00
1780065250.195411,vcan0,607,01000000
1780065250.238919,vcan0,607,FFFFFFFF
1780065250.289092,vcan0,607,FFFFFFFF
1780065250.291409,vcan0,600,FF000000
1780065250.291432,vcan0,601,00000000
1780065250.291447,vcan0,602,8C000000
1780065250.339293,vcan0,607,FFFFFFFF
1780065250.389483,vcan0,607,FFFFFFFF
1780065250.403429,vcan0,600,FF000000
1780065250.403460,vcan0,601,00000000
1780065250.403477,vcan0,602,7F000000
1780065250.403492,vcan0,603,00
1780065250.403506,vcan0,604,00
1780065250.403521,vcan0,607,01000000
1780065250.419399,vcan0,606,00
1780065250.439715,vcan0,607,FFFFFFFF
1780065250.490013,vcan0,607,FFFFFFFF
1780065250.515418,vcan0,600,FF000000
1780065250.515446,vcan0,601,00000000
1780065250.515462,vcan0,602,7F000000
1780065250.540214,vcan0,607,FFFFFFFF
1780065250.590512,vcan0,607,FFFFFFFF
1780065250.611384,vcan0,603,00
1780065250.611409,vcan0,604,00
1780065250.611424,vcan0,607,01000000
1780065250.627407,vcan0,600,FF000000
1780065250.627431,vcan0,601,00000000
1780065250.627445,vcan0,602,7F000000
1780065250.640684,vcan0,607,FFFFFFFF
1780065250.690944,vcan0,607,FFFFFFFF
1780065250.740392,vcan0,600,FF000000
1780065250.740419,vcan0,601,00000000
1780065250.740434,vcan0,602,7F000000
1780065250.741102,vcan0,607,FFFFFFFF
1780065250.791294,vcan0,607,FFFFFFFF
1780065250.820399,vcan0,603,00
1780065250.820422,vcan0,604,00
1780065250.820438,vcan0,607,01000000
1780065250.841596,vcan0,607,FFFFFFFF
1780065250.852413,vcan0,600,FF000000
1780065250.852439,vcan0,601,00000000
1780065250.852454,vcan0,602,7F000000
1780065250.891775,vcan0,607,FFFFFFFF
1780065250.932438,vcan0,606,00
1780065250.941980,vcan0,607,FFFFFFFF
1780065250.964387,vcan0,600,FF000000
1780065250.964411,vcan0,601,00000000
1780065250.964425,vcan0,602,7F000000
1780065250.992253,vcan0,607,FFFFFFFF
1780065251.027388,vcan0,603,00
1780065251.027411,vcan0,604,00
1780065251.027428,vcan0,607,01000000
1780065251.042524,vcan0,607,FFFFFFFF
1780065251.075384,vcan0,600,00000000
1780065251.075409,vcan0,601,00000000
1780065251.075425,vcan0,602,7F000000
1780065251.092802,vcan0,607,FFFFFFFF
1780065251.143002,vcan0,607,FFFFFFFF
1780065251.187395,vcan0,600,00000000
1780065251.187422,vcan0,601,00000000
1780065251.187437,vcan0,602,7F000000
1780065251.193158,vcan0,607,FFFFFFFF
1780065251.235403,vcan0,603,00
1780065251.235429,vcan0,604,00
1780065251.235446,vcan0,607,01000000
1780065251.243345,vcan0,607,FFFFFFFF
1780065251.293630,vcan0,607,FFFFFFFF
1780065251.299383,vcan0,600,00000000
1780065251.299407,vcan0,601,00000000
1780065251.299422,vcan0,602,7F000000
1780065251.343957,vcan0,607,FFFFFFFF
1780065251.394288,vcan0,607,FFFFFFFF
1780065251.411382,vcan0,600,00000000
1780065251.411407,vcan0,601,00000000
1780065251.411422,vcan0,602,72000000
1780065251.443380,vcan0,603,00
1780065251.443404,vcan0,604,00
1780065251.443418,vcan0,606,00
1780065251.443431,vcan0,607,01000000
1780065251.444501,vcan0,607,FFFFFFFF
1780065251.494697,vcan0,607,FFFFFFFF
1780065251.523393,vcan0,600,00000000
1780065251.523424,vcan0,601,00000000
1780065251.523440,vcan0,602,7F000000
1780065251.544845,vcan0,607,FFFFFFFF
1780065251.595029,vcan0,607,FFFFFFFF
1780065251.635393,vcan0,600,00000000
1780065251.635423,vcan0,601,00000000
1780065251.635441,vcan0,602,7F000000
1780065251.645305,vcan0,607,FFFFFFFF
1780065251.651375,vcan0,603,00
1780065251.651397,vcan0,604,00
1780065251.651413,vcan0,607,01000000
1780065251.695476,vcan0,607,FFFFFFFF
1780065251.745691,vcan0,607,FFFFFFFF
1780065251.748406,vcan0,600,66000000
1780065251.748434,vcan0,601,00000000
1780065251.748450,vcan0,602,7F000000
1780065251.795858,vcan0,607,FFFFFFFF
1780065251.846131,vcan0,607,FFFFFFFF
1780065251.860374,vcan0,600,FF000000
1780065251.860402,vcan0,601,00000000
1780065251.860417,vcan0,602,7F000000
1780065251.860431,vcan0,603,00
1780065251.860443,vcan0,604,00
1780065251.860456,vcan0,607,01000000
1780065251.896292,vcan0,607,FFFFFFFF
1780065251.946500,vcan0,607,FFFFFFFF
1780065251.956373,vcan0,606,00
1780065251.972393,vcan0,600,FF000000
1780065251.972422,vcan0,601,00000000
1780065251.972439,vcan0,602,72000000
1780065251.996659,vcan0,607,FFFFFFFF
1780065252.046839,vcan0,607,FFFFFFFF
1780065252.067383,vcan0,603,00
1780065252.067410,vcan0,604,00
1780065252.067428,vcan0,607,01000000
1780065252.083384,vcan0,600,FF000000
1780065252.083408,vcan0,601,00000000
1780065252.083424,vcan0,602,65000000
1780065252.097180,vcan0,607,FFFFFFFF
1780065252.147468,vcan0,607,FFFFFFFF
1780065252.195376,vcan0,600,FF000000
1780065252.195406,vcan0,601,00000000
1780065252.195421,vcan0,602,65000000
1780065252.197732,vcan0,607,FFFFFFFF
1780065252.247887,vcan0,607,FFFFFFFF
1780065252.275373,vcan0,603,00
1780065252.275400,vcan0,604,00
1780065252.275418,vcan0,607,01000000
1780065252.298049,vcan0,607,FFFFFFFF
1780065252.307399,vcan0,600,FF000000
1780065252.307425,vcan0,601,00000000
1780065252.307442,vcan0,602,59000000
1780065252.348211,vcan0,607,FFFFFFFF
1780065252.398409,vcan0,607,FFFFFFFF
1780065252.419381,vcan0,600,FF000000
1780065252.419410,vcan0,601,00000000
1780065252.419428,vcan0,602,7F000000
1780065252.448621,vcan0,607,FFFFFFFF
1780065252.467369,vcan0,606,00
1780065252.483362,vcan0,603,00
1780065252.483384,vcan0,604,00
1780065252.483402,vcan0,607,01000000
1780065252.498789,vcan0,607,FFFFFFFF
1780065252.531385,vcan0,600,FF000000
1780065252.531414,vcan0,601,00000000
1780065252.531430,vcan0,602,7F000000
1780065252.548956,vcan0,607,FFFFFFFF
1780065252.599179,vcan0,607,FFFFFFFF
1780065252.643452,vcan0,600,FF000000
1780065252.643485,vcan0,601,00000000
1780065252.643504,vcan0,602,7F000000
1780065252.649369,vcan0,607,FFFFFFFF
1780065252.691398,vcan0,603,00
1780065252.691429,vcan0,604,00
1780065252.691447,vcan0,607,01000000
1780065252.699560,vcan0,607,FFFFFFFF
1780065252.749792,vcan0,607,FFFFFFFF
1780065252.756367,vcan0,600,FF000000
1780065252.756394,vcan0,601,00000000
1780065252.756412,vcan0,602,7F000000
1780065252.799986,vcan0,607,FFFFFFFF
1780065252.850166,vcan0,607,FFFFFFFF
1780065252.868375,vcan0,600,FF000000
1780065252.868406,vcan0,601,00000000
1780065252.868424,vcan0,602,72000000
1780065252.900304,vcan0,607,FFFFFFFF
1780065252.900361,vcan0,603,00
1780065252.900382,vcan0,604,00
1780065252.900398,vcan0,607,01000000
1780065252.950424,vcan0,607,FFFFFFFF
1780065252.980407,vcan0,600,FF000000
1780065252.980444,vcan0,601,00000000
1780065252.980460,vcan0,602,7F000000
1780065252.980478,vcan0,606,00
1780065253.000702,vcan0,607,FFFFFFFF
1780065253.050869,vcan0,607,FFFFFFFF
1780065253.091408,vcan0,600,FF000000
1780065253.091439,vcan0,601,00000000
1780065253.091456,vcan0,602,7F000000
1780065253.101050,vcan0,607,FFFFFFFF
1780065253.107368,vcan0,603,00
1780065253.107391,vcan0,604,00
1780065253.107407,vcan0,607,01000000
1780065253.151260,vcan0,607,FFFFFFFF
1780065253.201437,vcan0,607,FFFFFFFF
1780065253.203354,vcan0,600,FF000000
1780065253.203377,vcan0,601,00000000
1780065253.203394,vcan0,602,7F000000
1780065253.251683,vcan0,607,FFFFFFFF
1780065253.301917,vcan0,607,FFFFFFFF
1780065253.315383,vcan0,600,FF000000
1780065253.315414,vcan0,601,00000000
1780065253.315430,vcan0,602,7F000000
1780065253.315445,vcan0,603,00
1780065253.315459,vcan0,604,00
1780065253.315473,vcan0,607,01000000
1780065253.352122,vcan0,607,FFFFFFFF
1780065253.402316,vcan0,607,FFFFFFFF
1780065253.427386,vcan0,600,FF000000
1780065253.427418,vcan0,601,00000000
1780065253.427435,vcan0,602,72000000
1780065253.452526,vcan0,607,FFFFFFFF
1780065253.491353,vcan0,606,00
1780065253.502719,vcan0,607,FFFFFFFF
1780065253.523370,vcan0,603,00
1780065253.523400,vcan0,604,00
1780065253.523416,vcan0,607,01000000
1780065253.539414,vcan0,600,FF000000
1780065253.539440,vcan0,601,00000000
1780065253.539456,vcan0,602,65000000
1780065253.552881,vcan0,607,FFFFFFFF
1780065253.603035,vcan0,607,FFFFFFFF
1780065253.651355,vcan0,600,FF000000
1780065253.651383,vcan0,601,00000000
1780065253.651398,vcan0,602,65000000
1780065253.653316,vcan0,607,FFFFFFFF
1780065253.703474,vcan0,607,FFFFFFFF
1780065253.732385,vcan0,603,00
1780065253.732412,vcan0,604,00
1780065253.732428,vcan0,607,01000000
1780065253.753754,vcan0,607,FFFFFFFF
1780065253.764363,vcan0,600,FF000000
1780065253.764386,vcan0,601,00000000
1780065253.764400,vcan0,602,59000000
1780065253.803912,vcan0,607,FFFFFFFF
1780065253.854119,vcan0,607,FFFFFFFF
1780065253.876528,vcan0,600,FF000000
1780065253.876565,vcan0,601,00000000
1780065253.876582,vcan0,602,59000000
1780065253.904280,vcan0,607,FFFFFFFF
1780065253.940428,vcan0,603,00
1780065253.940461,vcan0,604,00
1780065253.940477,vcan0,607,01000000
1780065253.954487,vcan0,607,FFFFFFFF
1780065253.988383,vcan0,600,FF000000
1780065253.988411,vcan0,601,00000000
1780065253.988426,vcan0,602,4C000000
1780065254.004367,vcan0,606,00
1780065254.004684,vcan0,607,FFFFFFFF
1780065254.054843,vcan0,607,FFFFFFFF
1780065254.099366,vcan0,600,FF000000
1780065254.099393,vcan0,601,00000000
1780065254.099408,vcan0,602,4C000000
1780065254.104995,vcan0,607,FFFFFFFF
1780065254.147379,vcan0,603,00
1780065254.147405,vcan0,604,00
1780065254.147420,vcan0,607,01000000
1780065254.155200,vcan0,607,FFFFFFFF
1780065254.205409,vcan0,607,FFFFFFFF
1780065254.211354,vcan0,600,FF000000
1780065254.211376,vcan0,601,00000000
1780065254.211391,vcan0,602,7F000000
1780065254.255648,vcan0,607,FFFFFFFF
1780065254.305866,vcan0,607,FFFFFFFF
1780065254.323371,vcan0,600,FF000000
1780065254.323399,vcan0,601,00000000
1780065254.323416,vcan0,602,7F000000
1780065254.355350,vcan0,603,00
1780065254.355373,vcan0,604,00
1780065254.355389,vcan0,607,01000000
1780065254.356063,vcan0,607,FFFFFFFF
1780065254.406277,vcan0,607,FFFFFFFF
1780065254.435357,vcan0,600,FF000000
1780065254.435387,vcan0,601,00000000
1780065254.435403,vcan0,602,7F000000
1780065254.456543,vcan0,607,FFFFFFFF
1780065254.506737,vcan0,607,FFFFFFFF
1780065254.515351,vcan0,606,00
1780065254.547352,vcan0,600,FF000000
1780065254.547376,vcan0,601,00000000
1780065254.547392,vcan0,602,7F000000
1780065254.556909,vcan0,607,FFFFFFFF
1780065254.563333,vcan0,603,00
1780065254.563353,vcan0,604,00
1780065254.563368,vcan0,607,01000000
1780065254.607089,vcan0,607,FFFFFFFF
1780065254.657294,vcan0,607,FFFFFFFF
1780065254.659384,vcan0,600,FF000000
1780065254.659415,vcan0,601,00000000
1780065254.659431,vcan0,602,7F000000
1780065254.707527,vcan0,607,FFFFFFFF
1780065254.757710,vcan0,607,FFFFFFFF
1780065254.772420,vcan0,600,FF000000
1780065254.772456,vcan0,601,00000000
1780065254.772472,vcan0,602,7F000000
1780065254.772488,vcan0,603,00
1780065254.772501,vcan0,604,00
1780065254.772517,vcan0,607,01000000
1780065254.807906,vcan0,607,FFFFFFFF
1780065254.858116,vcan0,607,FFFFFFFF
1780065254.884347,vcan0,600,FF000000
1780065254.884375,vcan0,601,00000000
1780065254.884391,vcan0,602,7F000000
1780065254.908409,vcan0,607,FFFFFFFF
1780065254.958669,vcan0,607,FFFFFFFF
1780065254.980386,vcan0,603,00
1780065254.980419,vcan0,604,00
1780065254.980437,vcan0,607,01000000
1780065254.996338,vcan0,600,FF000000
1780065254.996360,vcan0,601,00000000
1780065254.996373,vcan0,602,7F000000
1780065255.008883,vcan0,607,FFFFFFFF
1780065255.027361,vcan0,606,00
1780065255.059070,vcan0,607,FFFFFFFF
1780065255.107350,vcan0,600,FF000000
1780065255.107380,vcan0,601,00000000
1780065255.107396,vcan0,602,7F000000
1780065255.109344,vcan0,607,FFFFFFFF
1780065255.159544,vcan0,607,FFFFFFFF
1780065255.187342,vcan0,603,00
1780065255.187367,vcan0,604,00
1780065255.187383,vcan0,607,01000000
1780065255.209750,vcan0,607,FFFFFFFF
1780065255.219363,vcan0,600,FF000000
1780065255.219389,vcan0,601,00000000
1780065255.219403,vcan0,602,7F000000
1780065255.260011,vcan0,607,FFFFFFFF
1780065255.310176,vcan0,607,FFFFFFFF
1780065255.331388,vcan0,600,FF000000
1780065255.331420,vcan0,601,00000000
1780065255.331436,vcan0,602,7F000000
1780065255.360345,vcan0,607,FFFFFFFF
1780065255.395336,vcan0,603,00
1780065255.395361,vcan0,604,00
1780065255.395377,vcan0,607,01000000
1780065255.410547,vcan0,607,FFFFFFFF
1780065255.443357,vcan0,600,FF000000
1780065255.443382,vcan0,601,00000000
1780065255.443397,vcan0,602,8C000000
1780065255.460750,vcan0,607,FFFFFFFF
1780065255.510913,vcan0,607,FFFFFFFF
1780065255.539353,vcan0,606,00
1780065255.555334,vcan0,600,FF000000
1780065255.555355,vcan0,601,00000000
1780065255.555370,vcan0,602,7F000000
1780065255.561074,vcan0,607,FFFFFFFF
1780065255.603333,vcan0,603,00
1780065255.603357,vcan0,604,00
1780065255.603372,vcan0,607,01000000
1780065255.611242,vcan0,607,FFFFFFFF
1780065255.661516,vcan0,607,FFFFFFFF
1780065255.667335,vcan0,600,FF000000
1780065255.667358,vcan0,601,00000000
1780065255.667372,vcan0,602,7F000000
1780065255.711797,vcan0,607,FFFFFFFF
1780065255.762000,vcan0,607,FFFFFFFF
1780065255.780355,vcan0,600,FF000000
1780065255.780384,vcan0,601,00000000
1780065255.780399,vcan0,602,7F000000
1780065255.812188,vcan0,607,FFFFFFFF
1780065255.812329,vcan0,603,00
1780065255.812350,vcan0,604,00
1780065255.812367,vcan0,607,01000000
1780065255.862346,vcan0,607,FFFFFFFF
1780065255.892336,vcan0,600,FF000000
1780065255.892362,vcan0,601,00000000
1780065255.892376,vcan0,602,7F000000
1780065255.912644,vcan0,607,FFFFFFFF
1780065255.962830,vcan0,607,FFFFFFFF
1780065256.004331,vcan0,600,FF000000
1780065256.004355,vcan0,601,00000000
1780065256.004370,vcan0,602,7F000000
1780065256.013039,vcan0,607,FFFFFFFF
1780065256.019334,vcan0,603,00
1780065256.019355,vcan0,604,00
1780065256.019371,vcan0,607,01000000
1780065256.051342,vcan0,606,00
1780065256.063294,vcan0,607,FFFFFFFF
1780065256.113498,vcan0,607,FFFFFFFF
1780065256.115348,vcan0,600,FF000000
1780065256.115375,vcan0,601,00000000
1780065256.115390,vcan0,602,7F000000
1780065256.163765,vcan0,607,FFFFFFFF
1780065256.214046,vcan0,607,FFFFFFFF
1780065256.227328,vcan0,600,FF000000
1780065256.227352,vcan0,601,00000000
1780065256.227366,vcan0,602,7F000000
1780065256.227379,vcan0,603,00
1780065256.227392,vcan0,604,00
1780065256.227406,vcan0,607,01000000
1780065256.264316,vcan0,607,FFFFFFFF
1780065256.314605,vcan0,607,FFFFFFFF
1780065256.339342,vcan0,600,FF000000
1780065256.339370,vcan0,601,00000000
1780065256.339386,vcan0,602,7F000000
1780065256.364776,vcan0,607,FFFFFFFF
1780065256.415064,vcan0,607,FFFFFFFF
1780065256.435328,vcan0,603,00
1780065256.435353,vcan0,604,00
1780065256.435369,vcan0,607,01000000
1780065256.451321,vcan0,600,FF000000
1780065256.451343,vcan0,601,00000000
1780065256.451356,vcan0,602,7F000000
1780065256.465358,vcan0,607,FFFFFFFF
1780065256.515650,vcan0,607,FFFFFFFF
1780065256.563394,vcan0,600,FF000000
1780065256.563423,vcan0,601,00000000
1780065256.563439,vcan0,602,7F000000
1780065256.563457,vcan0,606,00
1780065256.565807,vcan0,607,FFFFFFFF
1780065256.615977,vcan0,607,FFFFFFFF
1780065256.643332,vcan0,603,00
1780065256.643360,vcan0,604,00
1780065256.643376,vcan0,607,01000000
1780065256.666136,vcan0,607,FFFFFFFF
1780065256.675334,vcan0,600,FF000000
1780065256.675357,vcan0,601,00000000
1780065256.675372,vcan0,602,7F000000
1780065256.716278,vcan0,607,FFFFFFFF
1780065256.766562,vcan0,607,FFFFFFFF
1780065256.788329,vcan0,600,FF000000
1780065256.788357,vcan0,601,00000000
1780065256.788372,vcan0,602,7F000000
1780065256.816764,vcan0,607,FFFFFFFF
1780065256.852332,vcan0,603,00
1780065256.852362,vcan0,604,00
1780065256.852379,vcan0,607,01000000
1780065256.866931,vcan0,607,FFFFFFFF
1780065256.900363,vcan0,600,FF000000
1780065256.900396,vcan0,601,00000000
1780065256.900413,vcan0,602,7F000000
1780065256.917101,vcan0,607,FFFFFFFF
1780065256.967298,vcan0,607,FFFFFFFF
1780065257.012385,vcan0,600,FF000000
1780065257.012415,vcan0,601,00000000
1780065257.012432,vcan0,602,7F000000
1780065257.017460,vcan0,607,FFFFFFFF
1780065257.059338,vcan0,603,00
1780065257.059367,vcan0,604,00
1780065257.059383,vcan0,607,01000000
1780065257.067728,vcan0,607,FFFFFFFF
1780065257.075321,vcan0,606,00
1780065257.117999,vcan0,607,FFFFFFFF
1780065257.123310,vcan0,600,FF000000
1780065257.123332,vcan0,601,00000000
1780065257.123346,vcan0,602,8C000000
1780065257.168197,vcan0,607,FFFFFFFF
1780065257.218357,vcan0,607,FFFFFFFF
1780065257.235316,vcan0,600,FF000000
1780065257.235341,vcan0,601,00000000
1780065257.235356,vcan0,602,7F000000
1780065257.267328,vcan0,603,00
1780065257.267353,vcan0,604,00
1780065257.267369,vcan0,607,01000000
1780065257.268626,vcan0,607,FFFFFFFF
1780065257.318906,vcan0,607,FFFFFFFF
1780065257.347330,vcan0,600,FF000000
1780065257.347357,vcan0,601,00000000
1780065257.347372,vcan0,602,7F000000
1780065257.369072,vcan0,607,FFFFFFFF
1780065257.419284,vcan0,607,FFFFFFFF
1780065257.459349,vcan0,600,FF000000
1780065257.459380,vcan0,601,00000000
1780065257.459395,vcan0,602,7F000000
1780065257.469553,vcan0,607,FFFFFFFF
1780065257.475309,vcan0,603,00
1780065257.475329,vcan0,604,00
1780065257.475344,vcan0,607,01000000
1780065257.519780,vcan0,607,FFFFFFFF
1780065257.570005,vcan0,607,FFFFFFFF
1780065257.571341,vcan0,600,FF000000
1780065257.571364,vcan0,601,00000000
1780065257.571381,vcan0,602,7F000000
1780065257.587340,vcan0,606,00
1780065257.620173,vcan0,607,FFFFFFFF
1780065257.670442,vcan0,607,FFFFFFFF
1780065257.683314,vcan0,600,FF000000
1780065257.683339,vcan0,601,00000000
1780065257.683355,vcan0,602,8C000000
1780065257.683369,vcan0,603,00
1780065257.683383,vcan0,604,00
1780065257.683397,vcan0,607,01000000
1780065257.720721,vcan0,607,FFFFFFFF
1780065257.770995,vcan0,607,FFFFFFFF
1780065257.796315,vcan0,600,FF000000
1780065257.796343,vcan0,601,00000000
1780065257.796359,vcan0,602,7F000000
1780065257.821202,vcan0,607,FFFFFFFF
1780065257.871370,vcan0,607,FFFFFFFF
1780065257.892347,vcan0,603,00
1780065257.892374,vcan0,604,00
1780065257.892390,vcan0,607,01000000
1780065257.908302,vcan0,600,FF000000
1780065257.908324,vcan0,601,00000000
1780065257.908338,vcan0,602,7F000000
1780065257.921642,vcan0,607,FFFFFFFF
1780065257.971922,vcan0,607,FFFFFFFF
1780065258.019333,vcan0,600,FF000000
1780065258.019364,vcan0,601,00000000
1780065258.019380,vcan0,602,7F000000
1780065258.022191,vcan0,607,FFFFFFFF
1780065258.072372,vcan0,607,FFFFFFFF
1780065258.099360,vcan0,603,00
1780065258.099393,vcan0,604,00
1780065258.099410,vcan0,606,00
1780065258.099427,vcan0,607,01000000
1780065258.122677,vcan0,607,FFFFFFFF
1780065258.131335,vcan0,600,FF000000
1780065258.131361,vcan0,601,00000000
1780065258.131378,vcan0,602,7F000000
1780065258.172847,vcan0,607,FFFFFFFF
1780065258.223026,vcan0,607,FFFFFFFF
1780065258.243357,vcan0,600,FF000000
1780065258.243388,vcan0,601,00000000
1780065258.243404,vcan0,602,72000000
1780065258.273197,vcan0,607,FFFFFFFF
1780065258.307306,vcan0,603,00
1780065258.307330,vcan0,604,00
1780065258.307345,vcan0,607,01000000
1780065258.323489,vcan0,607,FFFFFFFF
1780065258.355364,vcan0,600,FF000000
1780065258.355394,vcan0,601,00000000
1780065258.355409,vcan0,602,7F000000
1780065258.373711,vcan0,607,FFFFFFFF
1780065258.423847,vcan0,607,FFFFFFFF
1780065258.467361,vcan0,600,FF000000
1780065258.467392,vcan0,601,00000000
1780065258.467409,vcan0,602,7F000000
1780065258.473992,vcan0,607,FFFFFFFF
1780065258.515335,vcan0,603,00
1780065258.515362,vcan0,604,00
1780065258.515381,vcan0,607,01000000
1780065258.524358,vcan0,607,FFFFFFFF
1780065258.574636,vcan0,607,FFFFFFFF
1780065258.579310,vcan0,600,FF000000
1780065258.579334,vcan0,601,00000000
1780065258.579349,vcan0,602,7F000000
1780065258.611312,vcan0,606,00
1780065258.624813,vcan0,607,FFFFFFFF
1780065258.675028,vcan0,607,FFFFFFFF
1780065258.691310,vcan0,600,FF000000
1780065258.691336,vcan0,601,00000000
1780065258.691352,vcan0,602,72000000
1780065258.724303,vcan0,603,00
1780065258.724327,vcan0,604,00
1780065258.724342,vcan0,607,01000000
1780065258.725286,vcan0,607,FFFFFFFF
1780065258.775550,vcan0,607,FFFFFFFF
1780065258.804338,vcan0,600,FF000000
1780065258.804368,vcan0,601,00000000
1780065258.804383,vcan0,602,7F000000
1780065258.825722,vcan0,607,FFFFFFFF
1780065258.875934,vcan0,607,FFFFFFFF
1780065258.916327,vcan0,600,FF000000
1780065258.916357,vcan0,601,00000000
1780065258.916372,vcan0,602,7F000000
1780065258.926134,vcan0,607,FFFFFFFF
1780065258.932312,vcan0,603,00
1780065258.932334,vcan0,604,00
1780065258.932349,vcan0,607,01000000
1780065258.976461,vcan0,607,FFFFFFFF
1780065259.026663,vcan0,607,FFFFFFFF
1780065259.027303,vcan0,600,FF000000
1780065259.027327,vcan0,601,00000000
1780065259.027343,vcan0,602,7F000000
1780065259.076839,vcan0,607,FFFFFFFF
1780065259.123346,vcan0,606,00
1780065259.127011,vcan0,607,FFFFFFFF
1780065259.139362,vcan0,600,FF000000
1780065259.139391,vcan0,601,00000000
1780065259.139407,vcan0,602,7F000000
1780065259.139422,vcan0,603,00
1780065259.139436,vcan0,604,00
1780065259.139450,vcan0,607,01000000
1780065259.177295,vcan0,607,FFFFFFFF
1780065259.227469,vcan0,607,FFFFFFFF
1780065259.251310,vcan0,600,FF000000
1780065259.251341,vcan0,601,00000000
1780065259.251358,vcan0,602,7F000000
1780065259.277655,vcan0,607,FFFFFFFF
1780065259.327829,vcan0,607,FFFFFFFF
1780065259.347312,vcan0,603,00
1780065259.347338,vcan0,604,00
1780065259.347354,vcan0,607,01000000
1780065259.363291,vcan0,600,FF000000
1780065259.363314,vcan0,601,00000000
1780065259.363329,vcan0,602,7F000000
1780065259.377992,vcan0,607,FFFFFFFF
1780065259.428218,vcan0,607,FFFFFFFF
1780065259.475299,vcan0,600,00000000
1780065259.475326,vcan0,601,00000000
1780065259.475342,vcan0,602,7F000000
1780065259.478425,vcan0,607,FFFFFFFF
1780065259.528713,vcan0,607,FFFFFFFF
1780065259.555351,vcan0,603,00
1780065259.555385,vcan0,604,00
1780065259.555403,vcan0,607,01000000
1780065259.578923,vcan0,607,FFFFFFFF
1780065259.587304,vcan0,600,00000000
1780065259.587329,vcan0,601,00000000
1780065259.587345,vcan0,602,7F000000
1780065259.629262,vcan0,607,FFFFFFFF
1780065259.635301,vcan0,606,00
1780065259.679557,vcan0,607,FFFFFFFF
1780065259.700297,vcan0,600,00000000
1780065259.700322,vcan0,601,00000000
1780065259.700337,vcan0,602,7F000000
1780065259.729832,vcan0,607,FFFFFFFF
1780065259.764295,vcan0,603,00
1780065259.764320,vcan0,604,00
1780065259.764336,vcan0,607,01000000
1780065259.780004,vcan0,607,FFFFFFFF
1780065259.812299,vcan0,600,00000000
1780065259.812326,vcan0,601,00000000
1780065259.812341,vcan0,602,7F000000
1780065259.830217,vcan0,607,FFFFFFFF
1780065259.880381,vcan0,607,FFFFFFFF
1780065259.924296,vcan0,600,00000000
1780065259.924321,vcan0,601,00000000
1780065259.924336,vcan0,602,72000000
1780065259.930553,vcan0,607,FFFFFFFF
1780065259.972325,vcan0,603,00
1780065259.972352,vcan0,604,00
1780065259.972369,vcan0,607,01000000
1780065259.980742,vcan0,607,FFFFFFFF
1780065260.030968,vcan0,607,FFFFFFFF
1780065260.035301,vcan0,600,00000000
1780065260.035326,vcan0,601,00000000
1780065260.035342,vcan0,602,65000000
1780065260.081189,vcan0,607,FFFFFFFF
1780065260.131369,vcan0,607,FFFFFFFF
1780065260.147287,vcan0,600,00000000
1780065260.147310,vcan0,601,00000000
1780065260.147325,vcan0,602,65000000
1780065260.147340,vcan0,606,00
1780065260.179290,vcan0,603,00
1780065260.179315,vcan0,604,00
1780065260.179331,vcan0,607,01000000
1780065260.181531,vcan0,607,FFFFFFFF
1780065260.231701,vcan0,607,FFFFFFFF
1780065260.259330,vcan0,600,00000000
1780065260.259357,vcan0,601,00000000
1780065260.259373,vcan0,602,59000000
1780065260.281869,vcan0,607,FFFFFFFF
1780065260.332035,vcan0,607,FFFFFFFF
1780065260.371328,vcan0,600,00000000
1780065260.371355,vcan0,601,00000000
1780065260.371371,vcan0,602,59000000
1780065260.382208,vcan0,607,FFFFFFFF
1780065260.387302,vcan0,603,00
1780065260.387324,vcan0,604,00
1780065260.387340,vcan0,607,01000000
1780065260.432398,vcan0,607,FFFFFFFF
1780065260.482584,vcan0,607,FFFFFFFF
1780065260.483319,vcan0,600,00000000
1780065260.483348,vcan0,601,00000000
1780065260.483366,vcan0,602,7F000000
1780065260.532757,vcan0,607,FFFFFFFF
1780065260.582927,vcan0,607,FFFFFFFF
1780065260.595306,vcan0,600,99000000
1780065260.595336,vcan0,601,00000000
1780065260.595352,vcan0,602,7F000000
1780065260.595365,vcan0,603,00
1780065260.595378,vcan0,604,00
1780065260.595391,vcan0,607,01000000
1780065260.633097,vcan0,607,FFFFFFFF
1780065260.659304,vcan0,606,00
1780065260.683265,vcan0,607,FFFFFFFF
1780065260.708282,vcan0,600,FF000000
1780065260.708306,vcan0,601,00000000
1780065260.708320,vcan0,602,7F000000
1780065260.733436,vcan0,607,FFFFFFFF
1780065260.783675,vcan0,607,FFFFFFFF
1780065260.804310,vcan0,603,00
1780065260.804360,vcan0,604,00
1780065260.804390,vcan0,607,01000000
1780065260.820285,vcan0,600,FF000000
1780065260.820308,vcan0,601,00000000
1780065260.820321,vcan0,602,7F000000
1780065260.833877,vcan0,607,FFFFFFFF
1780065260.884093,vcan0,607,FFFFFFFF
1780065260.932286,vcan0,600,FF000000
1780065260.932313,vcan0,601,00000000
1780065260.932328,vcan0,602,72000000
1780065260.934354,vcan0,607,FFFFFFFF
1780065260.984692,vcan0,607,FFFFFFFF
1780065261.012328,vcan0,603,00
1780065261.012357,vcan0,604,00
1780065261.012374,vcan0,607,01000000
1780065261.034848,vcan0,607,FFFFFFFF
1780065261.043338,vcan0,600,FF000000
1780065261.043365,vcan0,601,00000000
1780065261.043379,vcan0,602,72000000
1780065261.085036,vcan0,607,FFFFFFFF
1780065261.135321,vcan0,607,FFFFFFFF
1780065261.155281,vcan0,600,FF000000
1780065261.155307,vcan0,601,00000000
1780065261.155322,vcan0,602,7F000000
1780065261.171287,vcan0,606,00
1780065261.185481,vcan0,607,FFFFFFFF
1780065261.219293,vcan0,603,00
1780065261.219318,vcan0,604,00
1780065261.219333,vcan0,607,01000000
1780065261.235748,vcan0,607,FFFFFFFF
1780065261.267291,vcan0,600,FF000000
1780065261.267318,vcan0,601,00000000
1780065261.267332,vcan0,602,7F000000
1780065261.285925,vcan0,607,FFFFFFFF
1780065261.336134,vcan0,607,FFFFFFFF
1780065261.379308,vcan0,600,FF000000
1780065261.379344,vcan0,601,00000000
1780065261.379360,vcan0,602,7F000000
1780065261.386329,vcan0,607,FFFFFFFF
1780065261.427282,vcan0,603,00
1780065261.427307,vcan0,604,00
1780065261.427323,vcan0,607,01000000
1780065261.436595,vcan0,607,FFFFFFFF
1780065261.486873,vcan0,607,FFFFFFFF
1780065261.491279,vcan0,600,FF000000
1780065261.491302,vcan0,601,00000000
1780065261.491317,vcan0,602,72000000
1780065261.537132,vcan0,607,FFFFFFFF
1780065261.589115,vcan0,607,FFFFFFFF
1780065261.603271,vcan0,600,FF000000
1780065261.603295,vcan0,601,00000000
1780065261.603310,vcan0,602,72000000
1780065261.635276,vcan0,603,00
1780065261.635300,vcan0,604,00
1780065261.635316,vcan0,607,01000000
1780065261.639375,vcan0,607,FFFFFFFF
1780065261.683285,vcan0,606,00
1780065261.689642,vcan0,607,FFFFFFFF
1780065261.716279,vcan0,600,FF000000
1780065261.716302,vcan0,601,00000000
1780065261.716316,vcan0,602,65000000
1780065261.739810,vcan0,607,FFFFFFFF
1780065261.789988,vcan0,607,FFFFFFFF
1780065261.828283,vcan0,600,FF000000
1780065261.828312,vcan0,601,00000000
1780065261.828328,vcan0,602,65000000
1780065261.840147,vcan0,607,FFFFFFFF
1780065261.844273,vcan0,603,00
1780065261.844293,vcan0,604,00
1780065261.844308,vcan0,607,01000000
1780065261.890330,vcan0,607,FFFFFFFF
1780065261.940299,vcan0,600,FF000000
1780065261.940327,vcan0,601,00000000
1780065261.940343,vcan0,602,59000000
1780065261.940487,vcan0,607,FFFFFFFF
1780065261.990651,vcan0,607,FFFFFFFF
1780065262.040812,vcan0,607,FFFFFFFF
1780065262.051286,vcan0,600,FF000000
1780065262.051309,vcan0,601,00000000
1780065262.051324,vcan0,602,7F000000
1780065262.051337,vcan0,603,00
1780065262.051351,vcan0,604,00
1780065262.051366,vcan0,607,01000000
1780065262.091047,vcan0,607,FFFFFFFF
1780065262.141228,vcan0,607,FFFFFFFF
1780065262.163265,vcan0,600,FF000000
1780065262.163294,vcan0,601,00000000
1780065262.163309,vcan0,602,7F000000
1780065262.191530,vcan0,607,FFFFFFFF
1780065262.195286,vcan0,606,00
1780065262.241818,vcan0,607,FFFFFFFF
1780065262.259272,vcan0,603,00
1780065262.259299,vcan0,604,00
1780065262.259317,vcan0,607,01000000
1780065262.275280,vcan0,600,FF000000
1780065262.275304,vcan0,601,00000000
1780065262.275320,vcan0,602,7F000000
1780065262.291975,vcan0,607,FFFFFFFF
1780065262.342182,vcan0,607,FFFFFFFF
1780065262.387352,vcan0,600,FF000000
1780065262.387384,vcan0,601,00000000
1780065262.387401,vcan0,602,7F000000
1780065262.392480,vcan0,607,FFFFFFFF
1780065262.442761,vcan0,607,FFFFFFFF
1780065262.467266,vcan0,603,00
1780065262.467291,vcan0,604,00
1780065262.467308,vcan0,607,01000000
1780065262.492920,vcan0,607,FFFFFFFF
1780065262.499284,vcan0,600,FF000000
1780065262.499309,vcan0,601,00000000
1780065262.499325,vcan0,602,7F000000
1780065262.543097,vcan0,607,FFFFFFFF
1780065262.593294,vcan0,607,FFFFFFFF
1780065262.611272,vcan0,600,FF000000
1780065262.611300,vcan0,601,00000000
1780065262.611316,vcan0,602,7F000000
1780065262.643471,vcan0,607,FFFFFFFF
1780065262.675356,vcan0,603,00
1780065262.675386,vcan0,604,00
1780065262.675405,vcan0,607,01000000
1780065262.693649,vcan0,607,FFFFFFFF
1780065262.708267,vcan0,606,00
1780065262.724267,vcan0,600,FF000000
1780065262.724293,vcan0,601,00000000
1780065262.724308,vcan0,602,7F000000
1780065262.743816,vcan0,607,FFFFFFFF
1780065262.794027,vcan0,607,FFFFFFFF
1780065262.836276,vcan0,600,FF000000
1780065262.836306,vcan0,601,00000000
1780065262.836321,vcan0,602,7F000000
1780065262.844243,vcan0,607,FFFFFFFF
1780065262.884278,vcan0,603,00
1780065262.884306,vcan0,604,00
1780065262.884324,vcan0,607,01000000
1780065262.894467,vcan0,607,FFFFFFFF
1780065262.944688,vcan0,607,FFFFFFFF
1780065262.948273,vcan0,600,FF000000
1780065262.948301,vcan0,601,00000000
1780065262.948317,vcan0,602,7F000000
1780065262.994878,vcan0,607,FFFFFFFF
1780065263.045060,vcan0,607,FFFFFFFF
1780065263.059267,vcan0,600,FF000000
1780065263.059294,vcan0,601,00000000
1780065263.059309,vcan0,602,7F000000
1780065263.091291,vcan0,603,00
1780065263.091319,vcan0,604,00
1780065263.091336,vcan0,607,01000000
1780065263.095246,vcan0,607,FFFFFFFF
1780065263.145427,vcan0,607,FFFFFFFF
1780065263.171280,vcan0,600,FF000000
1780065263.171306,vcan0,601,00000000
1780065263.171321,vcan0,602,7F000000
1780065263.195614,vcan0,607,FFFFFFFF
1780065263.219289,vcan0,606,00
1780065263.245809,vcan0,607,FFFFFFFF
1780065263.283303,vcan0,600,FF000000
1780065263.283333,vcan0,601,00000000
1780065263.283349,vcan0,602,7F000000
1780065263.296002,vcan0,607,FFFFFFFF
1780065263.299271,vcan0,603,00
1780065263.299295,vcan0,604,00
1780065263.299311,vcan0,607,01000000
1780065263.346180,vcan0,607,FFFFFFFF
1780065263.395266,vcan0,600,FF000000
1780065263.395296,vcan0,601,00000000
1780065263.395312,vcan0,602,7F000000
1780065263.396352,vcan0,607,FFFFFFFF
1780065263.446536,vcan0,607,FFFFFFFF
1780065263.496722,vcan0,607,FFFFFFFF
1780065263.507278,vcan0,600,FF000000
1780065263.507307,vcan0,601,00000000
1780065263.507323,vcan0,602,7F000000
1780065263.507337,vcan0,603,00
1780065263.507349,vcan0,604,00
1780065263.507362,vcan0,607,01000000
1780065263.546900,vcan0,607,FFFFFFFF
1780065263.597130,vcan0,607,FFFFFFFF
1780065263.619291,vcan0,600,FF000000
1780065263.619321,vcan0,601,00000000
1780065263.619338,vcan0,602,7F000000
1780065263.647347,vcan0,607,FFFFFFFF
1780065263.697638,vcan0,607,FFFFFFFF
1780065263.716267,vcan0,603,00
1780065263.716295,vcan0,604,00
1780065263.716312,vcan0,607,01000000
1780065263.732284,vcan0,600,FF000000
1780065263.732312,vcan0,601,00000000
1780065263.732327,vcan0,602,8C000000
1780065263.732342,vcan0,606,00
1780065263.747796,vcan0,607,FFFFFFFF
1780065263.797956,vcan0,607,FFFFFFFF
1780065263.844259,vcan0,600,FF000000
1780065263.844289,vcan0,601,00000000
1780065263.844304,vcan0,602,7F000000
1780065263.848155,vcan0,607,FFFFFFFF
1780065263.898423,vcan0,607,FFFFFFFF
1780065263.924253,vcan0,603,00
1780065263.924279,vcan0,604,00
1780065263.924295,vcan0,607,01000000
1780065263.948652,vcan0,607,FFFFFFFF
1780065263.956268,vcan0,600,FF000000
1780065263.956293,vcan0,601,00000000
1780065263.956308,vcan0,602,7F000000
1780065263.998822,vcan0,607,FFFFFFFF
1780065264.048968,vcan0,607,FFFFFFFF
1780065264.067292,vcan0,600,FF000000
1780065264.067327,vcan0,601,00000000
1780065264.067344,vcan0,602,7F000000
1780065264.099272,vcan0,607,FFFFFFFF
1780065264.131260,vcan0,603,00
1780065264.131287,vcan0,604,00
1780065264.131303,vcan0,607,01000000
1780065264.149542,vcan0,607,FFFFFFFF
1780065264.179276,vcan0,600,FF000000
1780065264.179306,vcan0,601,00000000
1780065264.179322,vcan0,602,7F000000
1780065264.199774,vcan0,607,FFFFFFFF
1780065264.243322,vcan0,606,00
1780065264.249948,vcan0,607,FFFFFFFF
1780065264.291285,vcan0,600,FF000000
1780065264.291317,vcan0,601,00000000
1780065264.291332,vcan0,602,8C000000
1780065264.300168,vcan0,607,FFFFFFFF
1780065264.339291,vcan0,603,00
1780065264.339323,vcan0,604,00
1780065264.339340,vcan0,607,01000000
1780065264.350386,vcan0,607,FFFFFFFF
1780065264.400658,vcan0,607,FFFFFFFF
1780065264.403256,vcan0,600,FF000000
1780065264.403283,vcan0,601,00000000
1780065264.403298,vcan0,602,7F000000
1780065264.450811,vcan0,607,FFFFFFFF
1780065264.501096,vcan0,607,FFFFFFFF
1780065264.515324,vcan0,600,FF000000
1780065264.515361,vcan0,601,00000000
1780065264.515376,vcan0,602,7F000000
1780065264.547250,vcan0,603,00
1780065264.547274,vcan0,604,00
1780065264.547289,vcan0,607,01000000
1780065264.551254,vcan0,607,FFFFFFFF
1780065264.601455,vcan0,607,FFFFFFFF
1780065264.627290,vcan0,600,FF000000
1780065264.627321,vcan0,601,00000000
1780065264.627335,vcan0,602,7F000000
1780065264.651654,vcan0,607,FFFFFFFF
1780065264.701817,vcan0,607,FFFFFFFF
1780065264.740298,vcan0,600,FF000000
1780065264.740344,vcan0,601,00000000
1780065264.740375,vcan0,602,8C000000
1780065264.751985,vcan0,607,FFFFFFFF
1780065264.756254,vcan0,603,00
1780065264.756277,vcan0,604,00
1780065264.756293,vcan0,606,00
1780065264.756307,vcan0,607,01000000
1780065264.802282,vcan0,607,FFFFFFFF
1780065264.852271,vcan0,600,FF000000
1780065264.852302,vcan0,601,00000000
1780065264.852317,vcan0,602,8C000000
1780065264.852609,vcan0,607,FFFFFFFF
1780065264.902812,vcan0,607,FFFFFFFF
1780065264.953014,vcan0,607,FFFFFFFF
1780065264.964247,vcan0,600,FF000000
1780065264.964278,vcan0,601,00000000
1780065264.964294,vcan0,602,7F000000
1780065264.964315,vcan0,603,00
1780065264.964329,vcan0,604,00
1780065264.964342,vcan0,607,01000000
1780065265.003195,vcan0,607,FFFFFFFF
1780065265.053386,vcan0,607,FFFFFFFF
1780065265.075274,vcan0,600,00000000
1780065265.075306,vcan0,601,00000000
1780065265.075322,vcan0,602,7F000000
1780065265.103721,vcan0,607,FFFFFFFF
1780065265.154114,vcan0,607,FFFFFFFF
1780065265.171246,vcan0,603,00
1780065265.171274,vcan0,604,00
1780065265.171291,vcan0,607,01000000
1780065265.187241,vcan0,600,00000000
1780065265.187264,vcan0,601,00000000
1780065265.187278,vcan0,602,7F000000
1780065265.204320,vcan0,607,FFFFFFFF
1780065265.254643,vcan0,607,FFFFFFFF
1780065265.267251,vcan0,606,00
1780065265.299263,vcan0,600,00000000
1780065265.299291,vcan0,601,00000000
1780065265.299306,vcan0,602,7F000000
1780065265.304797,vcan0,607,FFFFFFFF
1780065265.354952,vcan0,607,FFFFFFFF
1780065265.379243,vcan0,603,00
1780065265.379271,vcan0,604,00
1780065265.379287,vcan0,607,01000000
1780065265.405182,vcan0,607,FFFFFFFF
1780065265.411230,vcan0,600,00000000
1780065265.411251,vcan0,601,00000000
1780065265.411266,vcan0,602,7F000000
1780065265.455338,vcan0,607,FFFFFFFF
1780065265.505513,vcan0,607,FFFFFFFF
1780065265.523319,vcan0,600,00000000
1780065265.523366,vcan0,601,00000000
1780065265.523381,vcan0,602,7F000000
1780065265.555791,vcan0,607,FFFFFFFF
1780065265.587273,vcan0,603,00
1780065265.587300,vcan0,604,00
1780065265.587316,vcan0,607,01000000
1780065265.605951,vcan0,607,FFFFFFFF
1780065265.635239,vcan0,600,66000000
1780065265.635266,vcan0,601,00000000
1780065265.635281,vcan0,602,7F000000
1780065265.656141,vcan0,607,FFFFFFFF
1780065265.706407,vcan0,607,FFFFFFFF
1780065265.748238,vcan0,600,FF000000
1780065265.748266,vcan0,601,00000000
1780065265.748281,vcan0,602,7F000000
1780065265.756712,vcan0,607,FFFFFFFF
1780065265.780258,vcan0,606,00
1780065265.796234,vcan0,603,00
1780065265.796258,vcan0,604,00
1780065265.796274,vcan0,607,01000000
1780065265.806908,vcan0,607,FFFFFFFF
1780065265.857187,vcan0,607,FFFFFFFF
1780065265.860240,vcan0,600,00000000
1780065265.860260,vcan0,601,00000000
1780065265.860274,vcan0,602,7F000000
1780065265.907351,vcan0,607,FFFFFFFF
1780065265.957540,vcan0,607,FFFFFFFF
1780065265.972309,vcan0,600,00000000
1780065265.972355,vcan0,601,00000000
1780065265.972386,vcan0,602,7F000000
1780065266.004246,vcan0,603,00
1780065266.004275,vcan0,604,00
1780065266.004291,vcan0,607,01000000
1780065266.007749,vcan0,607,FFFFFFFF
1780065266.057896,vcan0,607,FFFFFFFF
1780065266.083285,vcan0,600,00000000
1780065266.083316,vcan0,601,00000000
1780065266.083333,vcan0,602,7F000000
1780065266.108091,vcan0,607,FFFFFFFF
1780065266.158289,vcan0,607,FFFFFFFF
1780065266.195260,vcan0,600,00000000
1780065266.195289,vcan0,601,00000000
1780065266.195304,vcan0,602,7F000000
1780065266.208563,vcan0,607,FFFFFFFF
1780065266.211227,vcan0,603,00
1780065266.211247,vcan0,604,00
1780065266.211263,vcan0,607,01000000
1780065266.258878,vcan0,607,FFFFFFFF
1780065266.291229,vcan0,606,00
1780065266.307213,vcan0,600,00000000
1780065266.307233,vcan0,601,00000000
1780065266.307247,vcan0,602,7F000000
1780065266.309035,vcan0,607,FFFFFFFF
1780065266.359238,vcan0,607,FFFFFFFF
1780065266.409431,vcan0,607,FFFFFFFF
1780065266.419326,vcan0,600,00000000
1780065266.419381,vcan0,601,00000000
1780065266.419416,vcan0,602,7F000000
1780065266.419447,vcan0,603,00
1780065266.419477,vcan0,604,00
1780065266.419511,vcan0,607,01000000
1780065266.459588,vcan0,607,FFFFFFFF
1780065266.509766,vcan0,607,FFFFFFFF
1780065266.531235,vcan0,600,00000000
1780065266.531264,vcan0,601,00000000
1780065266.531280,vcan0,602,7F000000
1780065266.559923,vcan0,607,FFFFFFFF
1780065266.610166,vcan0,607,FFFFFFFF
1780065266.627248,vcan0,603,00
1780065266.627276,vcan0,604,00
1780065266.627296,vcan0,607,01000000
1780065266.643234,vcan0,600,00000000
1780065266.643258,vcan0,601,00000000
1780065266.643273,vcan0,602,7F000000
1780065266.660362,vcan0,607,FFFFFFFF
1780065266.710548,vcan0,607,FFFFFFFF
1780065266.756235,vcan0,600,99000000
1780065266.756262,vcan0,601,00000000
1780065266.756277,vcan0,602,7F000000
1780065266.760729,vcan0,607,FFFFFFFF
1780065266.804231,vcan0,606,00
1780065266.810897,vcan0,607,FFFFFFFF
1780065266.836250,vcan0,603,00
1780065266.836277,vcan0,604,00
1780065266.836294,vcan0,607,01000000
1780065266.861088,vcan0,607,FFFFFFFF
1780065266.868247,vcan0,600,00000000
1780065266.868269,vcan0,601,00000000
1780065266.868285,vcan0,602,7F000000
1780065266.911366,vcan0,607,FFFFFFFF
1780065266.961585,vcan0,607,FFFFFFFF
1780065266.980251,vcan0,600,00000000
1780065266.980277,vcan0,601,00000000
1780065266.980294,vcan0,602,7F000000
1780065267.011757,vcan0,607,FFFFFFFF
1780065267.043234,vcan0,603,00
1780065267.043260,vcan0,604,00
1780065267.043276,vcan0,607,01000000
1780065267.061928,vcan0,607,FFFFFFFF
1780065267.091227,vcan0,600,00000000
1780065267.091252,vcan0,601,00000000
1780065267.091267,vcan0,602,7F000000
1780065267.112129,vcan0,607,FFFFFFFF
1780065267.162290,vcan0,607,FFFFFFFF
1780065267.203255,vcan0,600,00000000
1780065267.203290,vcan0,601,00000000
1780065267.203307,vcan0,602,72000000
1780065267.212485,vcan0,607,FFFFFFFF
1780065267.251241,vcan0,603,00
1780065267.251268,vcan0,604,00
1780065267.251284,vcan0,607,01000000
1780065267.262664,vcan0,607,FFFFFFFF
1780065267.312830,vcan0,607,FFFFFFFF
1780065267.315228,vcan0,600,00000000
1780065267.315255,vcan0,601,00000000
1780065267.315283,vcan0,602,72000000
1780065267.315299,vcan0,606,00
1780065267.363118,vcan0,607,FFFFFFFF
1780065267.413283,vcan0,607,FFFFFFFF
1780065267.427226,vcan0,600,00000000
1780065267.427252,vcan0,601,00000000
1780065267.427267,vcan0,602,65000000
1780065267.459218,vcan0,603,00
1780065267.459243,vcan0,604,00
1780065267.459258,vcan0,607,01000000
1780065267.463564,vcan0,607,FFFFFFFF
1780065267.513849,vcan0,607,FFFFFFFF
1780065267.539219,vcan0,600,00000000
1780065267.539247,vcan0,601,00000000
1780065267.539269,vcan0,602,7F000000
1780065267.564130,vcan0,607,FFFFFFFF
1780065267.614404,vcan0,607,FFFFFFFF
1780065267.651230,vcan0,600,00000000
1780065267.651265,vcan0,601,00000000
1780065267.651281,vcan0,602,7F000000
1780065267.664593,vcan0,607,FFFFFFFF
1780065267.667228,vcan0,603,00
1780065267.667249,vcan0,604,00
1780065267.667264,vcan0,607,01000000
1780065267.714747,vcan0,607,FFFFFFFF
1780065267.764227,vcan0,600,00000000
1780065267.764256,vcan0,601,00000000
1780065267.764273,vcan0,602,72000000
1780065267.764916,vcan0,607,FFFFFFFF
1780065267.815068,vcan0,607,FFFFFFFF
1780065267.828227,vcan0,606,00
1780065267.865251,vcan0,607,FFFFFFFF
1780065267.876242,vcan0,600,00000000
1780065267.876269,vcan0,601,00000000
1780065267.876284,vcan0,602,72000000
1780065267.876297,vcan0,603,00
1780065267.876310,vcan0,604,00
1780065267.876323,vcan0,607,01000000
1780065267.915521,vcan0,607,FFFFFFFF
1780065267.965704,vcan0,607,FFFFFFFF
1780065267.988218,vcan0,600,00000000
1780065267.988245,vcan0,601,00000000
1780065267.988261,vcan0,602,65000000
1780065268.015906,vcan0,607,FFFFFFFF
1780065268.066065,vcan0,607,FFFFFFFF
1780065268.083228,vcan0,603,00
1780065268.083254,vcan0,604,00
1780065268.083270,vcan0,607,01000000
1780065268.099233,vcan0,600,00000000
1780065268.099259,vcan0,601,00000000
1780065268.099274,vcan0,602,65000000
1780065268.116258,vcan0,607,FFFFFFFF
1780065268.166542,vcan0,607,FFFFFFFF
1780065268.211220,vcan0,600,00000000
1780065268.211252,vcan0,601,00000000
1780065268.211268,vcan0,602,7F000000
1780065268.216761,vcan0,607,FFFFFFFF
1780065268.266948,vcan0,607,FFFFFFFF
1780065268.291238,vcan0,603,00
1780065268.291270,vcan0,604,00
1780065268.291288,vcan0,607,01000000
1780065268.317158,vcan0,607,FFFFFFFF
1780065268.323209,vcan0,600,99000000
1780065268.323233,vcan0,601,00000000
1780065268.323250,vcan0,602,7F000000
1780065268.339203,vcan0,606,00
1780065268.367319,vcan0,607,FFFFFFFF
1780065268.417526,vcan0,607,FFFFFFFF
1780065268.435257,vcan0,600,FF000000
1780065268.435290,vcan0,601,00000000
1780065268.435306,vcan0,602,7F000000
1780065268.467706,vcan0,607,FFFFFFFF
1780065268.499211,vcan0,603,00
1780065268.499238,vcan0,604,00
1780065268.499254,vcan0,607,01000000
1780065268.517976,vcan0,607,FFFFFFFF
1780065268.547228,vcan0,600,FF000000
1780065268.547256,vcan0,601,00000000
1780065268.547271,vcan0,602,72000000
1780065268.568175,vcan0,607,FFFFFFFF
1780065268.618490,vcan0,607,FFFFFFFF
1780065268.659214,vcan0,600,FF000000
1780065268.659242,vcan0,601,00000000
1780065268.659257,vcan0,602,72000000
1780065268.668666,vcan0,607,FFFFFFFF
1780065268.708212,vcan0,603,00
1780065268.708239,vcan0,604,00
1780065268.708256,vcan0,607,01000000
1780065268.718846,vcan0,607,FFFFFFFF
1780065268.769037,vcan0,607,FFFFFFFF
1780065268.772235,vcan0,600,FF000000
1780065268.772261,vcan0,601,00000000
1780065268.772277,vcan0,602,65000000
1780065268.819209,vcan0,607,FFFFFFFF
1780065268.852230,vcan0,606,00
1780065268.869388,vcan0,607,FFFFFFFF
1780065268.884239,vcan0,600,FF000000
1780065268.884267,vcan0,601,00000000
1780065268.884282,vcan0,602,7F000000
1780065268.916233,vcan0,603,00
1780065268.916258,vcan0,604,00
1780065268.916275,vcan0,607,01000000
1780065268.919694,vcan0,607,FFFFFFFF
1780065268.969881,vcan0,607,FFFFFFFF
1780065268.996322,vcan0,600,FF000000
1780065268.996361,vcan0,601,00000000
1780065268.996378,vcan0,602,7F000000
1780065269.020070,vcan0,607,FFFFFFFF
1780065269.070250,vcan0,607,FFFFFFFF
1780065269.107208,vcan0,600,FF000000
1780065269.107238,vcan0,601,00000000
1780065269.107253,vcan0,602,72000000
1780065269.120445,vcan0,607,FFFFFFFF
1780065269.123231,vcan0,603,00
1780065269.123257,vcan0,604,00
1780065269.123273,vcan0,607,01000000
1780065269.170643,vcan0,607,FFFFFFFF
1780065269.219206,vcan0,600,FF000000
1780065269.219237,vcan0,601,00000000
1780065269.219252,vcan0,602,72000000
1780065269.220911,vcan0,607,FFFFFFFF
1780065269.271102,vcan0,607,FFFFFFFF
1780065269.321288,vcan0,607,FFFFFFFF
1780065269.331212,vcan0,600,FF000000
1780065269.331240,vcan0,601,00000000
1780065269.331255,vcan0,602,7F000000
1780065269.331269,vcan0,603,00
1780065269.331281,vcan0,604,00
1780065269.331295,vcan0,607,01000000
1780065269.363207,vcan0,606,00
1780065269.371577,vcan0,607,FFFFFFFF
1780065269.421750,vcan0,607,FFFFFFFF
1780065269.443227,vcan0,600,FF000000
1780065269.443256,vcan0,601,00000000
1780065269.443273,vcan0,602,7F000000
1780065269.471914,vcan0,607,FFFFFFFF
1780065269.522073,vcan0,607,FFFFFFFF
1780065269.539194,vcan0,603,00
1780065269.539219,vcan0,604,00
1780065269.539235,vcan0,607,01000000
1780065269.555200,vcan0,600,FF000000
1780065269.555219,vcan0,601,00000000
1780065269.555233,vcan0,602,7F000000
1780065269.572212,vcan0,607,FFFFFFFF
1780065269.622439,vcan0,607,FFFFFFFF
1780065269.667212,vcan0,600,FF000000
1780065269.667244,vcan0,601,00000000
1780065269.667260,vcan0,602,72000000
1780065269.672633,vcan0,607,FFFFFFFF
1780065269.722826,vcan0,607,FFFFFFFF
1780065269.748210,vcan0,603,00
1780065269.748236,vcan0,604,00
1780065269.748253,vcan0,607,01000000
1780065269.773023,vcan0,607,FFFFFFFF
1780065269.780211,vcan0,600,FF000000
1780065269.780235,vcan0,601,00000000
1780065269.780249,vcan0,602,72000000
1780065269.823231,vcan0,607,FFFFFFFF
1780065269.873502,vcan0,607,FFFFFFFF
1780065269.876225,vcan0,606,00
1780065269.892192,vcan0,600,FF000000
1780065269.892216,vcan0,601,00000000
1780065269.892231,vcan0,602,65000000
1780065269.923685,vcan0,607,FFFFFFFF
1780065269.956219,vcan0,603,00
1780065269.956249,vcan0,604,00
1780065269.956266,vcan0,607,01000000
1780065269.973849,vcan0,607,FFFFFFFF
1780065270.004205,vcan0,600,FF000000
1780065270.004233,vcan0,601,00000000
1780065270.004248,vcan0,602,65000000
1780065270.023992,vcan0,607,FFFFFFFF
1780065270.074292,vcan0,607,FFFFFFFF
1780065270.115199,vcan0,600,FF000000
1780065270.115227,vcan0,601,00000000
1780065270.115243,vcan0,602,7F000000
1780065270.124504,vcan0,607,FFFFFFFF
1780065270.163221,vcan0,603,00
1780065270.163252,vcan0,604,00
1780065270.163269,vcan0,607,01000000
1780065270.174785,vcan0,607,FFFFFFFF
1780065270.224988,vcan0,607,FFFFFFFF
1780065270.227193,vcan0,600,FF000000
1780065270.227220,vcan0,601,00000000
1780065270.227235,vcan0,602,7F000000
1780065270.275154,vcan0,607,FFFFFFFF
1780065270.325306,vcan0,607,FFFFFFFF
1780065270.339192,vcan0,600,FF000000
1780065270.339219,vcan0,601,00000000
1780065270.339236,vcan0,602,7F000000
1780065270.371183,vcan0,603,00
1780065270.371209,vcan0,604,00
1780065270.371224,vcan0,607,01000000
1780065270.375463,vcan0,607,FFFFFFFF
1780065270.387182,vcan0,606,00
1780065270.425632,vcan0,607,FFFFFFFF
1780065270.451191,vcan0,600,FF000000
1780065270.451218,vcan0,601,00000000
1780065270.451234,vcan0,602,7F000000
1780065270.475782,vcan0,607,FFFFFFFF
1780065270.525947,vcan0,607,FFFFFFFF
1780065270.563185,vcan0,600,FF000000
1780065270.563214,vcan0,601,00000000
1780065270.563228,vcan0,602,7F000000
1780065270.576226,vcan0,607,FFFFFFFF
1780065270.579194,vcan0,603,00
1780065270.579214,vcan0,604,00
1780065270.579229,vcan0,607,01000000
1780065270.626408,vcan0,607,FFFFFFFF
1780065270.675204,vcan0,600,FF000000
1780065270.675233,vcan0,601,00000000
1780065270.675249,vcan0,602,7F000000
1780065270.676580,vcan0,607,FFFFFFFF
1780065270.726763,vcan0,607,FFFFFFFF
1780065270.776915,vcan0,607,FFFFFFFF
1780065270.788184,vcan0,600,FF000000
1780065270.788209,vcan0,601,00000000
1780065270.788224,vcan0,602,7F000000
1780065270.788238,vcan0,603,00
1780065270.788250,vcan0,604,00
1780065270.788263,vcan0,607,01000000
1780065270.827078,vcan0,607,FFFFFFFF
1780065270.877249,vcan0,607,FFFFFFFF
1780065270.900193,vcan0,600,FF000000
1780065270.900220,vcan0,601,00000000
1780065270.900236,vcan0,602,7F000000
1780065270.900251,vcan0,606,00
1780065270.927453,vcan0,607,FFFFFFFF
1780065270.977620,vcan0,607,FFFFFFFF
1780065270.996232,vcan0,603,00
1780065270.996261,vcan0,604,00
1780065270.996280,vcan0,607,01000000
1780065271.012178,vcan0,600,FF000000
1780065271.012204,vcan0,601,00000000
1780065271.012219,vcan0,602,7F000000
1780065271.027775,vcan0,607,FFFFFFFF
1780065271.077940,vcan0,607,FFFFFFFF
1780065271.123192,vcan0,600,FF000000
1780065271.123221,vcan0,601,00000000
1780065271.123236,vcan0,602,8C000000
1780065271.128140,vcan0,607,FFFFFFFF
1780065271.178445,vcan0,607,FFFFFFFF
1780065271.203242,vcan0,603,00
1780065271.203275,vcan0,604,00
1780065271.203293,vcan0,607,01000000
1780065271.228652,vcan0,607,FFFFFFFF
1780065271.235194,vcan0,600,FF000000
1780065271.235220,vcan0,601,00000000
1780065271.235235,vcan0,602,8C000000
1780065271.278821,vcan0,607,FFFFFFFF
1780065271.329017,vcan0,607,FFFFFFFF
1780065271.347194,vcan0,600,FF000000
1780065271.347223,vcan0,601,00000000
1780065271.347239,vcan0,602,7F000000
1780065271.379253,vcan0,607,FFFFFFFF
1780065271.411196,vcan0,603,00
1780065271.411222,vcan0,604,00
1780065271.411237,vcan0,606,00
1780065271.411251,vcan0,607,01000000
1780065271.429517,vcan0,607,FFFFFFFF
1780065271.459177,vcan0,600,FF000000
1780065271.459202,vcan0,601,00000000
1780065271.459215,vcan0,602,7F000000
1780065271.479700,vcan0,607,FFFFFFFF
1780065271.529863,vcan0,607,FFFFFFFF
1780065271.571186,vcan0,600,FF000000
1780065271.571217,vcan0,601,00000000
1780065271.571233,vcan0,602,7F000000
1780065271.580055,vcan0,607,FFFFFFFF
1780065271.619203,vcan0,603,00
1780065271.619233,vcan0,604,00
1780065271.619249,vcan0,607,01000000
1780065271.630252,vcan0,607,FFFFFFFF
1780065271.680538,vcan0,607,FFFFFFFF
1780065271.683180,vcan0,600,FF000000
1780065271.683206,vcan0,601,00000000
1780065271.683222,vcan0,602,7F000000
1780065271.730713,vcan0,607,FFFFFFFF
1780065271.780891,vcan0,607,FFFFFFFF
1780065271.796182,vcan0,600,FF000000
1780065271.796211,vcan0,601,00000000
1780065271.796226,vcan0,602,7F000000
1780065271.828171,vcan0,603,00
1780065271.828196,vcan0,604,00
1780065271.828212,vcan0,607,01000000
1780065271.831063,vcan0,607,FFFFFFFF
1780065271.881223,vcan0,607,FFFFFFFF
1780065271.908175,vcan0,600,FF000000
1780065271.908204,vcan0,601,00000000
1780065271.908219,vcan0,602,7F000000
1780065271.924168,vcan0,606,00
1780065271.931393,vcan0,607,FFFFFFFF
1780065271.981583,vcan0,607,FFFFFFFF
1780065272.019179,vcan0,600,FF000000
1780065272.019208,vcan0,601,00000000
1780065272.019223,vcan0,602,7F000000
1780065272.031803,vcan0,607,FFFFFFFF
1780065272.035267,vcan0,603,00
1780065272.035314,vcan0,604,00
1780065272.035347,vcan0,607,01000000
1780065272.082150,vcan0,607,FFFFFFFF
1780065272.131203,vcan0,600,FF000000
1780065272.131232,vcan0,601,00000000
1780065272.131247,vcan0,602,72000000
1780065272.132295,vcan0,607,FFFFFFFF
1780065272.182472,vcan0,607,FFFFFFFF
1780065272.232638,vcan0,607,FFFFFFFF
1780065272.243200,vcan0,600,FF000000
1780065272.243230,vcan0,601,00000000
1780065272.243247,vcan0,602,7F000000
1780065272.243261,vcan0,603,00
1780065272.243275,vcan0,604,00
1780065272.243289,vcan0,607,01000000
1780065272.282807,vcan0,607,FFFFFFFF
1780065272.333005,vcan0,607,FFFFFFFF
1780065272.355175,vcan0,600,FF000000
1780065272.355202,vcan0,601,00000000
1780065272.355218,vcan0,602,7F000000
1780065272.383191,vcan0,607,FFFFFFFF
1780065272.433480,vcan0,607,FFFFFFFF
1780065272.435176,vcan0,606,00
1780065272.451175,vcan0,603,00
1780065272.451201,vcan0,604,00
1780065272.451218,vcan0,607,01000000
1780065272.467159,vcan0,600,FF000000
1780065272.467180,vcan0,601,00000000
1780065272.467195,vcan0,602,7F000000
1780065272.483663,vcan0,607,FFFFFFFF
1780065272.533831,vcan0,607,FFFFFFFF
1780065272.579170,vcan0,600,FF000000
1780065272.579200,vcan0,601,00000000
1780065272.579216,vcan0,602,7F000000
1780065272.583986,vcan0,607,FFFFFFFF
1780065272.634193,vcan0,607,FFFFFFFF
1780065272.659176,vcan0,603,00
1780065272.659202,vcan0,604,00
1780065272.659219,vcan0,607,01000000
1780065272.684487,vcan0,607,FFFFFFFF
1780065272.691174,vcan0,600,FF000000
1780065272.691200,vcan0,601,00000000
1780065272.691216,vcan0,602,7F000000
1780065272.734726,vcan0,607,FFFFFFFF
1780065272.784918,vcan0,607,FFFFFFFF
1780065272.804192,vcan0,600,FF000000
1780065272.804220,vcan0,601,00000000
1780065272.804236,vcan0,602,7F000000
1780065272.835142,vcan0,607,FFFFFFFF
1780065272.868174,vcan0,603,00
1780065272.868202,vcan0,604,00
1780065272.868218,vcan0,607,01000000
1780065272.885322,vcan0,607,FFFFFFFF
1780065272.916272,vcan0,600,FF000000
1780065272.916308,vcan0,601,00000000
1780065272.916325,vcan0,602,7F000000
1780065272.935544,vcan0,607,FFFFFFFF
1780065272.948243,vcan0,606,00
1780065272.985789,vcan0,607,FFFFFFFF
1780065273.027183,vcan0,600,FF000000
1780065273.027218,vcan0,601,00000000
1780065273.027234,vcan0,602,7F000000
1780065273.035989,vcan0,607,FFFFFFFF
1780065273.075212,vcan0,603,00
1780065273.075475,vcan0,604,00
1780065273.075494,vcan0,607,01000000
1780065273.086220,vcan0,607,FFFFFFFF
1780065273.136456,vcan0,607,FFFFFFFF
1780065273.139185,vcan0,600,FF000000
1780065273.139212,vcan0,601,00000000
1780065273.139227,vcan0,602,7F000000
1780065273.186737,vcan0,607,FFFFFFFF
1780065273.236904,vcan0,607,FFFFFFFF
1780065273.251160,vcan0,600,FF000000
1780065273.251188,vcan0,601,00000000
1780065273.251204,vcan0,602,7F000000
1780065273.283174,vcan0,603,00
1780065273.283204,vcan0,604,00
1780065273.283221,vcan0,607,01000000
1780065273.287177,vcan0,607,FFFFFFFF
1780065273.337392,vcan0,607,FFFFFFFF
1780065273.363160,vcan0,600,FF000000
1780065273.363188,vcan0,601,00000000
1780065273.363202,vcan0,602,7F000000
1780065273.387689,vcan0,607,FFFFFFFF
1780065273.437858,vcan0,607,FFFFFFFF
1780065273.459188,vcan0,606,00
1780065273.475165,vcan0,600,FF000000
1780065273.475189,vcan0,601,00000000
1780065273.475205,vcan0,602,7F000000
1780065273.488092,vcan0,607,FFFFFFFF
1780065273.491147,vcan0,603,00
1780065273.491165,vcan0,604,00
1780065273.491178,vcan0,607,01000000
1780065273.538329,vcan0,607,FFFFFFFF
1780065273.587171,vcan0,600,FF000000
1780065273.587200,vcan0,601,00000000
1780065273.587215,vcan0,602,7F000000
1780065273.588522,vcan0,607,FFFFFFFF
1780065273.638735,vcan0,607,FFFFFFFF
1780065273.688897,vcan0,607,FFFFFFFF
1780065273.700163,vcan0,600,FF000000
1780065273.700192,vcan0,601,00000000
1780065273.700207,vcan0,602,7F000000
1780065273.700222,vcan0,603,00
1780065273.700234,vcan0,604,00
1780065273.700248,vcan0,607,01000000
1780065273.739228,vcan0,607,FFFFFFFF
1780065273.789427,vcan0,607,FFFFFFFF
1780065273.812208,vcan0,600,00000000
1780065273.812238,vcan0,601,00000000
1780065273.812254,vcan0,602,7F000000
1780065273.839698,vcan0,607,FFFFFFFF
1780065273.889851,vcan0,607,FFFFFFFF
1780065273.908162,vcan0,603,00
1780065273.908190,vcan0,604,00
1780065273.908207,vcan0,607,01000000
1780065273.924140,vcan0,600,00000000
1780065273.924160,vcan0,601,00000000
1780065273.924174,vcan0,602,7F000000
1780065273.940043,vcan0,607,FFFFFFFF
1780065273.972177,vcan0,606,00
1780065273.990196,vcan0,607,FFFFFFFF
1780065274.035161,vcan0,600,00000000
1780065274.035190,vcan0,601,00000000
1780065274.035204,vcan0,602,72000000
1780065274.040463,vcan0,607,FFFFFFFF
1780065274.090733,vcan0,607,FFFFFFFF
1780065274.115160,vcan0,603,00
1780065274.115186,vcan0,604,00
1780065274.115202,vcan0,607,01000000
1780065274.140893,vcan0,607,FFFFFFFF
1780065274.147190,vcan0,600,00000000
1780065274.147217,vcan0,601,00000000
1780065274.147233,vcan0,602,72000000
1780065274.191119,vcan0,607,FFFFFFFF
1780065274.241332,vcan0,607,FFFFFFFF
1780065274.259212,vcan0,600,00000000
1780065274.259245,vcan0,601,00000000
1780065274.259261,vcan0,602,65000000
1780065274.291491,vcan0,607,FFFFFFFF
1780065274.323142,vcan0,603,00
1780065274.323166,vcan0,604,00
1780065274.323182,vcan0,607,01000000
1780065274.341756,vcan0,607,FFFFFFFF
1780065274.371145,vcan0,600,00000000
1780065274.371175,vcan0,601,00000000
1780065274.371191,vcan0,602,65000000
1780065274.391911,vcan0,607,FFFFFFFF
1780065274.442112,vcan0,607,FFFFFFFF
1780065274.483153,vcan0,600,00000000
1780065274.483257,vcan0,601,00000000
1780065274.483276,vcan0,602,7F000000
1780065274.483293,vcan0,606,00
1780065274.492433,vcan0,607,FFFFFFFF
1780065274.531228,vcan0,603,00
1780065274.531278,vcan0,604,00
1780065274.531304,vcan0,607,01000000
1780065274.542652,vcan0,607,FFFFFFFF
1780065274.592882,vcan0,607,FFFFFFFF
1780065274.595146,vcan0,600,00000000
1780065274.595170,vcan0,601,00000000
1780065274.595187,vcan0,602,7F000000
1780065274.643063,vcan0,607,FFFFFFFF
1780065274.693231,vcan0,607,FFFFFFFF
1780065274.708151,vcan0,600,99000000
1780065274.708177,vcan0,601,00000000
1780065274.708193,vcan0,602,7F000000
1780065274.740136,vcan0,603,00
1780065274.740158,vcan0,604,00
1780065274.740175,vcan0,607,01000000
1780065274.743494,vcan0,607,FFFFFFFF
1780065274.793769,vcan0,607,FFFFFFFF
1780065274.820154,vcan0,600,FF000000
1780065274.820183,vcan0,601,00000000
1780065274.820199,vcan0,602,7F000000
1780065274.844034,vcan0,607,FFFFFFFF
1780065274.894200,vcan0,607,FFFFFFFF
1780065274.932148,vcan0,600,FF000000
1780065274.932178,vcan0,601,00000000
1780065274.932194,vcan0,602,7F000000
1780065274.944355,vcan0,607,FFFFFFFF
1780065274.948153,vcan0,603,00
1780065274.948174,vcan0,604,00
1780065274.948190,vcan0,607,01000000
1780065274.994553,vcan0,607,FFFFFFFF
1780065274.996145,vcan0,606,00
1780065275.043172,vcan0,600,FF000000
1780065275.043201,vcan0,601,00000000
1780065275.043217,vcan0,602,7F000000
1780065275.044708,vcan0,607,FFFFFFFF
1780065275.094898,vcan0,607,FFFFFFFF
1780065275.145194,vcan0,607,FFFFFFFF
1780065275.155161,vcan0,600,FF000000
1780065275.155190,vcan0,601,00000000
1780065275.155204,vcan0,602,7F000000
1780065275.155218,vcan0,603,00
1780065275.155231,vcan0,604,00
1780065275.155243,vcan0,607,01000000
1780065275.195499,vcan0,607,FFFFFFFF
1780065275.245814,vcan0,607,FFFFFFFF
1780065275.267167,vcan0,600,FF000000
1780065275.267200,vcan0,601,00000000
1780065275.267218,vcan0,602,7F000000
1780065275.296202,vcan0,607,FFFFFFFF
1780065275.346515,vcan0,607,FFFFFFFF
1780065275.363149,vcan0,603,00
1780065275.363177,vcan0,604,00
1780065275.363193,vcan0,607,01000000
1780065275.379139,vcan0,600,FF000000
1780065275.379162,vcan0,601,00000000
1780065275.379177,vcan0,602,7F000000
1780065275.396646,vcan0,607,FFFFFFFF
1780065275.446836,vcan0,607,FFFFFFFF
1780065275.491140,vcan0,600,FF000000
1780065275.491175,vcan0,601,00000000
1780065275.491194,vcan0,602,7F000000
1780065275.496991,vcan0,607,FFFFFFFF
1780065275.507220,vcan0,606,00
1780065275.547187,vcan0,607,FFFFFFFF
1780065275.571196,vcan0,603,00
1780065275.571230,vcan0,604,00
1780065275.571248,vcan0,607,01000000
1780065275.597338,vcan0,607,FFFFFFFF
1780065275.603150,vcan0,600,FF000000
1780065275.603176,vcan0,601,00000000
1780065275.603191,vcan0,602,7F000000
1780065275.647503,vcan0,607,FFFFFFFF
1780065275.697774,vcan0,607,FFFFFFFF
1780065275.716150,vcan0,600,FF000000
1780065275.716179,vcan0,601,00000000
1780065275.716194,vcan0,602,72000000
1780065275.747958,vcan0,607,FFFFFFFF
1780065275.780136,vcan0,603,00
1780065275.780161,vcan0,604,00
1780065275.780177,vcan0,607,01000000
1780065275.798177,vcan0,607,FFFFFFFF
1780065275.828126,vcan0,600,FF000000
1780065275.828149,vcan0,601,00000000
1780065275.828164,vcan0,602,72000000
1780065275.848446,vcan0,607,FFFFFFFF
1780065275.898666,vcan0,607,FFFFFFFF
1780065275.940172,vcan0,600,FF000000
1780065275.940200,vcan0,601,00000000
1780065275.940216,vcan0,602,65000000
1780065275.948967,vcan0,607,FFFFFFFF
1780065275.988155,vcan0,603,00
1780065275.988181,vcan0,604,00
1780065275.988197,vcan0,607,01000000
1780065275.999258,vcan0,607,FFFFFFFF
1780065276.019129,vcan0,606,00
1780065276.049541,vcan0,607,FFFFFFFF
1780065276.051142,vcan0,600,FF000000
1780065276.051165,vcan0,601,00000000
1780065276.051180,vcan0,602,65000000
1780065276.099779,vcan0,607,FFFFFFFF
1780065276.149941,vcan0,607,FFFFFFFF
1780065276.163195,vcan0,600,FF000000
1780065276.163226,vcan0,601,00000000
1780065276.163243,vcan0,602,59000000
1780065276.195163,vcan0,603,00
1780065276.195193,vcan0,604,00
1780065276.195212,vcan0,607,01000000
1780065276.200133,vcan0,607,FFFFFFFF
1780065276.250288,vcan0,607,FFFFFFFF
1780065276.275135,vcan0,600,FF000000
1780065276.275161,vcan0,601,00000000
1780065276.275177,vcan0,602,7F000000
1780065276.300493,vcan0,607,FFFFFFFF
1780065276.350696,vcan0,607,FFFFFFFF
1780065276.387136,vcan0,600,FF000000
1780065276.387163,vcan0,601,00000000
1780065276.387178,vcan0,602,7F000000
1780065276.400845,vcan0,607,FFFFFFFF
1780065276.403116,vcan0,603,00
1780065276.403136,vcan0,604,00
1780065276.403152,vcan0,607,01000000
1780065276.450998,vcan0,607,FFFFFFFF
1780065276.499135,vcan0,600,FF000000
1780065276.499163,vcan0,601,00000000
1780065276.499179,vcan0,602,7F000000
1780065276.501191,vcan0,607,FFFFFFFF
1780065276.531150,vcan0,606,00
1780065276.551427,vcan0,607,FFFFFFFF
1780065276.601712,vcan0,607,FFFFFFFF
1780065276.611144,vcan0,600,FF000000
1780065276.611166,vcan0,601,00000000
1780065276.611181,vcan0,602,7F000000
1780065276.611194,vcan0,603,00
1780065276.611207,vcan0,604,00
1780065276.611219,vcan0,607,01000000
1780065276.651874,vcan0,607,FFFFFFFF
1780065276.702059,vcan0,607,FFFFFFFF
1780065276.724124,vcan0,600,FF000000
1780065276.724149,vcan0,601,00000000
1780065276.724163,vcan0,602,7F000000
1780065276.752266,vcan0,607,FFFFFFFF
1780065276.802463,vcan0,607,FFFFFFFF
1780065276.820157,vcan0,603,00
1780065276.820189,vcan0,604,00
1780065276.820207,vcan0,607,01000000
1780065276.836120,vcan0,600,FF000000
1780065276.836145,vcan0,601,00000000
1780065276.836159,vcan0,602,72000000
1780065276.852652,vcan0,607,FFFFFFFF
1780065276.902945,vcan0,607,FFFFFFFF
1780065276.948160,vcan0,600,FF000000
1780065276.948191,vcan0,601,00000000
1780065276.948207,vcan0,602,7F000000
1780065276.953139,vcan0,607,FFFFFFFF
1780065277.003405,vcan0,607,FFFFFFFF
1780065277.027137,vcan0,603,00
1780065277.027165,vcan0,604,00
1780065277.027182,vcan0,607,01000000
1780065277.043122,vcan0,606,00
1780065277.053684,vcan0,607,FFFFFFFF
1780065277.059167,vcan0,600,FF000000
1780065277.059203,vcan0,601,00000000
1780065277.059219,vcan0,602,72000000
1780065277.103848,vcan0,607,FFFFFFFF
1780065277.154030,vcan0,607,FFFFFFFF
1780065277.171129,vcan0,600,FF000000
1780065277.171159,vcan0,601,00000000
1780065277.171173,vcan0,602,7F000000
1780065277.204208,vcan0,607,FFFFFFFF
1780065277.235125,vcan0,603,00
1780065277.235153,vcan0,604,00
1780065277.235170,vcan0,607,01000000
1780065277.254398,vcan0,607,FFFFFFFF
1780065277.283134,vcan0,600,FF000000
1780065277.283162,vcan0,601,00000000
1780065277.283177,vcan0,602,72000000
1780065277.304595,vcan0,607,FFFFFFFF
1780065277.354793,vcan0,607,FFFFFFFF
1780065277.395126,vcan0,600,FF000000
1780065277.395156,vcan0,601,00000000
1780065277.395172,vcan0,602,72000000
1780065277.404980,vcan0,607,FFFFFFFF
1780065277.443148,vcan0,603,00
1780065277.443174,vcan0,604,00
1780065277.443192,vcan0,607,01000000
1780065277.455181,vcan0,607,FFFFFFFF
1780065277.505404,vcan0,607,FFFFFFFF
1780065277.507179,vcan0,600,FF000000
1780065277.507211,vcan0,601,00000000
1780065277.507227,vcan0,602,65000000
1780065277.555130,vcan0,606,00
1780065277.555731,vcan0,607,FFFFFFFF
1780065277.605992,vcan0,607,FFFFFFFF
1780065277.619161,vcan0,600,FF000000
1780065277.619187,vcan0,601,00000000
1780065277.619203,vcan0,602,65000000
1780065277.651119,vcan0,603,00
1780065277.651146,vcan0,604,00
1780065277.651162,vcan0,607,01000000
1780065277.656273,vcan0,607,FFFFFFFF
1780065277.706489,vcan0,607,FFFFFFFF
1780065277.732118,vcan0,600,FF000000
1780065277.732144,vcan0,601,00000000
1780065277.732159,vcan0,602,59000000
1780065277.756717,vcan0,607,FFFFFFFF
1780065277.806994,vcan0,607,FFFFFFFF
1780065277.844132,vcan0,600,FF000000
1780065277.844162,vcan0,601,00000000
1780065277.844177,vcan0,602,59000000
1780065277.857283,vcan0,607,FFFFFFFF
1780065277.860124,vcan0,603,00
1780065277.860145,vcan0,604,00
1780065277.860160,vcan0,607,01000000
1780065277.907567,vcan0,607,FFFFFFFF
1780065277.956140,vcan0,600,FF000000
1780065277.956171,vcan0,601,00000000
1780065277.956187,vcan0,602,7F000000
1780065277.957774,vcan0,607,FFFFFFFF
1780065278.008048,vcan0,607,FFFFFFFF
1780065278.058332,vcan0,607,FFFFFFFF
1780065278.067139,vcan0,600,FF000000
1780065278.067167,vcan0,601,00000000
1780065278.067182,vcan0,602,7F000000
1780065278.067196,vcan0,603,00
1780065278.067210,vcan0,604,00
1780065278.067224,vcan0,606,00
1780065278.067236,vcan0,607,01000000
1780065278.108555,vcan0,607,FFFFFFFF
1780065278.158762,vcan0,607,FFFFFFFF
1780065278.179123,vcan0,600,FF000000
1780065278.179147,vcan0,601,00000000
1780065278.179162,vcan0,602,8C000000
1780065278.209022,vcan0,607,FFFFFFFF
1780065278.259302,vcan0,607,FFFFFFFF
1780065278.275110,vcan0,603,00
1780065278.275135,vcan0,604,00
1780065278.275150,vcan0,607,01000000
1780065278.291131,vcan0,600,FF000000
1780065278.291157,vcan0,601,00000000
1780065278.291172,vcan0,602,8C000000
1780065278.309474,vcan0,607,FFFFFFFF
1780065278.359633,vcan0,607,FFFFFFFF
1780065278.403135,vcan0,600,FF000000
1780065278.403166,vcan0,601,00000000
1780065278.403181,vcan0,602,7F000000
1780065278.409790,vcan0,607,FFFFFFFF
1780065278.459949,vcan0,607,FFFFFFFF
1780065278.483119,vcan0,603,00
1780065278.483147,vcan0,604,00
1780065278.483163,vcan0,607,01000000
1780065278.510162,vcan0,607,FFFFFFFF
1780065278.515166,vcan0,600,FF000000
1780065278.515210,vcan0,601,00000000
1780065278.515246,vcan0,602,7F000000
1780065278.560381,vcan0,607,FFFFFFFF
1780065278.579115,vcan0,606,00
1780065278.610608,vcan0,607,FFFFFFFF
1780065278.627110,vcan0,600,FF000000
1780065278.627136,vcan0,601,00000000
1780065278.627151,vcan0,602,7F000000
1780065278.660792,vcan0,607,FFFFFFFF
1780065278.691109,vcan0,603,00
1780065278.691138,vcan0,604,00
1780065278.691154,vcan0,607,01000000
1780065278.711073,vcan0,607,FFFFFFFF
1780065278.740106,vcan0,600,FF000000
1780065278.740131,vcan0,601,00000000
1780065278.740146,vcan0,602,7F000000
1780065278.761258,vcan0,607,FFFFFFFF
1780065278.811482,vcan0,607,FFFFFFFF
1780065278.852141,vcan0,600,FF000000
1780065278.852170,vcan0,601,00000000
1780065278.852185,vcan0,602,7F000000
1780065278.861657,vcan0,607,FFFFFFFF
1780065278.900107,vcan0,603,00
1780065278.900133,vcan0,604,00
1780065278.900149,vcan0,607,01000000
1780065278.911831,vcan0,607,FFFFFFFF
1780065278.962007,vcan0,607,FFFFFFFF
1780065278.964142,vcan0,600,FF000000
1780065278.964170,vcan0,601,00000000
1780065278.964185,vcan0,602,7F000000
1780065279.012252,vcan0,607,FFFFFFFF
1780065279.062468,vcan0,607,FFFFFFFF
1780065279.075107,vcan0,600,FF000000
1780065279.075134,vcan0,601,00000000
1780065279.075149,vcan0,602,72000000
1780065279.091121,vcan0,606,00
1780065279.107107,vcan0,603,00
1780065279.107129,vcan0,604,00
1780065279.107145,vcan0,607,01000000
1780065279.112641,vcan0,607,FFFFFFFF
1780065279.162807,vcan0,607,FFFFFFFF
1780065279.187099,vcan0,600,FF000000
1780065279.187125,vcan0,601,00000000
1780065279.187139,vcan0,602,72000000
1780065279.212982,vcan0,607,FFFFFFFF
1780065279.263202,vcan0,607,FFFFFFFF
1780065279.299111,vcan0,600,FF000000
1780065279.299141,vcan0,601,00000000
1780065279.299157,vcan0,602,7F000000
1780065279.313369,vcan0,607,FFFFFFFF
1780065279.315101,vcan0,603,00
1780065279.315122,vcan0,604,00
1780065279.315138,vcan0,607,01000000
1780065279.363537,vcan0,607,FFFFFFFF
1780065279.411119,vcan0,600,FF000000
1780065279.411150,vcan0,601,00000000
1780065279.411165,vcan0,602,7F000000
1780065279.413707,vcan0,607,FFFFFFFF
1780065279.463981,vcan0,607,FFFFFFFF
1780065279.514184,vcan0,607,FFFFFFFF
1780065279.523125,vcan0,600,FF000000
1780065279.523156,vcan0,601,00000000
1780065279.523172,vcan0,602,7F000000
1780065279.523186,vcan0,603,00
1780065279.523198,vcan0,604,00
1780065279.523212,vcan0,607,01000000
1780065279.564465,vcan0,607,FFFFFFFF
1780065279.603106,vcan0,606,00
1780065279.614794,vcan0,607,FFFFFFFF
1780065279.635115,vcan0,600,FF000000
1780065279.635142,vcan0,601,00000000
1780065279.635158,vcan0,602,7F000000
1780065279.664970,vcan0,607,FFFFFFFF
1780065279.715195,vcan0,607,FFFFFFFF
1780065279.732125,vcan0,603,00
1780065279.732155,vcan0,604,00
1780065279.732172,vcan0,607,01000000
1780065279.748097,vcan0,600,FF000000
1780065279.748121,vcan0,601,00000000
1780065279.748136,vcan0,602,7F000000
1780065279.765394,vcan0,607,FFFFFFFF
1780065279.815665,vcan0,607,FFFFFFFF
1780065279.860104,vcan0,600,FF000000
1780065279.860134,vcan0,601,00000000
1780065279.860150,vcan0,602,8C000000
1780065279.865856,vcan0,607,FFFFFFFF
1780065279.916090,vcan0,607,FFFFFFFF
1780065279.940096,vcan0,603,00
1780065279.940125,vcan0,604,00
1780065279.940142,vcan0,607,01000000
1780065279.966283,vcan0,607,FFFFFFFF
1780065279.972121,vcan0,600,FF000000
1780065279.972157,vcan0,601,00000000
1780065279.972172,vcan0,602,8C000000
1780065280.016576,vcan0,607,FFFFFFFF
1780065280.066757,vcan0,607,FFFFFFFF
1780065280.083135,vcan0,600,FF000000
1780065280.083166,vcan0,601,00000000
1780065280.083183,vcan0,602,7F000000
1780065280.115127,vcan0,606,00
1780065280.116928,vcan0,607,FFFFFFFF
1780065280.147084,vcan0,603,00
1780065280.147107,vcan0,604,00
1780065280.147122,vcan0,607,01000000
1780065280.167120,vcan0,607,FFFFFFFF
1780065280.195091,vcan0,600,FF000000
1780065280.195116,vcan0,601,00000000
1780065280.195130,vcan0,602,7F000000
1780065280.217312,vcan0,607,FFFFFFFF
1780065280.267508,vcan0,607,FFFFFFFF
1780065280.307090,vcan0,600,FF000000
1780065280.307117,vcan0,601,00000000
1780065280.307131,vcan0,602,7F000000
1780065280.317647,vcan0,607,FFFFFFFF
1780065280.355081,vcan0,603,00
1780065280.355104,vcan0,604,00
1780065280.355119,vcan0,607,01000000
1780065280.367832,vcan0,607,FFFFFFFF
1780065280.418131,vcan0,607,FFFFFFFF
1780065280.419103,vcan0,600,FF000000
1780065280.419127,vcan0,601,00000000
1780065280.419141,vcan0,602,7F000000
1780065280.468338,vcan0,607,FFFFFFFF
1780065280.518616,vcan0,607,FFFFFFFF
1780065280.531166,vcan0,600,FF000000
1780065280.531200,vcan0,601,00000000
1780065280.531218,vcan0,602,7F000000
1780065280.563078,vcan0,603,00
1780065280.563102,vcan0,604,00
1780065280.563117,vcan0,607,01000000
1780065280.568791,vcan0,607,FFFFFFFF
1780065280.619106,vcan0,607,FFFFFFFF
1780065280.627107,vcan0,606,00
1780065280.643082,vcan0,600,FF000000
1780065280.643104,vcan0,601,00000000
1780065280.643118,vcan0,602,7F000000
1780065280.669297,vcan0,607,FFFFFFFF
1780065280.719468,vcan0,607,FFFFFFFF
1780065280.756098,vcan0,600,FF000000
1780065280.756127,vcan0,601,00000000
1780065280.756142,vcan0,602,7F000000
1780065280.769651,vcan0,607,FFFFFFFF
1780065280.772094,vcan0,603,00
1780065280.772118,vcan0,604,00
1780065280.772135,vcan0,607,01000000
1780065280.819819,vcan0,607,FFFFFFFF
1780065280.868088,vcan0,600,FF000000
1780065280.868117,vcan0,601,00000000
1780065280.868132,vcan0,602,7F000000
1780065280.869985,vcan0,607,FFFFFFFF
1780065280.920202,vcan0,607,FFFFFFFF
1780065280.970450,vcan0,607,FFFFFFFF
1780065280.980091,vcan0,600,FF000000
1780065280.980119,vcan0,601,00000000
1780065280.980135,vcan0,602,7F000000
1780065280.980150,vcan0,603,00
1780065280.980164,vcan0,604,00
1780065280.980178,vcan0,607,01000000
1780065281.020740,vcan0,607,FFFFFFFF
1780065281.070937,vcan0,607,FFFFFFFF
1780065281.091083,vcan0,600,FF000000
1780065281.091110,vcan0,601,00000000
1780065281.091126,vcan0,602,7F000000
1780065281.121146,vcan0,607,FFFFFFFF
1780065281.139076,vcan0,606,00
1780065281.171301,vcan0,607,FFFFFFFF
1780065281.187091,vcan0,603,00
1780065281.187119,vcan0,604,00
1780065281.187136,vcan0,607,01000000
1780065281.203073,vcan0,600,00000000
1780065281.203093,vcan0,601,00000000
1780065281.203107,vcan0,602,7F000000
1780065281.221503,vcan0,607,FFFFFFFF
1780065281.271701,vcan0,607,FFFFFFFF
1780065281.315082,vcan0,600,00000000
1780065281.315110,vcan0,601,00000000
1780065281.315127,vcan0,602,7F000000
1780065281.321856,vcan0,607,FFFFFFFF
1780065281.372014,vcan0,607,FFFFFFFF
1780065281.395087,vcan0,603,00
1780065281.395116,vcan0,604,00
1780065281.395133,vcan0,607,01000000
1780065281.422216,vcan0,607,FFFFFFFF
1780065281.427071,vcan0,600,00000000
1780065281.427093,vcan0,601,00000000
1780065281.427107,vcan0,602,72000000
1780065281.472383,vcan0,607,FFFFFFFF
1780065281.522664,vcan0,607,FFFFFFFF
1780065281.539084,vcan0,600,00000000
1780065281.539113,vcan0,601,00000000
1780065281.539129,vcan0,602,72000000
1780065281.572937,vcan0,607,FFFFFFFF
1780065281.603080,vcan0,603,00
1780065281.603107,vcan0,604,00
1780065281.603125,vcan0,607,01000000
1780065281.623104,vcan0,607,FFFFFFFF
1780065281.651139,vcan0,600,00000000
1780065281.651188,vcan0,601,00000000
1780065281.651218,vcan0,602,65000000
1780065281.651248,vcan0,606,00
1780065281.673273,vcan0,607,FFFFFFFF
1780065281.723476,vcan0,607,FFFFFFFF
1780065281.764110,vcan0,600,00000000
1780065281.764140,vcan0,601,00000000
1780065281.764157,vcan0,602,59000000
1780065281.773759,vcan0,607,FFFFFFFF
1780065281.812078,vcan0,603,00
1780065281.812106,vcan0,604,00
1780065281.812124,vcan0,607,01000000
1780065281.823918,vcan0,607,FFFFFFFF
1780065281.874132,vcan0,607,FFFFFFFF
1780065281.876116,vcan0,600,00000000
1780065281.876140,vcan0,601,00000000
1780065281.876155,vcan0,602,59000000
1780065281.924425,vcan0,607,FFFFFFFF
1780065281.974710,vcan0,607,FFFFFFFF
1780065281.988069,vcan0,600,00000000
1780065281.988096,vcan0,601,00000000
1780065281.988112,vcan0,602,7F000000
1780065282.019096,vcan0,603,00
1780065282.019125,vcan0,604,00
1780065282.019142,vcan0,607,01000000
1780065282.024974,vcan0,607,FFFFFFFF
1780065282.075150,vcan0,607,FFFFFFFF
1780065282.099075,vcan0,600,B2000000
1780065282.099102,vcan0,601,00000000
1780065282.099116,vcan0,602,7F000000
1780065282.125317,vcan0,607,FFFFFFFF
1780065282.163077,vcan0,606,00
1780065282.175490,vcan0,607,FFFFFFFF
1780065282.211073,vcan0,600,FF000000
1780065282.211100,vcan0,601,00000000
1780065282.211116,vcan0,602,7F000000
1780065282.225647,vcan0,607,FFFFFFFF
1780065282.227068,vcan0,603,00
1780065282.227090,vcan0,604,00
1780065282.227105,vcan0,607,01000000
1780065282.275806,vcan0,607,FFFFFFFF
1780065282.323091,vcan0,600,FF000000
1780065282.323117,vcan0,601,00000000
1780065282.323134,vcan0,602,7F000000
1780065282.325968,vcan0,607,FFFFFFFF
1780065282.376160,vcan0,607,FFFFFFFF
1780065282.426369,vcan0,607,FFFFFFFF
1780065282.435086,vcan0,600,FF000000
1780065282.435110,vcan0,601,00000000
1780065282.435125,vcan0,602,7F000000
1780065282.435139,vcan0,603,00
1780065282.435152,vcan0,604,00
1780065282.435165,vcan0,607,01000000
1780065282.476646,vcan0,607,FFFFFFFF
1780065282.526822,vcan0,607,FFFFFFFF
1780065282.547068,vcan0,600,FF000000
1780065282.547095,vcan0,601,00000000
1780065282.547110,vcan0,602,7F000000
1780065282.577026,vcan0,607,FFFFFFFF
1780065282.627305,vcan0,607,FFFFFFFF
1780065282.643080,vcan0,603,00
1780065282.643107,vcan0,604,00
1780065282.643124,vcan0,607,01000000
1780065282.659069,vcan0,600,FF000000
1780065282.659094,vcan0,601,00000000
1780065282.659108,vcan0,602,7F000000
1780065282.675065,vcan0,606,00
1780065282.677568,vcan0,607,FFFFFFFF
1780065282.727901,vcan0,607,FFFFFFFF
1780065282.772076,vcan0,600,FF000000
1780065282.772104,vcan0,601,00000000
1780065282.772119,vcan0,602,7F000000
1780065282.778141,vcan0,607,FFFFFFFF
1780065282.828422,vcan0,607,FFFFFFFF
1780065282.852063,vcan0,603,00
1780065282.852089,vcan0,604,00
1780065282.852105,vcan0,607,01000000
1780065282.878709,vcan0,607,FFFFFFFF
1780065282.884074,vcan0,600,00000000
1780065282.884098,vcan0,601,00000000
1780065282.884114,vcan0,602,7F000000
1780065282.928860,vcan0,607,FFFFFFFF
1780065282.979057,vcan0,607,FFFFFFFF
1780065282.996093,vcan0,600,00000000
1780065282.996128,vcan0,601,00000000
1780065282.996145,vcan0,602,7F000000
1780065283.029221,vcan0,607,FFFFFFFF
1780065283.059065,vcan0,603,00
1780065283.059090,vcan0,604,00
1780065283.059107,vcan0,607,01000000
1780065283.079366,vcan0,607,FFFFFFFF
1780065283.107056,vcan0,600,00000000
1780065283.107081,vcan0,601,00000000
1780065283.107097,vcan0,602,7F000000
1780065283.129537,vcan0,607,FFFFFFFF
1780065283.179878,vcan0,607,FFFFFFFF
1780065283.187063,vcan0,606,00
1780065283.219054,vcan0,600,00000000
1780065283.219078,vcan0,601,00000000
1780065283.219092,vcan0,602,7F000000
1780065283.230089,vcan0,607,FFFFFFFF
1780065283.267061,vcan0,603,00
1780065283.267089,vcan0,604,00
1780065283.267105,vcan0,607,01000000
1780065283.280280,vcan0,607,FFFFFFFF
1780065283.330433,vcan0,607,FFFFFFFF
1780065283.331042,vcan0,600,00000000
1780065283.331061,vcan0,601,00000000
1780065283.331075,vcan0,602,7F000000
1780065283.380583,vcan0,607,FFFFFFFF
1780065283.430772,vcan0,607,FFFFFFFF
1780065283.443045,vcan0,600,00000000
1780065283.443068,vcan0,601,00000000
1780065283.443084,vcan0,602,7F000000
1780065283.475052,vcan0,603,00
1780065283.475076,vcan0,604,00
1780065283.475092,vcan0,607,01000000
1780065283.480937,vcan0,607,FFFFFFFF
1780065283.531126,vcan0,607,FFFFFFFF
1780065283.555056,vcan0,600,00000000
1780065283.555084,vcan0,601,00000000
1780065283.555100,vcan0,602,72000000
1780065283.581280,vcan0,607,FFFFFFFF
1780065283.631476,vcan0,607,FFFFFFFF
1780065283.667077,vcan0,600,00000000
1780065283.667108,vcan0,601,00000000
1780065283.667125,vcan0,602,72000000
1780065283.681755,vcan0,607,FFFFFFFF
1780065283.683047,vcan0,603,00
1780065283.683065,vcan0,604,00
1780065283.683081,vcan0,607,01000000
1780065283.700129,vcan0,606,00
1780065283.731910,vcan0,607,FFFFFFFF
1780065283.780048,vcan0,600,00000000
1780065283.780072,vcan0,601,00000000
1780065283.780088,vcan0,602,65000000
1780065283.782104,vcan0,607,FFFFFFFF
1780065283.832410,vcan0,607,FFFFFFFF
1780065283.882691,vcan0,607,FFFFFFFF
1780065283.892072,vcan0,600,00000000
1780065283.892103,vcan0,601,00000000
1780065283.892119,vcan0,602,65000000
1780065283.892134,vcan0,603,00
1780065283.892148,vcan0,604,00
1780065283.892161,vcan0,607,01000000
1780065283.932851,vcan0,607,FFFFFFFF
1780065283.983019,vcan0,607,FFFFFFFF
1780065284.004052,vcan0,600,00000000
1780065284.004079,vcan0,601,00000000
1780065284.004094,vcan0,602,59000000
1780065284.033281,vcan0,607,FFFFFFFF
1780065284.083479,vcan0,607,FFFFFFFF
1780065284.099087,vcan0,603,00
1780065284.099120,vcan0,604,00
1780065284.099138,vcan0,607,01000000
1780065284.115062,vcan0,600,00000000
1780065284.115084,vcan0,601,00000000
1780065284.115099,vcan0,602,4C000000
1780065284.133681,vcan0,607,FFFFFFFF
1780065284.183952,vcan0,607,FFFFFFFF
1780065284.211066,vcan0,606,00
1780065284.227044,vcan0,600,00000000
1780065284.227066,vcan0,601,00000000
1780065284.227081,vcan0,602,4C000000
1780065284.234135,vcan0,607,FFFFFFFF
1780065284.284456,vcan0,607,FFFFFFFF
1780065284.307083,vcan0,603,00
1780065284.307116,vcan0,604,00
1780065284.307134,vcan0,607,01000000
1780065284.334805,vcan0,607,FFFFFFFF
1780065284.339046,vcan0,600,99000000
1780065284.339072,vcan0,601,00000000
1780065284.339087,vcan0,602,7F000000
1780065284.385034,vcan0,607,FFFFFFFF
1780065284.435261,vcan0,607,FFFFFFFF
1780065284.451050,vcan0,600,FF000000
1780065284.451081,vcan0,601,00000000
1780065284.451097,vcan0,602,7F000000
1780065284.485501,vcan0,607,FFFFFFFF
1780065284.515140,vcan0,603,00
1780065284.515170,vcan0,604,00
1780065284.515187,vcan0,607,01000000
1780065284.535797,vcan0,607,FFFFFFFF
1780065284.563051,vcan0,600,FF000000
1780065284.563077,vcan0,601,00000000
1780065284.563092,vcan0,602,7F000000
1780065284.586007,vcan0,607,FFFFFFFF
1780065284.636251,vcan0,607,FFFFFFFF
1780065284.675064,vcan0,600,FF000000
1780065284.675096,vcan0,601,00000000
1780065284.675112,vcan0,602,7F000000
1780065284.686475,vcan0,607,FFFFFFFF
1780065284.724090,vcan0,603,00
1780065284.724125,vcan0,604,00
1780065284.724143,vcan0,606,00
1780065284.724157,vcan0,607,01000000
1780065284.736813,vcan0,607,FFFFFFFF
1780065284.787118,vcan0,607,FFFFFFFF
1780065284.788046,vcan0,600,FF000000
1780065284.788074,vcan0,601,00000000
1780065284.788089,vcan0,602,8C000000
1780065284.837337,vcan0,607,FFFFFFFF
1780065284.887567,vcan0,607,FFFFFFFF
1780065284.900046,vcan0,600,FF000000
1780065284.900073,vcan0,601,00000000
1780065284.900088,vcan0,602,8C000000
1780065284.932052,vcan0,603,00
1780065284.932076,vcan0,604,00
1780065284.932094,vcan0,607,01000000
1780065284.937753,vcan0,607,FFFFFFFF
1780065284.987934,vcan0,607,FFFFFFFF
1780065285.012071,vcan0,600,FF000000
1780065285.012106,vcan0,601,00000000
1780065285.012127,vcan0,602,99000000
1780065285.038156,vcan0,607,FFFFFFFF
1780065285.088347,vcan0,607,FFFFFFFF
1780065285.123043,vcan0,600,FF000000
1780065285.123072,vcan0,601,00000000
1780065285.123088,vcan0,602,99000000
1780065285.138561,vcan0,607,FFFFFFFF
1780065285.139050,vcan0,603,00
1780065285.139077,vcan0,604,00
1780065285.139093,vcan0,607,01000000
1780065285.188740,vcan0,607,FFFFFFFF
1780065285.235101,vcan0,600,FF000000
1780065285.235133,vcan0,601,00000000
1780065285.235149,vcan0,602,A5000000
1780065285.235168,vcan0,606,00
1780065285.238934,vcan0,607,FFFFFFFF
1780065285.289159,vcan0,607,FFFFFFFF
1780065285.339429,vcan0,607,FFFFFFFF
1780065285.347049,vcan0,600,FF000000
1780065285.347077,vcan0,601,00000000
1780065285.347094,vcan0,602,A5000000
1780065285.347107,vcan0,603,00
1780065285.347120,vcan0,604,00
1780065285.347139,vcan0,607,01000000
1780065285.389672,vcan0,607,FFFFFFFF
1780065285.439870,vcan0,607,FFFFFFFF
1780065285.459034,vcan0,600,FF000000
1780065285.459066,vcan0,601,00000000
1780065285.459081,vcan0,602,7F000000
1780065285.490104,vcan0,607,FFFFFFFF
1780065285.540325,vcan0,607,FFFFFFFF
1780065285.555057,vcan0,603,00
1780065285.555091,vcan0,604,00
1780065285.555109,vcan0,607,01000000
1780065285.571050,vcan0,600,FF000000
1780065285.571075,vcan0,601,00000000
1780065285.571091,vcan0,602,7F000000
1780065285.590554,vcan0,607,FFFFFFFF
1780065285.640779,vcan0,607,FFFFFFFF
1780065285.683076,vcan0,600,FF000000
1780065285.683107,vcan0,601,00000000
1780065285.683123,vcan0,602,7F000000
1780065285.691014,vcan0,607,FFFFFFFF
1780065285.741212,vcan0,607,FFFFFFFF
1780065285.748038,vcan0,606,00
1780065285.764031,vcan0,603,00
1780065285.764054,vcan0,604,00
1780065285.764071,vcan0,607,01000000
1780065285.791392,vcan0,607,FFFFFFFF
1780065285.796057,vcan0,600,FF000000
1780065285.796084,vcan0,601,00000000
1780065285.796099,vcan0,602,7F000000
1780065285.841633,vcan0,607,FFFFFFFF
1780065285.891827,vcan0,607,FFFFFFFF
1780065285.908036,vcan0,600,FF000000
1780065285.908068,vcan0,601,00000000
1780065285.908083,vcan0,602,7F000000
1780065285.942017,vcan0,607,FFFFFFFF
1780065285.972039,vcan0,603,00
1780065285.972069,vcan0,604,00
1780065285.972085,vcan0,607,01000000
1780065285.992242,vcan0,607,FFFFFFFF
1780065286.019034,vcan0,600,FF000000
1780065286.019061,vcan0,601,00000000
1780065286.019076,vcan0,602,7F000000
1780065286.042485,vcan0,607,FFFFFFFF
1780065286.092790,vcan0,607,FFFFFFFF
1780065286.131039,vcan0,600,FF000000
1780065286.131067,vcan0,601,00000000
1780065286.131082,vcan0,602,7F000000
1780065286.142973,vcan0,607,FFFFFFFF
1780065286.179033,vcan0,603,00
1780065286.179059,vcan0,604,00
1780065286.179075,vcan0,607,01000000
1780065286.193194,vcan0,607,FFFFFFFF
1780065286.243037,vcan0,600,FF000000
1780065286.243063,vcan0,601,00000000
1780065286.243078,vcan0,602,72000000
1780065286.243454,vcan0,607,FFFFFFFF
1780065286.259015,vcan0,606,00
1780065286.293776,vcan0,607,FFFFFFFF
1780065286.343969,vcan0,607,FFFFFFFF
1780065286.355065,vcan0,600,FF000000
1780065286.355098,vcan0,601,00000000
1780065286.355114,vcan0,602,72000000
1780065286.387020,vcan0,603,00
1780065286.387043,vcan0,604,00
1780065286.387058,vcan0,607,01000000
1780065286.394189,vcan0,607,FFFFFFFF
1780065286.444574,vcan0,607,FFFFFFFF
1780065286.467018,vcan0,600,FF000000
1780065286.467043,vcan0,601,00000000
1780065286.467057,vcan0,602,7F000000
1780065286.494775,vcan0,607,FFFFFFFF
1780065286.544978,vcan0,607,FFFFFFFF
1780065286.579083,vcan0,600,FF000000
1780065286.579121,vcan0,601,00000000
1780065286.579139,vcan0,602,7F000000
1780065286.595018,vcan0,603,00
1780065286.595038,vcan0,604,00
1780065286.595052,vcan0,607,01000000
1780065286.595170,vcan0,607,FFFFFFFF
1780065286.645342,vcan0,607,FFFFFFFF
1780065286.691075,vcan0,600,FF000000
1780065286.691137,vcan0,601,00000000
1780065286.691166,vcan0,602,7F000000
1780065286.695560,vcan0,607,FFFFFFFF
1780065286.745773,vcan0,607,FFFFFFFF
1780065286.772028,vcan0,606,00
1780065286.795996,vcan0,607,FFFFFFFF
1780065286.804056,vcan0,600,FF000000
1780065286.804087,vcan0,601,00000000
1780065286.804102,vcan0,602,7F000000
1780065286.804115,vcan0,603,00
1780065286.804127,vcan0,604,00
1780065286.804140,vcan0,607,01000000
1780065286.846191,vcan0,607,FFFFFFFF
1780065286.896399,vcan0,607,FFFFFFFF
1780065286.916045,vcan0,600,FF000000
1780065286.916080,vcan0,601,00000000
1780065286.916098,vcan0,602,7F000000
1780065286.946706,vcan0,607,FFFFFFFF
1780065286.996912,vcan0,607,FFFFFFFF
1780065287.012019,vcan0,603,00
1780065287.012047,vcan0,604,00
1780065287.012063,vcan0,607,01000000
1780065287.027047,vcan0,600,FF000000
1780065287.027075,vcan0,601,00000000
1780065287.027091,vcan0,602,7F000000
1780065287.047112,vcan0,607,FFFFFFFF
1780065287.097384,vcan0,607,FFFFFFFF
1780065287.139073,vcan0,600,FF000000
1780065287.139104,vcan0,601,00000000
1780065287.139119,vcan0,602,7F000000
1780065287.147588,vcan0,607,FFFFFFFF
1780065287.197821,vcan0,607,FFFFFFFF
1780065287.219053,vcan0,603,00
1780065287.219080,vcan0,604,00
1780065287.219098,vcan0,607,01000000
1780065287.248046,vcan0,607,FFFFFFFF
1780065287.251015,vcan0,600,FF000000
1780065287.251037,vcan0,601,00000000
1780065287.251050,vcan0,602,7F000000
1780065287.283018,vcan0,606,00
1780065287.298259,vcan0,607,FFFFFFFF
1780065287.348479,vcan0,607,FFFFFFFF
1780065287.363017,vcan0,600,FF000000
1780065287.363043,vcan0,601,00000000
1780065287.363058,vcan0,602,7F000000
1780065287.398714,vcan0,607,FFFFFFFF
1780065287.427042,vcan0,603,00
1780065287.427071,vcan0,604,00
1780065287.427087,vcan0,607,01000000
1780065287.448890,vcan0,607,FFFFFFFF
1780065287.475023,vcan0,600,FF000000
1780065287.475050,vcan0,601,00000000
1780065287.475066,vcan0,602,7F000000
1780065287.499073,vcan0,607,FFFFFFFF
1780065287.549243,vcan0,607,FFFFFFFF
1780065287.587265,vcan0,600,FF000000
1780065287.587315,vcan0,601,00000000
1780065287.587340,vcan0,602,8C000000
1780065287.599422,vcan0,607,FFFFFFFF
1780065287.635020,vcan0,603,00
1780065287.635045,vcan0,604,00
1780065287.635061,vcan0,607,01000000
1780065287.649811,vcan0,607,FFFFFFFF
1780065287.700029,vcan0,600,FF000000
1780065287.700057,vcan0,601,00000000
1780065287.700072,vcan0,602,8C000000
1780065287.700089,vcan0,607,FFFFFFFF
1780065287.750258,vcan0,607,FFFFFFFF
1780065287.796053,vcan0,606,00
1780065287.800573,vcan0,607,FFFFFFFF
1780065287.812011,vcan0,600,FF000000
1780065287.812034,vcan0,601,00000000
1780065287.812049,vcan0,602,7F000000
1780065287.844010,vcan0,603,00
1780065287.844031,vcan0,604,00
1780065287.844046,vcan0,607,01000000
1780065287.850888,vcan0,607,FFFFFFFF
1780065287.901072,vcan0,607,FFFFFFFF
1780065287.924033,vcan0,600,FF000000
1780065287.924062,vcan0,601,00000000
1780065287.924077,vcan0,602,7F000000
1780065287.951354,vcan0,607,FFFFFFFF
1780065288.001574,vcan0,607,FFFFFFFF
1780065288.035066,vcan0,600,FF000000
1780065288.035097,vcan0,601,00000000
1780065288.035114,vcan0,602,7F000000
1780065288.051014,vcan0,603,00
1780065288.051039,vcan0,604,00
1780065288.051058,vcan0,607,01000000
1780065288.051740,vcan0,607,FFFFFFFF
1780065288.101923,vcan0,607,FFFFFFFF
1780065288.147013,vcan0,600,FF000000
1780065288.147040,vcan0,601,00000000
1780065288.147055,vcan0,602,7F000000
1780065288.152131,vcan0,607,FFFFFFFF
1780065288.202318,vcan0,607,FFFFFFFF
1780065288.252560,vcan0,607,FFFFFFFF
1780065288.259003,vcan0,600,FF000000
1780065288.259027,vcan0,601,00000000
1780065288.259043,vcan0,602,7F000000
1780065288.259058,vcan0,603,00
1780065288.259070,vcan0,604,00
1780065288.259081,vcan0,607,01000000
1780065288.302723,vcan0,607,FFFFFFFF
1780065288.307072,vcan0,606,00
1780065288.352876,vcan0,607,FFFFFFFF
1780065288.371015,vcan0,600,FF000000
1780065288.371044,vcan0,601,00000000
1780065288.371060,vcan0,602,7F000000
1780065288.403058,vcan0,607,FFFFFFFF
1780065288.453250,vcan0,607,FFFFFFFF
1780065288.467001,vcan0,603,00
1780065288.467026,vcan0,604,00
1780065288.467042,vcan0,607,01000000
1780065288.483035,vcan0,600,FF000000
1780065288.483060,vcan0,601,00000000
1780065288.483074,vcan0,602,7F000000
1780065288.503542,vcan0,607,FFFFFFFF
1780065288.553768,vcan0,607,FFFFFFFF
1780065288.595013,vcan0,600,FF000000
1780065288.595040,vcan0,601,00000000
1780065288.595056,vcan0,602,7F000000
1780065288.604056,vcan0,607,FFFFFFFF
1780065288.654257,vcan0,607,FFFFFFFF
1780065288.675044,vcan0,603,00
1780065288.675076,vcan0,604,00
1780065288.675095,vcan0,607,01000000
1780065288.704536,vcan0,607,FFFFFFFF
1780065288.708009,vcan0,600,FF000000
1780065288.708033,vcan0,601,00000000
1780065288.708047,vcan0,602,8C000000
1780065288.754662,vcan0,607,FFFFFFFF
1780065288.804826,vcan0,607,FFFFFFFF
1780065288.820009,vcan0,600,FF000000
1780065288.820037,vcan0,601,00000000
1780065288.820053,vcan0,602,7F000000
1780065288.820069,vcan0,606,00
1780065288.855126,vcan0,607,FFFFFFFF
1780065288.884041,vcan0,603,00
1780065288.884071,vcan0,604,00
1780065288.884090,vcan0,607,01000000
1780065288.905401,vcan0,607,FFFFFFFF
1780065288.932039,vcan0,600,FF000000
1780065288.932067,vcan0,601,00000000
1780065288.932082,vcan0,602,7F000000
1780065288.955601,vcan0,607,FFFFFFFF
1780065289.005753,vcan0,607,FFFFFFFF
1780065289.043003,vcan0,600,FF000000
1780065289.043029,vcan0,601,00000000
1780065289.043043,vcan0,602,7F000000
1780065289.055898,vcan0,607,FFFFFFFF
1780065289.090995,vcan0,603,00
1780065289.091018,vcan0,604,00
1780065289.091033,vcan0,607,01000000
1780065289.106095,vcan0,607,FFFFFFFF
1780065289.155005,vcan0,600,FF000000
1780065289.155032,vcan0,601,00000000
1780065289.155046,vcan0,602,7F000000
1780065289.156357,vcan0,607,FFFFFFFF
1780065289.206573,vcan0,607,FFFFFFFF
1780065289.256799,vcan0,607,FFFFFFFF
1780065289.267017,vcan0,600,FF000000
1780065289.267047,vcan0,601,00000000
1780065289.267065,vcan0,602,7F000000
1780065289.298995,vcan0,603,00
1780065289.299019,vcan0,604,00
1780065289.299034,vcan0,607,01000000
1780065289.307005,vcan0,607,FFFFFFFF
1780065289.330995,vcan0,606,00
1780065289.357168,vcan0,607,FFFFFFFF
1780065289.379023,vcan0,600,FF000000
1780065289.379050,vcan0,601,00000000
1780065289.379064,vcan0,602,7F000000
1780065289.407364,vcan0,607,FFFFFFFF
1780065289.457576,vcan0,607,FFFFFFFF
1780065289.491002,vcan0,600,FF000000
1780065289.491029,vcan0,601,00000000
1780065289.491044,vcan0,602,7F000000
1780065289.506985,vcan0,603,00
1780065289.507006,vcan0,604,00
1780065289.507021,vcan0,607,01000000
1780065289.507768,vcan0,607,FFFFFFFF
1780065289.557941,vcan0,607,FFFFFFFF
1780065289.603032,vcan0,600,FF000000
1780065289.603067,vcan0,601,00000000
1780065289.603083,vcan0,602,72000000
1780065289.608113,vcan0,607,FFFFFFFF
1780065289.658369,vcan0,607,FFFFFFFF
1780065289.708535,vcan0,607,FFFFFFFF
1780065289.716001,vcan0,600,FF000000
1780065289.716031,vcan0,601,00000000
1780065289.716048,vcan0,602,65000000
1780065289.716065,vcan0,603,00
1780065289.716081,vcan0,604,00
1780065289.716095,vcan0,607,01000000
1780065289.758725,vcan0,607,FFFFFFFF
1780065289.809024,vcan0,607,FFFFFFFF
1780065289.827995,vcan0,600,FF000000
1780065289.828025,vcan0,601,00000000
1780065289.828040,vcan0,602,65000000
1780065289.844016,vcan0,606,00
1780065289.859296,vcan0,607,FFFFFFFF
1780065289.909467,vcan0,607,FFFFFFFF
1780065289.924005,vcan0,603,00
1780065289.924032,vcan0,604,00
1780065289.924048,vcan0,607,01000000
1780065289.939989,vcan0,600,FF000000
1780065289.940010,vcan0,601,00000000
1780065289.940024,vcan0,602,59000000
1780065289.959776,vcan0,607,FFFFFFFF
1780065290.010048,vcan0,607,FFFFFFFF
1780065290.051027,vcan0,600,FF000000
1780065290.051057,vcan0,601,00000000
1780065290.051073,vcan0,602,59000000
1780065290.060201,vcan0,607,FFFFFFFF
1780065290.110367,vcan0,607,FFFFFFFF
1780065290.131006,vcan0,603,00
1780065290.131034,vcan0,604,00
1780065290.131051,vcan0,607,01000000
1780065290.160536,vcan0,607,FFFFFFFF
1780065290.162993,vcan0,600,FF000000
1780065290.163013,vcan0,601,00000000
1780065290.163028,vcan0,602,4C000000
1780065290.210728,vcan0,607,FFFFFFFF
1780065290.261051,vcan0,607,FFFFFFFF
1780065290.274989,vcan0,600,FF000000
1780065290.275016,vcan0,601,00000000
1780065290.275031,vcan0,602,7F000000
1780065290.311225,vcan0,607,FFFFFFFF
1780065290.338990,vcan0,603,00
1780065290.339017,vcan0,604,00
1780065290.339034,vcan0,607,01000000
1780065290.354982,vcan0,606,00
1780065290.361397,vcan0,607,FFFFFFFF
1780065290.386992,vcan0,600,FF000000
1780065290.387018,vcan0,601,00000000
1780065290.387033,vcan0,602,7F000000
1780065290.411581,vcan0,607,FFFFFFFF
1780065290.461816,vcan0,607,FFFFFFFF
1780065290.499026,vcan0,600,FF000000
1780065290.499065,vcan0,601,00000000
1780065290.499082,vcan0,602,7F000000
1780065290.512010,vcan0,607,FFFFFFFF
1780065290.546981,vcan0,603,00
1780065290.547003,vcan0,604,00
1780065290.547019,vcan0,607,01000000
1780065290.562209,vcan0,607,FFFFFFFF
1780065290.610983,vcan0,600,FF000000
1780065290.611006,vcan0,601,00000000
1780065290.611020,vcan0,602,7F000000
1780065290.612379,vcan0,607,FFFFFFFF
1780065290.662577,vcan0,607,FFFFFFFF
1780065290.712830,vcan0,607,FFFFFFFF
1780065290.723985,vcan0,600,FF000000
1780065290.724011,vcan0,601,00000000
1780065290.724026,vcan0,602,7F000000
1780065290.755975,vcan0,603,00
1780065290.755999,vcan0,604,00
1780065290.756015,vcan0,607,01000000
1780065290.763104,vcan0,607,FFFFFFFF
1780065290.813258,vcan0,607,FFFFFFFF
1780065290.836002,vcan0,600,FF000000
1780065290.836029,vcan0,601,00000000
1780065290.836045,vcan0,602,7F000000
1780065290.863542,vcan0,607,FFFFFFFF
1780065290.867980,vcan0,606,00
1780065290.913787,vcan0,607,FFFFFFFF
1780065290.948011,vcan0,600,FF000000
1780065290.948042,vcan0,601,00000000
1780065290.948057,vcan0,602,7F000000
1780065290.963974,vcan0,607,FFFFFFFF
1780065290.964008,vcan0,603,00
1780065290.964030,vcan0,604,00
1780065290.964046,vcan0,607,01000000
1780065291.014164,vcan0,607,FFFFFFFF
1780065291.058986,vcan0,600,FF000000
1780065291.059014,vcan0,601,00000000
1780065291.059029,vcan0,602,7F000000
1780065291.064347,vcan0,607,FFFFFFFF
1780065291.114565,vcan0,607,FFFFFFFF
1780065291.164806,vcan0,607,FFFFFFFF
1780065291.171004,vcan0,600,FF000000
1780065291.171035,vcan0,601,00000000
1780065291.171053,vcan0,602,72000000
1780065291.171067,vcan0,603,00
1780065291.171079,vcan0,604,00
1780065291.171091,vcan0,607,01000000
1780065291.215033,vcan0,607,FFFFFFFF
1780065291.265261,vcan0,607,FFFFFFFF
1780065291.283015,vcan0,600,FF000000
1780065291.283040,vcan0,601,00000000
1780065291.283055,vcan0,602,72000000
1780065291.315465,vcan0,607,FFFFFFFF
1780065291.365671,vcan0,607,FFFFFFFF
1780065291.378985,vcan0,603,00
1780065291.379013,vcan0,604,00
1780065291.379030,vcan0,606,00
1780065291.379045,vcan0,607,01000000
1780065291.394975,vcan0,600,FF000000
1780065291.394997,vcan0,601,00000000
1780065291.395010,vcan0,602,7F000000
1780065291.415889,vcan0,607,FFFFFFFF
1780065291.466071,vcan0,607,FFFFFFFF
1780065291.507002,vcan0,600,FF000000
1780065291.507028,vcan0,601,00000000
1780065291.507044,vcan0,602,7F000000
1780065291.516268,vcan0,607,FFFFFFFF
1780065291.566565,vcan0,607,FFFFFFFF
1780065291.586972,vcan0,603,00
1780065291.586998,vcan0,604,00
1780065291.587014,vcan0,607,01000000
1780065291.616778,vcan0,607,FFFFFFFF
1780065291.618973,vcan0,600,FF000000
1780065291.618995,vcan0,601,00000000
1780065291.619010,vcan0,602,72000000
1780065291.666937,vcan0,607,FFFFFFFF
1780065291.717147,vcan0,607,FFFFFFFF
1780065291.732028,vcan0,600,FF000000
1780065291.732064,vcan0,601,00000000
1780065291.732084,vcan0,602,72000000
1780065291.767476,vcan0,607,FFFFFFFF
1780065291.795968,vcan0,603,00
1780065291.795993,vcan0,604,00
1780065291.796010,vcan0,607,01000000
1780065291.817648,vcan0,607,FFFFFFFF
1780065291.843992,vcan0,600,FF000000
1780065291.844023,vcan0,601,00000000
1780065291.844039,vcan0,602,65000000
1780065291.867806,vcan0,607,FFFFFFFF
1780065291.891971,vcan0,606,00
1780065291.917960,vcan0,607,FFFFFFFF
1780065291.956040,vcan0,600,FF000000
1780065291.956065,vcan0,601,00000000
1780065291.956080,vcan0,602,65000000
1780065291.968271,vcan0,607,FFFFFFFF
1780065292.003991,vcan0,603,00
1780065292.004018,vcan0,604,00
1780065292.004034,vcan0,607,01000000
1780065292.018539,vcan0,607,FFFFFFFF
1780065292.066990,vcan0,600,FF000000
1780065292.067019,vcan0,601,00000000
1780065292.067035,vcan0,602,59000000
1780065292.068715,vcan0,607,FFFFFFFF
1780065292.118888,vcan0,607,FFFFFFFF
1780065292.169062,vcan0,607,FFFFFFFF
1780065292.178972,vcan0,600,FF000000
1780065292.178998,vcan0,601,00000000
1780065292.179013,vcan0,602,7F000000
1780065292.210970,vcan0,603,00
1780065292.210994,vcan0,604,00
1780065292.211011,vcan0,607,01000000
1780065292.219226,vcan0,607,FFFFFFFF
1780065292.269448,vcan0,607,FFFFFFFF
1780065292.291001,vcan0,600,FF000000
1780065292.291034,vcan0,601,00000000
1780065292.291051,vcan0,602,7F000000
1780065292.319649,vcan0,607,FFFFFFFF
1780065292.369773,vcan0,607,FFFFFFFF
1780065292.402964,vcan0,600,FF000000
1780065292.402991,vcan0,601,00000000
1780065292.403006,vcan0,602,7F000000
1780065292.403023,vcan0,606,00
1780065292.418978,vcan0,603,00
1780065292.419002,vcan0,604,00
1780065292.419018,vcan0,607,01000000
1780065292.419919,vcan0,607,FFFFFFFF
1780065292.470212,vcan0,607,FFFFFFFF
1780065292.514993,vcan0,600,FF000000
1780065292.515025,vcan0,601,00000000
1780065292.515041,vcan0,602,7F000000
1780065292.520402,vcan0,607,FFFFFFFF
1780065292.570710,vcan0,607,FFFFFFFF
1780065292.620989,vcan0,607,FFFFFFFF
1780065292.626981,vcan0,600,FF000000
1780065292.627005,vcan0,601,00000000
1780065292.627019,vcan0,602,7F000000
1780065292.627032,vcan0,603,00
1780065292.627043,vcan0,604,00
1780065292.627056,vcan0,607,01000000
1780065292.671209,vcan0,607,FFFFFFFF
1780065292.721380,vcan0,607,FFFFFFFF
1780065292.739961,vcan0,600,FF000000
1780065292.739988,vcan0,601,00000000
1780065292.740002,vcan0,602,7F000000
1780065292.771551,vcan0,607,FFFFFFFF
1780065292.821737,vcan0,607,FFFFFFFF
1780065292.835971,vcan0,603,00
1780065292.835998,vcan0,604,00
1780065292.836015,vcan0,607,01000000
1780065292.851948,vcan0,600,FF000000
1780065292.851967,vcan0,601,00000000
1780065292.851980,vcan0,602,7F000000
1780065292.871926,vcan0,607,FFFFFFFF
1780065292.916001,vcan0,606,00
1780065292.922107,vcan0,607,FFFFFFFF
1780065292.964004,vcan0,600,FF000000
1780065292.964034,vcan0,601,00000000
1780065292.964050,vcan0,602,7F000000
1780065292.972281,vcan0,607,FFFFFFFF
1780065293.022463,vcan0,607,FFFFFFFF
1780065293.042976,vcan0,603,00
1780065293.043003,vcan0,604,00
1780065293.043020,vcan0,607,01000000
1780065293.072721,vcan0,607,FFFFFFFF
1780065293.074945,vcan0,600,FF000000
1780065293.074964,vcan0,601,00000000
1780065293.074977,vcan0,602,7F000000
1780065293.122911,vcan0,607,FFFFFFFF
1780065293.173111,vcan0,607,FFFFFFFF
1780065293.186957,vcan0,600,FF000000
1780065293.186984,vcan0,601,00000000
1780065293.186999,vcan0,602,8C000000
1780065293.223328,vcan0,607,FFFFFFFF
1780065293.250960,vcan0,603,00
1780065293.250986,vcan0,604,00
1780065293.251002,vcan0,607,01000000
1780065293.273502,vcan0,607,FFFFFFFF
1780065293.298958,vcan0,600,FF000000
1780065293.298981,vcan0,601,00000000
1780065293.298996,vcan0,602,8C000000
1780065293.323812,vcan0,607,FFFFFFFF
1780065293.374118,vcan0,607,FFFFFFFF
1780065293.410967,vcan0,600,FF000000
1780065293.410994,vcan0,601,00000000
1780065293.411010,vcan0,602,7F000000
1780065293.424399,vcan0,607,FFFFFFFF
1780065293.426953,vcan0,606,00
1780065293.458986,vcan0,603,00
1780065293.459012,vcan0,604,00
1780065293.459028,vcan0,607,01000000
1780065293.474581,vcan0,607,FFFFFFFF
1780065293.522953,vcan0,600,FF000000
1780065293.522977,vcan0,601,00000000
1780065293.522992,vcan0,602,7F000000
1780065293.524771,vcan0,607,FFFFFFFF
1780065293.575051,vcan0,607,FFFFFFFF
1780065293.625333,vcan0,607,FFFFFFFF
1780065293.634990,vcan0,600,FF000000
1780065293.635020,vcan0,601,00000000
1780065293.635036,vcan0,602,7F000000
1780065293.666961,vcan0,603,00
1780065293.666987,vcan0,604,00
1780065293.667004,vcan0,607,01000000
1780065293.675501,vcan0,607,FFFFFFFF
1780065293.727199,vcan0,607,FFFFFFFF
1780065293.747958,vcan0,600,FF000000
1780065293.747989,vcan0,601,00000000
1780065293.748004,vcan0,602,7F000000
1780065293.777474,vcan0,607,FFFFFFFF
1780065293.827635,vcan0,607,FFFFFFFF
1780065293.859974,vcan0,600,FF000000
1780065293.860002,vcan0,601,00000000
1780065293.860017,vcan0,602,7F000000
1780065293.875963,vcan0,603,00
1780065293.875987,vcan0,604,00
1780065293.876004,vcan0,607,01000000
1780065293.877786,vcan0,607,FFFFFFFF
1780065293.928049,vcan0,607,FFFFFFFF
1780065293.939958,vcan0,606,00
1780065293.971951,vcan0,600,FF000000
1780065293.971975,vcan0,601,00000000
1780065293.971991,vcan0,602,7F000000
1780065293.978347,vcan0,607,FFFFFFFF
1780065294.028501,vcan0,607,FFFFFFFF
1780065294.078676,vcan0,607,FFFFFFFF
1780065294.082955,vcan0,600,FF000000
1780065294.082984,vcan0,601,00000000
1780065294.083002,vcan0,602,7F000000
1780065294.083016,vcan0,603,00
1780065294.083028,vcan0,604,00
1780065294.083042,vcan0,607,01000000
1780065294.128847,vcan0,607,FFFFFFFF
1780065294.179033,vcan0,607,FFFFFFFF
1780065294.194953,vcan0,600,FF000000
1780065294.194981,vcan0,601,00000000
1780065294.194997,vcan0,602,72000000
1780065294.229207,vcan0,607,FFFFFFFF
1780065294.279414,vcan0,607,FFFFFFFF
1780065294.290958,vcan0,603,00
1780065294.290985,vcan0,604,00
1780065294.291003,vcan0,607,01000000
1780065294.306946,vcan0,600,FF000000
1780065294.306966,vcan0,601,00000000
1780065294.306981,vcan0,602,7F000000
1780065294.329574,vcan0,607,FFFFFFFF
1780065294.379733,vcan0,607,FFFFFFFF
1780065294.419001,vcan0,600,FF000000
1780065294.419036,vcan0,601,00000000
1780065294.419053,vcan0,602,7F000000
1780065294.429898,vcan0,607,FFFFFFFF
1780065294.450952,vcan0,606,00
1780065294.480116,vcan0,607,FFFFFFFF
1780065294.498976,vcan0,603,00
1780065294.499002,vcan0,604,00
1780065294.499020,vcan0,607,01000000
1780065294.530310,vcan0,607,FFFFFFFF
1780065294.531013,vcan0,600,FF000000
1780065294.531041,vcan0,601,00000000
1780065294.531061,vcan0,602,7F000000
1780065294.580494,vcan0,607,FFFFFFFF
1780065294.630651,vcan0,607,FFFFFFFF
1780065294.642945,vcan0,600,FF000000
1780065294.642971,vcan0,601,00000000
1780065294.642987,vcan0,602,7F000000
1780065294.680815,vcan0,607,FFFFFFFF
1780065294.707987,vcan0,603,00
1780065294.708010,vcan0,604,00
1780065294.708027,vcan0,607,01000000
1780065294.730969,vcan0,607,FFFFFFFF
1780065294.755972,vcan0,600,FF000000
1780065294.756002,vcan0,601,00000000
1780065294.756017,vcan0,602,7F000000
1780065294.781133,vcan0,607,FFFFFFFF
1780065294.831304,vcan0,607,FFFFFFFF
1780065294.867949,vcan0,600,FF000000
1780065294.867976,vcan0,601,00000000
1780065294.867992,vcan0,602,8C000000
1780065294.881458,vcan0,607,FFFFFFFF
1780065294.915971,vcan0,603,00
1780065294.915998,vcan0,604,00
1780065294.916014,vcan0,607,01000000
1780065294.931669,vcan0,607,FFFFFFFF
1780065294.963970,vcan0,606,00
1780065294.979933,vcan0,600,FF000000
1780065294.979956,vcan0,601,00000000
1780065294.979972,vcan0,602,7F000000
1780065294.981827,vcan0,607,FFFFFFFF
1780065295.031982,vcan0,607,FFFFFFFF
1780065295.082154,vcan0,607,FFFFFFFF
1780065295.090941,vcan0,600,FF000000
1780065295.090963,vcan0,601,00000000
1780065295.090977,vcan0,602,7F000000
1780065295.122934,vcan0,603,00
1780065295.122955,vcan0,604,00
1780065295.122969,vcan0,607,01000000
1780065295.132303,vcan0,607,FFFFFFFF
1780065295.182486,vcan0,607,FFFFFFFF
1780065295.202931,vcan0,600,FF000000
1780065295.202953,vcan0,601,00000000
1780065295.202968,vcan0,602,7F000000
1780065295.232692,vcan0,607,FFFFFFFF
1780065295.282849,vcan0,607,FFFFFFFF
1780065295.314944,vcan0,600,FF000000
1780065295.314972,vcan0,601,00000000
1780065295.314987,vcan0,602,7F000000
1780065295.330923,vcan0,603,00
1780065295.330942,vcan0,604,00
1780065295.330956,vcan0,607,01000000
1780065295.333117,vcan0,607,FFFFFFFF
1780065295.383282,vcan0,607,FFFFFFFF
1780065295.426942,vcan0,600,FF000000
1780065295.426969,vcan0,601,00000000
1780065295.426984,vcan0,602,7F000000
1780065295.433464,vcan0,607,FFFFFFFF
1780065295.474945,vcan0,606,00
1780065295.483759,vcan0,607,FFFFFFFF
1780065295.534022,vcan0,607,FFFFFFFF
1780065295.538944,vcan0,600,00000000
1780065295.538970,vcan0,601,00000000
1780065295.538985,vcan0,602,7F000000
1780065295.538998,vcan0,603,00
1780065295.539010,vcan0,604,00
1780065295.539023,vcan0,607,01000000
1780065295.584312,vcan0,607,FFFFFFFF
1780065295.634555,vcan0,607,FFFFFFFF
1780065295.650937,vcan0,600,00000000
1780065295.650965,vcan0,601,00000000
1780065295.650982,vcan0,602,7F000000
1780065295.684840,vcan0,607,FFFFFFFF
1780065295.735020,vcan0,607,FFFFFFFF
1780065295.747939,vcan0,603,00
1780065295.747966,vcan0,604,00
1780065295.747983,vcan0,607,01000000
1780065295.763921,vcan0,600,00000000
1780065295.763940,vcan0,601,00000000
1780065295.763954,vcan0,602,7F000000
1780065295.785317,vcan0,607,FFFFFFFF
1780065295.835547,vcan0,607,FFFFFFFF
1780065295.875936,vcan0,600,00000000
1780065295.875963,vcan0,601,00000000
1780065295.875978,vcan0,602,72000000
1780065295.885840,vcan0,607,FFFFFFFF
1780065295.936145,vcan0,607,FFFFFFFF
1780065295.955938,vcan0,603,00
1780065295.955965,vcan0,604,00
1780065295.955982,vcan0,607,01000000
1780065295.986309,vcan0,607,FFFFFFFF
1780065295.987930,vcan0,600,00000000
1780065295.987950,vcan0,601,00000000
1780065295.987965,vcan0,602,65000000
1780065295.987980,vcan0,606,00
1780065296.036627,vcan0,607,FFFFFFFF
1780065296.086905,vcan0,607,FFFFFFFF
1780065296.098946,vcan0,600,00000000
1780065296.098974,vcan0,601,00000000
1780065296.098990,vcan0,602,65000000
1780065296.137106,vcan0,607,FFFFFFFF
1780065296.162935,vcan0,603,00
1780065296.162961,vcan0,604,00
1780065296.162979,vcan0,607,01000000
1780065296.187380,vcan0,607,FFFFFFFF
1780065296.210925,vcan0,600,00000000
1780065296.210953,vcan0,601,00000000
1780065296.210968,vcan0,602,59000000
1780065296.237615,vcan0,607,FFFFFFFF
1780065296.287893,vcan0,607,FFFFFFFF
1780065296.322947,vcan0,600,00000000
1780065296.322974,vcan0,601,00000000
1780065296.322989,vcan0,602,59000000
1780065296.338167,vcan0,607,FFFFFFFF
1780065296.370982,vcan0,603,00
1780065296.371008,vcan0,604,00
1780065296.371025,vcan0,607,01000000
1780065296.388371,vcan0,607,FFFFFFFF
1780065296.434955,vcan0,600,00000000
1780065296.434980,vcan0,601,00000000
1780065296.434996,vcan0,602,4C000000
1780065296.438579,vcan0,607,FFFFFFFF
1780065296.488738,vcan0,607,FFFFFFFF
1780065296.498930,vcan0,606,00
1780065296.538907,vcan0,607,FFFFFFFF
1780065296.546948,vcan0,600,00000000
1780065296.546973,vcan0,601,00000000
1780065296.546989,vcan0,602,4C000000
1780065296.578943,vcan0,603,00
1780065296.578967,vcan0,604,00
1780065296.578983,vcan0,607,01000000
1780065296.589074,vcan0,607,FFFFFFFF
1780065296.639385,vcan0,607,FFFFFFFF
1780065296.658947,vcan0,600,00000000
1780065296.658974,vcan0,601,00000000
1780065296.658990,vcan0,602,3F000000
1780065296.689618,vcan0,607,FFFFFFFF
1780065296.739776,vcan0,607,FFFFFFFF
1780065296.771935,vcan0,600,00000000
1780065296.771961,vcan0,601,00000000
1780065296.771977,vcan0,602,3F000000
1780065296.787944,vcan0,603,00
1780065296.787968,vcan0,604,00
1780065296.787984,vcan0,607,01000000
1780065296.789927,vcan0,607,FFFFFFFF
1780065296.840120,vcan0,607,FFFFFFFF
1780065296.883923,vcan0,600,00000000
1780065296.883949,vcan0,601,00000000
1780065296.883965,vcan0,602,32000000
1780065296.890287,vcan0,607,FFFFFFFF
1780065296.940460,vcan0,607,FFFFFFFF
1780065296.990745,vcan0,607,FFFFFFFF
1780065296.995958,vcan0,600,00000000
1780065296.995989,vcan0,601,00000000
1780065296.996005,vcan0,602,26000000
1780065296.996019,vcan0,603,00
1780065296.996033,vcan0,604,00
1780065296.996045,vcan0,607,01000000
1780065297.011927,vcan0,606,00
1780065297.040924,vcan0,607,FFFFFFFF
1780065297.091118,vcan0,607,FFFFFFFF
1780065297.106983,vcan0,600,4C000000
1780065297.107013,vcan0,601,00000000
1780065297.107030,vcan0,602,7F000000
1780065297.141319,vcan0,607,FFFFFFFF
1780065297.191527,vcan0,607,FFFFFFFF
1780065297.202919,vcan0,603,00
1780065297.202946,vcan0,604,00
1780065297.202964,vcan0,607,01000000
1780065297.218911,vcan0,600,FF000000
1780065297.218931,vcan0,601,00000000
1780065297.218944,vcan0,602,7F000000
1780065297.241784,vcan0,607,FFFFFFFF
1780065297.291941,vcan0,607,FFFFFFFF
1780065297.330917,vcan0,600,FF000000
1780065297.330944,vcan0,601,00000000
1780065297.330958,vcan0,602,7F000000
1780065297.342169,vcan0,607,FFFFFFFF
1780065297.392350,vcan0,607,FFFFFFFF
1780065297.410919,vcan0,603,00
1780065297.410946,vcan0,604,00
1780065297.410962,vcan0,607,01000000
1780065297.442537,vcan0,607,FFFFFFFF
1780065297.442932,vcan0,600,FF000000
1780065297.442953,vcan0,601,00000000
1780065297.442968,vcan0,602,7F000000
1780065297.492727,vcan0,607,FFFFFFFF
1780065297.522934,vcan0,606,00
1780065297.543008,vcan0,607,FFFFFFFF
1780065297.554902,vcan0,600,FF000000
1780065297.554922,vcan0,601,00000000
1780065297.554936,vcan0,602,72000000
1780065297.593291,vcan0,607,FFFFFFFF
1780065297.618912,vcan0,603,00
1780065297.618935,vcan0,604,00
1780065297.618951,vcan0,607,01000000
1780065297.643547,vcan0,607,FFFFFFFF
1780065297.666925,vcan0,600,FF000000
1780065297.666953,vcan0,601,00000000
1780065297.666968,vcan0,602,72000000
1780065297.693853,vcan0,607,FFFFFFFF
1780065297.744146,vcan0,607,FFFFFFFF
1780065297.779922,vcan0,600,FF000000
1780065297.779951,vcan0,601,00000000
1780065297.779967,vcan0,602,65000000
1780065297.794339,vcan0,607,FFFFFFFF
1780065297.827975,vcan0,603,00
1780065297.828003,vcan0,604,00
1780065297.828021,vcan0,607,01000000
1780065297.844630,vcan0,607,FFFFFFFF
1780065297.891916,vcan0,600,FF000000
1780065297.891941,vcan0,601,00000000
1780065297.891957,vcan0,602,65000000
1780065297.894793,vcan0,607,FFFFFFFF
1780065297.945045,vcan0,607,FFFFFFFF
1780065297.995334,vcan0,607,FFFFFFFF
1780065298.003927,vcan0,600,FF000000
1780065298.003954,vcan0,601,00000000
1780065298.003970,vcan0,602,59000000
1780065298.034943,vcan0,603,00
1780065298.034970,vcan0,604,00
1780065298.034986,vcan0,606,00
1780065298.035002,vcan0,607,01000000
1780065298.045533,vcan0,607,FFFFFFFF
1780065298.095690,vcan0,607,FFFFFFFF
1780065298.114912,vcan0,600,FF000000
1780065298.114937,vcan0,601,00000000
1780065298.114952,vcan0,602,4C000000
1780065298.145843,vcan0,607,FFFFFFFF
1780065298.196014,vcan0,607,FFFFFFFF
1780065298.226957,vcan0,600,FF000000
1780065298.226986,vcan0,601,00000000
1780065298.227000,vcan0,602,4C000000
1780065298.242919,vcan0,603,00
1780065298.242942,vcan0,604,00
1780065298.242958,vcan0,607,01000000
1780065298.246292,vcan0,607,FFFFFFFF
1780065298.296450,vcan0,607,FFFFFFFF
1780065298.338916,vcan0,600,FF000000
1780065298.338942,vcan0,601,00000000
1780065298.338957,vcan0,602,3F000000
1780065298.346652,vcan0,607,FFFFFFFF
1780065298.396861,vcan0,607,FFFFFFFF
1780065298.447175,vcan0,607,FFFFFFFF
1780065298.450910,vcan0,600,FF000000
1780065298.450933,vcan0,601,00000000
1780065298.450949,vcan0,602,3F000000
1780065298.450962,vcan0,603,00
1780065298.450974,vcan0,604,00
1780065298.450987,vcan0,607,01000000
1780065298.497485,vcan0,607,FFFFFFFF
1780065298.546916,vcan0,606,00
1780065298.547697,vcan0,607,FFFFFFFF
1780065298.562901,vcan0,600,FF000000
1780065298.562922,vcan0,601,00000000
1780065298.562937,vcan0,602,7F000000
1780065298.597958,vcan0,607,FFFFFFFF
1780065298.648132,vcan0,607,FFFFFFFF
1780065298.658921,vcan0,603,00
1780065298.658948,vcan0,604,00
1780065298.658966,vcan0,607,01000000
1780065298.674929,vcan0,600,FF000000
1780065298.674952,vcan0,601,00000000
1780065298.674966,vcan0,602,7F000000
1780065298.698409,vcan0,607,FFFFFFFF
1780065298.748576,vcan0,607,FFFFFFFF
1780065298.787906,vcan0,600,FF000000
1780065298.787930,vcan0,601,00000000
1780065298.787944,vcan0,602,7F000000
1780065298.798783,vcan0,607,FFFFFFFF
1780065298.848973,vcan0,607,FFFFFFFF
1780065298.867969,vcan0,603,00
1780065298.867997,vcan0,604,00
1780065298.868015,vcan0,607,01000000
1780065298.899261,vcan0,607,FFFFFFFF
1780065298.899888,vcan0,600,FF000000
1780065298.899907,vcan0,601,00000000
1780065298.899919,vcan0,602,7F000000
1780065298.949471,vcan0,607,FFFFFFFF
1780065298.999663,vcan0,607,FFFFFFFF
1780065299.011908,vcan0,600,FF000000
1780065299.011932,vcan0,601,00000000
1780065299.011947,vcan0,602,8C000000
1780065299.049959,vcan0,607,FFFFFFFF
1780065299.058922,vcan0,606,00
1780065299.074906,vcan0,603,00
1780065299.074926,vcan0,604,00
1780065299.074944,vcan0,607,01000000
1780065299.100236,vcan0,607,FFFFFFFF
1780065299.122927,vcan0,600,FF000000
1780065299.122958,vcan0,601,00000000
1780065299.122975,vcan0,602,8C000000
1780065299.150414,vcan0,607,FFFFFFFF
1780065299.200751,vcan0,607,FFFFFFFF
1780065299.234895,vcan0,600,FF000000
1780065299.234922,vcan0,601,00000000
1780065299.234940,vcan0,602,99000000
1780065299.250916,vcan0,607,FFFFFFFF
1780065299.282918,vcan0,603,00
1780065299.282944,vcan0,604,00
1780065299.282962,vcan0,607,01000000
1780065299.301184,vcan0,607,FFFFFFFF
1780065299.346905,vcan0,600,FF000000
1780065299.346931,vcan0,601,00000000
1780065299.346946,vcan0,602,99000000
1780065299.351451,vcan0,607,FFFFFFFF
1780065299.401651,vcan0,607,FFFFFFFF
1780065299.451932,vcan0,607,FFFFFFFF
1780065299.458908,vcan0,600,FF000000
1780065299.458932,vcan0,601,00000000
1780065299.458947,vcan0,602,A5000000
1780065299.490914,vcan0,603,00
1780065299.490939,vcan0,604,00
1780065299.490955,vcan0,607,01000000
1780065299.502195,vcan0,607,FFFFFFFF
1780065299.552360,vcan0,607,FFFFFFFF
1780065299.570913,vcan0,600,FF000000
1780065299.570941,vcan0,601,00000000
1780065299.570957,vcan0,602,B2000000
1780065299.570973,vcan0,606,00
1780065299.602647,vcan0,607,FFFFFFFF
1780065299.652913,vcan0,607,FFFFFFFF
1780065299.682901,vcan0,600,FF000000
1780065299.682926,vcan0,601,00000000
1780065299.682941,vcan0,602,B2000000
1780065299.699939,vcan0,603,00
1780065299.699966,vcan0,604,00
1780065299.699982,vcan0,607,01000000
1780065299.703105,vcan0,607,FFFFFFFF
1780065299.753384,vcan0,607,FFFFFFFF
1780065299.795893,vcan0,600,FF000000
1780065299.795919,vcan0,601,00000000
1780065299.795934,vcan0,602,BF000000
1780065299.803676,vcan0,607,FFFFFFFF
1780065299.853914,vcan0,607,FFFFFFFF
1780065299.904268,vcan0,607,FFFFFFFF
1780065299.907896,vcan0,600,FF000000
1780065299.907921,vcan0,601,00000000
1780065299.907938,vcan0,602,7F000000
1780065299.907954,vcan0,603,00
1780065299.907968,vcan0,604,00
1780065299.907982,vcan0,607,01000000
1780065299.954536,vcan0,607,FFFFFFFF
1780065300.004812,vcan0,607,FFFFFFFF
1780065300.018904,vcan0,600,FF000000
1780065300.018933,vcan0,601,00000000
1780065300.018949,vcan0,602,7F000000
1780065300.055107,vcan0,607,FFFFFFFF
1780065300.082892,vcan0,606,00
1780065300.105382,vcan0,607,FFFFFFFF
1780065300.114883,vcan0,603,00
1780065300.114905,vcan0,604,00
1780065300.114921,vcan0,607,01000000
1780065300.130877,vcan0,600,FF000000
1780065300.130897,vcan0,601,00000000
1780065300.130911,vcan0,602,7F000000
1780065300.155665,vcan0,607,FFFFFFFF
1780065300.205864,vcan0,607,FFFFFFFF
1780065300.242883,vcan0,600,FF000000
1780065300.242906,vcan0,601,00000000
1780065300.242920,vcan0,602,7F000000
1780065300.256077,vcan0,607,FFFFFFFF
1780065300.306248,vcan0,607,FFFFFFFF
1780065300.322904,vcan0,603,00
1780065300.322933,vcan0,604,00
1780065300.322951,vcan0,607,01000000
1780065300.354886,vcan0,600,FF000000
1780065300.354909,vcan0,601,00000000
1780065300.354924,vcan0,602,7F000000
1780065300.356428,vcan0,607,FFFFFFFF
1780065300.406628,vcan0,607,FFFFFFFF
1780065300.456788,vcan0,607,FFFFFFFF
1780065300.466903,vcan0,600,FF000000
1780065300.466931,vcan0,601,00000000
1780065300.466946,vcan0,602,72000000
1780065300.507000,vcan0,607,FFFFFFFF
1780065300.530897,vcan0,603,00
1780065300.530925,vcan0,604,00
1780065300.530943,vcan0,607,01000000
1780065300.557274,vcan0,607,FFFFFFFF
1780065300.578886,vcan0,600,FF000000
1780065300.578910,vcan0,601,00000000
1780065300.578925,vcan0,602,7F000000
1780065300.594886,vcan0,606,00
1780065300.607546,vcan0,607,FFFFFFFF
1780065300.657735,vcan0,607,FFFFFFFF
1780065300.690910,vcan0,600,FF000000
1780065300.690939,vcan0,601,00000000
1780065300.690955,vcan0,602,7F000000
1780065300.707920,vcan0,607,FFFFFFFF
1780065300.739879,vcan0,603,00
1780065300.739900,vcan0,604,00
1780065300.739915,vcan0,607,01000000
1780065300.758120,vcan0,607,FFFFFFFF
1780065300.803887,vcan0,600,FF000000
1780065300.803913,vcan0,601,00000000
1780065300.803927,vcan0,602,7F000000
1780065300.808310,vcan0,607,FFFFFFFF
1780065300.858494,vcan0,607,FFFFFFFF
1780065300.908801,vcan0,607,FFFFFFFF
1780065300.915889,vcan0,600,FF000000
1780065300.915914,vcan0,601,00000000
1780065300.915929,vcan0,602,7F000000
1780065300.947917,vcan0,603,00
1780065300.947946,vcan0,604,00
1780065300.947963,vcan0,607,01000000
1780065300.958971,vcan0,607,FFFFFFFF
1780065301.009150,vcan0,607,FFFFFFFF
1780065301.026879,vcan0,600,FF000000
1780065301.026904,vcan0,601,00000000
1780065301.026919,vcan0,602,7F000000
1780065301.059318,vcan0,607,FFFFFFFF
1780065301.106896,vcan0,606,00
1780065301.109477,vcan0,607,FFFFFFFF
1780065301.138941,vcan0,600,FF000000
1780065301.138974,vcan0,601,00000000
1780065301.138990,vcan0,602,7F000000
1780065301.154879,vcan0,603,00
1780065301.154901,vcan0,604,00
1780065301.154916,vcan0,607,01000000
1780065301.159638,vcan0,607,FFFFFFFF
1780065301.209796,vcan0,607,FFFFFFFF
1780065301.250880,vcan0,600,FF000000
1780065301.250906,vcan0,601,00000000
1780065301.250921,vcan0,602,7F000000
1780065301.259962,vcan0,607,FFFFFFFF
1780065301.310134,vcan0,607,FFFFFFFF
1780065301.360390,vcan0,607,FFFFFFFF
1780065301.362876,vcan0,600,FF000000
1780065301.362900,vcan0,601,00000000
1780065301.362915,vcan0,602,7F000000
1780065301.362928,vcan0,603,00
1780065301.362940,vcan0,604,00
1780065301.362952,vcan0,607,01000000
1780065301.410575,vcan0,607,FFFFFFFF
1780065301.460749,vcan0,607,FFFFFFFF
1780065301.474893,vcan0,600,FF000000
1780065301.474921,vcan0,601,00000000
1780065301.474936,vcan0,602,7F000000
1780065301.510915,vcan0,607,FFFFFFFF
1780065301.561082,vcan0,607,FFFFFFFF
1780065301.570890,vcan0,603,00
1780065301.570915,vcan0,604,00
1780065301.570931,vcan0,607,01000000
1780065301.586942,vcan0,600,FF000000
1780065301.586970,vcan0,601,00000000
1780065301.586990,vcan0,602,7F000000
1780065301.611346,vcan0,607,FFFFFFFF
1780065301.618884,vcan0,606,00
1780065301.661516,vcan0,607,FFFFFFFF
1780065301.699892,vcan0,600,FF000000
1780065301.699922,vcan0,601,00000000
1780065301.699938,vcan0,602,7F000000
1780065301.711695,vcan0,607,FFFFFFFF
1780065301.761848,vcan0,607,FFFFFFFF
1780065301.779895,vcan0,603,00
1780065301.779924,vcan0,604,00
1780065301.779942,vcan0,607,01000000
1780065301.811869,vcan0,600,FF000000
1780065301.811893,vcan0,601,00000000
1780065301.811908,vcan0,602,7F000000
1780065301.812020,vcan0,607,FFFFFFFF
1780065301.862163,vcan0,607,FFFFFFFF
1780065301.912352,vcan0,607,FFFFFFFF
1780065301.923886,vcan0,600,FF000000
1780065301.923913,vcan0,601,00000000
1780065301.923928,vcan0,602,7F000000
1780065301.962536,vcan0,607,FFFFFFFF
1780065301.987906,vcan0,603,00
1780065301.987935,vcan0,604,00
1780065301.987953,vcan0,607,01000000
1780065302.012644,vcan0,607,FFFFFFFF
1780065302.034902,vcan0,600,FF000000
1780065302.034930,vcan0,601,00000000
1780065302.034945,vcan0,602,7F000000
1780065302.062808,vcan0,607,FFFFFFFF
1780065302.112979,vcan0,607,FFFFFFFF
1780065302.130870,vcan0,606,00
1780065302.146877,vcan0,600,FF000000
1780065302.146904,vcan0,601,00000000
1780065302.146918,vcan0,602,7F000000
1780065302.163174,vcan0,607,FFFFFFFF
1780065302.194969,vcan0,603,00
1780065302.195001,vcan0,604,00
1780065302.195020,vcan0,607,01000000
1780065302.213371,vcan0,607,FFFFFFFF
1780065302.258872,vcan0,600,FF000000
1780065302.258900,vcan0,601,00000000
1780065302.258916,vcan0,602,7F000000
1780065302.263565,vcan0,607,FFFFFFFF
1780065302.313752,vcan0,607,FFFFFFFF
1780065302.363949,vcan0,607,FFFFFFFF
1780065302.370866,vcan0,600,FF000000
1780065302.370891,vcan0,601,00000000
1780065302.370907,vcan0,602,7F000000
1780065302.402875,vcan0,603,00
1780065302.402899,vcan0,604,00
1780065302.402915,vcan0,607,01000000
1780065302.414132,vcan0,607,FFFFFFFF
1780065302.464327,vcan0,607,FFFFFFFF
1780065302.482874,vcan0,600,FF000000
1780065302.482900,vcan0,601,00000000
1780065302.482914,vcan0,602,7F000000
1780065302.514517,vcan0,607,FFFFFFFF
1780065302.564685,vcan0,607,FFFFFFFF
1780065302.594910,vcan0,600,FF000000
1780065302.594944,vcan0,601,00000000
1780065302.594960,vcan0,602,7F000000
1780065302.610863,vcan0,603,00
1780065302.610885,vcan0,604,00
1780065302.610900,vcan0,607,01000000
1780065302.614845,vcan0,607,FFFFFFFF
1780065302.642904,vcan0,606,00
1780065302.665005,vcan0,607,FFFFFFFF
1780065302.707865,vcan0,600,FF000000
1780065302.707890,vcan0,601,00000000
1780065302.707905,vcan0,602,7F000000
1780065302.715192,vcan0,607,FFFFFFFF
1780065302.765377,vcan0,607,FFFFFFFF
1780065302.815548,vcan0,607,FFFFFFFF
1780065302.819863,vcan0,600,FF000000
1780065302.819889,vcan0,601,00000000
1780065302.819905,vcan0,602,7F000000
1780065302.819918,vcan0,603,00
1780065302.819932,vcan0,604,00
1780065302.819944,vcan0,607,01000000
1780065302.865763,vcan0,607,FFFFFFFF
1780065302.915994,vcan0,607,FFFFFFFF
1780065302.931872,vcan0,600,FF000000
1780065302.931898,vcan0,601,00000000
1780065302.931913,vcan0,602,7F000000
1780065302.966187,vcan0,607,FFFFFFFF
1780065303.016350,vcan0,607,FFFFFFFF
1780065303.026861,vcan0,603,00
1780065303.026885,vcan0,604,00
1780065303.026901,vcan0,607,01000000
1780065303.042904,vcan0,600,FF000000
1780065303.042928,vcan0,601,00000000
1780065303.042942,vcan0,602,7F000000
1780065303.066508,vcan0,607,FFFFFFFF
1780065303.116684,vcan0,607,FFFFFFFF
1780065303.154883,vcan0,600,FF000000
1780065303.154913,vcan0,601,00000000
1780065303.154929,vcan0,602,7F000000
1780065303.154945,vcan0,606,00
1780065303.166857,vcan0,607,FFFFFFFF
1780065303.217028,vcan0,607,FFFFFFFF
1780065303.234866,vcan0,603,00
1780065303.234892,vcan0,604,00
1780065303.234906,vcan0,607,01000000
1780065303.266884,vcan0,600,FF000000
1780065303.266908,vcan0,601,00000000
1780065303.266923,vcan0,602,7F000000
1780065303.267202,vcan0,607,FFFFFFFF
1780065303.317370,vcan0,607,FFFFFFFF
1780065303.367533,vcan0,607,FFFFFFFF
1780065303.378855,vcan0,600,FF000000
1780065303.378879,vcan0,601,00000000
1780065303.378894,vcan0,602,7F000000
1780065303.417697,vcan0,607,FFFFFFFF
1780065303.442860,vcan0,603,00
1780065303.442885,vcan0,604,00
1780065303.442901,vcan0,607,01000000
1780065303.467867,vcan0,607,FFFFFFFF
1780065303.490861,vcan0,600,FF000000
1780065303.490887,vcan0,601,00000000
1780065303.490902,vcan0,602,7F000000
1780065303.518035,vcan0,607,FFFFFFFF
1780065303.568202,vcan0,607,FFFFFFFF
1780065303.602870,vcan0,600,FF000000
1780065303.602897,vcan0,601,00000000
1780065303.602912,vcan0,602,7F000000
1780065303.618367,vcan0,607,FFFFFFFF
1780065303.650851,vcan0,603,00
1780065303.650875,vcan0,604,00
1780065303.650891,vcan0,607,01000000
1780065303.666850,vcan0,606,00
1780065303.668523,vcan0,607,FFFFFFFF
1780065303.715860,vcan0,600,FF000000
1780065303.715884,vcan0,601,00000000
1780065303.715898,vcan0,602,7F000000
1780065303.718646,vcan0,607,FFFFFFFF
1780065303.768812,vcan0,607,FFFFFFFF
1780065303.818977,vcan0,607,FFFFFFFF
1780065303.827848,vcan0,600,00000000
1780065303.827871,vcan0,601,00000000
1780065303.827886,vcan0,602,7F000000
1780065303.859856,vcan0,603,00
1780065303.859879,vcan0,604,00
1780065303.859895,vcan0,607,01000000
1780065303.869143,vcan0,607,FFFFFFFF
1780065303.919306,vcan0,607,FFFFFFFF
1780065303.939886,vcan0,600,00000000
1780065303.939915,vcan0,601,00000000
1780065303.939931,vcan0,602,7F000000
1780065303.969581,vcan0,607,FFFFFFFF
1780065304.019752,vcan0,607,FFFFFFFF
1780065304.050872,vcan0,600,00000000
1780065304.050903,vcan0,601,00000000
1780065304.050920,vcan0,602,7F000000
1780065304.066850,vcan0,603,00
1780065304.066872,vcan0,604,00
1780065304.066887,vcan0,607,01000000
1780065304.069911,vcan0,607,FFFFFFFF
1780065304.120071,vcan0,607,FFFFFFFF
1780065304.162885,vcan0,600,00000000
1780065304.162912,vcan0,601,00000000
1780065304.162929,vcan0,602,7F000000
1780065304.170248,vcan0,607,FFFFFFFF
1780065304.178855,vcan0,606,00
1780065304.220420,vcan0,607,FFFFFFFF
1780065304.270608,vcan0,607,FFFFFFFF
1780065304.274872,vcan0,600,00000000
1780065304.274899,vcan0,601,00000000
1780065304.274915,vcan0,602,7F000000
1780065304.274930,vcan0,603,00
1780065304.274943,vcan0,604,00
1780065304.274956,vcan0,607,01000000
1780065304.320782,vcan0,607,FFFFFFFF
1780065304.370964,vcan0,607,FFFFFFFF
1780065304.386840,vcan0,600,00000000
1780065304.386865,vcan0,601,00000000
1780065304.386880,vcan0,602,7F000000
1780065304.421147,vcan0,607,FFFFFFFF
1780065304.471336,vcan0,607,FFFFFFFF
1780065304.482857,vcan0,603,00
1780065304.482882,vcan0,604,00
1780065304.482898,vcan0,607,01000000
1780065304.498847,vcan0,600,00000000
1780065304.498868,vcan0,601,00000000
1780065304.498884,vcan0,602,7F000000
1780065304.521516,vcan0,607,FFFFFFFF
1780065304.571680,vcan0,607,FFFFFFFF
1780065304.610857,vcan0,600,00000000
1780065304.610886,vcan0,601,00000000
1780065304.610903,vcan0,602,7F000000
1780065304.621870,vcan0,607,FFFFFFFF
1780065304.672185,vcan0,607,FFFFFFFF
1780065304.690867,vcan0,603,00
1780065304.690896,vcan0,604,00
1780065304.690913,vcan0,606,00
1780065304.690928,vcan0,607,01000000
1780065304.722354,vcan0,607,FFFFFFFF
1780065304.723849,vcan0,600,00000000
1780065304.723871,vcan0,601,00000000
1780065304.723886,vcan0,602,7F000000
1780065304.772517,vcan0,607,FFFFFFFF
1780065304.822649,vcan0,607,FFFFFFFF
1780065304.835858,vcan0,600,00000000
1780065304.835886,vcan0,601,00000000
1780065304.835902,vcan0,602,7F000000
1780065304.872821,vcan0,607,FFFFFFFF
1780065304.899866,vcan0,603,00
1780065304.899892,vcan0,604,00
1780065304.899910,vcan0,607,01000000
1780065304.922988,vcan0,607,FFFFFFFF
1780065304.947837,vcan0,600,00000000
1780065304.947861,vcan0,601,00000000
1780065304.947876,vcan0,602,7F000000
1780065304.973151,vcan0,607,FFFFFFFF
1780065305.023326,vcan0,607,FFFFFFFF
1780065305.058845,vcan0,600,00000000
1780065305.058871,vcan0,601,00000000
1780065305.058887,vcan0,602,7F000000
1780065305.073508,vcan0,607,FFFFFFFF
1780065305.106872,vcan0,603,00
1780065305.106899,vcan0,604,00
1780065305.106917,vcan0,607,01000000
1780065305.123645,vcan0,607,FFFFFFFF
1780065305.170846,vcan0,600,00000000
1780065305.170872,vcan0,601,00000000
1780065305.170887,vcan0,602,7F000000
1780065305.173802,vcan0,607,FFFFFFFF
1780065305.202840,vcan0,606,00
1780065305.223958,vcan0,607,FFFFFFFF
1780065305.266888,vcan0,60D,08000000
1780065305.274116,vcan0,607,FFFFFFFF
1780065305.282839,vcan0,600,00000000
1780065305.282861,vcan0,601,66000000
1780065305.282875,vcan0,602,7F000000
1780065305.314857,vcan0,603,00
1780065305.314879,vcan0,604,00
1780065305.314894,vcan0,607,01000000
1780065305.324323,vcan0,607,FFFFFFFF
1780065305.374523,vcan0,607,FFFFFFFF
1780065305.394841,vcan0,600,00000000
1780065305.394867,vcan0,601,FF000000
1780065305.394881,vcan0,602,7F000000
1780065305.424715,vcan0,607,FFFFFFFF
1780065305.474895,vcan0,607,FFFFFFFF
1780065305.506838,vcan0,600,00000000
1780065305.506863,vcan0,601,FF000000
1780065305.506878,vcan0,602,7F000000
1780065305.522895,vcan0,603,00
1780065305.522926,vcan0,604,00
1780065305.522944,vcan0,607,01000000
1780065305.525079,vcan0,607,FFFFFFFF
1780065305.575260,vcan0,607,FFFFFFFF
1780065305.618840,vcan0,600,00000000
1780065305.618865,vcan0,601,FF000000
1780065305.618879,vcan0,602,7F000000
1780065305.625427,vcan0,607,FFFFFFFF
1780065305.675609,vcan0,607,FFFFFFFF
1780065305.715848,vcan0,606,00
1780065305.725909,vcan0,607,FFFFFFFF
1780065305.731842,vcan0,600,00000000
1780065305.731868,vcan0,601,FF000000
1780065305.731883,vcan0,602,7F000000
1780065305.731896,vcan0,603,00
1780065305.731908,vcan0,604,00
1780065305.731920,vcan0,607,01000000
1780065305.776107,vcan0,607,FFFFFFFF
1780065305.826288,vcan0,607,FFFFFFFF
1780065305.843856,vcan0,600,00000000
1780065305.843883,vcan0,601,FF000000
1780065305.843898,vcan0,602,7F000000
1780065305.876433,vcan0,607,FFFFFFFF
1780065305.926623,vcan0,607,FFFFFFFF
1780065305.939898,vcan0,603,00
1780065305.939930,vcan0,604,00
1780065305.939948,vcan0,607,01000000
1780065305.955841,vcan0,600,00000000
1780065305.955866,vcan0,601,FF000000
1780065305.955880,vcan0,602,7F000000
1780065305.976774,vcan0,607,FFFFFFFF
1780065306.027051,vcan0,607,FFFFFFFF
1780065306.066841,vcan0,600,00000000
1780065306.066868,vcan0,601,FF000000
1780065306.066884,vcan0,602,7F000000
1780065306.077219,vcan0,607,FFFFFFFF
1780065306.127390,vcan0,607,FFFFFFFF
1780065306.146831,vcan0,603,00
1780065306.146857,vcan0,604,00
1780065306.146872,vcan0,607,01000000
1780065306.177733,vcan0,607,FFFFFFFF
1780065306.178825,vcan0,600,00000000
1780065306.178846,vcan0,601,FF000000
1780065306.178860,vcan0,602,7F000000
1780065306.226838,vcan0,606,00
1780065306.227883,vcan0,607,FFFFFFFF
1780065306.278140,vcan0,607,FFFFFFFF
1780065306.290857,vcan0,600,00000000
1780065306.290883,vcan0,601,FF000000
1780065306.290897,vcan0,602,7F000000
1780065306.328403,vcan0,607,FFFFFFFF
1780065306.354843,vcan0,603,00
1780065306.354867,vcan0,604,00
1780065306.354883,vcan0,607,01000000
1780065306.378618,vcan0,607,FFFFFFFF
1780065306.402833,vcan0,600,00000000
1780065306.402859,vcan0,601,FF000000
1780065306.402873,vcan0,602,7F000000
1780065306.428806,vcan0,607,FFFFFFFF
1780065306.478996,vcan0,607,FFFFFFFF
1780065306.514842,vcan0,600,00000000
1780065306.514871,vcan0,601,FF000000
1780065306.514886,vcan0,602,7F000000
1780065306.529181,vcan0,607,FFFFFFFF
1780065306.562839,vcan0,603,00
1780065306.562863,vcan0,604,00
1780065306.562879,vcan0,607,01000000
1780065306.579381,vcan0,607,FFFFFFFF
1780065306.626848,vcan0,600,00000000
1780065306.626877,vcan0,601,FF000000
1780065306.626892,vcan0,602,7F000000
1780065306.629549,vcan0,607,FFFFFFFF
1780065306.679738,vcan0,607,FFFFFFFF
1780065306.729918,vcan0,607,FFFFFFFF
1780065306.739841,vcan0,600,00000000
1780065306.739868,vcan0,601,FF000000
1780065306.739884,vcan0,602,7F000000
1780065306.739901,vcan0,606,00
1780065306.771837,vcan0,603,00
1780065306.771861,vcan0,604,00
1780065306.771877,vcan0,607,01000000
1780065306.780147,vcan0,607,FFFFFFFF
1780065306.830343,vcan0,607,FFFFFFFF
1780065306.851832,vcan0,600,00000000
1780065306.851861,vcan0,601,FF000000
1780065306.851877,vcan0,602,7F000000
1780065306.880531,vcan0,607,FFFFFFFF
1780065306.930720,vcan0,607,FFFFFFFF
1780065306.963834,vcan0,600,00000000
1780065306.963864,vcan0,601,FF000000
1780065306.963879,vcan0,602,7F000000
1780065306.979835,vcan0,603,00
1780065306.979859,vcan0,604,00
1780065306.979875,vcan0,607,01000000
1780065306.980882,vcan0,607,FFFFFFFF
1780065307.031046,vcan0,607,FFFFFFFF
1780065307.074836,vcan0,600,00000000
1780065307.074863,vcan0,601,FF000000
1780065307.074878,vcan0,602,7F000000
1780065307.081207,vcan0,607,FFFFFFFF
1780065307.131381,vcan0,607,FFFFFFFF
1780065307.181562,vcan0,607,FFFFFFFF
1780065307.186839,vcan0,600,00000000
1780065307.186867,vcan0,601,FF000000
1780065307.186883,vcan0,602,7F000000
1780065307.186897,vcan0,603,00
1780065307.186909,vcan0,604,00
1780065307.186922,vcan0,607,01000000
1780065307.231745,vcan0,607,FFFFFFFF
1780065307.250848,vcan0,606,00
1780065307.281898,vcan0,607,FFFFFFFF
1780065307.298824,vcan0,600,00000000
1780065307.298849,vcan0,601,FF000000
1780065307.298864,vcan0,602,7F000000
1780065307.332069,vcan0,607,FFFFFFFF
1780065307.382259,vcan0,607,FFFFFFFF
1780065307.394844,vcan0,603,00
1780065307.394872,vcan0,604,00
1780065307.394889,vcan0,607,01000000
1780065307.410918,vcan0,600,00000000
1780065307.410949,vcan0,601,FF000000
1780065307.410966,vcan0,602,7F000000
1780065307.432434,vcan0,607,FFFFFFFF
1780065307.482608,vcan0,607,FFFFFFFF
1780065307.522872,vcan0,600,00000000
1780065307.522903,vcan0,601,FF000000
1780065307.522920,vcan0,602,7F000000
1780065307.532782,vcan0,607,FFFFFFFF
1780065307.582953,vcan0,607,FFFFFFFF
1780065307.602859,vcan0,603,00
1780065307.602897,vcan0,604,00
1780065307.602921,vcan0,607,01000000
1780065307.633114,vcan0,607,FFFFFFFF
1780065307.634843,vcan0,600,00000000
1780065307.634871,vcan0,601,FF000000
1780065307.634888,vcan0,602,7F000000
1780065307.683285,vcan0,607,FFFFFFFF
1780065307.733465,vcan0,607,FFFFFFFF
1780065307.747849,vcan0,600,00000000
1780065307.747876,vcan0,601,FF000000
1780065307.747892,vcan0,602,7F000000
1780065307.763828,vcan0,606,00
1780065307.783660,vcan0,607,FFFFFFFF
1780065307.811848,vcan0,603,00
1780065307.811878,vcan0,604,00
1780065307.811896,vcan0,607,01000000
1780065307.833838,vcan0,607,FFFFFFFF
1780065307.859819,vcan0,600,00000000
1780065307.859843,vcan0,601,FF000000
1780065307.859858,vcan0,602,7F000000
1780065307.883998,vcan0,607,FFFFFFFF
1780065307.934179,vcan0,607,FFFFFFFF
1780065307.971837,vcan0,600,00000000
1780065307.971862,vcan0,601,FF000000
1780065307.971876,vcan0,602,7F000000
1780065307.984439,vcan0,607,FFFFFFFF
1780065308.018830,vcan0,603,00
1780065308.018859,vcan0,604,00
1780065308.018876,vcan0,607,01000000
1780065308.034632,vcan0,607,FFFFFFFF
1780065308.082809,vcan0,600,00000000
1780065308.082835,vcan0,601,FF000000
1780065308.082850,vcan0,602,7F000000
1780065308.084803,vcan0,607,FFFFFFFF
1780065308.134995,vcan0,607,FFFFFFFF
1780065308.185175,vcan0,607,FFFFFFFF
1780065308.194894,vcan0,600,00000000
1780065308.194926,vcan0,601,FF000000
1780065308.194941,vcan0,602,7F000000
1780065308.226817,vcan0,603,00
1780065308.226840,vcan0,604,00
1780065308.226855,vcan0,607,01000000
1780065308.235339,vcan0,607,FFFFFFFF
1780065308.274828,vcan0,606,00
1780065308.285528,vcan0,607,FFFFFFFF
1780065308.306820,vcan0,600,00000000
1780065308.306844,vcan0,601,FF000000
1780065308.306859,vcan0,602,7F000000
1780065308.335728,vcan0,607,FFFFFFFF
1780065308.385911,vcan0,607,FFFFFFFF
1780065308.418834,vcan0,600,00000000
1780065308.418863,vcan0,601,FF000000
1780065308.418879,vcan0,602,7F000000
1780065308.434822,vcan0,603,00
1780065308.434843,vcan0,604,00
1780065308.434857,vcan0,607,01000000
1780065308.436071,vcan0,607,FFFFFFFF
1780065308.486233,vcan0,607,FFFFFFFF
1780065308.530807,vcan0,600,00000000
1780065308.530833,vcan0,601,FF000000
1780065308.530848,vcan0,602,7F000000
1780065308.536400,vcan0,607,FFFFFFFF
1780065308.586566,vcan0,607,FFFFFFFF
1780065308.636741,vcan0,607,FFFFFFFF
1780065308.642844,vcan0,60D,00000000
1780065308.642875,vcan0,600,00000000
1780065308.642890,vcan0,601,00000000
1780065308.642905,vcan0,602,7F000000
1780065308.642919,vcan0,603,00
1780065308.642931,vcan0,604,00
1780065308.642943,vcan0,607,01000000
1780065308.686924,vcan0,607,FFFFFFFF
1780065308.737094,vcan0,607,FFFFFFFF
1780065308.755821,vcan0,600,00000000
1780065308.755849,vcan0,601,00000000
1780065308.755865,vcan0,602,7F000000
1780065308.787281,vcan0,607,FFFFFFFF
1780065308.787837,vcan0,606,00
1780065308.837464,vcan0,607,FFFFFFFF
1780065308.851829,vcan0,603,00
1780065308.851855,vcan0,604,00
1780065308.851871,vcan0,607,01000000
1780065308.867800,vcan0,600,00000000
1780065308.867821,vcan0,601,00000000
1780065308.867835,vcan0,602,7F000000
1780065308.887712,vcan0,607,FFFFFFFF
1780065308.937927,vcan0,607,FFFFFFFF
1780065308.979839,vcan0,600,00000000
1780065308.979872,vcan0,601,00000000
1780065308.979889,vcan0,602,7F000000
1780065308.988148,vcan0,607,FFFFFFFF
1780065309.038370,vcan0,607,FFFFFFFF
1780065309.058805,vcan0,603,00
1780065309.058830,vcan0,604,00
1780065309.058848,vcan0,607,01000000
1780065309.088697,vcan0,607,FFFFFFFF
1780065309.090793,vcan0,600,00000000
1780065309.090813,vcan0,601,00000000
1780065309.090828,vcan0,602,7F000000
1780065309.138875,vcan0,607,FFFFFFFF
1780065309.189114,vcan0,607,FFFFFFFF
1780065309.202807,vcan0,600,00000000
1780065309.202831,vcan0,601,00000000
1780065309.202846,vcan0,602,7F000000
1780065309.239344,vcan0,607,FFFFFFFF
1780065309.266814,vcan0,603,00
1780065309.266841,vcan0,604,00
1780065309.266858,vcan0,607,01000000
1780065309.289565,vcan0,607,FFFFFFFF
1780065309.298798,vcan0,606,00
1780065309.314791,vcan0,600,00000000
1780065309.314812,vcan0,601,00000000
1780065309.314827,vcan0,602,7F000000
1780065309.339730,vcan0,607,FFFFFFFF
1780065309.389973,vcan0,607,FFFFFFFF
1780065309.426816,vcan0,600,00000000
1780065309.426846,vcan0,601,00000000
1780065309.426862,vcan0,602,7F000000
1780065309.440161,vcan0,607,FFFFFFFF
1780065309.474799,vcan0,603,00
1780065309.474824,vcan0,604,00
1780065309.474840,vcan0,607,01000000
1780065309.490372,vcan0,607,FFFFFFFF
1780065309.538792,vcan0,600,00000000
1780065309.538818,vcan0,601,00000000
1780065309.538833,vcan0,602,7F000000
1780065309.540551,vcan0,607,FFFFFFFF
1780065309.590762,vcan0,607,FFFFFFFF
1780065309.640944,vcan0,607,FFFFFFFF
1780065309.650849,vcan0,600,00000000
1780065309.650888,vcan0,601,00000000
1780065309.650920,vcan0,602,7F000000
1780065309.682799,vcan0,603,00
1780065309.682825,vcan0,604,00
1780065309.682842,vcan0,607,01000000
1780065309.691156,vcan0,607,FFFFFFFF
1780065309.741365,vcan0,607,FFFFFFFF
1780065309.763839,vcan0,600,00000000
1780065309.763868,vcan0,601,00000000
1780065309.763884,vcan0,602,7F000000
1780065309.791571,vcan0,607,FFFFFFFF
1780065309.811797,vcan0,606,00
1780065309.841721,vcan0,607,FFFFFFFF
1780065309.875790,vcan0,600,00000000
1780065309.875815,vcan0,601,00000000
1780065309.875830,vcan0,602,7F000000
1780065309.891782,vcan0,603,00
1780065309.891801,vcan0,604,00
1780065309.891815,vcan0,607,01000000
1780065309.891899,vcan0,607,FFFFFFFF
1780065309.942109,vcan0,607,FFFFFFFF
1780065309.987797,vcan0,600,00000000
1780065309.987821,vcan0,601,00000000
1780065309.987836,vcan0,602,7F000000
1780065309.992319,vcan0,607,FFFFFFFF
1780065310.042541,vcan0,607,FFFFFFFF
1780065310.092737,vcan0,607,FFFFFFFF
1780065310.098799,vcan0,600,00000000
1780065310.098824,vcan0,601,00000000
1780065310.098840,vcan0,602,7F000000
1780065310.098853,vcan0,603,00
1780065310.098866,vcan0,604,00
1780065310.098880,vcan0,607,01000000
1780065310.142926,vcan0,607,FFFFFFFF
1780065310.193122,vcan0,607,FFFFFFFF
1780065310.210819,vcan0,600,00000000
1780065310.210846,vcan0,601,00000000
1780065310.210861,vcan0,602,7F000000
1780065310.243342,vcan0,607,FFFFFFFF
1780065310.293543,vcan0,607,FFFFFFFF
1780065310.306792,vcan0,603,00
1780065310.306822,vcan0,604,00
1780065310.306839,vcan0,607,01000000
1780065310.322782,vcan0,600,00000000
1780065310.322803,vcan0,601,00000000
1780065310.322817,vcan0,602,7F000000
1780065310.322832,vcan0,606,00
1780065310.343724,vcan0,607,FFFFFFFF
1780065310.393909,vcan0,607,FFFFFFFF
1780065310.434790,vcan0,600,00000000
1780065310.434815,vcan0,601,00000000
1780065310.434830,vcan0,602,7F000000
1780065310.444109,vcan0,607,FFFFFFFF
1780065310.494389,vcan0,607,FFFFFFFF
1780065310.514818,vcan0,603,00
1780065310.514849,vcan0,604,00
1780065310.514866,vcan0,607,01000000
1780065310.544602,vcan0,607,FFFFFFFF
1780065310.546787,vcan0,600,00000000
1780065310.546808,vcan0,601,00000000
1780065310.546822,vcan0,602,7F000000
1780065310.594794,vcan0,607,FFFFFFFF
1780065310.645056,vcan0,607,FFFFFFFF
1780065310.658784,vcan0,600,00000000
1780065310.658810,vcan0,601,00000000
1780065310.658825,vcan0,602,7F000000
