scenario,can_id,period_seconds,period_ms
normal,600,0.11201286315917969,112.01286315917969
normal,600,0.11205410957336426,112.05410957336426
normal,600,0.11194992065429688,111.94992065429688
normal,600,0.1119999885559082,111.9999885559082
normal,600,0.11198210716247559,111.98210716247559
normal,600,0.11205101013183594,112.05101013183594
normal,600,0.11295485496520996,112.95485496520996
normal,600,0.11101698875427246,111.01698875427246
normal,600,0.11196708679199219,111.96708679199219
normal,600,0.11206889152526855,112.06889152526855
normal,600,0.11194205284118652,111.94205284118652
normal,600,0.11197900772094727,111.97900772094727
normal,600,0.1120140552520752,112.0140552520752
normal,600,0.11198592185974121,111.98592185974121
normal,600,0.112030029296875,112.030029296875
normal,600,0.1130208969116211,113.0208969116211
normal,600,0.11095714569091797,110.95714569091797
normal,600,0.11205196380615234,112.05196380615234
normal,600,0.11194109916687012,111.94109916687012
normal,600,0.11198592185974121,111.98592185974121
normal,600,0.11201000213623047,112.01000213623047
normal,600,0.11202692985534668,112.02692985534668
normal,600,0.11202812194824219,112.02812194824219
normal,600,0.11197686195373535,111.97686195373535
normal,600,0.11295199394226074,112.95199394226074
normal,600,0.11104202270507812,111.04202270507812
normal,600,0.11200308799743652,112.00308799743652
normal,600,0.1119840145111084,111.9840145111084
normal,600,0.11198997497558594,111.98997497558594
normal,600,0.11197495460510254,111.97495460510254
normal,600,0.1120450496673584,112.0450496673584
normal,600,0.1119990348815918,111.9990348815918
normal,600,0.11296796798706055,112.96796798706055
normal,600,0.11200404167175293,112.00404167175293
normal,600,0.1109769344329834,110.9769344329834
normal,600,0.11201000213623047,112.01000213623047
normal,600,0.11207008361816406,112.07008361816406
normal,600,0.11193680763244629,111.93680763244629
normal,600,0.11202406883239746,112.02406883239746
normal,600,0.11196708679199219,111.96708679199219
normal,600,0.11202883720397949,112.02883720397949
normal,600,0.1129450798034668,112.9450798034668
normal,600,0.11200904846191406,112.00904846191406
normal,600,0.11103487014770508,111.03487014770508
normal,600,0.11196398735046387,111.96398735046387
normal,600,0.11206603050231934,112.06603050231934
normal,600,0.11194014549255371,111.94014549255371
normal,600,0.11199688911437988,111.99688911437988
normal,600,0.11199808120727539,111.99808120727539
normal,600,0.11201286315917969,112.01286315917969
normal,600,0.11298513412475586,112.98513412475586
normal,600,0.11200499534606934,112.00499534606934
normal,600,0.11097502708435059,110.97502708435059
normal,600,0.11200785636901855,112.00785636901855
normal,600,0.11199498176574707,111.99498176574707
normal,600,0.11201810836791992,112.01810836791992
normal,600,0.11198902130126953,111.98902130126953
normal,600,0.11201095581054688,112.01095581054688
normal,600,0.11197400093078613,111.97400093078613
normal,600,0.11300301551818848,113.00301551818848
normal,600,0.1120309829711914,112.0309829711914
normal,600,0.11098909378051758,110.98909378051758
normal,600,0.1120598316192627,112.0598316192627
normal,600,0.1119229793548584,111.9229793548584
normal,600,0.11200499534606934,112.00499534606934
normal,600,0.11199212074279785,111.99212074279785
normal,600,0.1120460033416748,112.0460033416748
normal,600,0.11199092864990234,111.99092864990234
normal,600,0.11295294761657715,112.95294761657715
normal,600,0.11205101013183594,112.05101013183594
normal,600,0.11095404624938965,110.95404624938965
normal,600,0.11200594902038574,112.00594902038574
normal,600,0.11198806762695312,111.98806762695312
normal,600,0.1119990348815918,111.9990348815918
normal,600,0.11201906204223633,112.01906204223633
normal,600,0.11205005645751953,112.05005645751953
normal,600,0.11197185516357422,111.97185516357422
normal,600,0.11297893524169922,112.97893524169922
normal,600,0.11196708679199219,111.96708679199219
normal,600,0.11102294921875,111.02294921875
normal,600,0.11200594902038574,112.00594902038574
normal,600,0.11199808120727539,111.99808120727539
normal,600,0.11199498176574707,111.99498176574707
normal,600,0.11200213432312012,112.00213432312012
normal,600,0.11198091506958008,111.98091506958008
normal,600,0.11201691627502441,112.01691627502441
normal,600,0.11301517486572266,113.01517486572266
normal,600,0.11195802688598633,111.95802688598633
normal,600,0.11101078987121582,111.01078987121582
normal,600,0.11202597618103027,112.02597618103027
normal,600,0.11197304725646973,111.97304725646973
normal,600,0.11203408241271973,112.03408241271973
normal,600,0.1120450496673584,112.0450496673584
normal,600,0.1120760440826416,112.0760440826416
normal,600,0.11186480522155762,111.86480522155762
normal,600,0.11295604705810547,112.95604705810547
normal,600,0.1120150089263916,112.0150089263916
normal,600,0.11098909378051758,110.98909378051758
normal,600,0.1119990348815918,111.9990348815918
normal,600,0.11201596260070801,112.01596260070801
normal,600,0.1119990348815918,111.9990348815918
normal,600,0.11203885078430176,112.03885078430176
normal,600,0.11197304725646973,111.97304725646973
normal,600,0.11198997497558594,111.98997497558594
normal,600,0.11302399635314941,113.02399635314941
normal,600,0.11197805404663086,111.97805404663086
normal,600,0.11098694801330566,110.98694801330566
normal,600,0.11202502250671387,112.02502250671387
normal,600,0.11196112632751465,111.96112632751465
normal,600,0.11199498176574707,111.99498176574707
normal,600,0.11204195022583008,112.04195022583008
normal,600,0.11196184158325195,111.96184158325195
normal,600,0.1119990348815918,111.9990348815918
normal,600,0.11303496360778809,113.03496360778809
normal,600,0.11202621459960938,112.02621459960938
normal,600,0.11100482940673828,111.00482940673828
normal,600,0.11195015907287598,111.95015907287598
normal,600,0.11197900772094727,111.97900772094727
normal,600,0.11202001571655273,112.02001571655273
normal,600,0.11197495460510254,111.97495460510254
normal,600,0.11199593544006348,111.99593544006348
normal,600,0.11202001571655273,112.02001571655273
normal,600,0.1130368709564209,113.0368709564209
normal,600,0.1119680404663086,111.9680404663086
normal,600,0.11098718643188477,110.98718643188477
normal,600,0.11197876930236816,111.97876930236816
normal,600,0.1119990348815918,111.9990348815918
normal,600,0.11201906204223633,112.01906204223633
normal,600,0.11201596260070801,112.01596260070801
normal,600,0.11196112632751465,111.96112632751465
normal,600,0.1120138168334961,112.0138168334961
normal,600,0.11302614212036133,113.02614212036133
normal,600,0.1109628677368164,110.9628677368164
normal,600,0.11202406883239746,112.02406883239746
normal,600,0.11201214790344238,112.01214790344238
normal,600,0.11195182800292969,111.95182800292969
normal,600,0.11202001571655273,112.02001571655273
normal,600,0.11197209358215332,111.97209358215332
normal,600,0.11204886436462402,112.04886436462402
normal,600,0.11195707321166992,111.95707321166992
normal,600,0.11304497718811035,113.04497718811035
normal,600,0.11095404624938965,110.95404624938965
normal,600,0.11199307441711426,111.99307441711426
normal,600,0.1119840145111084,111.9840145111084
normal,600,0.11203193664550781,112.03193664550781
normal,600,0.11197590827941895,111.97590827941895
normal,600,0.11201715469360352,112.01715469360352
normal,600,0.11201691627502441,112.01691627502441
normal,600,0.11200189590454102,112.00189590454102
normal,600,0.11307811737060547,113.07811737060547
normal,600,0.11088895797729492,110.88895797729492
normal,600,0.11199498176574707,111.99498176574707
normal,600,0.11205291748046875,112.05291748046875
normal,600,0.11198115348815918,111.98115348815918
normal,600,0.11203193664550781,112.03193664550781
normal,600,0.11191892623901367,111.91892623901367
normal,600,0.11202716827392578,112.02716827392578
normal,600,0.1129770278930664,112.9770278930664
normal,600,0.11199283599853516,111.99283599853516
normal,600,0.11103701591491699,111.03701591491699
normal,600,0.11197113990783691,111.97113990783691
normal,600,0.11200189590454102,112.00189590454102
normal,600,0.11199307441711426,111.99307441711426
normal,600,0.11200284957885742,112.00284957885742
normal,600,0.112030029296875,112.030029296875
normal,600,0.11196494102478027,111.96494102478027
normal,600,0.11299514770507812,112.99514770507812
normal,600,0.1119999885559082,111.9999885559082
normal,600,0.11099600791931152,110.99600791931152
normal,600,0.1120140552520752,112.0140552520752
normal,600,0.11201691627502441,112.01691627502441
normal,600,0.11197400093078613,111.97400093078613
normal,600,0.11200189590454102,112.00189590454102
normal,600,0.11205506324768066,112.05506324768066
normal,600,0.11200904846191406,112.00904846191406
normal,600,0.11292695999145508,112.92695999145508
normal,600,0.11199212074279785,111.99212074279785
normal,600,0.11102890968322754,111.02890968322754
normal,600,0.11200594902038574,112.00594902038574
normal,600,0.11198210716247559,111.98210716247559
normal,600,0.11204195022583008,112.04195022583008
normal,600,0.11194705963134766,111.94705963134766
normal,600,0.11201095581054688,112.01095581054688
normal,600,0.11198592185974121,111.98592185974121
normal,600,0.1129910945892334,112.9910945892334
normal,600,0.11201906204223633,112.01906204223633
normal,600,0.11098599433898926,110.98599433898926
normal,600,0.11202096939086914,112.02096939086914
normal,600,0.11198687553405762,111.98687553405762
normal,600,0.1119840145111084,111.9840145111084
normal,600,0.1119999885559082,111.9999885559082
normal,600,0.11202406883239746,112.02406883239746
normal,600,0.11199188232421875,111.99188232421875
normal,600,0.11298918724060059,112.98918724060059
normal,600,0.11204791069030762,112.04791069030762
normal,600,0.11094808578491211,110.94808578491211
normal,600,0.11199188232421875,111.99188232421875
normal,600,0.11198616027832031,111.98616027832031
normal,600,0.11202192306518555,112.02192306518555
normal,600,0.11199688911437988,111.99688911437988
normal,600,0.1119990348815918,111.9990348815918
normal,600,0.11199402809143066,111.99402809143066
normal,600,0.11299896240234375,112.99896240234375
normal,600,0.1119849681854248,111.9849681854248
normal,600,0.11100101470947266,111.00101470947266
normal,600,0.11201715469360352,112.01715469360352
normal,600,0.11200785636901855,112.00785636901855
normal,600,0.11197710037231445,111.97710037231445
normal,600,0.11205697059631348,112.05697059631348
normal,600,0.11194992065429688,111.94992065429688
normal,600,0.11200594902038574,112.00594902038574
normal,600,0.11301803588867188,113.01803588867188
normal,600,0.11198115348815918,111.98115348815918
normal,600,0.11100292205810547,111.00292205810547
normal,600,0.112030029296875,112.030029296875
normal,600,0.11194491386413574,111.94491386413574
normal,600,0.11201214790344238,112.01214790344238
normal,600,0.11200499534606934,112.00499534606934
normal,600,0.11199593544006348,111.99593544006348
normal,600,0.1119999885559082,111.9999885559082
normal,600,0.11303210258483887,113.03210258483887
normal,600,0.11200499534606934,112.00499534606934
normal,600,0.11095595359802246,110.95595359802246
normal,600,0.11198091506958008,111.98091506958008
normal,600,0.11200499534606934,112.00499534606934
normal,600,0.11204791069030762,112.04791069030762
normal,600,0.11199617385864258,111.99617385864258
normal,600,0.11194801330566406,111.94801330566406
normal,600,0.11199188232421875,111.99188232421875
normal,600,0.11307001113891602,113.07001113891602
normal,600,0.1120150089263916,112.0150089263916
normal,600,0.11097192764282227,110.97192764282227
normal,600,0.11202120780944824,112.02120780944824
normal,600,0.11194992065429688,111.94992065429688
normal,600,0.11198091506958008,111.98091506958008
normal,600,0.1120140552520752,112.0140552520752
normal,600,0.11198711395263672,111.98711395263672
normal,600,0.11203885078430176,112.03885078430176
normal,600,0.11297297477722168,112.97297477722168
normal,600,0.111968994140625,111.968994140625
normal,600,0.11099410057067871,110.99410057067871
normal,600,0.11202096939086914,112.02096939086914
normal,600,0.11200690269470215,112.00690269470215
normal,600,0.11198019981384277,111.98019981384277
normal,600,0.11199283599853516,111.99283599853516
normal,600,0.11205816268920898,112.05816268920898
normal,600,0.11194396018981934,111.94396018981934
normal,600,0.11306285858154297,113.06285858154297
normal,600,0.11192607879638672,111.92607879638672
normal,600,0.11103200912475586,111.03200912475586
normal,600,0.11197400093078613,111.97400093078613
normal,600,0.11205291748046875,112.05291748046875
normal,600,0.1119379997253418,111.9379997253418
normal,600,0.11199617385864258,111.99617385864258
normal,600,0.11203193664550781,112.03193664550781
normal,600,0.11198687553405762,111.98687553405762
normal,600,0.11298108100891113,112.98108100891113
normal,600,0.11102104187011719,111.02104187011719
normal,600,0.11202788352966309,112.02788352966309
normal,600,0.11195111274719238,111.95111274719238
normal,600,0.1120290756225586,112.0290756225586
normal,600,0.11203885078430176,112.03885078430176
normal,600,0.11197400093078613,111.97400093078613
normal,600,0.11196112632751465,111.96112632751465
normal,600,0.11198186874389648,111.98186874389648
normal,600,0.11301994323730469,113.01994323730469
normal,600,0.11098098754882812,110.98098754882812
normal,600,0.11200904846191406,112.00904846191406
normal,600,0.11204695701599121,112.04695701599121
normal,600,0.11195921897888184,111.95921897888184
normal,600,0.11197876930236816,111.97876930236816
normal,600,0.11201906204223633,112.01906204223633
normal,600,0.11203598976135254,112.03598976135254
normal,600,0.11198115348815918,111.98115348815918
normal,600,0.11297082901000977,112.97082901000977
normal,600,0.11100006103515625,111.00006103515625
normal,600,0.11200094223022461,112.00094223022461
normal,600,0.1120140552520752,112.0140552520752
normal,600,0.11199712753295898,111.99712753295898
normal,600,0.11195778846740723,111.95778846740723
normal,600,0.11206507682800293,112.06507682800293
normal,600,0.11195111274719238,111.95111274719238
normal,600,0.1130058765411377,113.0058765411377
normal,600,0.11205005645751953,112.05005645751953
normal,600,0.11094093322753906,110.94093322753906
normal,600,0.11199593544006348,111.99593544006348
normal,600,0.11200118064880371,112.00118064880371
normal,600,0.1120610237121582,112.0610237121582
normal,600,0.11194300651550293,111.94300651550293
normal,600,0.1119840145111084,111.9840145111084
normal,600,0.11207699775695801,112.07699775695801
normal,600,0.11293578147888184,112.93578147888184
normal,600,0.11200499534606934,112.00499534606934
normal,600,0.11103105545043945,111.03105545043945
normal,600,0.11195206642150879,111.95206642150879
normal,600,0.1120140552520752,112.0140552520752
normal,600,0.11200690269470215,112.00690269470215
normal,600,0.11205005645751953,112.05005645751953
normal,600,0.11193108558654785,111.93108558654785
normal,600,0.11198282241821289,111.98282241821289
normal,600,0.11300110816955566,113.00110816955566
normal,600,0.11200094223022461,112.00094223022461
normal,600,0.11100292205810547,111.00292205810547
normal,600,0.11198306083679199,111.98306083679199
normal,600,0.11206293106079102,112.06293106079102
normal,600,0.11194014549255371,111.94014549255371
normal,600,0.11202502250671387,112.02502250671387
normal,600,0.11198282241821289,111.98282241821289
normal,600,0.11199402809143066,111.99402809143066
normal,600,0.11302900314331055,113.02900314331055
normal,600,0.1119852066040039,111.9852066040039
normal,600,0.11097288131713867,110.97288131713867
normal,600,0.11201691627502441,112.01691627502441
normal,600,0.11202812194824219,112.02812194824219
normal,600,0.11197185516357422,111.97185516357422
normal,600,0.1119840145111084,111.9840145111084
normal,600,0.11202311515808105,112.02311515808105
normal,600,0.11202502250671387,112.02502250671387
normal,600,0.11294984817504883,112.94984817504883
normal,600,0.11200809478759766,112.00809478759766
normal,600,0.11099600791931152,110.99600791931152
normal,600,0.112091064453125,112.091064453125
normal,600,0.11191082000732422,111.91082000732422
normal,600,0.11200523376464844,112.00523376464844
normal,600,0.1119987964630127,111.9987964630127
normal,600,0.1120140552520752,112.0140552520752
normal,600,0.11198592185974121,111.98592185974121
normal,600,0.11300301551818848,113.00301551818848
normal,600,0.1119852066040039,111.9852066040039
normal,600,0.1110069751739502,111.0069751739502
normal,600,0.11205792427062988,112.05792427062988
normal,600,0.11191892623901367,111.91892623901367
normal,600,0.11200213432312012,112.00213432312012
normal,600,0.11200284957885742,112.00284957885742
normal,600,0.1119990348815918,111.9990348815918
normal,600,0.11200714111328125,112.00714111328125
normal,600,0.11300992965698242,113.00992965698242
normal,600,0.11199092864990234,111.99092864990234
normal,600,0.1109769344329834,110.9769344329834
normal,600,0.1120450496673584,112.0450496673584
normal,600,0.11195111274719238,111.95111274719238
normal,600,0.11200094223022461,112.00094223022461
normal,600,0.1119990348815918,111.9990348815918
normal,600,0.11202001571655273,112.02001571655273
normal,600,0.11199092864990234,111.99092864990234
normal,600,0.11299800872802734,112.99800872802734
normal,600,0.11199498176574707,111.99498176574707
normal,600,0.1110069751739502,111.0069751739502
normal,600,0.1120290756225586,112.0290756225586
normal,600,0.11199593544006348,111.99593544006348
normal,600,0.11198806762695312,111.98806762695312
normal,600,0.11196398735046387,111.96398735046387
normal,600,0.11202406883239746,112.02406883239746
normal,600,0.11196398735046387,111.96398735046387
normal,600,0.1130218505859375,113.0218505859375
normal,600,0.11199712753295898,111.99712753295898
normal,600,0.11099696159362793,110.99696159362793
normal,600,0.11200094223022461,112.00094223022461
normal,600,0.11201000213623047,112.01000213623047
normal,600,0.11198806762695312,111.98806762695312
normal,600,0.11199188232421875,111.99188232421875
normal,600,0.11202812194824219,112.02812194824219
normal,600,0.11201906204223633,112.01906204223633
normal,600,0.11298298835754395,112.98298835754395
normal,600,0.11195802688598633,111.95802688598633
normal,600,0.1110239028930664,111.0239028930664
normal,600,0.1119990348815918,111.9990348815918
normal,600,0.1119840145111084,111.9840145111084
normal,600,0.11200284957885742,112.00284957885742
normal,600,0.11200809478759766,112.00809478759766
normal,600,0.11198091506958008,111.98091506958008
normal,600,0.11201810836791992,112.01810836791992
normal,600,0.11302900314331055,113.02900314331055
normal,600,0.11194586753845215,111.94586753845215
normal,600,0.1110382080078125,111.0382080078125
normal,600,0.11196398735046387,111.96398735046387
normal,600,0.11200189590454102,112.00189590454102
normal,600,0.11200404167175293,112.00404167175293
normal,600,0.11203408241271973,112.03408241271973
normal,600,0.1120150089263916,112.0150089263916
normal,600,0.11193490028381348,111.93490028381348
normal,600,0.11301803588867188,113.01803588867188
normal,600,0.11102986335754395,111.02986335754395
normal,600,0.11197805404663086,111.97805404663086
normal,600,0.1119699478149414,111.9699478149414
normal,600,0.1120140552520752,112.0140552520752
normal,600,0.11201906204223633,112.01906204223633
normal,600,0.111968994140625,111.968994140625
normal,600,0.11202287673950195,112.02287673950195
normal,600,0.11197018623352051,111.97018623352051
normal,600,0.11300301551818848,113.00301551818848
normal,600,0.1110239028930664,111.0239028930664
normal,600,0.11197805404663086,111.97805404663086
normal,600,0.11198592185974121,111.98592185974121
normal,600,0.11200213432312012,112.00213432312012
normal,600,0.1119987964630127,111.9987964630127
normal,600,0.11199116706848145,111.99116706848145
normal,600,0.11200094223022461,112.00094223022461
normal,600,0.11203908920288086,112.03908920288086
normal,600,0.11298584938049316,112.98584938049316
normal,600,0.11096000671386719,110.96000671386719
normal,600,0.11203193664550781,112.03193664550781
normal,600,0.11199307441711426,111.99307441711426
normal,600,0.11199307441711426,111.99307441711426
normal,600,0.11202788352966309,112.02788352966309
normal,600,0.11196708679199219,111.96708679199219
normal,600,0.11201286315917969,112.01286315917969
normal,600,0.11303901672363281,113.03901672363281
normal,600,0.11194705963134766,111.94705963134766
normal,600,0.11102509498596191,111.02509498596191
normal,600,0.11197900772094727,111.97900772094727
normal,600,0.11203885078430176,112.03885078430176
normal,600,0.11195516586303711,111.95516586303711
normal,600,0.1119999885559082,111.9999885559082
normal,600,0.11200094223022461,112.00094223022461
normal,600,0.11197400093078613,111.97400093078613
normal,600,0.11307907104492188,113.07907104492188
normal,600,0.11194586753845215,111.94586753845215
normal,600,0.1110069751739502,111.0069751739502
normal,600,0.11198997497558594,111.98997497558594
normal,600,0.11198306083679199,111.98306083679199
normal,600,0.11202692985534668,112.02692985534668
normal,600,0.11198210716247559,111.98210716247559
normal,600,0.11201906204223633,112.01906204223633
normal,600,0.1119699478149414,111.9699478149414
normal,600,0.11300492286682129,113.00492286682129
normal,600,0.11201810836791992,112.01810836791992
normal,600,0.11099696159362793,110.99696159362793
normal,600,0.11202311515808105,112.02311515808105
normal,600,0.11196279525756836,111.96279525756836
normal,600,0.11198306083679199,111.98306083679199
normal,600,0.11198997497558594,111.98997497558594
normal,600,0.11201310157775879,112.01310157775879
normal,600,0.11199283599853516,111.99283599853516
normal,600,0.11303019523620605,113.03019523620605
normal,600,0.11202788352966309,112.02788352966309
normal,600,0.11093997955322266,110.93997955322266
normal,600,0.11204409599304199,112.04409599304199
normal,600,0.11196208000183105,111.96208000183105
normal,600,0.11201691627502441,112.01691627502441
normal,600,0.11203193664550781,112.03193664550781
normal,600,0.11194992065429688,111.94992065429688
normal,600,0.11197614669799805,111.97614669799805
normal,600,0.11306405067443848,113.06405067443848
normal,600,0.1119530200958252,111.9530200958252
normal,600,0.11099696159362793,110.99696159362793
normal,600,0.11219596862792969,112.19596862792969
normal,600,0.11179089546203613,111.79089546203613
normal,600,0.11201214790344238,112.01214790344238
normal,600,0.11199498176574707,111.99498176574707
normal,600,0.11200690269470215,112.00690269470215
normal,600,0.11200094223022461,112.00094223022461
normal,600,0.1130361557006836,113.0361557006836
normal,600,0.11198997497558594,111.98997497558594
normal,600,0.11097884178161621,110.97884178161621
normal,600,0.11197018623352051,111.97018623352051
normal,600,0.1119999885559082,111.9999885559082
normal,600,0.1119990348815918,111.9990348815918
normal,600,0.11200189590454102,112.00189590454102
normal,600,0.11203694343566895,112.03694343566895
normal,600,0.11197710037231445,111.97710037231445
normal,600,0.1130070686340332,113.0070686340332
normal,600,0.11200499534606934,112.00499534606934
normal,600,0.11103391647338867,111.03391647338867
normal,600,0.11193203926086426,111.93203926086426
normal,600,0.11199688911437988,111.99688911437988
normal,600,0.11199617385864258,111.99617385864258
normal,600,0.11200594902038574,112.00594902038574
normal,600,0.1119990348815918,111.9990348815918
normal,600,0.1120598316192627,112.0598316192627
normal,600,0.11298298835754395,112.98298835754395
normal,600,0.11195206642150879,111.95206642150879
normal,600,0.11104393005371094,111.04393005371094
normal,600,0.111968994140625,111.968994140625
normal,600,0.11197900772094727,111.97900772094727
normal,600,0.11200904846191406,112.00904846191406
normal,600,0.11200308799743652,112.00308799743652
normal,600,0.11200404167175293,112.00404167175293
normal,600,0.11200189590454102,112.00189590454102
normal,600,0.11299490928649902,112.99490928649902
normal,600,0.11199402809143066,111.99402809143066
normal,600,0.11097311973571777,110.97311973571777
normal,600,0.11205005645751953,112.05005645751953
normal,600,0.11200785636901855,112.00785636901855
normal,600,0.11194992065429688,111.94992065429688
normal,600,0.11202716827392578,112.02716827392578
normal,600,0.11208701133728027,112.08701133728027
normal,600,0.11187601089477539,111.87601089477539
normal,600,0.11300992965698242,113.00992965698242
normal,600,0.11200094223022461,112.00094223022461
normal,600,0.11103010177612305,111.03010177612305
normal,600,0.11197900772094727,111.97900772094727
normal,600,0.11200785636901855,112.00785636901855
normal,600,0.11198019981384277,111.98019981384277
normal,600,0.11199498176574707,111.99498176574707
normal,600,0.11200785636901855,112.00785636901855
normal,600,0.11201715469360352,112.01715469360352
normal,600,0.11304283142089844,113.04283142089844
normal,600,0.11192512512207031,111.92512512207031
normal,600,0.11099505424499512,110.99505424499512
normal,600,0.11202192306518555,112.02192306518555
normal,600,0.11199498176574707,111.99498176574707
normal,600,0.11203598976135254,112.03598976135254
normal,600,0.11196088790893555,111.96088790893555
normal,600,0.1119840145111084,111.9840145111084
normal,600,0.11200118064880371,112.00118064880371
normal,600,0.11300182342529297,113.00182342529297
normal,600,0.1110379695892334,111.0379695892334
normal,600,0.11197304725646973,111.97304725646973
normal,600,0.11203718185424805,112.03718185424805
normal,600,0.11202478408813477,112.02478408813477
normal,600,0.11192607879638672,111.92607879638672
normal,600,0.11199712753295898,111.99712753295898
normal,600,0.11198186874389648,111.98186874389648
normal,600,0.11200499534606934,112.00499534606934
normal,600,0.11299514770507812,112.99514770507812
normal,600,0.11101078987121582,111.01078987121582
normal,600,0.11199402809143066,111.99402809143066
normal,600,0.1119990348815918,111.9990348815918
normal,600,0.11202406883239746,112.02406883239746
normal,600,0.11195802688598633,111.95802688598633
normal,600,0.11204004287719727,112.04004287719727
normal,600,0.11200594902038574,112.00594902038574
normal,600,0.11199784278869629,111.99784278869629
normal,600,0.11298108100891113,112.98108100891113
normal,600,0.11098194122314453,110.98194122314453
normal,600,0.11201596260070801,112.01596260070801
normal,600,0.11198711395263672,111.98711395263672
normal,600,0.11201810836791992,112.01810836791992
normal,600,0.11198091506958008,111.98091506958008
normal,600,0.11207890510559082,112.07890510559082
normal,600,0.11191010475158691,111.91010475158691
normal,600,0.11301398277282715,113.01398277282715
normal,600,0.11198306083679199,111.98306083679199
normal,600,0.11100101470947266,111.00101470947266
normal,600,0.11200094223022461,112.00094223022461
normal,600,0.11200499534606934,112.00499534606934
normal,600,0.1119849681854248,111.9849681854248
normal,600,0.11200690269470215,112.00690269470215
normal,600,0.11199712753295898,111.99712753295898
normal,600,0.11200094223022461,112.00094223022461
normal,600,0.11299610137939453,112.99610137939453
normal,600,0.11210799217224121,112.10799217224121
normal,600,0.11092400550842285,110.92400550842285
normal,600,0.11197495460510254,111.97495460510254
normal,600,0.11200189590454102,112.00189590454102
normal,600,0.11199808120727539,111.99808120727539
normal,600,0.11201691627502441,112.01691627502441
normal,600,0.11196613311767578,111.96613311767578
normal,600,0.1120140552520752,112.0140552520752
normal,600,0.11307287216186523,113.07287216186523
normal,600,0.11190509796142578,111.90509796142578
normal,600,0.11100602149963379,111.00602149963379
normal,600,0.11199688911437988,111.99688911437988
normal,600,0.11206698417663574,112.06698417663574
normal,600,0.11193394660949707,111.93394660949707
normal,600,0.11202311515808105,112.02311515808105
normal,600,0.11197805404663086,111.97805404663086
normal,600,0.11200284957885742,112.00284957885742
normal,600,0.11297607421875,112.97607421875
normal,600,0.11202001571655273,112.02001571655273
normal,600,0.11103987693786621,111.03987693786621
normal,600,0.11194705963134766,111.94705963134766
normal,600,0.11200308799743652,112.00308799743652
normal,600,0.1119990348815918,111.9990348815918
normal,600,0.11200690269470215,112.00690269470215
normal,600,0.11200094223022461,112.00094223022461
normal,600,0.1119840145111084,111.9840145111084
normal,600,0.11302804946899414,113.02804946899414
normal,600,0.11199808120727539,111.99808120727539
normal,600,0.11097502708435059,110.97502708435059
normal,600,0.11206293106079102,112.06293106079102
normal,600,0.1119239330291748,111.9239330291748
normal,600,0.11218500137329102,112.18500137329102
normal,600,0.11182308197021484,111.82308197021484
normal,600,0.11200904846191406,112.00904846191406
normal,600,0.11198687553405762,111.98687553405762
normal,600,0.11299395561218262,112.99395561218262
normal,600,0.1119999885559082,111.9999885559082
normal,600,0.11100006103515625,111.00006103515625
normal,600,0.11199808120727539,111.99808120727539
normal,600,0.11202001571655273,112.02001571655273
normal,600,0.11200785636901855,112.00785636901855
normal,600,0.11199402809143066,111.99402809143066
normal,600,0.1119840145111084,111.9840145111084
normal,600,0.11201310157775879,112.01310157775879
normal,600,0.11297893524169922,112.97893524169922
normal,600,0.11200308799743652,112.00308799743652
normal,600,0.11104202270507812,111.04202270507812
normal,600,0.11195898056030273,111.95898056030273
normal,600,0.11202096939086914,112.02096939086914
normal,600,0.11197400093078613,111.97400093078613
normal,600,0.1119990348815918,111.9990348815918
normal,600,0.11200380325317383,112.00380325317383
normal,600,0.11200618743896484,112.00618743896484
normal,600,0.1129908561706543,112.9908561706543
normal,600,0.1119840145111084,111.9840145111084
normal,600,0.1109919548034668,110.9919548034668
normal,600,0.11199712753295898,111.99712753295898
normal,600,0.11200404167175293,112.00404167175293
normal,600,0.11199188232421875,111.99188232421875
normal,600,0.11200714111328125,112.00714111328125
normal,600,0.11199688911437988,111.99688911437988
normal,600,0.11205601692199707,112.05601692199707
normal,600,0.11300396919250488,113.00396919250488
normal,600,0.11195707321166992,111.95707321166992
normal,600,0.1110079288482666,111.0079288482666
normal,600,0.11197590827941895,111.97590827941895
normal,600,0.11202311515808105,112.02311515808105
normal,600,0.11203289031982422,112.03289031982422
normal,600,0.11197209358215332,111.97209358215332
normal,600,0.11197304725646973,111.97304725646973
normal,600,0.11200284957885742,112.00284957885742
normal,600,0.11298799514770508,112.98799514770508
normal,600,0.11200308799743652,112.00308799743652
normal,600,0.11101412773132324,111.01412773132324
normal,600,0.11197996139526367,111.97996139526367
normal,600,0.11200499534606934,112.00499534606934
normal,600,0.11199688911437988,111.99688911437988
normal,600,0.1119990348815918,111.9990348815918
normal,600,0.11199092864990234,111.99092864990234
normal,600,0.11200404167175293,112.00404167175293
normal,600,0.11299300193786621,112.99300193786621
normal,600,0.11199712753295898,111.99712753295898
normal,600,0.11100983619689941,111.00983619689941
normal,600,0.11198806762695312,111.98806762695312
normal,600,0.11200499534606934,112.00499534606934
normal,600,0.11199593544006348,111.99593544006348
normal,600,0.11199808120727539,111.99808120727539
normal,600,0.11201810836791992,112.01810836791992
normal,600,0.11200499534606934,112.00499534606934
normal,600,0.11297178268432617,112.97178268432617
normal,600,0.11103010177612305,111.03010177612305
normal,600,0.11196589469909668,111.96589469909668
normal,601,0.11200499534606934,112.00499534606934
normal,601,0.11206388473510742,112.06388473510742
normal,601,0.11195015907287598,111.95015907287598
normal,601,0.11199688911437988,111.99688911437988
normal,601,0.11197996139526367,111.97996139526367
normal,601,0.1120750904083252,112.0750904083252
normal,601,0.1129300594329834,112.9300594329834
normal,601,0.11102104187011719,111.02104187011719
normal,601,0.11196279525756836,111.96279525756836
normal,601,0.11207818984985352,112.07818984985352
normal,601,0.11193585395812988,111.93585395812988
normal,601,0.11197614669799805,111.97614669799805
normal,601,0.11201596260070801,112.01596260070801
normal,601,0.11197805404663086,111.97805404663086
normal,601,0.11203694343566895,112.03694343566895
normal,601,0.11302495002746582,113.02495002746582
normal,601,0.11095094680786133,110.95094680786133
normal,601,0.11206316947937012,112.06316947937012
normal,601,0.11193680763244629,111.93680763244629
normal,601,0.11198210716247559,111.98210716247559
normal,601,0.11200690269470215,112.00690269470215
normal,601,0.1120290756225586,112.0290756225586
normal,601,0.11203193664550781,112.03193664550781
normal,601,0.11198115348815918,111.98115348815918
normal,601,0.11294698715209961,112.94698715209961
normal,601,0.11104083061218262,111.04083061218262
normal,601,0.1119999885559082,111.9999885559082
normal,601,0.11198616027832031,111.98616027832031
normal,601,0.11198782920837402,111.98782920837402
normal,601,0.11197519302368164,111.97519302368164
normal,601,0.11204791069030762,112.04791069030762
normal,601,0.11199808120727539,111.99808120727539
normal,601,0.11296701431274414,112.96701431274414
normal,601,0.11200594902038574,112.00594902038574
normal,601,0.11097407341003418,110.97407341003418
normal,601,0.11201190948486328,112.01190948486328
normal,601,0.11207294464111328,112.07294464111328
normal,601,0.1119389533996582,111.9389533996582
normal,601,0.11201620101928711,112.01620101928711
normal,601,0.11196494102478027,111.96494102478027
normal,601,0.1120309829711914,112.0309829711914
normal,601,0.11294198036193848,112.94198036193848
normal,601,0.11201786994934082,112.01786994934082
normal,601,0.11103105545043945,111.03105545043945
normal,601,0.11196613311767578,111.96613311767578
normal,601,0.11206793785095215,112.06793785095215
normal,601,0.11193990707397461,111.93990707397461
normal,601,0.11199712753295898,111.99712753295898
normal,601,0.11199593544006348,111.99593544006348
normal,601,0.1120150089263916,112.0150089263916
normal,601,0.11298298835754395,112.98298835754395
normal,601,0.11200499534606934,112.00499534606934
normal,601,0.11096501350402832,110.96501350402832
normal,601,0.11201310157775879,112.01310157775879
normal,601,0.11199283599853516,111.99283599853516
normal,601,0.11202502250671387,112.02502250671387
normal,601,0.11198616027832031,111.98616027832031
normal,601,0.11201596260070801,112.01596260070801
normal,601,0.11196494102478027,111.96494102478027
normal,601,0.11300492286682129,113.00492286682129
normal,601,0.11203908920288086,112.03908920288086
normal,601,0.11098599433898926,110.98599433898926
normal,601,0.11207294464111328,112.07294464111328
normal,601,0.111907958984375,111.907958984375
normal,601,0.11200904846191406,112.00904846191406
normal,601,0.1119840145111084,111.9840145111084
normal,601,0.11205291748046875,112.05291748046875
normal,601,0.11198711395263672,111.98711395263672
normal,601,0.11295294761657715,112.95294761657715
normal,601,0.11205792427062988,112.05792427062988
normal,601,0.11094808578491211,110.94808578491211
normal,601,0.11200499534606934,112.00499534606934
normal,601,0.11198806762695312,111.98806762695312
normal,601,0.11199784278869629,111.99784278869629
normal,601,0.11202001571655273,112.02001571655273
normal,601,0.11206912994384766,112.06912994384766
normal,601,0.11196088790893555,111.96088790893555
normal,601,0.11297011375427246,112.97011375427246
normal,601,0.11196208000183105,111.96208000183105
normal,601,0.11102890968322754,111.02890968322754
normal,601,0.11200594902038574,112.00594902038574
normal,601,0.11200308799743652,112.00308799743652
normal,601,0.11198902130126953,111.98902130126953
normal,601,0.11200284957885742,112.00284957885742
normal,601,0.11198210716247559,111.98210716247559
normal,601,0.11201906204223633,112.01906204223633
normal,601,0.11301398277282715,113.01398277282715
normal,601,0.11195683479309082,111.95683479309082
normal,601,0.11101007461547852,111.01007461547852
normal,601,0.11203193664550781,112.03193664550781
normal,601,0.11197400093078613,111.97400093078613
normal,601,0.11203408241271973,112.03408241271973
normal,601,0.11205291748046875,112.05291748046875
normal,601,0.1120750904083252,112.0750904083252
normal,601,0.11185598373413086,111.85598373413086
normal,601,0.11294889450073242,112.94889450073242
normal,601,0.11202001571655273,112.02001571655273
normal,601,0.11098718643188477,110.98718643188477
normal,601,0.11199498176574707,111.99498176574707
normal,601,0.11201882362365723,112.01882362365723
normal,601,0.1119999885559082,111.9999885559082
normal,601,0.11205911636352539,112.05911636352539
normal,601,0.1119530200958252,111.9530200958252
normal,601,0.11199092864990234,111.99092864990234
normal,601,0.1130211353302002,113.0211353302002
normal,601,0.1119849681854248,111.9849681854248
normal,601,0.11097884178161621,110.97884178161621
normal,601,0.1120290756225586,112.0290756225586
normal,601,0.11195802688598633,111.95802688598633
normal,601,0.11199808120727539,111.99808120727539
normal,601,0.11205792427062988,112.05792427062988
normal,601,0.11194300651550293,111.94300651550293
normal,601,0.11199808120727539,111.99808120727539
normal,601,0.1130528450012207,113.0528450012207
normal,601,0.11203503608703613,112.03503608703613
normal,601,0.1109929084777832,110.9929084777832
normal,601,0.11194014549255371,111.94014549255371
normal,601,0.11197495460510254,111.97495460510254
normal,601,0.11202192306518555,112.02192306518555
normal,601,0.11197400093078613,111.97400093078613
normal,601,0.11199808120727539,111.99808120727539
normal,601,0.11202096939086914,112.02096939086914
normal,601,0.11305809020996094,113.05809020996094
normal,601,0.11194491386413574,111.94491386413574
normal,601,0.11098909378051758,110.98909378051758
normal,601,0.11198282241821289,111.98282241821289
normal,601,0.1120002269744873,112.0002269744873
normal,601,0.11202192306518555,112.02192306518555
normal,601,0.11200404167175293,112.00404167175293
normal,601,0.11196684837341309,111.96684837341309
normal,601,0.11201596260070801,112.01596260070801
normal,601,0.11302614212036133,113.02614212036133
normal,601,0.11095595359802246,110.95595359802246
normal,601,0.112030029296875,112.030029296875
normal,601,0.11200594902038574,112.00594902038574
normal,601,0.11195111274719238,111.95111274719238
normal,601,0.11202287673950195,112.02287673950195
normal,601,0.11197113990783691,111.97113990783691
normal,601,0.11205291748046875,112.05291748046875
normal,601,0.11195087432861328,111.95087432861328
normal,601,0.11305904388427734,113.05904388427734
normal,601,0.11094212532043457,110.94212532043457
normal,601,0.11199283599853516,111.99283599853516
normal,601,0.11197805404663086,111.97805404663086
normal,601,0.11203598976135254,112.03598976135254
normal,601,0.11197400093078613,111.97400093078613
normal,601,0.11201906204223633,112.01906204223633
normal,601,0.11202311515808105,112.02311515808105
normal,601,0.1119999885559082,111.9999885559082
normal,601,0.1130979061126709,113.0979061126709
normal,601,0.11086893081665039,110.86893081665039
normal,601,0.11199402809143066,111.99402809143066
normal,601,0.11207199096679688,112.07199096679688
normal,601,0.11196303367614746,111.96303367614746
normal,601,0.11257600784301758,112.57600784301758
normal,601,0.11137008666992188,111.37008666992188
normal,601,0.11202692985534668,112.02692985534668
normal,601,0.11297893524169922,112.97893524169922
normal,601,0.11198902130126953,111.98902130126953
normal,601,0.11104297637939453,111.04297637939453
normal,601,0.11196708679199219,111.96708679199219
normal,601,0.11200284957885742,112.00284957885742
normal,601,0.11199307441711426,111.99307441711426
normal,601,0.11200499534606934,112.00499534606934
normal,601,0.1120290756225586,112.0290756225586
normal,601,0.11196589469909668,111.96589469909668
normal,601,0.11299419403076172,112.99419403076172
normal,601,0.11200094223022461,112.00094223022461
normal,601,0.11099600791931152,110.99600791931152
normal,601,0.11201190948486328,112.01190948486328
normal,601,0.11202001571655273,112.02001571655273
normal,601,0.11196708679199219,111.96708679199219
normal,601,0.11201000213623047,112.01000213623047
normal,601,0.11205792427062988,112.05792427062988
normal,601,0.11200499534606934,112.00499534606934
normal,601,0.11292290687561035,112.92290687561035
normal,601,0.11199402809143066,111.99402809143066
normal,601,0.11102700233459473,111.02700233459473
normal,601,0.11201000213623047,112.01000213623047
normal,601,0.11198115348815918,111.98115348815918
normal,601,0.11206984519958496,112.06984519958496
normal,601,0.11191701889038086,111.91701889038086
normal,601,0.11201310157775879,112.01310157775879
normal,601,0.11198592185974121,111.98592185974121
normal,601,0.11298394203186035,112.98394203186035
normal,601,0.11202311515808105,112.02311515808105
normal,601,0.11098384857177734,110.98384857177734
normal,601,0.11202716827392578,112.02716827392578
normal,601,0.11198782920837402,111.98782920837402
normal,601,0.11198210716247559,111.98210716247559
normal,601,0.11200094223022461,112.00094223022461
normal,601,0.11202311515808105,112.02311515808105
normal,601,0.11199402809143066,111.99402809143066
normal,601,0.11298704147338867,112.98704147338867
normal,601,0.1120457649230957,112.0457649230957
normal,601,0.1109471321105957,110.9471321105957
normal,601,0.11199188232421875,111.99188232421875
normal,601,0.11198306083679199,111.98306083679199
normal,601,0.112030029296875,112.030029296875
normal,601,0.11199092864990234,111.99092864990234
normal,601,0.1119999885559082,111.9999885559082
normal,601,0.11199617385864258,111.99617385864258
normal,601,0.11299991607666016,112.99991607666016
normal,601,0.1119849681854248,111.9849681854248
normal,601,0.11099815368652344,110.99815368652344
normal,601,0.11201882362365723,112.01882362365723
normal,601,0.11200594902038574,112.00594902038574
normal,601,0.11197900772094727,111.97900772094727
normal,601,0.11206221580505371,112.06221580505371
normal,601,0.11194682121276855,111.94682121276855
normal,601,0.11200809478759766,112.00809478759766
normal,601,0.11301589012145996,113.01589012145996
normal,601,0.11198115348815918,111.98115348815918
normal,601,0.11100196838378906,111.00196838378906
normal,601,0.11203289031982422,112.03289031982422
normal,601,0.11194300651550293,111.94300651550293
normal,601,0.11201095581054688,112.01095581054688
normal,601,0.11200213432312012,112.00213432312012
normal,601,0.11199593544006348,111.99593544006348
normal,601,0.11200499534606934,112.00499534606934
normal,601,0.1130361557006836,113.0361557006836
normal,601,0.11199784278869629,111.99784278869629
normal,601,0.11095595359802246,110.95595359802246
normal,601,0.11198115348815918,111.98115348815918
normal,601,0.11201095581054688,112.01095581054688
normal,601,0.11204791069030762,112.04791069030762
normal,601,0.11200714111328125,112.00714111328125
normal,601,0.11193203926086426,111.93203926086426
normal,601,0.11198997497558594,111.98997497558594
normal,601,0.11307883262634277,113.07883262634277
normal,601,0.11200809478759766,112.00809478759766
normal,601,0.1109769344329834,110.9769344329834
normal,601,0.11201715469360352,112.01715469360352
normal,601,0.11194801330566406,111.94801330566406
normal,601,0.11197781562805176,111.97781562805176
normal,601,0.11202096939086914,112.02096939086914
normal,601,0.11198306083679199,111.98306083679199
normal,601,0.11205911636352539,112.05911636352539
normal,601,0.11295199394226074,112.95199394226074
normal,601,0.1119699478149414,111.9699478149414
normal,601,0.1109919548034668,110.9919548034668
normal,601,0.11202502250671387,112.02502250671387
normal,601,0.11200594902038574,112.00594902038574
normal,601,0.11198115348815918,111.98115348815918
normal,601,0.11199283599853516,111.99283599853516
normal,601,0.11205816268920898,112.05816268920898
normal,601,0.11194300651550293,111.94300651550293
normal,601,0.11306095123291016,113.06095123291016
normal,601,0.11192893981933594,111.92893981933594
normal,601,0.11103010177612305,111.03010177612305
normal,601,0.11197590827941895,111.97590827941895
normal,601,0.11205410957336426,112.05410957336426
normal,601,0.11193585395812988,111.93585395812988
normal,601,0.11199092864990234,111.99092864990234
normal,601,0.11204004287719727,112.04004287719727
normal,601,0.1119849681854248,111.9849681854248
normal,601,0.11297917366027832,112.97917366027832
normal,601,0.11101984977722168,111.01984977722168
normal,601,0.11202502250671387,112.02502250671387
normal,601,0.11195492744445801,111.95492744445801
normal,601,0.11202716827392578,112.02716827392578
normal,601,0.11205005645751953,112.05005645751953
normal,601,0.11196184158325195,111.96184158325195
normal,601,0.11196494102478027,111.96494102478027
normal,601,0.11197900772094727,111.97900772094727
normal,601,0.1130211353302002,113.0211353302002
normal,601,0.11097908020019531,110.97908020019531
normal,601,0.11201286315917969,112.01286315917969
normal,601,0.11205196380615234,112.05196380615234
normal,601,0.11195111274719238,111.95111274719238
normal,601,0.11198186874389648,111.98186874389648
normal,601,0.11201810836791992,112.01810836791992
normal,601,0.1120450496673584,112.0450496673584
normal,601,0.11197090148925781,111.97090148925781
normal,601,0.11297392845153809,112.97392845153809
normal,601,0.11099720001220703,110.99720001220703
normal,601,0.11200499534606934,112.00499534606934
normal,601,0.11201095581054688,112.01095581054688
normal,601,0.11200094223022461,112.00094223022461
normal,601,0.1119539737701416,111.9539737701416
normal,601,0.11206912994384766,112.06912994384766
normal,601,0.11194491386413574,111.94491386413574
normal,601,0.11300897598266602,113.00897598266602
normal,601,0.11205506324768066,112.05506324768066
normal,601,0.11093783378601074,110.93783378601074
normal,601,0.11199212074279785,111.99212074279785
normal,601,0.11199688911437988,111.99688911437988
normal,601,0.11207008361816406,112.07008361816406
normal,601,0.11194300651550293,111.94300651550293
normal,601,0.11197900772094727,111.97900772094727
normal,601,0.11208891868591309,112.08891868591309
normal,601,0.11292505264282227,112.92505264282227
normal,601,0.11201190948486328,112.01190948486328
normal,601,0.11101102828979492,111.01102828979492
normal,601,0.11196708679199219,111.96708679199219
normal,601,0.11201190948486328,112.01190948486328
normal,601,0.11200904846191406,112.00904846191406
normal,601,0.11203503608703613,112.03503608703613
normal,601,0.11194491386413574,111.94491386413574
normal,601,0.11197519302368164,111.97519302368164
normal,601,0.1130058765411377,113.0058765411377
normal,601,0.1119990348815918,111.9990348815918
normal,601,0.11100602149963379,111.00602149963379
normal,601,0.11197996139526367,111.97996139526367
normal,601,0.11206603050231934,112.06603050231934
normal,601,0.11194300651550293,111.94300651550293
normal,601,0.11202597618103027,112.02597618103027
normal,601,0.11198091506958008,111.98091506958008
normal,601,0.11199498176574707,111.99498176574707
normal,601,0.11302804946899414,113.02804946899414
normal,601,0.1119849681854248,111.9849681854248
normal,601,0.11097097396850586,110.97097396850586
normal,601,0.1120140552520752,112.0140552520752
normal,601,0.11203408241271973,112.03408241271973
normal,601,0.1119699478149414,111.9699478149414
normal,601,0.1119849681854248,111.9849681854248
normal,601,0.11202001571655273,112.02001571655273
normal,601,0.112030029296875,112.030029296875
normal,601,0.1129450798034668,112.9450798034668
normal,601,0.11201286315917969,112.01286315917969
normal,601,0.1109931468963623,110.9931468963623
normal,601,0.11209583282470703,112.09583282470703
normal,601,0.11190104484558105,111.90104484558105
normal,601,0.11201214790344238,112.01214790344238
normal,601,0.11199688911437988,111.99688911437988
normal,601,0.11201691627502441,112.01691627502441
normal,601,0.1119849681854248,111.9849681854248
normal,601,0.11299800872802734,112.99800872802734
normal,601,0.11198902130126953,111.98902130126953
normal,601,0.1110069751739502,111.0069751739502
normal,601,0.1120610237121582,112.0610237121582
normal,601,0.11191320419311523,111.91320419311523
normal,601,0.11200380325317383,112.00380325317383
normal,601,0.11200308799743652,112.00308799743652
normal,601,0.1119999885559082,111.9999885559082
normal,601,0.11200809478759766,112.00809478759766
normal,601,0.1130058765411377,113.0058765411377
normal,601,0.11199498176574707,111.99498176574707
normal,601,0.11096811294555664,110.96811294555664
normal,601,0.11205697059631348,112.05697059631348
normal,601,0.11194300651550293,111.94300651550293
normal,601,0.11200094223022461,112.00094223022461
normal,601,0.11200094223022461,112.00094223022461
normal,601,0.11202096939086914,112.02096939086914
normal,601,0.11199116706848145,111.99116706848145
normal,601,0.11299705505371094,112.99705505371094
normal,601,0.11199688911437988,111.99688911437988
normal,601,0.11100411415100098,111.00411415100098
normal,601,0.11203789710998535,112.03789710998535
normal,601,0.11198997497558594,111.98997497558594
normal,601,0.11198592185974121,111.98592185974121
normal,601,0.11195898056030273,111.95898056030273
normal,601,0.11203312873840332,112.03312873840332
normal,601,0.11195492744445801,111.95492744445801
normal,601,0.1130220890045166,113.0220890045166
normal,601,0.11200499534606934,112.00499534606934
normal,601,0.11099386215209961,110.99386215209961
normal,601,0.11200213432312012,112.00213432312012
normal,601,0.11201095581054688,112.01095581054688
normal,601,0.11198711395263672,111.98711395263672
normal,601,0.11199188232421875,111.99188232421875
normal,601,0.11204099655151367,112.04099655151367
normal,601,0.11201000213623047,112.01000213623047
normal,601,0.11298012733459473,112.98012733459473
normal,601,0.11195182800292969,111.95182800292969
normal,601,0.11102914810180664,111.02914810180664
normal,601,0.11199784278869629,111.99784278869629
normal,601,0.11198902130126953,111.98902130126953
normal,601,0.11199808120727539,111.99808120727539
normal,601,0.11201095581054688,112.01095581054688
normal,601,0.11197710037231445,111.97710037231445
normal,601,0.11202001571655273,112.02001571655273
normal,601,0.11303091049194336,113.03091049194336
normal,601,0.11193990707397461,111.93990707397461
normal,601,0.11104702949523926,111.04702949523926
normal,601,0.11195993423461914,111.95993423461914
normal,601,0.1120002269744873,112.0002269744873
normal,601,0.11200094223022461,112.00094223022461
normal,601,0.11204290390014648,112.04290390014648
normal,601,0.11202001571655273,112.02001571655273
normal,601,0.11192512512207031,111.92512512207031
normal,601,0.11301589012145996,113.01589012145996
normal,601,0.11103510856628418,111.03510856628418
normal,601,0.11197590827941895,111.97590827941895
normal,601,0.1119680404663086,111.9680404663086
normal,601,0.11201596260070801,112.01596260070801
normal,601,0.1120150089263916,112.0150089263916
normal,601,0.11197090148925781,111.97090148925781
normal,601,0.11202311515808105,112.02311515808105
normal,601,0.11197185516357422,111.97185516357422
normal,601,0.11299920082092285,112.99920082092285
normal,601,0.11102795600891113,111.02795600891113
normal,601,0.11197590827941895,111.97590827941895
normal,601,0.11198806762695312,111.98806762695312
normal,601,0.1119999885559082,111.9999885559082
normal,601,0.1119990348815918,111.9990348815918
normal,601,0.11198902130126953,111.98902130126953
normal,601,0.11200404167175293,112.00404167175293
normal,601,0.11203885078430176,112.03885078430176
normal,601,0.11298704147338867,112.98704147338867
normal,601,0.11095404624938965,110.95404624938965
normal,601,0.11203694343566895,112.03694343566895
normal,601,0.11198997497558594,111.98997497558594
normal,601,0.11198997497558594,111.98997497558594
normal,601,0.11203908920288086,112.03908920288086
normal,601,0.11196088790893555,111.96088790893555
normal,601,0.1120140552520752,112.0140552520752
normal,601,0.11303901672363281,113.03901672363281
normal,601,0.11194705963134766,111.94705963134766
normal,601,0.11102104187011719,111.02104187011719
normal,601,0.11198282241821289,111.98282241821289
normal,601,0.11204314231872559,112.04314231872559
normal,601,0.11195087432861328,111.95087432861328
normal,601,0.11199617385864258,111.99617385864258
normal,601,0.11200189590454102,112.00189590454102
normal,601,0.1119699478149414,111.9699478149414
normal,601,0.1130831241607666,113.0831241607666
normal,601,0.11194801330566406,111.94801330566406
normal,601,0.11101102828979492,111.01102828979492
normal,601,0.11198782920837402,111.98782920837402
normal,601,0.11197805404663086,111.97805404663086
normal,601,0.1120309829711914,112.0309829711914
normal,601,0.1119840145111084,111.9840145111084
normal,601,0.1120150089263916,112.0150089263916
normal,601,0.11197209358215332,111.97209358215332
normal,601,0.11300396919250488,113.00396919250488
normal,601,0.11202001571655273,112.02001571655273
normal,601,0.11100101470947266,111.00101470947266
normal,601,0.11202096939086914,112.02096939086914
normal,601,0.11195993423461914,111.95993423461914
normal,601,0.11198210716247559,111.98210716247559
normal,601,0.1119849681854248,111.9849681854248
normal,601,0.11201882362365723,112.01882362365723
normal,601,0.11199021339416504,111.99021339416504
normal,601,0.11303496360778809,113.03496360778809
normal,601,0.1120309829711914,112.0309829711914
normal,601,0.11093592643737793,110.93592643737793
normal,601,0.11205101013183594,112.05101013183594
normal,601,0.11195492744445801,111.95492744445801
normal,601,0.11202216148376465,112.02216148376465
normal,601,0.1120309829711914,112.0309829711914
normal,601,0.11194396018981934,111.94396018981934
normal,601,0.11197090148925781,111.97090148925781
normal,601,0.11307215690612793,113.07215690612793
normal,601,0.11194992065429688,111.94992065429688
normal,601,0.11099696159362793,110.99696159362793
normal,601,0.11220002174377441,112.20002174377441
normal,601,0.1117861270904541,111.7861270904541
normal,601,0.11201286315917969,112.01286315917969
normal,601,0.11199712753295898,111.99712753295898
normal,601,0.11200284957885742,112.00284957885742
normal,601,0.11200499534606934,112.00499534606934
normal,601,0.1130380630493164,113.0380630493164
normal,601,0.11199092864990234,111.99092864990234
normal,601,0.11097311973571777,110.97311973571777
normal,601,0.11197185516357422,111.97185516357422
normal,601,0.1119990348815918,111.9990348815918
normal,601,0.11199307441711426,111.99307441711426
normal,601,0.11201000213623047,112.01000213623047
normal,601,0.11203598976135254,112.03598976135254
normal,601,0.11197590827941895,111.97590827941895
normal,601,0.11300802230834961,113.00802230834961
normal,601,0.11200308799743652,112.00308799743652
normal,601,0.11103987693786621,111.03987693786621
normal,601,0.11192607879638672,111.92607879638672
normal,601,0.11199808120727539,111.99808120727539
normal,601,0.1119990348815918,111.9990348815918
normal,601,0.11200690269470215,112.00690269470215
normal,601,0.11199092864990234,111.99092864990234
normal,601,0.11207199096679688,112.07199096679688
normal,601,0.1129770278930664,112.9770278930664
normal,601,0.11195111274719238,111.95111274719238
normal,601,0.11104702949523926,111.04702949523926
normal,601,0.11196279525756836,111.96279525756836
normal,601,0.11197710037231445,111.97710037231445
normal,601,0.1120140552520752,112.0140552520752
normal,601,0.11200189590454102,112.00189590454102
normal,601,0.11200404167175293,112.00404167175293
normal,601,0.11200308799743652,112.00308799743652
normal,601,0.11299490928649902,112.99490928649902
normal,601,0.11199498176574707,111.99498176574707
normal,601,0.11096405982971191,110.96405982971191
normal,601,0.11205601692199707,112.05601692199707
normal,601,0.1120150089263916,112.0150089263916
normal,601,0.11194205284118652,111.94205284118652
normal,601,0.11202383041381836,112.02383041381836
normal,601,0.11209702491760254,112.09702491760254
normal,601,0.11186599731445312,111.86599731445312
normal,601,0.11301493644714355,113.01493644714355
normal,601,0.11199808120727539,111.99808120727539
normal,601,0.11103701591491699,111.03701591491699
normal,601,0.11197590827941895,111.97590827941895
normal,601,0.11201119422912598,112.01119422912598
normal,601,0.11197686195373535,111.97686195373535
normal,601,0.11198902130126953,111.98902130126953
normal,601,0.1120140552520752,112.0140552520752
normal,601,0.1120140552520752,112.0140552520752
normal,601,0.11305379867553711,113.05379867553711
normal,601,0.11191606521606445,111.91606521606445
normal,601,0.11099505424499512,110.99505424499512
normal,601,0.11202096939086914,112.02096939086914
normal,601,0.1119999885559082,111.9999885559082
normal,601,0.11203312873840332,112.03312873840332
normal,601,0.11196184158325195,111.96184158325195
normal,601,0.11198210716247559,111.98210716247559
normal,601,0.11199784278869629,111.99784278869629
normal,601,0.11300516128540039,113.00516128540039
normal,601,0.11103701591491699,111.03701591491699
normal,601,0.11197805404663086,111.97805404663086
normal,601,0.11203598976135254,112.03598976135254
normal,601,0.11202883720397949,112.02883720397949
normal,601,0.11191916465759277,111.91916465759277
normal,601,0.11199784278869629,111.99784278869629
normal,601,0.11197805404663086,111.97805404663086
normal,601,0.11200308799743652,112.00308799743652
normal,601,0.11300182342529297,113.00182342529297
normal,601,0.11101102828979492,111.01102828979492
normal,601,0.11199307441711426,111.99307441711426
normal,601,0.1119990348815918,111.9990348815918
normal,601,0.11202597618103027,112.02597618103027
normal,601,0.11194992065429688,111.94992065429688
normal,601,0.1120460033416748,112.0460033416748
normal,601,0.11200499534606934,112.00499534606934
normal,601,0.1119999885559082,111.9999885559082
normal,601,0.11298012733459473,112.98012733459473
normal,601,0.11098289489746094,110.98289489746094
normal,601,0.1120150089263916,112.0150089263916
normal,601,0.11198592185974121,111.98592185974121
normal,601,0.11202120780944824,112.02120780944824
normal,601,0.11198282241821289,111.98282241821289
normal,601,0.11208200454711914,112.08200454711914
normal,601,0.11190509796142578,111.90509796142578
normal,601,0.11301302909851074,113.01302909851074
normal,601,0.11197805404663086,111.97805404663086
normal,601,0.1110069751739502,111.0069751739502
normal,601,0.1119999885559082,111.9999885559082
normal,601,0.11200189590454102,112.00189590454102
normal,601,0.1119840145111084,111.9840145111084
normal,601,0.11201095581054688,112.01095581054688
normal,601,0.11199307441711426,111.99307441711426
normal,601,0.11200404167175293,112.00404167175293
normal,601,0.11299800872802734,112.99800872802734
normal,601,0.11211299896240234,112.11299896240234
normal,601,0.11091804504394531,110.91804504394531
normal,601,0.11197590827941895,111.97590827941895
normal,601,0.1119999885559082,111.9999885559082
normal,601,0.11199498176574707,111.99498176574707
normal,601,0.11202001571655273,112.02001571655273
normal,601,0.11196398735046387,111.96398735046387
normal,601,0.11201691627502441,112.01691627502441
normal,601,0.11307120323181152,113.07120323181152
normal,601,0.11190199851989746,111.90199851989746
normal,601,0.11100983619689941,111.00983619689941
normal,601,0.11199808120727539,111.99808120727539
normal,601,0.11208701133728027,112.08701133728027
normal,601,0.11191797256469727,111.91797256469727
normal,601,0.11201691627502441,112.01691627502441
normal,601,0.11197805404663086,111.97805404663086
normal,601,0.11200594902038574,112.00594902038574
normal,601,0.11296606063842773,112.96606063842773
normal,601,0.11203312873840332,112.03312873840332
normal,601,0.1110219955444336,111.0219955444336
normal,601,0.11195993423461914,111.95993423461914
normal,601,0.11200094223022461,112.00094223022461
normal,601,0.11200094223022461,112.00094223022461
normal,601,0.11200618743896484,112.00618743896484
normal,601,0.11200284957885742,112.00284957885742
normal,601,0.11198306083679199,111.98306083679199
normal,601,0.11302995681762695,113.02995681762695
normal,601,0.11199402809143066,111.99402809143066
normal,601,0.11097502708435059,110.97502708435059
normal,601,0.11206984519958496,112.06984519958496
normal,601,0.11191415786743164,111.91415786743164
normal,601,0.11222290992736816,112.22290992736816
normal,601,0.11178994178771973,111.78994178771973
normal,601,0.11201119422912598,112.01119422912598
normal,601,0.1119840145111084,111.9840145111084
normal,601,0.11299395561218262,112.99395561218262
normal,601,0.11199688911437988,111.99688911437988
normal,601,0.11100196838378906,111.00196838378906
normal,601,0.11199808120727539,111.99808120727539
normal,601,0.11202597618103027,112.02597618103027
normal,601,0.11201596260070801,112.01596260070801
normal,601,0.11198210716247559,111.98210716247559
normal,601,0.1119840145111084,111.9840145111084
normal,601,0.11200904846191406,112.00904846191406
normal,601,0.11298298835754395,112.98298835754395
normal,601,0.11200189590454102,112.00189590454102
normal,601,0.11104702949523926,111.04702949523926
normal,601,0.11195707321166992,111.95707321166992
normal,601,0.11202502250671387,112.02502250671387
normal,601,0.11197400093078613,111.97400093078613
normal,601,0.11200690269470215,112.00690269470215
normal,601,0.11198997497558594,111.98997497558594
normal,601,0.11200690269470215,112.00690269470215
normal,601,0.1129910945892334,112.9910945892334
normal,601,0.11198306083679199,111.98306083679199
normal,601,0.11098885536193848,110.98885536193848
normal,601,0.11199402809143066,111.99402809143066
normal,601,0.11201095581054688,112.01095581054688
normal,601,0.1119852066040039,111.9852066040039
normal,601,0.11201000213623047,112.01000213623047
normal,601,0.1119987964630127,111.9987964630127
normal,601,0.11206507682800293,112.06507682800293
normal,601,0.11299705505371094,112.99705505371094
normal,601,0.11195588111877441,111.95588111877441
normal,601,0.1110081672668457,111.0081672668457
normal,601,0.11197686195373535,111.97686195373535
normal,601,0.11202597618103027,112.02597618103027
normal,601,0.1120290756225586,112.0290756225586
normal,601,0.11197209358215332,111.97209358215332
normal,601,0.11197185516357422,111.97185516357422
normal,601,0.11200499534606934,112.00499534606934
normal,601,0.11298799514770508,112.98799514770508
normal,601,0.11200404167175293,112.00404167175293
normal,601,0.11101412773132324,111.01412773132324
normal,601,0.11198282241821289,111.98282241821289
normal,601,0.11200118064880371,112.00118064880371
normal,601,0.11199593544006348,111.99593544006348
normal,601,0.11200094223022461,112.00094223022461
normal,601,0.11198997497558594,111.98997497558594
normal,601,0.11200308799743652,112.00308799743652
normal,601,0.1129920482635498,112.9920482635498
normal,601,0.11199688911437988,111.99688911437988
normal,601,0.11101007461547852,111.01007461547852
normal,601,0.11198997497558594,111.98997497558594
normal,601,0.1119999885559082,111.9999885559082
normal,601,0.11200499534606934,112.00499534606934
normal,601,0.11199307441711426,111.99307441711426
normal,601,0.11202192306518555,112.02192306518555
normal,601,0.11200690269470215,112.00690269470215
normal,601,0.11296606063842773,112.96606063842773
normal,601,0.11103010177612305,111.03010177612305
normal,601,0.11196303367614746,111.96303367614746
normal,602,0.11200404167175293,112.00404167175293
normal,602,0.11206507682800293,112.06507682800293
normal,602,0.11194801330566406,111.94801330566406
normal,602,0.1119999885559082,111.9999885559082
normal,602,0.11197805404663086,111.97805404663086
normal,602,0.1120917797088623,112.0917797088623
normal,602,0.1129140853881836,112.9140853881836
normal,602,0.11102104187011719,111.02104187011719
normal,602,0.11196208000183105,111.96208000183105
normal,602,0.11207985877990723,112.07985877990723
normal,602,0.11193394660949707,111.93394660949707
normal,602,0.11197519302368164,111.97519302368164
normal,602,0.11201786994934082,112.01786994934082
normal,602,0.11197590827941895,111.97590827941895
normal,602,0.11203908920288086,112.03908920288086
normal,602,0.11302399635314941,113.02399635314941
normal,602,0.11095499992370605,110.95499992370605
normal,602,0.1120610237121582,112.0610237121582
normal,602,0.1119389533996582,111.9389533996582
normal,602,0.11197805404663086,111.97805404663086
normal,602,0.11200690269470215,112.00690269470215
normal,602,0.112030029296875,112.030029296875
normal,602,0.11203312873840332,112.03312873840332
normal,602,0.11197996139526367,111.97996139526367
normal,602,0.1129460334777832,112.9460334777832
normal,602,0.11104202270507812,111.04202270507812
normal,602,0.1119990348815918,111.9990348815918
normal,602,0.11198687553405762,111.98687553405762
normal,602,0.11198711395263672,111.98711395263672
normal,602,0.11197686195373535,111.97686195373535
normal,602,0.11204695701599121,112.04695701599121
normal,602,0.11199712753295898,111.99712753295898
normal,602,0.11296701431274414,112.96701431274414
normal,602,0.11200690269470215,112.00690269470215
normal,602,0.11097407341003418,110.97407341003418
normal,602,0.11201095581054688,112.01095581054688
normal,602,0.11207389831542969,112.07389831542969
normal,602,0.11194014549255371,111.94014549255371
normal,602,0.11201286315917969,112.01286315917969
normal,602,0.11196613311767578,111.96613311767578
normal,602,0.112030029296875,112.030029296875
normal,602,0.1129460334777832,112.9460334777832
normal,602,0.11201596260070801,112.01596260070801
normal,602,0.11103200912475586,111.03200912475586
normal,602,0.11196589469909668,111.96589469909668
normal,602,0.11206603050231934,112.06603050231934
normal,602,0.11193990707397461,111.93990707397461
normal,602,0.11199808120727539,111.99808120727539
normal,602,0.11199593544006348,111.99593544006348
normal,602,0.1120150089263916,112.0150089263916
normal,602,0.11298418045043945,112.98418045043945
normal,602,0.11200380325317383,112.00380325317383
normal,602,0.11096310615539551,110.96310615539551
normal,602,0.1120150089263916,112.0150089263916
normal,602,0.11199092864990234,111.99092864990234
normal,602,0.11202597618103027,112.02597618103027
normal,602,0.11198616027832031,111.98616027832031
normal,602,0.11201691627502441,112.01691627502441
normal,602,0.11196303367614746,111.96303367614746
normal,602,0.1130058765411377,113.0058765411377
normal,602,0.11203908920288086,112.03908920288086
normal,602,0.11098909378051758,110.98909378051758
normal,602,0.11207199096679688,112.07199096679688
normal,602,0.1119070053100586,111.9070053100586
normal,602,0.11201286315917969,112.01286315917969
normal,602,0.11197805404663086,111.97805404663086
normal,602,0.11205387115478516,112.05387115478516
normal,602,0.11198711395263672,111.98711395263672
normal,602,0.11295390129089355,112.95390129089355
normal,602,0.11205911636352539,112.05911636352539
normal,602,0.1109468936920166,110.9468936920166
normal,602,0.11200404167175293,112.00404167175293
normal,602,0.11198806762695312,111.98806762695312
normal,602,0.11199808120727539,111.99808120727539
normal,602,0.11202383041381836,112.02383041381836
normal,602,0.11207199096679688,112.07199096679688
normal,602,0.11195516586303711,111.95516586303711
normal,602,0.11297202110290527,112.97202110290527
normal,602,0.11195778846740723,111.95778846740723
normal,602,0.11103010177612305,111.03010177612305
normal,602,0.11200499534606934,112.00499534606934
normal,602,0.11200404167175293,112.00404167175293
normal,602,0.11199498176574707,111.99498176574707
normal,602,0.11199688911437988,111.99688911437988
normal,602,0.11198210716247559,111.98210716247559
normal,602,0.11201906204223633,112.01906204223633
normal,602,0.11301589012145996,113.01589012145996
normal,602,0.11195611953735352,111.95611953735352
normal,602,0.11101102828979492,111.01102828979492
normal,602,0.11203598976135254,112.03598976135254
normal,602,0.1119699478149414,111.9699478149414
normal,602,0.11204004287719727,112.04004287719727
normal,602,0.11205291748046875,112.05291748046875
normal,602,0.11207103729248047,112.07103729248047
normal,602,0.11185598373413086,111.85598373413086
normal,602,0.11294388771057129,112.94388771057129
normal,602,0.11202096939086914,112.02096939086914
normal,602,0.11098718643188477,110.98718643188477
normal,602,0.11199402809143066,111.99402809143066
normal,602,0.11202096939086914,112.02096939086914
normal,602,0.1119999885559082,111.9999885559082
normal,602,0.11207294464111328,112.07294464111328
normal,602,0.11193704605102539,111.93704605102539
normal,602,0.11199188232421875,111.99188232421875
normal,602,0.11302018165588379,113.02018165588379
normal,602,0.11198782920837402,111.98782920837402
normal,602,0.11097502708435059,110.97502708435059
normal,602,0.11203193664550781,112.03193664550781
normal,602,0.11195611953735352,111.95611953735352
normal,602,0.1119990348815918,111.9990348815918
normal,602,0.11206889152526855,112.06889152526855
normal,602,0.11193108558654785,111.93108558654785
normal,602,0.11199784278869629,111.99784278869629
normal,602,0.11306118965148926,113.06118965148926
normal,602,0.11204290390014648,112.04290390014648
normal,602,0.11098194122314453,110.98194122314453
normal,602,0.11193704605102539,111.93704605102539
normal,602,0.11197304725646973,111.97304725646973
normal,602,0.11202406883239746,112.02406883239746
normal,602,0.11197280883789062,111.97280883789062
normal,602,0.11199712753295898,111.99712753295898
normal,602,0.11202192306518555,112.02192306518555
normal,602,0.11307811737060547,113.07811737060547
normal,602,0.1119239330291748,111.9239330291748
normal,602,0.11098909378051758,110.98909378051758
normal,602,0.1119840145111084,111.9840145111084
normal,602,0.1119999885559082,111.9999885559082
normal,602,0.11202287673950195,112.02287673950195
normal,602,0.11200308799743652,112.00308799743652
normal,602,0.11196684837341309,111.96684837341309
normal,602,0.11201715469360352,112.01715469360352
normal,602,0.11302590370178223,113.02590370178223
normal,602,0.11095404624938965,110.95404624938965
normal,602,0.11203193664550781,112.03193664550781
normal,602,0.11200499534606934,112.00499534606934
normal,602,0.11195015907287598,111.95015907287598
normal,602,0.11202502250671387,112.02502250671387
normal,602,0.1119699478149414,111.9699478149414
normal,602,0.11205482482910156,112.05482482910156
normal,602,0.11194920539855957,111.94920539855957
normal,602,0.11306095123291016,113.06095123291016
normal,602,0.11094093322753906,110.94093322753906
normal,602,0.11199212074279785,111.99212074279785
normal,602,0.11197686195373535,111.97686195373535
normal,602,0.11203598976135254,112.03598976135254
normal,602,0.11197400093078613,111.97400093078613
normal,602,0.11201906204223633,112.01906204223633
normal,602,0.11202287673950195,112.02287673950195
normal,602,0.1119999885559082,111.9999885559082
normal,602,0.11311817169189453,113.11817169189453
normal,602,0.11084985733032227,110.84985733032227
normal,602,0.11199402809143066,111.99402809143066
normal,602,0.1120760440826416,112.0760440826416
normal,602,0.11196112632751465,111.96112632751465
normal,602,0.11257791519165039,112.57791519165039
normal,602,0.11136388778686523,111.36388778686523
normal,602,0.11202812194824219,112.02812194824219
normal,602,0.11297798156738281,112.97798156738281
normal,602,0.11198997497558594,111.98997497558594
normal,602,0.11104512214660645,111.04512214660645
normal,602,0.11196398735046387,111.96398735046387
normal,602,0.11200380325317383,112.00380325317383
normal,602,0.11199402809143066,111.99402809143066
normal,602,0.11200499534606934,112.00499534606934
normal,602,0.1120290756225586,112.0290756225586
normal,602,0.11196589469909668,111.96589469909668
normal,602,0.11299300193786621,112.99300193786621
normal,602,0.11200213432312012,112.00213432312012
normal,602,0.11099696159362793,110.99696159362793
normal,602,0.11201000213623047,112.01000213623047
normal,602,0.11202192306518555,112.02192306518555
normal,602,0.11196517944335938,111.96517944335938
normal,602,0.11201000213623047,112.01000213623047
normal,602,0.1120607852935791,112.0607852935791
normal,602,0.11200213432312012,112.00213432312012
normal,602,0.11292505264282227,112.92505264282227
normal,602,0.11199402809143066,111.99402809143066
normal,602,0.11102581024169922,111.02581024169922
normal,602,0.11201214790344238,112.01214790344238
normal,602,0.11197900772094727,111.97900772094727
normal,602,0.11208105087280273,112.08105087280273
normal,602,0.11190485954284668,111.90485954284668
normal,602,0.1120150089263916,112.0150089263916
normal,602,0.11198592185974121,111.98592185974121
normal,602,0.11298203468322754,112.98203468322754
normal,602,0.11202406883239746,112.02406883239746
normal,602,0.11098504066467285,110.98504066467285
normal,602,0.11202597618103027,112.02597618103027
normal,602,0.11198806762695312,111.98806762695312
normal,602,0.11198282241821289,111.98282241821289
normal,602,0.1119990348815918,111.9990348815918
normal,602,0.11202502250671387,112.02502250671387
normal,602,0.11199402809143066,111.99402809143066
normal,602,0.11298608779907227,112.98608779907227
normal,602,0.11204791069030762,112.04791069030762
normal,602,0.1109459400177002,110.9459400177002
normal,602,0.11199116706848145,111.99116706848145
normal,602,0.11198186874389648,111.98186874389648
normal,602,0.11203193664550781,112.03193664550781
normal,602,0.11199116706848145,111.99116706848145
normal,602,0.1119990348815918,111.9990348815918
normal,602,0.11199688911437988,111.99688911437988
normal,602,0.11299991607666016,112.99991607666016
normal,602,0.1119840145111084,111.9840145111084
normal,602,0.11099910736083984,110.99910736083984
normal,602,0.11201906204223633,112.01906204223633
normal,602,0.11200499534606934,112.00499534606934
normal,602,0.11197900772094727,111.97900772094727
normal,602,0.11206388473510742,112.06388473510742
normal,602,0.11194491386413574,111.94491386413574
normal,602,0.11200809478759766,112.00809478759766
normal,602,0.11301803588867188,113.01803588867188
normal,602,0.11197900772094727,111.97900772094727
normal,602,0.11100101470947266,111.00101470947266
normal,602,0.11203503608703613,112.03503608703613
normal,602,0.11194300651550293,111.94300651550293
normal,602,0.11201977729797363,112.01977729797363
normal,602,0.11199212074279785,111.99212074279785
normal,602,0.11199688911437988,111.99688911437988
normal,602,0.11200308799743652,112.00308799743652
normal,602,0.1130380630493164,113.0380630493164
normal,602,0.11199784278869629,111.99784278869629
normal,602,0.11095499992370605,110.95499992370605
normal,602,0.11198019981384277,111.98019981384277
normal,602,0.11201286315917969,112.01286315917969
normal,602,0.11204695701599121,112.04695701599121
normal,602,0.11200714111328125,112.00714111328125
normal,602,0.11193084716796875,111.93084716796875
normal,602,0.11199021339416504,111.99021339416504
normal,602,0.11307978630065918,113.07978630065918
normal,602,0.11200904846191406,112.00904846191406
normal,602,0.1109771728515625,110.9771728515625
normal,602,0.11201786994934082,112.01786994934082
normal,602,0.11194491386413574,111.94491386413574
normal,602,0.11197710037231445,111.97710037231445
normal,602,0.11202311515808105,112.02311515808105
normal,602,0.11198186874389648,111.98186874389648
normal,602,0.11206197738647461,112.06197738647461
normal,602,0.11295104026794434,112.95104026794434
normal,602,0.111968994140625,111.968994140625
normal,602,0.11099100112915039,110.99100112915039
normal,602,0.11202692985534668,112.02692985534668
normal,602,0.11200499534606934,112.00499534606934
normal,602,0.11198115348815918,111.98115348815918
normal,602,0.11199283599853516,111.99283599853516
normal,602,0.11205911636352539,112.05911636352539
normal,602,0.11194086074829102,111.94086074829102
normal,602,0.11306309700012207,113.06309700012207
normal,602,0.11192703247070312,111.92703247070312
normal,602,0.11102890968322754,111.02890968322754
normal,602,0.11197710037231445,111.97710037231445
normal,602,0.11205887794494629,112.05887794494629
normal,602,0.11193203926086426,111.93203926086426
normal,602,0.11198997497558594,111.98997497558594
normal,602,0.11204314231872559,112.04314231872559
normal,602,0.11198282241821289,111.98282241821289
normal,602,0.11297917366027832,112.97917366027832
normal,602,0.11101889610290527,111.01889610290527
normal,602,0.11202597618103027,112.02597618103027
normal,602,0.11195516586303711,111.95516586303711
normal,602,0.11202692985534668,112.02692985534668
normal,602,0.11205196380615234,112.05196380615234
normal,602,0.11195993423461914,111.95993423461914
normal,602,0.11196517944335938,111.96517944335938
normal,602,0.11197996139526367,111.97996139526367
normal,602,0.1130208969116211,113.0208969116211
normal,602,0.1109769344329834,110.9769344329834
normal,602,0.1120140552520752,112.0140552520752
normal,602,0.11205315589904785,112.05315589904785
normal,602,0.11194992065429688,111.94992065429688
normal,602,0.11198186874389648,111.98186874389648
normal,602,0.11201810836791992,112.01810836791992
normal,602,0.1120460033416748,112.0460033416748
normal,602,0.1119699478149414,111.9699478149414
normal,602,0.11297392845153809,112.97392845153809
normal,602,0.11099600791931152,110.99600791931152
normal,602,0.11200618743896484,112.00618743896484
normal,602,0.11201000213623047,112.01000213623047
normal,602,0.11200189590454102,112.00189590454102
normal,602,0.1119530200958252,111.9530200958252
normal,602,0.11207199096679688,112.07199096679688
normal,602,0.11194109916687012,111.94109916687012
normal,602,0.11301088333129883,113.01088333129883
normal,602,0.11205792427062988,112.05792427062988
normal,602,0.11093616485595703,110.93616485595703
normal,602,0.11199092864990234,111.99092864990234
normal,602,0.11199712753295898,111.99712753295898
normal,602,0.11207199096679688,112.07199096679688
normal,602,0.11194181442260742,111.94181442260742
normal,602,0.11197614669799805,111.97614669799805
normal,602,0.11209583282470703,112.09583282470703
normal,602,0.11291909217834473,112.91909217834473
normal,602,0.1120140552520752,112.0140552520752
normal,602,0.11100888252258301,111.00888252258301
normal,602,0.1119680404663086,111.9680404663086
normal,602,0.11201310157775879,112.01310157775879
normal,602,0.11200785636901855,112.00785636901855
normal,602,0.11203408241271973,112.03408241271973
normal,602,0.11194801330566406,111.94801330566406
normal,602,0.11197304725646973,111.97304725646973
normal,602,0.1130058765411377,113.0058765411377
normal,602,0.11199808120727539,111.99808120727539
normal,602,0.11100602149963379,111.00602149963379
normal,602,0.11197996139526367,111.97996139526367
normal,602,0.11206698417663574,112.06698417663574
normal,602,0.11194205284118652,111.94205284118652
normal,602,0.11202597618103027,112.02597618103027
normal,602,0.11198186874389648,111.98186874389648
normal,602,0.11199617385864258,111.99617385864258
normal,602,0.11302685737609863,113.02685737609863
normal,602,0.11198616027832031,111.98616027832031
normal,602,0.11097002029418945,110.97002029418945
normal,602,0.11201286315917969,112.01286315917969
normal,602,0.11203503608703613,112.03503608703613
normal,602,0.1119699478149414,111.9699478149414
normal,602,0.11198616027832031,111.98616027832031
normal,602,0.11201977729797363,112.01977729797363
normal,602,0.11203217506408691,112.03217506408691
normal,602,0.11294198036193848,112.94198036193848
normal,602,0.11201286315917969,112.01286315917969
normal,602,0.1109931468963623,110.9931468963623
normal,602,0.11209702491760254,112.09702491760254
normal,602,0.11189985275268555,111.89985275268555
normal,602,0.11201214790344238,112.01214790344238
normal,602,0.11199688911437988,111.99688911437988
normal,602,0.11201691627502441,112.01691627502441
normal,602,0.1119840145111084,111.9840145111084
normal,602,0.11299705505371094,112.99705505371094
normal,602,0.11198997497558594,111.98997497558594
normal,602,0.11101317405700684,111.01317405700684
normal,602,0.11205697059631348,112.05697059631348
normal,602,0.11191201210021973,111.91201210021973
normal,602,0.11200284957885742,112.00284957885742
normal,602,0.11200308799743652,112.00308799743652
normal,602,0.11200189590454102,112.00189590454102
normal,602,0.11200714111328125,112.00714111328125
normal,602,0.1130068302154541,113.0068302154541
normal,602,0.11199402809143066,111.99402809143066
normal,602,0.11096715927124023,110.96715927124023
normal,602,0.11205887794494629,112.05887794494629
normal,602,0.11194205284118652,111.94205284118652
normal,602,0.11200094223022461,112.00094223022461
normal,602,0.11200213432312012,112.00213432312012
normal,602,0.11202192306518555,112.02192306518555
normal,602,0.11198997497558594,111.98997497558594
normal,602,0.11299490928649902,112.99490928649902
normal,602,0.1119990348815918,111.9990348815918
normal,602,0.11100196838378906,111.00196838378906
normal,602,0.11204099655151367,112.04099655151367
normal,602,0.11198806762695312,111.98806762695312
normal,602,0.1119849681854248,111.9849681854248
normal,602,0.11195802688598633,111.95802688598633
normal,602,0.11203408241271973,112.03408241271973
normal,602,0.11195492744445801,111.95492744445801
normal,602,0.11302304267883301,113.02304267883301
normal,602,0.11200404167175293,112.00404167175293
normal,602,0.11099600791931152,110.99600791931152
normal,602,0.11200284957885742,112.00284957885742
normal,602,0.11200904846191406,112.00904846191406
normal,602,0.11198711395263672,111.98711395263672
normal,602,0.11199188232421875,111.99188232421875
normal,602,0.11204099655151367,112.04099655151367
normal,602,0.11201000213623047,112.01000213623047
normal,602,0.11298203468322754,112.98203468322754
normal,602,0.11194801330566406,111.94801330566406
normal,602,0.11103296279907227,111.03296279907227
normal,602,0.11199593544006348,111.99593544006348
normal,602,0.11199021339416504,111.99021339416504
normal,602,0.11199688911437988,111.99688911437988
normal,602,0.1120150089263916,112.0150089263916
normal,602,0.11197304725646973,111.97304725646973
normal,602,0.11202096939086914,112.02096939086914
normal,602,0.11303091049194336,113.03091049194336
normal,602,0.1119379997253418,111.9379997253418
normal,602,0.11105012893676758,111.05012893676758
normal,602,0.11195802688598633,111.95802688598633
normal,602,0.1119999885559082,111.9999885559082
normal,602,0.1119999885559082,111.9999885559082
normal,602,0.11204385757446289,112.04385757446289
normal,602,0.11202597618103027,112.02597618103027
normal,602,0.11191701889038086,111.91701889038086
normal,602,0.11301708221435547,113.01708221435547
normal,602,0.11103701591491699,111.03701591491699
normal,602,0.11197590827941895,111.97590827941895
normal,602,0.11196613311767578,111.96613311767578
normal,602,0.11201596260070801,112.01596260070801
normal,602,0.11201596260070801,112.01596260070801
normal,602,0.1119699478149414,111.9699478149414
normal,602,0.11202311515808105,112.02311515808105
normal,602,0.11197400093078613,111.97400093078613
normal,602,0.11299586296081543,112.99586296081543
normal,602,0.11103105545043945,111.03105545043945
normal,602,0.11197400093078613,111.97400093078613
normal,602,0.11198806762695312,111.98806762695312
normal,602,0.11200189590454102,112.00189590454102
normal,602,0.11199808120727539,111.99808120727539
normal,602,0.11198902130126953,111.98902130126953
normal,602,0.11200404167175293,112.00404167175293
normal,602,0.11203980445861816,112.03980445861816
normal,602,0.11298608779907227,112.98608779907227
normal,602,0.11095309257507324,110.95309257507324
normal,602,0.11203885078430176,112.03885078430176
normal,602,0.11198806762695312,111.98806762695312
normal,602,0.11199092864990234,111.99092864990234
normal,602,0.11204099655151367,112.04099655151367
normal,602,0.11195898056030273,111.95898056030273
normal,602,0.1120150089263916,112.0150089263916
normal,602,0.11304020881652832,113.04020881652832
normal,602,0.11194491386413574,111.94491386413574
normal,602,0.11102104187011719,111.02104187011719
normal,602,0.1119840145111084,111.9840145111084
normal,602,0.11204385757446289,112.04385757446289
normal,602,0.11194896697998047,111.94896697998047
normal,602,0.11199617385864258,111.99617385864258
normal,602,0.11200284957885742,112.00284957885742
normal,602,0.1119680404663086,111.9680404663086
normal,602,0.11308503150939941,113.08503150939941
normal,602,0.11194705963134766,111.94705963134766
normal,602,0.11101198196411133,111.01198196411133
normal,602,0.11198687553405762,111.98687553405762
normal,602,0.11197710037231445,111.97710037231445
normal,602,0.11203289031982422,112.03289031982422
normal,602,0.11198306083679199,111.98306083679199
normal,602,0.11201691627502441,112.01691627502441
normal,602,0.11197018623352051,111.97018623352051
normal,602,0.1130058765411377,113.0058765411377
normal,602,0.11201906204223633,112.01906204223633
normal,602,0.11100292205810547,111.00292205810547
normal,602,0.11202096939086914,112.02096939086914
normal,602,0.11195611953735352,111.95611953735352
normal,602,0.11198186874389648,111.98186874389648
normal,602,0.1119840145111084,111.9840145111084
normal,602,0.11202216148376465,112.02216148376465
normal,602,0.11198902130126953,111.98902130126953
normal,602,0.11303591728210449,113.03591728210449
normal,602,0.1120309829711914,112.0309829711914
normal,602,0.11093497276306152,110.93497276306152
normal,602,0.11205410957336426,112.05410957336426
normal,602,0.1119530200958252,111.9530200958252
normal,602,0.11202287673950195,112.02287673950195
normal,602,0.1120309829711914,112.0309829711914
normal,602,0.11194300651550293,111.94300651550293
normal,602,0.1119680404663086,111.9680404663086
normal,602,0.11307501792907715,113.07501792907715
normal,602,0.11194896697998047,111.94896697998047
normal,602,0.11099696159362793,110.99696159362793
normal,602,0.11220216751098633,112.20216751098633
normal,602,0.11178278923034668,111.78278923034668
normal,602,0.1120140552520752,112.0140552520752
normal,602,0.11199712753295898,111.99712753295898
normal,602,0.11200284957885742,112.00284957885742
normal,602,0.11200618743896484,112.00618743896484
normal,602,0.11303877830505371,113.03877830505371
normal,602,0.11199116706848145,111.99116706848145
normal,602,0.11097192764282227,110.97192764282227
normal,602,0.11197090148925781,111.97090148925781
normal,602,0.11199808120727539,111.99808120727539
normal,602,0.11199307441711426,111.99307441711426
normal,602,0.11201095581054688,112.01095581054688
normal,602,0.11203694343566895,112.03694343566895
normal,602,0.11197614669799805,111.97614669799805
normal,602,0.1130068302154541,113.0068302154541
normal,602,0.11200213432312012,112.00213432312012
normal,602,0.11104202270507812,111.04202270507812
normal,602,0.11192488670349121,111.92488670349121
normal,602,0.11199712753295898,111.99712753295898
normal,602,0.1119999885559082,111.9999885559082
normal,602,0.11200785636901855,112.00785636901855
normal,602,0.11198997497558594,111.98997497558594
normal,602,0.11207199096679688,112.07199096679688
normal,602,0.1129770278930664,112.9770278930664
normal,602,0.11195015907287598,111.95015907287598
normal,602,0.11104893684387207,111.04893684387207
normal,602,0.11195993423461914,111.95993423461914
normal,602,0.11197710037231445,111.97710037231445
normal,602,0.1120150089263916,112.0150089263916
normal,602,0.11200404167175293,112.00404167175293
normal,602,0.11200284957885742,112.00284957885742
normal,602,0.11200308799743652,112.00308799743652
normal,602,0.11299490928649902,112.99490928649902
normal,602,0.11199498176574707,111.99498176574707
normal,602,0.11096310615539551,110.96310615539551
normal,602,0.11205697059631348,112.05697059631348
normal,602,0.11201786994934082,112.01786994934082
normal,602,0.1119379997253418,111.9379997253418
normal,602,0.11202406883239746,112.02406883239746
normal,602,0.11209797859191895,112.09797859191895
normal,602,0.11186504364013672,111.86504364013672
normal,602,0.11301493644714355,113.01493644714355
normal,602,0.1119990348815918,111.9990348815918
normal,602,0.1110379695892334,111.0379695892334
normal,602,0.11197519302368164,111.97519302368164
normal,602,0.11201095581054688,112.01095581054688
normal,602,0.11197590827941895,111.97590827941895
normal,602,0.11198997497558594,111.98997497558594
normal,602,0.1120140552520752,112.0140552520752
normal,602,0.11201691627502441,112.01691627502441
normal,602,0.11305618286132812,113.05618286132812
normal,602,0.11191082000732422,111.91082000732422
normal,602,0.11099505424499512,110.99505424499512
normal,602,0.11202096939086914,112.02096939086914
normal,602,0.11200308799743652,112.00308799743652
normal,602,0.112030029296875,112.030029296875
normal,602,0.11196303367614746,111.96303367614746
normal,602,0.11198186874389648,111.98186874389648
normal,602,0.11199712753295898,111.99712753295898
normal,602,0.11300492286682129,113.00492286682129
normal,602,0.11103701591491699,111.03701591491699
normal,602,0.11197900772094727,111.97900772094727
normal,602,0.11203598976135254,112.03598976135254
normal,602,0.112030029296875,112.030029296875
normal,602,0.11191701889038086,111.91701889038086
normal,602,0.1119999885559082,111.9999885559082
normal,602,0.11197590827941895,111.97590827941895
normal,602,0.11200308799743652,112.00308799743652
normal,602,0.11300301551818848,113.00301551818848
normal,602,0.11101102828979492,111.01102828979492
normal,602,0.11199283599853516,111.99283599853516
normal,602,0.1119999885559082,111.9999885559082
normal,602,0.11202406883239746,112.02406883239746
normal,602,0.11194801330566406,111.94801330566406
normal,602,0.11204886436462402,112.04886436462402
normal,602,0.11200523376464844,112.00523376464844
normal,602,0.11199784278869629,111.99784278869629
normal,602,0.11298203468322754,112.98203468322754
normal,602,0.11098289489746094,110.98289489746094
normal,602,0.11201310157775879,112.01310157775879
normal,602,0.11198592185974121,111.98592185974121
normal,602,0.11202311515808105,112.02311515808105
normal,602,0.11198306083679199,111.98306083679199
normal,602,0.11208200454711914,112.08200454711914
normal,602,0.11190295219421387,111.90295219421387
normal,602,0.11301398277282715,113.01398277282715
normal,602,0.11197590827941895,111.97590827941895
normal,602,0.11101007461547852,111.01007461547852
normal,602,0.11199808120727539,111.99808120727539
normal,602,0.11200284957885742,112.00284957885742
normal,602,0.11198306083679199,111.98306083679199
normal,602,0.11201190948486328,112.01190948486328
normal,602,0.11199307441711426,111.99307441711426
normal,602,0.11200308799743652,112.00308799743652
normal,602,0.11299800872802734,112.99800872802734
normal,602,0.11211395263671875,112.11395263671875
normal,602,0.11091899871826172,110.91899871826172
normal,602,0.11197400093078613,111.97400093078613
normal,602,0.11200499534606934,112.00499534606934
normal,602,0.11199092864990234,111.99092864990234
normal,602,0.11202001571655273,112.02001571655273
normal,602,0.11196208000183105,111.96208000183105
normal,602,0.11201786994934082,112.01786994934082
normal,602,0.11307215690612793,113.07215690612793
normal,602,0.11190080642700195,111.90080642700195
normal,602,0.11101102828979492,111.01102828979492
normal,602,0.11199712753295898,111.99712753295898
normal,602,0.1121070384979248,112.1070384979248
normal,602,0.11189889907836914,111.89889907836914
normal,602,0.11201810836791992,112.01810836791992
normal,602,0.11197590827941895,111.97590827941895
normal,602,0.11200809478759766,112.00809478759766
normal,602,0.11296391487121582,112.96391487121582
normal,602,0.11203408241271973,112.03408241271973
normal,602,0.11102080345153809,111.02080345153809
normal,602,0.11196208000183105,111.96208000183105
normal,602,0.1119990348815918,111.9990348815918
normal,602,0.11200308799743652,112.00308799743652
normal,602,0.11200499534606934,112.00499534606934
normal,602,0.11200284957885742,112.00284957885742
normal,602,0.11198306083679199,111.98306083679199
normal,602,0.11303091049194336,113.03091049194336
normal,602,0.11199402809143066,111.99402809143066
normal,602,0.11097502708435059,110.97502708435059
normal,602,0.11207199096679688,112.07199096679688
normal,602,0.11191105842590332,111.91105842590332
normal,602,0.11222505569458008,112.22505569458008
normal,602,0.1117868423461914,111.7868423461914
normal,602,0.11201214790344238,112.01214790344238
normal,602,0.1119840145111084,111.9840145111084
normal,602,0.11299490928649902,112.99490928649902
normal,602,0.11199498176574707,111.99498176574707
normal,602,0.11100196838378906,111.00196838378906
normal,602,0.1119990348815918,111.9990348815918
normal,602,0.11202597618103027,112.02597618103027
normal,602,0.11201906204223633,112.01906204223633
normal,602,0.11197996139526367,111.97996139526367
normal,602,0.1119840145111084,111.9840145111084
normal,602,0.11200809478759766,112.00809478759766
normal,602,0.11298489570617676,112.98489570617676
normal,602,0.1119999885559082,111.9999885559082
normal,602,0.11104702949523926,111.04702949523926
normal,602,0.11196088790893555,111.96088790893555
normal,602,0.11202311515808105,112.02311515808105
normal,602,0.1119840145111084,111.9840145111084
normal,602,0.1119999885559082,111.9999885559082
normal,602,0.1119849681854248,111.9849681854248
normal,602,0.11200714111328125,112.00714111328125
normal,602,0.1129918098449707,112.9918098449707
normal,602,0.11198210716247559,111.98210716247559
normal,602,0.11098790168762207,110.98790168762207
normal,602,0.11199402809143066,111.99402809143066
normal,602,0.11201095581054688,112.01095581054688
normal,602,0.1119849681854248,111.9849681854248
normal,602,0.11201119422912598,112.01119422912598
normal,602,0.1119990348815918,111.9990348815918
normal,602,0.11206698417663574,112.06698417663574
normal,602,0.11299586296081543,112.99586296081543
normal,602,0.1119539737701416,111.9539737701416
normal,602,0.11101007461547852,111.01007461547852
normal,602,0.11197900772094727,111.97900772094727
normal,602,0.11202406883239746,112.02406883239746
normal,602,0.112030029296875,112.030029296875
normal,602,0.11197590827941895,111.97590827941895
normal,602,0.11196494102478027,111.96494102478027
normal,602,0.11200714111328125,112.00714111328125
normal,602,0.11298680305480957,112.98680305480957
normal,602,0.11200499534606934,112.00499534606934
normal,602,0.11101317405700684,111.01317405700684
normal,602,0.1119840145111084,111.9840145111084
normal,602,0.1119987964630127,111.9987964630127
normal,602,0.11199808120727539,111.99808120727539
normal,602,0.1119999885559082,111.9999885559082
normal,602,0.11198997497558594,111.98997497558594
normal,602,0.11200404167175293,112.00404167175293
normal,602,0.1129910945892334,112.9910945892334
normal,602,0.11199688911437988,111.99688911437988
normal,602,0.11101007461547852,111.01007461547852
normal,602,0.11198997497558594,111.98997497558594
normal,602,0.1119990348815918,111.9990348815918
normal,602,0.11200499534606934,112.00499534606934
normal,602,0.11199402809143066,111.99402809143066
normal,602,0.11202287673950195,112.02287673950195
normal,602,0.11200809478759766,112.00809478759766
normal,602,0.11296296119689941,112.96296119689941
normal,602,0.11103010177612305,111.03010177612305
normal,602,0.11196398735046387,111.96398735046387
normal,603,0.2079939842224121,207.9939842224121
normal,603,0.20803380012512207,208.03380012512207
normal,603,0.2090291976928711,209.0291976928711
normal,603,0.2069709300994873,206.9709300994873
normal,603,0.20803403854370117,208.03403854370117
normal,603,0.20798182487487793,207.98182487487793
normal,603,0.207963228225708,207.963228225708
normal,603,0.20900297164916992,209.00297164916992
normal,603,0.20701885223388672,207.01885223388672
normal,603,0.20795702934265137,207.95702934265137
normal,603,0.20798993110656738,207.98993110656738
normal,603,0.2079939842224121,207.9939842224121
normal,603,0.2090590000152588,209.0590000152588
normal,603,0.20698022842407227,206.98022842407227
normal,603,0.20798397064208984,207.98397064208984
normal,603,0.20796489715576172,207.96489715576172
normal,603,0.20801305770874023,208.01305770874023
normal,603,0.2089829444885254,208.9829444885254
normal,603,0.2070000171661377,207.0000171661377
normal,603,0.2080850601196289,208.0850601196289
normal,603,0.2079329490661621,207.9329490661621
normal,603,0.2080230712890625,208.0230712890625
normal,603,0.20894980430603027,208.94980430603027
normal,603,0.2070012092590332,207.0012092590332
normal,603,0.20800280570983887,208.00280570983887
normal,603,0.20801305770874023,208.01305770874023
normal,603,0.2090449333190918,209.0449333190918
normal,603,0.20699000358581543,206.99000358581543
normal,603,0.20795512199401855,207.95512199401855
normal,603,0.20797491073608398,207.97491073608398
normal,603,0.2080090045928955,208.0090045928955
normal,603,0.20899105072021484,208.99105072021484
normal,603,0.20698213577270508,206.98213577270508
normal,603,0.20807790756225586,208.07790756225586
normal,603,0.20793700218200684,207.93700218200684
normal,603,0.2080080509185791,208.0080509185791
normal,603,0.20897984504699707,208.97984504699707
normal,603,0.20700597763061523,207.00597763061523
normal,603,0.20804500579833984,208.04500579833984
normal,603,0.2079460620880127,207.9460620880127
normal,603,0.20810914039611816,208.10914039611816
normal,603,0.2089378833770752,208.9378833770752
normal,603,0.20697307586669922,206.97307586669922
normal,603,0.2079918384552002,207.9918384552002
normal,603,0.20797204971313477,207.97204971313477
normal,603,0.20799493789672852,207.99493789672852
normal,603,0.20902109146118164,209.02109146118164
normal,603,0.2070930004119873,207.0930004119873
normal,603,0.2079319953918457,207.9319953918457
normal,603,0.20800113677978516,208.00113677978516
normal,603,0.20898199081420898,208.98199081420898
normal,603,0.20697999000549316,206.97999000549316
normal,603,0.20803093910217285,208.03093910217285
normal,603,0.20796990394592285,207.96990394592285
normal,603,0.2080669403076172,208.0669403076172
normal,603,0.20897722244262695,208.97722244262695
normal,603,0.20696187019348145,206.96187019348145
normal,603,0.20800209045410156,208.00209045410156
normal,603,0.2079939842224121,207.9939842224121
normal,603,0.20801806449890137,208.01806449890137
normal,603,0.2089858055114746,208.9858055114746
normal,603,0.2071089744567871,207.1089744567871
normal,603,0.20790600776672363,207.90600776672363
normal,603,0.2079451084136963,207.9451084136963
normal,603,0.20800399780273438,208.00399780273438
normal,603,0.209075927734375,209.075927734375
normal,603,0.20692896842956543,206.92896842956543
normal,603,0.20802903175354004,208.02903175354004
normal,603,0.20803618431091309,208.0361843109131
normal,603,0.20798182487487793,207.98182487487793
normal,603,0.20891904830932617,208.91904830932617
normal,603,0.20701098442077637,207.01098442077637
normal,603,0.20797300338745117,207.97300338745117
normal,603,0.20804095268249512,208.04095268249512
normal,603,0.2090001106262207,209.0001106262207
normal,603,0.20702695846557617,207.02695846557617
normal,603,0.20792698860168457,207.92698860168457
normal,603,0.20804905891418457,208.04905891418457
normal,603,0.20797991752624512,207.97991752624512
normal,603,0.20899701118469238,208.99701118469238
normal,603,0.20695996284484863,206.95996284484863
normal,603,0.20803117752075195,208.03117752075195
normal,603,0.20865488052368164,208.65488052368164
normal,603,0.2073218822479248,207.3218822479248
normal,603,0.2090740203857422,209.0740203857422
normal,603,0.20699810981750488,206.99810981750488
normal,603,0.20791101455688477,207.91101455688477
normal,603,0.20800209045410156,208.00209045410156
normal,603,0.20800089836120605,208.00089836120605
normal,603,0.20905303955078125,209.05303955078125
normal,603,0.20695805549621582,206.95805549621582
normal,603,0.20800089836120605,208.00089836120605
normal,603,0.2079930305480957,207.9930305480957
normal,603,0.20797300338745117,207.97300338745117
normal,603,0.20905399322509766,209.05399322509766
normal,603,0.20696401596069336,206.96401596069336
normal,603,0.20814800262451172,208.14800262451172
normal,603,0.2078540325164795,207.8540325164795
normal,603,0.20802593231201172,208.02593231201172
normal,603,0.20793986320495605,207.93986320495605
normal,603,0.20801615715026855,208.01615715026855
normal,603,0.2079908847808838,207.9908847808838
normal,603,0.2079911231994629,207.9911231994629
normal,603,0.20907187461853027,209.07187461853027
normal,603,0.2069251537322998,206.9251537322998
normal,603,0.2079918384552002,207.9918384552002
normal,603,0.20799517631530762,207.99517631530762
normal,603,0.20801401138305664,208.01401138305664
normal,603,0.2090158462524414,209.0158462524414
normal,603,0.2069530487060547,206.9530487060547
normal,603,0.2080979347229004,208.0979347229004
normal,603,0.2079160213470459,207.9160213470459
normal,603,0.20801997184753418,208.01997184753418
normal,603,0.2089841365814209,208.9841365814209
normal,603,0.2070150375366211,207.0150375366211
normal,603,0.20798087120056152,207.98087120056152
normal,603,0.20798707008361816,207.98707008361816
normal,603,0.20808196067810059,208.0819606781006
normal,603,0.20896506309509277,208.96506309509277
normal,603,0.20697999000549316,206.97999000549316
normal,603,0.2079620361328125,207.9620361328125
normal,603,0.20803284645080566,208.03284645080566
normal,603,0.20801210403442383,208.01210403442383
normal,603,0.20894098281860352,208.94098281860352
normal,603,0.20714998245239258,207.14998245239258
normal,603,0.2078690528869629,207.8690528869629
normal,603,0.2080249786376953,208.0249786376953
normal,603,0.20895791053771973,208.95791053771973
normal,603,0.2070150375366211,207.0150375366211
normal,603,0.20799803733825684,207.99803733825684
normal,603,0.20798206329345703,207.98206329345703
normal,603,0.20811796188354492,208.11796188354492
normal,603,0.20892095565795898,208.92095565795898
normal,603,0.2069559097290039,206.9559097290039
normal,603,0.20801711082458496,208.01711082458496
normal,603,0.20798993110656738,207.98993110656738
normal,603,0.20804214477539062,208.04214477539062
normal,603,0.20895099639892578,208.95099639892578
normal,603,0.20708990097045898,207.08990097045898
normal,603,0.20789408683776855,207.89408683776855
normal,603,0.20800089836120605,208.00089836120605
normal,603,0.20804810523986816,208.04810523986816
normal,603,0.20897293090820312,208.97293090820312
normal,603,0.20697689056396484,206.97689056396484
normal,603,0.20796918869018555,207.96918869018555
normal,603,0.20809388160705566,208.09388160705566
normal,603,0.20792102813720703,207.92102813720703
normal,603,0.20903301239013672,209.03301239013672
normal,603,0.2069690227508545,206.9690227508545
normal,603,0.2079908847808838,207.9908847808838
normal,603,0.20801806449890137,208.01806449890137
normal,603,0.20900607109069824,209.00607109069824
normal,603,0.20703697204589844,207.03697204589844
normal,603,0.2079310417175293,207.9310417175293
normal,603,0.2080059051513672,208.0059051513672
normal,603,0.2079911231994629,207.9911231994629
normal,603,0.20898890495300293,208.98890495300293
normal,603,0.20704102516174316,207.04102516174316
normal,603,0.2079448699951172,207.9448699951172
normal,603,0.20813417434692383,208.13417434692383
normal,603,0.20790982246398926,207.90982246398926
normal,603,0.20897817611694336,208.97817611694336
normal,603,0.20700788497924805,207.00788497924805
normal,603,0.2079620361328125,207.9620361328125
normal,603,0.2080080509185791,208.0080509185791
normal,603,0.20801091194152832,208.01091194152832
normal,603,0.2090599536895752,209.0599536895752
normal,603,0.20694708824157715,206.94708824157715
normal,603,0.20798397064208984,207.98397064208984
normal,603,0.20799493789672852,207.99493789672852
normal,603,0.20798110961914062,207.98110961914062
normal,603,0.209028959274292,209.028959274292
normal,603,0.20696210861206055,206.96210861206055
normal,603,0.2080848217010498,208.0848217010498
normal,603,0.2079460620880127,207.9460620880127
normal,603,0.20902705192565918,209.02705192565918
normal,603,0.20694303512573242,206.94303512573242
normal,603,0.20799493789672852,207.99493789672852
normal,603,0.2079939842224121,207.9939842224121
normal,603,0.20798492431640625,207.98492431640625
normal,603,0.20910000801086426,209.10000801086426
normal,603,0.20693612098693848,206.93612098693848
normal,603,0.2079758644104004,207.9758644104004
normal,603,0.20802021026611328,208.02021026611328
normal,603,0.20797491073608398,207.97491073608398
normal,603,0.20899605751037598,208.99605751037598
normal,603,0.2070329189300537,207.0329189300537
normal,603,0.20806598663330078,208.06598663330078
normal,603,0.2079939842224121,207.9939842224121
normal,603,0.20794010162353516,207.94010162353516
normal,603,0.20895600318908691,208.9560031890869
normal,603,0.20705294609069824,207.05294609069824
normal,603,0.20794296264648438,207.94296264648438
normal,603,0.2080059051513672,208.0059051513672
normal,603,0.20810604095458984,208.10604095458984
normal,603,0.20894718170166016,208.94718170166016
normal,603,0.20697593688964844,206.97593688964844
normal,603,0.20795702934265137,207.95702934265137
normal,603,0.20801281929016113,208.01281929016113
normal,603,0.20903515815734863,209.03515815734863
normal,603,0.20692992210388184,206.92992210388184
normal,603,0.20807194709777832,208.07194709777832
normal,603,0.20795106887817383,207.95106887817383
normal,603,0.20799589157104492,207.99589157104492
normal,603,0.20901703834533691,209.0170383453369
normal,603,0.20699119567871094,206.99119567871094
normal,603,0.20801591873168945,208.01591873168945
normal,603,0.20801496505737305,208.01496505737305
normal,603,0.2080230712890625,208.0230712890625
normal,603,0.20891404151916504,208.91404151916504
normal,603,0.2070329189300537,207.0329189300537
normal,603,0.2079920768737793,207.9920768737793
normal,603,0.20801782608032227,208.01782608032227
normal,603,0.2079761028289795,207.9761028289795
normal,603,0.20896196365356445,208.96196365356445
normal,603,0.2070789337158203,207.0789337158203
normal,603,0.2079150676727295,207.9150676727295
normal,603,0.20807504653930664,208.07504653930664
normal,603,0.20792102813720703,207.92102813720703
normal,603,0.20902180671691895,209.02180671691895
normal,603,0.20699715614318848,206.99715614318848
normal,603,0.20797204971313477,207.97204971313477
normal,603,0.20807290077209473,208.07290077209473
normal,603,0.20793390274047852,207.93390274047852
normal,603,0.20801901817321777,208.01901817321777
normal,603,0.20804810523986816,208.04810523986816
normal,603,0.20794391632080078,207.94391632080078
normal,603,0.2079620361328125,207.9620361328125
normal,603,0.20900297164916992,209.00297164916992
normal,603,0.20709800720214844,207.09800720214844
normal,603,0.20790314674377441,207.9031467437744
normal,603,0.2080078125,208.0078125
normal,603,0.20798516273498535,207.98516273498535
normal,603,0.20900893211364746,209.00893211364746
normal,603,0.20699000358581543,206.99000358581543
normal,603,0.20798802375793457,207.98802375793457
normal,603,0.20813488960266113,208.13488960266113
normal,603,0.20790600776672363,207.90600776672363
normal,603,0.20895910263061523,208.95910263061523
normal,603,0.20699501037597656,206.99501037597656
normal,603,0.20801591873168945,208.01591873168945
normal,603,0.2079911231994629,207.9911231994629
normal,603,0.2080059051513672,208.0059051513672
normal,603,0.2090930938720703,209.0930938720703
normal,603,0.2069849967956543,206.9849967956543
normal,603,0.20790696144104004,207.90696144104004
normal,603,0.2079908847808838,207.9908847808838
normal,603,0.20800018310546875,208.00018310546875
normal,603,0.2089829444885254,208.9829444885254
normal,603,0.20699000358581543,206.99000358581543
normal,603,0.20807385444641113,208.07385444641113
normal,603,0.2079470157623291,207.9470157623291
normal,603,0.20899105072021484,208.99105072021484
normal,603,0.2070019245147705,207.0019245147705
normal,603,0.2080070972442627,208.0070972442627
normal,603,0.20800209045410156,208.00209045410156
normal,603,0.20797300338745117,207.97300338745117
normal,603,0.20908093452453613,209.08093452453613
normal,603,0.20692801475524902,206.92801475524902
normal,603,0.2079930305480957,207.9930305480957
normal,603,0.20799684524536133,207.99684524536133
normal,603,0.2079930305480957,207.9930305480957
normal,603,0.20902514457702637,209.02514457702637
normal,603,0.20698189735412598,206.98189735412598
normal,603,0.20808005332946777,208.08005332946777
normal,603,0.20791006088256836,207.91006088256836
normal,603,0.20806479454040527,208.06479454040527
normal,603,0.20895814895629883,208.95814895629883
normal,603,0.20701193809509277,207.01193809509277
normal,603,0.20796799659729004,207.96799659729004
normal,603,0.20797395706176758,207.97395706176758
normal,603,0.20806598663330078,208.06598663330078
normal,603,0.20895695686340332,208.95695686340332
normal,603,0.20702910423278809,207.0291042327881
normal,603,0.20798897743225098,207.98897743225098
normal,603,0.20797514915466309,207.9751491546631
normal,603,0.20897579193115234,208.97579193115234
normal,603,0.20699405670166016,206.99405670166016
normal,603,0.20807099342346191,208.0709934234619
normal,603,0.20792794227600098,207.92794227600098
normal,603,0.20800113677978516,208.00113677978516
normal,603,0.209014892578125,209.014892578125
normal,603,0.20699405670166016,206.99405670166016
normal,603,0.2080059051513672,208.0059051513672
normal,603,0.20798611640930176,207.98611640930176
normal,603,0.20804905891418457,208.04905891418457
normal,603,0.2089979648590088,208.9979648590088
normal,603,0.20693588256835938,206.93588256835938
normal,603,0.20809507369995117,208.09507369995117
normal,603,0.20797109603881836,207.97109603881836
normal,603,0.20792698860168457,207.92698860168457
normal,603,0.20898985862731934,208.98985862731934
normal,603,0.20707917213439941,207.0791721343994
normal,603,0.20794081687927246,207.94081687927246
normal,603,0.20798397064208984,207.98397064208984
normal,603,0.20801806449890137,208.01806449890137
normal,603,0.20896601676940918,208.96601676940918
normal,603,0.2070000171661377,207.0000171661377
normal,603,0.20801091194152832,208.01091194152832
normal,603,0.20805716514587402,208.05716514587402
normal,603,0.20900893211364746,209.00893211364746
normal,603,0.20694398880004883,206.94398880004883
normal,603,0.20798301696777344,207.98301696777344
normal,603,0.20801997184753418,208.01997184753418
normal,603,0.20797395706176758,207.97395706176758
normal,603,0.2092301845550537,209.2301845550537
normal,603,0.20682191848754883,206.82191848754883
normal,603,0.20793604850769043,207.93604850769043
normal,603,0.20801186561584473,208.01186561584473
normal,603,0.20798206329345703,207.98206329345703
normal,603,0.2090160846710205,209.0160846710205
normal,603,0.20698881149291992,206.98881149291992
normal,603,0.20800518989562988,208.00518989562988
normal,603,0.20807099342346191,208.0709934234619
normal,603,0.20796895027160645,207.96895027160645
normal,603,0.20894503593444824,208.94503593444824
normal,603,0.20700287818908691,207.0028781890869
normal,603,0.20798611640930176,207.98611640930176
normal,603,0.2079930305480957,207.9930305480957
normal,603,0.20800280570983887,208.00280570983887
normal,603,0.20905613899230957,209.05613899230957
normal,603,0.20696401596069336,206.96401596069336
normal,603,0.20798897743225098,207.98897743225098
normal,603,0.2079758644104004,207.9758644104004
normal,603,0.20900321006774902,209.00321006774902
normal,603,0.20706582069396973,207.06582069396973
normal,603,0.2079789638519287,207.9789638519287
normal,603,0.2080700397491455,208.0700397491455
normal,603,0.2078721523284912,207.8721523284912
normal,603,0.20901894569396973,209.01894569396973
normal,603,0.20704984664916992,207.04984664916992
normal,603,0.20794105529785156,207.94105529785156
normal,603,0.20799994468688965,207.99994468688965
normal,603,0.20797204971313477,207.97204971313477
normal,603,0.20906496047973633,209.06496047973633
normal,603,0.20693016052246094,206.93016052246094
normal,603,0.20801687240600586,208.01687240600586
normal,603,0.2079770565032959,207.9770565032959
normal,603,0.2080059051513672,208.0059051513672
normal,603,0.20899605751037598,208.99605751037598
normal,603,0.20701909065246582,207.01909065246582
normal,604,0.2079920768737793,207.9920768737793
normal,604,0.20803594589233398,208.03594589233398
normal,604,0.2090311050415039,209.0311050415039
normal,604,0.2069718837738037,206.9718837738037
normal,604,0.2080399990081787,208.0399990081787
normal,604,0.20795416831970215,207.95416831970215
normal,604,0.20798301696777344,207.98301696777344
normal,604,0.20900487899780273,209.00487899780273
normal,604,0.2070169448852539,207.0169448852539
normal,604,0.2079601287841797,207.9601287841797
normal,604,0.20798087120056152,207.98087120056152
normal,604,0.2079939842224121,207.9939842224121
normal,604,0.2090461254119873,209.0461254119873
normal,604,0.20699787139892578,206.99787139892578
normal,604,0.20798611640930176,207.98611640930176
normal,604,0.2079620361328125,207.9620361328125
normal,604,0.20801901817321777,208.01901817321777
normal,604,0.20897603034973145,208.97603034973145
normal,604,0.20699787139892578,206.99787139892578
normal,604,0.20807194709777832,208.07194709777832
normal,604,0.20795011520385742,207.95011520385742
normal,604,0.20802593231201172,208.02593231201172
normal,604,0.20894908905029297,208.94908905029297
normal,604,0.20699691772460938,206.99691772460938
normal,604,0.20800399780273438,208.00399780273438
normal,604,0.20882701873779297,208.82701873779297
normal,604,0.20821499824523926,208.21499824523926
normal,604,0.20700788497924805,207.00788497924805
normal,604,0.20795607566833496,207.95607566833496
normal,604,0.20797109603881836,207.97109603881836
normal,604,0.2080068588256836,208.0068588256836
normal,604,0.20899105072021484,208.99105072021484
normal,604,0.20697903633117676,206.97903633117676
normal,604,0.2080678939819336,208.0678939819336
normal,604,0.20795512199401855,207.95512199401855
normal,604,0.2080080509185791,208.0080509185791
normal,604,0.20897698402404785,208.97698402404785
normal,604,0.20700597763061523,207.00597763061523
normal,604,0.2080519199371338,208.0519199371338
normal,604,0.20794296264648438,207.94296264648438
normal,604,0.20809102058410645,208.09102058410645
normal,604,0.20895695686340332,208.95695686340332
normal,604,0.20696711540222168,206.96711540222168
normal,604,0.20799589157104492,207.99589157104492
normal,604,0.20796799659729004,207.96799659729004
normal,604,0.20799803733825684,207.99803733825684
normal,604,0.20901799201965332,209.01799201965332
normal,604,0.20708107948303223,207.08107948303223
normal,604,0.2079629898071289,207.9629898071289
normal,604,0.20798802375793457,207.98802375793457
normal,604,0.20898103713989258,208.98103713989258
normal,604,0.20697903633117676,206.97903633117676
normal,604,0.20803093910217285,208.03093910217285
normal,604,0.2079639434814453,207.9639434814453
normal,604,0.20805907249450684,208.05907249450684
normal,604,0.20900893211364746,209.00893211364746
normal,604,0.20694494247436523,206.94494247436523
normal,604,0.20799708366394043,207.99708366394043
normal,604,0.20799589157104492,207.99589157104492
normal,604,0.20802021026611328,208.02021026611328
normal,604,0.2091059684753418,209.1059684753418
normal,604,0.2069718837738037,206.9718837738037
normal,604,0.20792293548583984,207.92293548583984
normal,604,0.2079460620880127,207.9460620880127
normal,604,0.20800495147705078,208.00495147705078
normal,604,0.20910000801086426,209.10000801086426
normal,604,0.20690703392028809,206.9070339202881
normal,604,0.20803213119506836,208.03213119506836
normal,604,0.20800995826721191,208.0099582672119
normal,604,0.20801806449890137,208.01806449890137
normal,604,0.20890283584594727,208.90283584594727
normal,604,0.20701003074645996,207.01003074645996
normal,604,0.20796799659729004,207.96799659729004
normal,604,0.20804405212402344,208.04405212402344
normal,604,0.2089989185333252,208.9989185333252
normal,604,0.20701217651367188,207.01217651367188
normal,604,0.20793986320495605,207.93986320495605
normal,604,0.2080519199371338,208.0519199371338
normal,604,0.2079780101776123,207.9780101776123
normal,604,0.20900321006774902,209.00321006774902
normal,604,0.20695185661315918,206.95185661315918
normal,604,0.2080399990081787,208.0399990081787
normal,604,0.2086350917816162,208.6350917816162
normal,604,0.2073359489440918,207.3359489440918
normal,604,0.20907902717590332,209.07902717590332
normal,604,0.2070000171661377,207.0000171661377
normal,604,0.2079029083251953,207.9029083251953
normal,604,0.20799994468688965,207.99994468688965
normal,604,0.20799899101257324,207.99899101257324
normal,604,0.20904302597045898,209.04302597045898
normal,604,0.20697617530822754,206.97617530822754
normal,604,0.20799994468688965,207.99994468688965
normal,604,0.2079930305480957,207.9930305480957
normal,604,0.20796799659729004,207.96799659729004
normal,604,0.20906400680541992,209.06400680541992
normal,604,0.2069540023803711,206.9540023803711
normal,604,0.208143949508667,208.143949508667
normal,604,0.20786285400390625,207.86285400390625
normal,604,0.20802903175354004,208.02903175354004
normal,604,0.20793604850769043,207.93604850769043
normal,604,0.20801210403442383,208.01210403442383
normal,604,0.2079918384552002,207.9918384552002
normal,604,0.2079920768737793,207.9920768737793
normal,604,0.2090590000152588,209.0590000152588
normal,604,0.2069389820098877,206.9389820098877
normal,604,0.20798993110656738,207.98993110656738
normal,604,0.2079920768737793,207.9920768737793
normal,604,0.20801806449890137,208.01806449890137
normal,604,0.20901894569396973,209.01894569396973
normal,604,0.20694589614868164,206.94589614868164
normal,604,0.20809006690979004,208.09006690979004
normal,604,0.20792698860168457,207.92698860168457
normal,604,0.2080221176147461,208.0221176147461
normal,604,0.20898199081420898,208.98199081420898
normal,604,0.20702195167541504,207.02195167541504
normal,604,0.20797491073608398,207.97491073608398
normal,604,0.20798397064208984,207.98397064208984
normal,604,0.20807123184204102,208.07123184204102
normal,604,0.20898699760437012,208.98699760437012
normal,604,0.20697379112243652,206.97379112243652
normal,604,0.2079620361328125,207.9620361328125
normal,604,0.20803308486938477,208.03308486938477
normal,604,0.20800995826721191,208.0099582672119
normal,604,0.2089369297027588,208.9369297027588
normal,604,0.20714211463928223,207.14211463928223
normal,604,0.20788192749023438,207.88192749023438
normal,604,0.20802903175354004,208.02903175354004
normal,604,0.20895600318908691,208.9560031890869
normal,604,0.20701909065246582,207.01909065246582
normal,604,0.2079918384552002,207.9918384552002
normal,604,0.2079770565032959,207.9770565032959
normal,604,0.20811009407043457,208.11009407043457
normal,604,0.2089369297027588,208.9369297027588
normal,604,0.2069559097290039,206.9559097290039
normal,604,0.20802021026611328,208.02021026611328
normal,604,0.20798397064208984,207.98397064208984
normal,604,0.20804286003112793,208.04286003112793
normal,604,0.20895099639892578,208.95099639892578
normal,604,0.2070751190185547,207.0751190185547
normal,604,0.20791101455688477,207.91101455688477
normal,604,0.20799803733825684,207.99803733825684
normal,604,0.20804691314697266,208.04691314697266
normal,604,0.20897388458251953,208.97388458251953
normal,604,0.20697617530822754,206.97617530822754
normal,604,0.2079629898071289,207.9629898071289
normal,604,0.20808696746826172,208.08696746826172
normal,604,0.20793604850769043,207.93604850769043
normal,604,0.20903897285461426,209.03897285461426
normal,604,0.20696496963500977,206.96496963500977
normal,604,0.20798993110656738,207.98993110656738
normal,604,0.20801806449890137,208.01806449890137
normal,604,0.20900797843933105,209.00797843933105
normal,604,0.2070178985595703,207.0178985595703
normal,604,0.20795011520385742,207.95011520385742
normal,604,0.20800495147705078,208.00495147705078
normal,604,0.20798802375793457,207.98802375793457
normal,604,0.20898795127868652,208.98795127868652
normal,604,0.20704197883605957,207.04197883605957
normal,604,0.20794010162353516,207.94010162353516
normal,604,0.20812392234802246,208.12392234802246
normal,604,0.20792698860168457,207.92698860168457
normal,604,0.20898008346557617,208.98008346557617
normal,604,0.20700502395629883,207.00502395629883
normal,604,0.20795798301696777,207.95798301696777
normal,604,0.2080090045928955,208.0090045928955
normal,604,0.20801186561584473,208.01186561584473
normal,604,0.2090470790863037,209.0470790863037
normal,604,0.20696306228637695,206.96306228637695
normal,604,0.20798206329345703,207.98206329345703
normal,604,0.20799589157104492,207.99589157104492
normal,604,0.2079761028289795,207.9761028289795
normal,604,0.20903491973876953,209.03491973876953
normal,604,0.2069540023803711,206.9540023803711
normal,604,0.20807695388793945,208.07695388793945
normal,604,0.2079610824584961,207.9610824584961
normal,604,0.209028959274292,209.028959274292
normal,604,0.2069380283355713,206.9380283355713
normal,604,0.20799684524536133,207.99684524536133
normal,604,0.2079920768737793,207.9920768737793
normal,604,0.20798110961914062,207.98110961914062
normal,604,0.2090909481048584,209.0909481048584
normal,604,0.20695090293884277,206.95090293884277
normal,604,0.2079770565032959,207.9770565032959
normal,604,0.20801997184753418,208.01997184753418
normal,604,0.20797395706176758,207.97395706176758
normal,604,0.20899605751037598,208.99605751037598
normal,604,0.2070319652557373,207.0319652557373
normal,604,0.2080521583557129,208.0521583557129
normal,604,0.20801186561584473,208.01186561584473
normal,604,0.20793795585632324,207.93795585632324
normal,604,0.2089550495147705,208.9550495147705
normal,604,0.20706391334533691,207.0639133453369
normal,604,0.20792913436889648,207.92913436889648
normal,604,0.2080059051513672,208.0059051513672
normal,604,0.20809412002563477,208.09412002563477
normal,604,0.20896387100219727,208.96387100219727
normal,604,0.20697617530822754,206.97617530822754
normal,604,0.20795583724975586,207.95583724975586
normal,604,0.20800995826721191,208.0099582672119
normal,604,0.20902514457702637,209.02514457702637
normal,604,0.20693492889404297,206.93492889404297
normal,604,0.20806407928466797,208.06407928466797
normal,604,0.2079620361328125,207.9620361328125
normal,604,0.20799899101257324,207.99899101257324
normal,604,0.20901703834533691,209.0170383453369
normal,604,0.20699286460876465,206.99286460876465
normal,604,0.20801711082458496,208.01711082458496
normal,604,0.20801591873168945,208.01591873168945
normal,604,0.20800495147705078,208.00495147705078
normal,604,0.20892810821533203,208.92810821533203
normal,604,0.20703601837158203,207.03601837158203
normal,604,0.2079918384552002,207.9918384552002
normal,604,0.20801615715026855,208.01615715026855
normal,604,0.20797395706176758,207.97395706176758
normal,604,0.20896005630493164,208.96005630493164
normal,604,0.20706796646118164,207.06796646118164
normal,604,0.20792603492736816,207.92603492736816
normal,604,0.20810580253601074,208.10580253601074
normal,604,0.20789122581481934,207.89122581481934
normal,604,0.20902395248413086,209.02395248413086
normal,604,0.2070000171661377,207.0000171661377
normal,604,0.20796585083007812,207.96585083007812
normal,604,0.20806097984313965,208.06097984313965
normal,604,0.20795011520385742,207.95011520385742
normal,604,0.20802903175354004,208.02903175354004
normal,604,0.2080519199371338,208.0519199371338
normal,604,0.20794105529785156,207.94105529785156
normal,604,0.2079470157623291,207.9470157623291
normal,604,0.20900201797485352,209.00201797485352
normal,604,0.20708990097045898,207.08990097045898
normal,604,0.2079150676727295,207.9150676727295
normal,604,0.2080080509185791,208.0080509185791
normal,604,0.20798492431640625,207.98492431640625
normal,604,0.20901107788085938,209.01107788085938
normal,604,0.2069849967956543,206.9849967956543
normal,604,0.20798802375793457,207.98802375793457
normal,604,0.20812582969665527,208.12582969665527
normal,604,0.20791912078857422,207.91912078857422
normal,604,0.20895886421203613,208.95886421203613
normal,604,0.20699095726013184,206.99095726013184
normal,604,0.20802021026611328,208.02021026611328
normal,604,0.20798897743225098,207.98897743225098
normal,604,0.20800399780273438,208.00399780273438
normal,604,0.20908403396606445,209.08403396606445
normal,604,0.20700478553771973,207.00478553771973
normal,604,0.2078990936279297,207.8990936279297
normal,604,0.2079920768737793,207.9920768737793
normal,604,0.20799899101257324,207.99899101257324
normal,604,0.20897984504699707,208.97984504699707
normal,604,0.20698904991149902,206.98904991149902
normal,604,0.20806312561035156,208.06312561035156
normal,604,0.2079639434814453,207.9639434814453
normal,604,0.20898890495300293,208.98890495300293
normal,604,0.20700502395629883,207.00502395629883
normal,604,0.20800209045410156,208.00209045410156
normal,604,0.20800495147705078,208.00495147705078
normal,604,0.20796704292297363,207.96704292297363
normal,604,0.20907092094421387,209.07092094421387
normal,604,0.20694708824157715,206.94708824157715
normal,604,0.20798802375793457,207.98802375793457
normal,604,0.20799589157104492,207.99589157104492
normal,604,0.2079930305480957,207.9930305480957
normal,604,0.2090311050415039,209.0311050415039
normal,604,0.20697689056396484,206.97689056396484
normal,604,0.2080669403076172,208.0669403076172
normal,604,0.20792603492736816,207.92603492736816
normal,604,0.20806503295898438,208.06503295898438
normal,604,0.20896005630493164,208.96005630493164
normal,604,0.2070169448852539,207.0169448852539
normal,604,0.20795893669128418,207.95893669128418
normal,604,0.20796918869018555,207.96918869018555
normal,604,0.20805788040161133,208.05788040161133
normal,604,0.20897293090820312,208.97293090820312
normal,604,0.2070310115814209,207.0310115814209
normal,604,0.20798516273498535,207.98516273498535
normal,604,0.20797491073608398,207.97491073608398
normal,604,0.20897293090820312,208.97293090820312
normal,604,0.20699310302734375,206.99310302734375
normal,604,0.20806097984313965,208.06097984313965
normal,604,0.20793890953063965,207.93890953063965
normal,604,0.20800495147705078,208.00495147705078
normal,604,0.2090151309967041,209.0151309967041
normal,604,0.20699310302734375,206.99310302734375
normal,604,0.20801091194152832,208.01091194152832
normal,604,0.2079780101776123,207.9780101776123
normal,604,0.2080368995666504,208.0368995666504
normal,604,0.20902013778686523,209.02013778686523
normal,604,0.20692896842956543,206.92896842956543
normal,604,0.20810198783874512,208.10198783874512
normal,604,0.20797491073608398,207.97491073608398
normal,604,0.20791411399841309,207.9141139984131
normal,604,0.2089860439300537,208.9860439300537
normal,604,0.20706987380981445,207.06987380981445
normal,604,0.20795607566833496,207.95607566833496
normal,604,0.20798301696777344,207.98301696777344
normal,604,0.20802092552185059,208.0209255218506
normal,604,0.20896291732788086,208.96291732788086
normal,604,0.20699620246887207,206.99620246887207
normal,604,0.20801591873168945,208.01591873168945
normal,604,0.20804190635681152,208.04190635681152
normal,604,0.2090129852294922,209.0129852294922
normal,604,0.20695710182189941,206.9571018218994
normal,604,0.20798087120056152,207.98087120056152
normal,604,0.20806312561035156,208.06312561035156
normal,604,0.20792889595031738,207.92889595031738
normal,604,0.2092440128326416,209.2440128326416
normal,604,0.20679497718811035,206.79497718811035
normal,604,0.20795297622680664,207.95297622680664
normal,604,0.20801305770874023,208.01305770874023
normal,604,0.2079761028289795,207.9761028289795
normal,604,0.20902204513549805,209.02204513549805
normal,604,0.2069869041442871,206.9869041442871
normal,604,0.20800089836120605,208.00089836120605
normal,604,0.20806002616882324,208.06002616882324
normal,604,0.2080070972442627,208.0070972442627
normal,604,0.2089231014251709,208.9231014251709
normal,604,0.2069997787475586,206.9997787475586
normal,604,0.20799899101257324,207.99899101257324
normal,604,0.2079780101776123,207.9780101776123
normal,604,0.20800018310546875,208.00018310546875
normal,604,0.2090468406677246,209.0468406677246
normal,604,0.20697903633117676,206.97903633117676
normal,604,0.2079920768737793,207.9920768737793
normal,604,0.20797085762023926,207.97085762023926
normal,604,0.20900321006774902,209.00321006774902
normal,604,0.20708799362182617,207.08799362182617
normal,604,0.20795893669128418,207.95893669128418
normal,604,0.2080540657043457,208.0540657043457
normal,604,0.20788788795471191,207.8878879547119
normal,604,0.20901989936828613,209.01989936828613
normal,604,0.20705103874206543,207.05103874206543
normal,604,0.20793914794921875,207.93914794921875
normal,604,0.20800185203552246,208.00185203552246
normal,604,0.20796418190002441,207.9641819000244
normal,604,0.20905494689941406,209.05494689941406
normal,604,0.20694303512573242,206.94303512573242
normal,604,0.20802092552185059,208.0209255218506
normal,604,0.20797491073608398,207.97491073608398
normal,604,0.20800518989562988,208.00518989562988
normal,604,0.20899677276611328,208.99677276611328
normal,604,0.20702004432678223,207.02004432678223
normal,606,0.5129978656768799,512.9978656768799
normal,606,0.5110549926757812,511.05499267578125
normal,606,0.5129261016845703,512.9261016845703
normal,606,0.5109930038452148,510.99300384521484
normal,606,0.5129849910736084,512.9849910736084
normal,606,0.5110049247741699,511.0049247741699
normal,606,0.5120949745178223,512.0949745178223
normal,606,0.5118999481201172,511.8999481201172
normal,606,0.5120730400085449,512.0730400085449
normal,606,0.5119471549987793,511.9471549987793
normal,606,0.5119249820709229,511.92498207092285
normal,606,0.5120179653167725,512.0179653167725
normal,606,0.5120089054107666,512.0089054107666
normal,606,0.5119740962982178,511.9740962982178
normal,606,0.5120429992675781,512.0429992675781
normal,606,0.5121049880981445,512.1049880981445
normal,606,0.5119109153747559,511.91091537475586
normal,606,0.5119400024414062,511.94000244140625
normal,606,0.512017011642456,512.017011642456
normal,606,0.5119481086730957,511.9481086730957
normal,606,0.5120120048522949,512.0120048522949
normal,606,0.5119948387145996,511.9948387145996
normal,606,0.5120890140533447,512.0890140533447
normal,606,0.5118999481201172,511.8999481201172
normal,606,0.5120911598205566,512.0911598205566
normal,606,0.5119099617004395,511.90996170043945
normal,606,0.5120420455932617,512.0420455932617
normal,606,0.5120868682861328,512.0868682861328
normal,606,0.5118269920349121,511.8269920349121
normal,606,0.5120570659637451,512.0570659637451
normal,606,0.5119280815124512,511.9280815124512
normal,606,0.5130150318145752,513.0150318145752
normal,606,0.5109708309173584,510.9708309173584
normal,606,0.5130090713500977,513.0090713500977
normal,606,0.5109999179840088,510.9999179840088
normal,606,0.5130231380462646,513.0231380462646
normal,606,0.5110068321228027,511.00683212280273
normal,606,0.5129492282867432,512.9492282867432
normal,606,0.5109899044036865,510.9899044036865
normal,606,0.5130000114440918,513.0000114440918
normal,606,0.5110268592834473,511.02685928344727
normal,606,0.5129520893096924,512.9520893096924
normal,606,0.5110030174255371,511.0030174255371
normal,606,0.5130391120910645,513.0391120910645
normal,606,0.5109419822692871,510.9419822692871
normal,606,0.513023853302002,513.023853302002
normal,606,0.51096510887146,510.96510887145996
normal,606,0.5119900703430176,511.9900703430176
normal,606,0.5120468139648438,512.0468139648438
normal,606,0.5119481086730957,511.9481086730957
normal,606,0.5120799541473389,512.0799541473389
normal,606,0.511976957321167,511.976957321167
normal,606,0.5119130611419678,511.9130611419678
normal,606,0.512052059173584,512.052059173584
normal,606,0.5119349956512451,511.9349956512451
normal,606,0.5119938850402832,511.9938850402832
normal,606,0.5120389461517334,512.0389461517334
normal,606,0.5120282173156738,512.0282173156738
normal,606,0.5119938850402832,511.9938850402832
normal,606,0.5119140148162842,511.9140148162842
normal,606,0.5120198726654053,512.0198726654053
normal,606,0.5119791030883789,511.9791030883789
normal,606,0.5119850635528564,511.98506355285645
normal,606,0.512009859085083,512.009859085083
normal,606,0.5120351314544678,512.0351314544678
normal,606,0.5119349956512451,511.9349956512451
normal,606,0.5120620727539062,512.0620727539062
normal,606,0.5119369029998779,511.93690299987793
normal,606,0.5120110511779785,512.0110511779785
normal,606,0.5119988918304443,511.99889183044434
normal,606,0.5119960308074951,511.9960308074951
normal,606,0.5120260715484619,512.0260715484619
normal,606,0.5129489898681641,512.9489898681641
normal,606,0.5109920501708984,510.99205017089844
normal,606,0.5130109786987305,513.0109786987305
normal,606,0.510977029800415,510.97702980041504
normal,606,0.512988805770874,512.988805770874
normal,606,0.5110061168670654,511.00611686706543
normal,606,0.5130798816680908,513.0798816680908
normal,606,0.5109431743621826,510.9431743621826
normal,606,0.5129380226135254,512.9380226135254
normal,606,0.5109999179840088,510.9999179840088
normal,606,0.5130090713500977,513.0090713500977
normal,606,0.5110189914703369,511.0189914703369
normal,606,0.5129489898681641,512.9489898681641
normal,606,0.5110628604888916,511.0628604888916
normal,606,0.5129129886627197,512.9129886627197
normal,606,0.5110139846801758,511.0139846801758
normal,606,0.5130050182342529,513.0050182342529
normal,606,0.5109939575195312,510.99395751953125
normal,606,0.5120570659637451,512.0570659637451
normal,606,0.511937141418457,511.93714141845703
normal,606,0.5121018886566162,512.1018886566162
normal,606,0.5118939876556396,511.89398765563965
normal,606,0.5119941234588623,511.9941234588623
normal,606,0.5119748115539551,511.9748115539551
normal,606,0.511991024017334,511.991024017334
normal,606,0.5120351314544678,512.0351314544678
normal,606,0.5119478702545166,511.9478702545166
normal,606,0.5120999813079834,512.0999813079834
normal,606,0.5119080543518066,511.90805435180664
normal,606,0.5120639801025391,512.0639801025391
normal,606,0.5119619369506836,511.9619369506836
normal,606,0.5119421482086182,511.94214820861816
normal,606,0.5120038986206055,512.0038986206055
normal,606,0.5120210647583008,512.0210647583008
normal,606,0.5120360851287842,512.0360851287842
normal,606,0.5119478702545166,511.9478702545166
normal,606,0.5119709968566895,511.97099685668945
normal,606,0.5120029449462891,512.0029449462891
normal,606,0.5119891166687012,511.9891166687012
normal,606,0.5120680332183838,512.0680332183838
normal,606,0.5119259357452393,511.92593574523926
normal,606,0.5120749473571777,512.0749473571777
normal,606,0.5118939876556396,511.89398765563965
normal,606,0.5129899978637695,512.9899978637695
normal,606,0.5109891891479492,510.9891891479492
normal,606,0.5130147933959961,513.0147933959961
normal,606,0.5110480785369873,511.0480785369873
normal,606,0.5129859447479248,512.9859447479248
normal,606,0.5110139846801758,511.0139846801758
normal,606,0.5130021572113037,513.0021572113037
normal,606,0.5109338760375977,510.93387603759766
normal,606,0.5130009651184082,513.0009651184082
normal,606,0.5109620094299316,510.96200942993164
normal,606,0.5130021572113037,513.0021572113037
normal,606,0.5110349655151367,511.0349655151367
normal,606,0.5130228996276855,513.0228996276855
normal,606,0.5109851360321045,510.9851360321045
normal,606,0.5129189491271973,512.9189491271973
normal,606,0.5110130310058594,511.0130310058594
normal,606,0.5121328830718994,512.1328830718994
normal,606,0.5118651390075684,511.86513900756836
normal,606,0.5119860172271729,511.98601722717285
normal,606,0.5120618343353271,512.0618343353271
normal,606,0.5119211673736572,511.9211673736572
normal,606,0.5120198726654053,512.0198726654053
normal,606,0.5122809410095215,512.2809410095215
normal,607,0.2079908847808838,207.9908847808838
normal,607,0.2080380916595459,208.0380916595459
normal,607,0.2090299129486084,209.0299129486084
normal,607,0.2069721221923828,206.9721221923828
normal,607,0.20804691314697266,208.04691314697266
normal,607,0.20795607566833496,207.95607566833496
normal,607,0.2079758644104004,207.9758644104004
normal,607,0.20900297164916992,209.00297164916992
normal,607,0.207017183303833,207.017183303833
normal,607,0.2079617977142334,207.9617977142334
normal,607,0.2079780101776123,207.9780101776123
normal,607,0.2079939842224121,207.9939842224121
normal,607,0.20904302597045898,209.04302597045898
normal,607,0.20700311660766602,207.00311660766602
normal,607,0.20798587799072266,207.98587799072266
normal,607,0.2079610824584961,207.9610824584961
normal,607,0.20801901817321777,208.01901817321777
normal,607,0.20897603034973145,208.97603034973145
normal,607,0.20699691772460938,206.99691772460938
normal,607,0.2080700397491455,208.0700397491455
normal,607,0.20795202255249023,207.95202255249023
normal,607,0.20802903175354004,208.02903175354004
normal,607,0.20894694328308105,208.94694328308105
normal,607,0.20699810981750488,206.99810981750488
normal,607,0.20800280570983887,208.00280570983887
normal,607,0.20882701873779297,208.82701873779297
normal,607,0.20821213722229004,208.21213722229004
normal,607,0.20701289176940918,207.01289176940918
normal,607,0.20795512199401855,207.95512199401855
normal,607,0.20797181129455566,207.97181129455566
normal,607,0.2080070972442627,208.0070972442627
normal,607,0.20898890495300293,208.98890495300293
normal,607,0.20697999000549316,206.97999000549316
normal,607,0.20806407928466797,208.06407928466797
normal,607,0.2079601287841797,207.9601287841797
normal,607,0.20801281929016113,208.01281929016113
normal,607,0.2089700698852539,208.9700698852539
normal,607,0.20702290534973145,207.02290534973145
normal,607,0.2080399990081787,208.0399990081787
normal,607,0.20793700218200684,207.93700218200684
normal,607,0.20808815956115723,208.08815956115723
normal,607,0.20896100997924805,208.96100997924805
normal,607,0.2069690227508545,206.9690227508545
normal,607,0.2079930305480957,207.9930305480957
normal,607,0.20796895027160645,207.96895027160645
normal,607,0.20799684524536133,207.99684524536133
normal,607,0.20901703834533691,209.0170383453369
normal,607,0.20708298683166504,207.08298683166504
normal,607,0.20797014236450195,207.97014236450195
normal,607,0.20798492431640625,207.98492431640625
normal,607,0.20897793769836426,208.97793769836426
normal,607,0.20698118209838867,206.98118209838867
normal,607,0.20803093910217285,208.03093910217285
normal,607,0.207960844039917,207.960844039917
normal,607,0.20805621147155762,208.05621147155762
normal,607,0.20902776718139648,209.02776718139648
normal,607,0.20693206787109375,206.93206787109375
normal,607,0.2079939842224121,207.9939842224121
normal,607,0.20799708366394043,207.99708366394043
normal,607,0.20801901817321777,208.01901817321777
normal,607,0.2091069221496582,209.1069221496582
normal,607,0.2069690227508545,206.9690227508545
normal,607,0.20792698860168457,207.92698860168457
normal,607,0.2079451084136963,207.9451084136963
normal,607,0.20800495147705078,208.00495147705078
normal,607,0.20911502838134766,209.11502838134766
normal,607,0.20689105987548828,206.89105987548828
normal,607,0.20803284645080566,208.03284645080566
normal,607,0.20800495147705078,208.00495147705078
normal,607,0.20807600021362305,208.07600021362305
normal,607,0.20884919166564941,208.8491916656494
normal,607,0.20700979232788086,207.00979232788086
normal,607,0.20796799659729004,207.96799659729004
normal,607,0.20804405212402344,208.04405212402344
normal,607,0.2089991569519043,208.9991569519043
normal,607,0.20700883865356445,207.00883865356445
normal,607,0.20794415473937988,207.94415473937988
normal,607,0.20805096626281738,208.05096626281738
normal,607,0.2079780101776123,207.9780101776123
normal,607,0.20900297164916992,209.00297164916992
normal,607,0.20695185661315918,206.95185661315918
normal,607,0.20804214477539062,208.04214477539062
normal,607,0.20863103866577148,208.63103866577148
normal,607,0.2073369026184082,207.3369026184082
normal,607,0.20908308029174805,209.08308029174805
normal,607,0.20699787139892578,206.99787139892578
normal,607,0.2079019546508789,207.9019546508789
normal,607,0.20800018310546875,208.00018310546875
normal,607,0.20799803733825684,207.99803733825684
normal,607,0.20903992652893066,209.03992652893066
normal,607,0.20698094367980957,206.98094367980957
normal,607,0.20800089836120605,208.00089836120605
normal,607,0.2079920768737793,207.9920768737793
normal,607,0.20796704292297363,207.96704292297363
normal,607,0.20906591415405273,209.06591415405273
normal,607,0.20695114135742188,206.95114135742188
normal,607,0.20815587043762207,208.15587043762207
normal,607,0.20785307884216309,207.8530788421631
normal,607,0.20803189277648926,208.03189277648926
normal,607,0.2079319953918457,207.9319953918457
normal,607,0.20801210403442383,208.01210403442383
normal,607,0.2080070972442627,208.0070972442627
normal,607,0.2079768180847168,207.9768180847168
normal,607,0.20905518531799316,209.05518531799316
normal,607,0.20694184303283691,206.9418430328369
normal,607,0.2079920768737793,207.9920768737793
normal,607,0.2079908847808838,207.9908847808838
normal,607,0.20801806449890137,208.01806449890137
normal,607,0.20902013778686523,209.02013778686523
normal,607,0.20694494247436523,206.94494247436523
normal,607,0.2080860137939453,208.0860137939453
normal,607,0.2079310417175293,207.9310417175293
normal,607,0.2080228328704834,208.0228328704834
normal,607,0.20898103713989258,208.98103713989258
normal,607,0.20702195167541504,207.02195167541504
normal,607,0.20797514915466309,207.9751491546631
normal,607,0.20798397064208984,207.98397064208984
normal,607,0.20806884765625,208.06884765625
normal,607,0.20899200439453125,208.99200439453125
normal,607,0.20697307586669922,206.97307586669922
normal,607,0.2079601287841797,207.9601287841797
normal,607,0.20803499221801758,208.03499221801758
normal,607,0.2080090045928955,208.0090045928955
normal,607,0.20893478393554688,208.93478393554688
normal,607,0.20714020729064941,207.1402072906494
normal,607,0.2078859806060791,207.8859806060791
normal,607,0.20802783966064453,208.02783966064453
normal,607,0.20895814895629883,208.95814895629883
normal,607,0.2070178985595703,207.0178985595703
normal,607,0.2079920768737793,207.9920768737793
normal,607,0.20797491073608398,207.97491073608398
normal,607,0.20810914039611816,208.10914039611816
normal,607,0.2089400291442871,208.9400291442871
normal,607,0.2069699764251709,206.9699764251709
normal,607,0.2080059051513672,208.0059051513672
normal,607,0.20798301696777344,207.98301696777344
normal,607,0.20804405212402344,208.04405212402344
normal,607,0.20895004272460938,208.95004272460938
normal,607,0.20707082748413086,207.07082748413086
normal,607,0.2079150676727295,207.9150676727295
normal,607,0.20799899101257324,207.99899101257324
normal,607,0.20804691314697266,208.04691314697266
normal,607,0.20897412300109863,208.97412300109863
normal,607,0.20697402954101562,206.97402954101562
normal,607,0.2079620361328125,207.9620361328125
normal,607,0.2080848217010498,208.0848217010498
normal,607,0.20794105529785156,207.94105529785156
normal,607,0.20903801918029785,209.03801918029785
normal,607,0.20696592330932617,206.96592330932617
normal,607,0.20799016952514648,207.99016952514648
normal,607,0.20801782608032227,208.01782608032227
normal,607,0.20900917053222656,209.00917053222656
normal,607,0.20701384544372559,207.0138454437256
normal,607,0.20795202255249023,207.95202255249023
normal,607,0.20800399780273438,208.00399780273438
normal,607,0.20798897743225098,207.98897743225098
normal,607,0.20898699760437012,208.98699760437012
normal,607,0.20704412460327148,207.04412460327148
normal,607,0.20793700218200684,207.93700218200684
normal,607,0.20812201499938965,208.12201499938965
normal,607,0.2079310417175293,207.9310417175293
normal,607,0.20897984504699707,208.97984504699707
normal,607,0.20700693130493164,207.00693130493164
normal,607,0.20795416831970215,207.95416831970215
normal,607,0.20800995826721191,208.0099582672119
normal,607,0.20802688598632812,208.02688598632812
normal,607,0.2090291976928711,209.0291976928711
normal,607,0.20696783065795898,206.96783065795898
normal,607,0.20798206329345703,207.98206329345703
normal,607,0.20799493789672852,207.99493789672852
normal,607,0.2079761028289795,207.9761028289795
normal,607,0.20903491973876953,209.03491973876953
normal,607,0.2069530487060547,206.9530487060547
normal,607,0.20807504653930664,208.07504653930664
normal,607,0.20796489715576172,207.96489715576172
normal,607,0.209028959274292,209.028959274292
normal,607,0.20693707466125488,206.93707466125488
normal,607,0.20799612998962402,207.99612998962402
normal,607,0.2079918384552002,207.9918384552002
normal,607,0.20798015594482422,207.98015594482422
normal,607,0.209089994430542,209.089994430542
normal,607,0.2069540023803711,206.9540023803711
normal,607,0.2079768180847168,207.9768180847168
normal,607,0.2080211639404297,208.0211639404297
normal,607,0.20797085762023926,207.97085762023926
normal,607,0.20899701118469238,208.99701118469238
normal,607,0.20703506469726562,207.03506469726562
normal,607,0.20804691314697266,208.04691314697266
normal,607,0.20801711082458496,208.01711082458496
normal,607,0.20793604850769043,207.93604850769043
normal,607,0.20895600318908691,208.9560031890869
normal,607,0.20706391334533691,207.0639133453369
normal,607,0.20792698860168457,207.92698860168457
normal,607,0.2080059051513672,208.0059051513672
normal,607,0.20809221267700195,208.09221267700195
normal,607,0.2089688777923584,208.9688777923584
normal,607,0.20697712898254395,206.97712898254395
normal,607,0.20796895027160645,207.96895027160645
normal,607,0.2079939842224121,207.9939842224121
normal,607,0.20902299880981445,209.02299880981445
normal,607,0.20693588256835938,206.93588256835938
normal,607,0.20806217193603516,208.06217193603516
normal,607,0.20796489715576172,207.96489715576172
normal,607,0.20799899101257324,207.99899101257324
normal,607,0.20901703834533691,209.0170383453369
normal,607,0.20699286460876465,206.99286460876465
normal,607,0.20801711082458496,208.01711082458496
normal,607,0.20801806449890137,208.01806449890137
normal,607,0.20799899101257324,207.99899101257324
normal,607,0.20893096923828125,208.93096923828125
normal,607,0.20703887939453125,207.03887939453125
normal,607,0.20799016952514648,207.99016952514648
normal,607,0.20801591873168945,208.01591873168945
normal,607,0.20797395706176758,207.97395706176758
normal,607,0.20896005630493164,208.96005630493164
normal,607,0.20706510543823242,207.06510543823242
normal,607,0.20792889595031738,207.92889595031738
normal,607,0.20811700820922852,208.11700820922852
normal,607,0.20788002014160156,207.88002014160156
normal,607,0.20902490615844727,209.02490615844727
normal,607,0.2070000171661377,207.0000171661377
normal,607,0.20796513557434082,207.96513557434082
normal,607,0.20805692672729492,208.05692672729492
normal,607,0.20795488357543945,207.95488357543945
normal,607,0.20802903175354004,208.02903175354004
normal,607,0.20805096626281738,208.05096626281738
normal,607,0.20794105529785156,207.94105529785156
normal,607,0.2079460620880127,207.9460620880127
normal,607,0.20900201797485352,209.00201797485352
normal,607,0.20709991455078125,207.09991455078125
normal,607,0.20790600776672363,207.90600776672363
normal,607,0.2080080509185791,208.0080509185791
normal,607,0.20798492431640625,207.98492431640625
normal,607,0.20901012420654297,209.01012420654297
normal,607,0.2069859504699707,206.9859504699707
normal,607,0.20798707008361816,207.98707008361816
normal,607,0.20812702178955078,208.12702178955078
normal,607,0.20791983604431152,207.91983604431152
normal,607,0.20895910263061523,208.95910263061523
normal,607,0.20699000358581543,206.99000358581543
normal,607,0.20802092552185059,208.0209255218506
normal,607,0.20798802375793457,207.98802375793457
normal,607,0.20800304412841797,208.00304412841797
normal,607,0.20908188819885254,209.08188819885254
normal,607,0.20700907707214355,207.00907707214355
normal,607,0.2078990936279297,207.8990936279297
normal,607,0.2079908847808838,207.9908847808838
normal,607,0.20799803733825684,207.99803733825684
normal,607,0.20898103713989258,208.98103713989258
normal,607,0.2069869041442871,206.9869041442871
normal,607,0.20806097984313965,208.06097984313965
normal,607,0.20796799659729004,207.96799659729004
normal,607,0.20898795127868652,208.98795127868652
normal,607,0.20700621604919434,207.00621604919434
normal,607,0.20800185203552246,208.00185203552246
normal,607,0.20800399780273438,208.00399780273438
normal,607,0.20796513557434082,207.96513557434082
normal,607,0.20906996726989746,209.06996726989746
normal,607,0.20695090293884277,206.95090293884277
normal,607,0.20798707008361816,207.98707008361816
normal,607,0.20799589157104492,207.99589157104492
normal,607,0.2080061435699463,208.0061435699463
normal,607,0.20901894569396973,209.01894569396973
normal,607,0.20697689056396484,206.97689056396484
normal,607,0.20806407928466797,208.06407928466797
normal,607,0.2079300880432129,207.9300880432129
normal,607,0.20806503295898438,208.06503295898438
normal,607,0.20895981788635254,208.95981788635254
normal,607,0.20701813697814941,207.0181369781494
normal,607,0.20795798301696777,207.95798301696777
normal,607,0.20796585083007812,207.96585083007812
normal,607,0.20805621147155762,208.05621147155762
normal,607,0.20897793769836426,208.97793769836426
normal,607,0.2070310115814209,207.0310115814209
normal,607,0.20798492431640625,207.98492431640625
normal,607,0.20797300338745117,207.97300338745117
normal,607,0.20897293090820312,208.97293090820312
normal,607,0.20699310302734375,206.99310302734375
normal,607,0.20806002616882324,208.06002616882324
normal,607,0.20794105529785156,207.94105529785156
normal,607,0.20800495147705078,208.00495147705078
normal,607,0.2090139389038086,209.0139389038086
normal,607,0.20699405670166016,206.99405670166016
normal,607,0.20801186561584473,208.01186561584473
normal,607,0.2079770565032959,207.9770565032959
normal,607,0.20803403854370117,208.03403854370117
normal,607,0.20902490615844727,209.02490615844727
normal,607,0.20692706108093262,206.92706108093262
normal,607,0.20810198783874512,208.10198783874512
normal,607,0.2079770565032959,207.9770565032959
normal,607,0.20791101455688477,207.91101455688477
normal,607,0.2089848518371582,208.9848518371582
normal,607,0.20706915855407715,207.06915855407715
normal,607,0.20797491073608398,207.97491073608398
normal,607,0.20796608924865723,207.96608924865723
normal,607,0.208021879196167,208.021879196167
normal,607,0.20896196365356445,208.96196365356445
normal,607,0.20699501037597656,206.99501037597656
normal,607,0.20801901817321777,208.01901817321777
normal,607,0.2080371379852295,208.0371379852295
normal,607,0.2090139389038086,209.0139389038086
normal,607,0.20696091651916504,206.96091651916504
normal,607,0.20798015594482422,207.98015594482422
normal,607,0.20808982849121094,208.08982849121094
normal,607,0.2079010009765625,207.9010009765625
normal,607,0.20925116539001465,209.25116539001465
normal,607,0.2067868709564209,206.7868709564209
normal,607,0.20795512199401855,207.95512199401855
normal,607,0.20801401138305664,208.01401138305664
normal,607,0.20797395706176758,207.97395706176758
normal,607,0.20902299880981445,209.02299880981445
normal,607,0.2069869041442871,206.9869041442871
normal,607,0.20800018310546875,208.00018310546875
normal,607,0.20805883407592773,208.05883407592773
normal,607,0.20801806449890137,208.01806449890137
normal,607,0.20891404151916504,208.91404151916504
normal,607,0.2070000171661377,207.0000171661377
normal,607,0.20800089836120605,208.00089836120605
normal,607,0.20797514915466309,207.9751491546631
normal,607,0.20800089836120605,208.00089836120605
normal,607,0.20904302597045898,209.04302597045898
normal,607,0.2069840431213379,206.9840431213379
normal,607,0.2079930305480957,207.9930305480957
normal,607,0.20796799659729004,207.96799659729004
normal,607,0.20900392532348633,209.00392532348633
normal,607,0.20711708068847656,207.11708068847656
normal,607,0.2079298496246338,207.9298496246338
normal,607,0.20805096626281738,208.05096626281738
normal,607,0.20789098739624023,207.89098739624023
normal,607,0.20902109146118164,209.02109146118164
normal,607,0.20705103874206543,207.05103874206543
normal,607,0.20793890953063965,207.93890953063965
normal,607,0.20800209045410156,208.00209045410156
normal,607,0.207960844039917,207.960844039917
normal,607,0.20905303955078125,209.05303955078125
normal,607,0.20694708824157715,206.94708824157715
normal,607,0.208021879196167,208.021879196167
normal,607,0.20797419548034668,207.97419548034668
normal,607,0.20800495147705078,208.00495147705078
normal,607,0.20899605751037598,208.99605751037598
normal,607,0.20701980590820312,207.01980590820312
normal,60D,0.8320050239562988,832.0050239562988
normal,60D,8.383933067321777,8383.933067321777
normal,60D,0.4959440231323242,495.9440231323242
normal,60D,0.44802188873291016,448.02188873291016
normal,60D,8.320887088775635,8320.887088775635
normal,60D,1.886970043182373,1886.970043182373
normal,60D,1.0720398426055908,1072.0398426055908
normal,60D,1.919957160949707,1919.957160949707
normal,60D,0.5120148658752441,512.0148658752441
normal,60D,1.792936086654663,1792.936086654663
normal,60D,11.630933046340942,11630.933046340942
normal,60D,1.2489209175109863,1248.9209175109863
normal,60D,0.9440150260925293,944.0150260925293
normal,60D,0.23897385597229004,238.97385597229004
spoofing_handbrake,600,0.11199593544006348,111.99593544006348
spoofing_handbrake,600,0.11198806762695312,111.98806762695312
spoofing_handbrake,600,0.1120150089263916,112.0150089263916
spoofing_handbrake,600,0.11198687553405762,111.98687553405762
spoofing_handbrake,600,0.11201119422912598,112.01119422912598
spoofing_handbrake,600,0.11201095581054688,112.01095581054688
spoofing_handbrake,600,0.11296391487121582,112.96391487121582
spoofing_handbrake,600,0.11200404167175293,112.00404167175293
spoofing_handbrake,600,0.11102294921875,111.02294921875
spoofing_handbrake,600,0.11201310157775879,112.01310157775879
spoofing_handbrake,600,0.11196589469909668,111.96589469909668
spoofing_handbrake,600,0.11204004287719727,112.04004287719727
spoofing_handbrake,600,0.11194992065429688,111.94992065429688
spoofing_handbrake,600,0.11200618743896484,112.00618743896484
spoofing_handbrake,600,0.11199498176574707,111.99498176574707
spoofing_handbrake,600,0.11300086975097656,113.00086975097656
spoofing_handbrake,600,0.11198902130126953,111.98902130126953
spoofing_handbrake,600,0.11100196838378906,111.00196838378906
spoofing_handbrake,600,0.11205601692199707,112.05601692199707
spoofing_handbrake,600,0.1119849681854248,111.9849681854248
spoofing_handbrake,600,0.11196208000183105,111.96208000183105
spoofing_handbrake,600,0.11202192306518555,112.02192306518555
spoofing_handbrake,600,0.11200118064880371,112.00118064880371
spoofing_handbrake,600,0.11198186874389648,111.98186874389648
spoofing_handbrake,600,0.11298608779907227,112.98608779907227
spoofing_handbrake,600,0.11200094223022461,112.00094223022461
spoofing_handbrake,600,0.11102700233459473,111.02700233459473
spoofing_handbrake,600,0.11197590827941895,111.97590827941895
spoofing_handbrake,600,0.11202502250671387,112.02502250671387
spoofing_handbrake,600,0.11195898056030273,111.95898056030273
spoofing_handbrake,600,0.11200404167175293,112.00404167175293
spoofing_handbrake,600,0.11203503608703613,112.03503608703613
spoofing_handbrake,600,0.11196112632751465,111.96112632751465
spoofing_handbrake,600,0.11304688453674316,113.04688453674316
spoofing_handbrake,600,0.11194491386413574,111.94491386413574
spoofing_handbrake,600,0.1110069751739502,111.0069751739502
spoofing_handbrake,600,0.1120140552520752,112.0140552520752
spoofing_handbrake,600,0.11201906204223633,112.01906204223633
spoofing_handbrake,600,0.11198592185974121,111.98592185974121
spoofing_handbrake,600,0.11197710037231445,111.97710037231445
spoofing_handbrake,600,0.11200499534606934,112.00499534606934
spoofing_handbrake,600,0.11206293106079102,112.06293106079102
spoofing_handbrake,600,0.11294412612915039,112.94412612915039
spoofing_handbrake,600,0.11099100112915039,110.99100112915039
spoofing_handbrake,600,0.1120448112487793,112.0448112487793
spoofing_handbrake,600,0.11195921897888184,111.95921897888184
spoofing_handbrake,600,0.11200881004333496,112.00881004333496
spoofing_handbrake,600,0.11204099655151367,112.04099655151367
spoofing_handbrake,600,0.11196303367614746,111.96303367614746
spoofing_handbrake,600,0.11198306083679199,111.98306083679199
spoofing_handbrake,600,0.1119999885559082,111.9999885559082
spoofing_handbrake,600,0.11301708221435547,113.01708221435547
spoofing_handbrake,600,0.11099791526794434,110.99791526794434
spoofing_handbrake,600,0.11198806762695312,111.98806762695312
spoofing_handbrake,600,0.11199402809143066,111.99402809143066
spoofing_handbrake,600,0.11199283599853516,111.99283599853516
spoofing_handbrake,600,0.1119990348815918,111.9990348815918
spoofing_handbrake,600,0.11200404167175293,112.00404167175293
spoofing_handbrake,600,0.1120140552520752,112.0140552520752
spoofing_handbrake,600,0.11200904846191406,112.00904846191406
spoofing_handbrake,600,0.11295485496520996,112.95485496520996
spoofing_handbrake,600,0.11101102828979492,111.01102828979492
spoofing_handbrake,600,0.1120450496673584,112.0450496673584
spoofing_handbrake,600,0.11198902130126953,111.98902130126953
spoofing_handbrake,600,0.1119680404663086,111.9680404663086
spoofing_handbrake,600,0.11200094223022461,112.00094223022461
spoofing_handbrake,600,0.11198687553405762,111.98687553405762
spoofing_handbrake,600,0.11201119422912598,112.01119422912598
spoofing_handbrake,600,0.11297893524169922,112.97893524169922
spoofing_handbrake,600,0.11204004287719727,112.04004287719727
spoofing_handbrake,600,0.11098098754882812,110.98098754882812
spoofing_handbrake,600,0.11202001571655273,112.02001571655273
spoofing_handbrake,600,0.11195778846740723,111.95778846740723
spoofing_handbrake,600,0.11199021339416504,111.99021339416504
spoofing_handbrake,600,0.11205387115478516,112.05387115478516
spoofing_handbrake,600,0.1119699478149414,111.9699478149414
spoofing_handbrake,600,0.11200118064880371,112.00118064880371
spoofing_handbrake,600,0.11298894882202148,112.98894882202148
spoofing_handbrake,600,0.11200690269470215,112.00690269470215
spoofing_handbrake,600,0.11101794242858887,111.01794242858887
spoofing_handbrake,600,0.11198711395263672,111.98711395263672
spoofing_handbrake,600,0.1120150089263916,112.0150089263916
spoofing_handbrake,600,0.1119530200958252,111.9530200958252
spoofing_handbrake,600,0.11200499534606934,112.00499534606934
spoofing_handbrake,600,0.11202001571655273,112.02001571655273
spoofing_handbrake,600,0.11197686195373535,111.97686195373535
spoofing_handbrake,600,0.11300516128540039,113.00516128540039
spoofing_handbrake,600,0.1119999885559082,111.9999885559082
spoofing_handbrake,600,0.1110539436340332,111.0539436340332
spoofing_handbrake,600,0.1119680404663086,111.9680404663086
spoofing_handbrake,600,0.111968994140625,111.968994140625
spoofing_handbrake,600,0.11201190948486328,112.01190948486328
spoofing_handbrake,600,0.11198997497558594,111.98997497558594
spoofing_handbrake,600,0.11202812194824219,112.02812194824219
spoofing_handbrake,600,0.11199092864990234,111.99092864990234
spoofing_handbrake,600,0.11300301551818848,113.00301551818848
spoofing_handbrake,600,0.11200499534606934,112.00499534606934
spoofing_handbrake,600,0.11095499992370605,110.95499992370605
spoofing_handbrake,600,0.11202096939086914,112.02096939086914
spoofing_handbrake,600,0.11201214790344238,112.01214790344238
spoofing_handbrake,600,0.1120150089263916,112.0150089263916
spoofing_handbrake,600,0.11201095581054688,112.01095581054688
spoofing_handbrake,600,0.1119680404663086,111.9680404663086
spoofing_handbrake,600,0.11199784278869629,111.99784278869629
spoofing_handbrake,600,0.11301016807556152,113.01016807556152
spoofing_handbrake,600,0.11195898056030273,111.95898056030273
spoofing_handbrake,600,0.11101293563842773,111.01293563842773
spoofing_handbrake,600,0.11202287673950195,112.02287673950195
spoofing_handbrake,600,0.11195707321166992,111.95707321166992
spoofing_handbrake,600,0.11199712753295898,111.99712753295898
spoofing_handbrake,600,0.11200785636901855,112.00785636901855
spoofing_handbrake,600,0.11207413673400879,112.07413673400879
spoofing_handbrake,600,0.11197495460510254,111.97495460510254
spoofing_handbrake,600,0.11295294761657715,112.95294761657715
spoofing_handbrake,600,0.11200404167175293,112.00404167175293
spoofing_handbrake,600,0.11102700233459473,111.02700233459473
spoofing_handbrake,600,0.11198997497558594,111.98997497558594
spoofing_handbrake,600,0.1119699478149414,111.9699478149414
spoofing_handbrake,600,0.11202406883239746,112.02406883239746
spoofing_handbrake,600,0.11203193664550781,112.03193664550781
spoofing_handbrake,600,0.11194610595703125,111.94610595703125
spoofing_handbrake,600,0.11202287673950195,112.02287673950195
spoofing_handbrake,600,0.11300897598266602,113.00897598266602
spoofing_handbrake,600,0.1119680404663086,111.9680404663086
spoofing_handbrake,600,0.11100506782531738,111.00506782531738
spoofing_handbrake,600,0.1119990348815918,111.9990348815918
spoofing_handbrake,600,0.11201691627502441,112.01691627502441
spoofing_handbrake,600,0.11195898056030273,111.95898056030273
spoofing_handbrake,600,0.11205410957336426,112.05410957336426
spoofing_handbrake,600,0.1119840145111084,111.9840145111084
spoofing_handbrake,600,0.11202096939086914,112.02096939086914
spoofing_handbrake,600,0.11298298835754395,112.98298835754395
spoofing_handbrake,600,0.111968994140625,111.968994140625
spoofing_handbrake,600,0.11105704307556152,111.05704307556152
spoofing_handbrake,600,0.11196780204772949,111.96780204772949
spoofing_handbrake,600,0.11199402809143066,111.99402809143066
spoofing_handbrake,600,0.11199212074279785,111.99212074279785
spoofing_handbrake,600,0.11196589469909668,111.96589469909668
spoofing_handbrake,600,0.11229109764099121,112.29109764099121
spoofing_handbrake,600,0.11171698570251465,111.71698570251465
spoofing_handbrake,600,0.1129920482635498,112.9920482635498
spoofing_handbrake,600,0.11200499534606934,112.00499534606934
spoofing_handbrake,600,0.11100482940673828,111.00482940673828
spoofing_handbrake,600,0.1119990348815918,111.9990348815918
spoofing_handbrake,600,0.11198997497558594,111.98997497558594
spoofing_handbrake,600,0.11200308799743652,112.00308799743652
spoofing_handbrake,600,0.1119990348815918,111.9990348815918
spoofing_handbrake,600,0.1120140552520752,112.0140552520752
spoofing_handbrake,600,0.11198687553405762,111.98687553405762
spoofing_handbrake,600,0.11301708221435547,113.01708221435547
spoofing_handbrake,600,0.11197400093078613,111.97400093078613
spoofing_handbrake,600,0.11099696159362793,110.99696159362793
spoofing_handbrake,600,0.11199688911437988,111.99688911437988
spoofing_handbrake,600,0.11206912994384766,112.06912994384766
spoofing_handbrake,600,0.1119680404663086,111.9680404663086
spoofing_handbrake,600,0.11197304725646973,111.97304725646973
spoofing_handbrake,600,0.11199188232421875,111.99188232421875
spoofing_handbrake,600,0.11199593544006348,111.99593544006348
spoofing_handbrake,600,0.11304998397827148,113.04998397827148
spoofing_handbrake,600,0.11195516586303711,111.95516586303711
spoofing_handbrake,600,0.11127090454101562,111.27090454101562
spoofing_handbrake,600,0.11173295974731445,111.73295974731445
spoofing_handbrake,600,0.1119999885559082,111.9999885559082
spoofing_handbrake,600,0.11199498176574707,111.99498176574707
spoofing_handbrake,600,0.11199212074279785,111.99212074279785
spoofing_handbrake,600,0.11202502250671387,112.02502250671387
spoofing_handbrake,600,0.11198091506958008,111.98091506958008
spoofing_handbrake,600,0.11299800872802734,112.99800872802734
spoofing_handbrake,600,0.11102890968322754,111.02890968322754
spoofing_handbrake,600,0.111968994140625,111.968994140625
spoofing_handbrake,600,0.11203813552856445,112.03813552856445
spoofing_handbrake,600,0.11194705963134766,111.94705963134766
spoofing_handbrake,600,0.11200189590454102,112.00189590454102
spoofing_handbrake,600,0.11202001571655273,112.02001571655273
spoofing_handbrake,600,0.11198306083679199,111.98306083679199
spoofing_handbrake,600,0.112030029296875,112.030029296875
spoofing_handbrake,600,0.11297893524169922,112.97893524169922
spoofing_handbrake,600,0.11098504066467285,110.98504066467285
spoofing_handbrake,600,0.11201882362365723,112.01882362365723
spoofing_handbrake,600,0.11202311515808105,112.02311515808105
spoofing_handbrake,600,0.11195802688598633,111.95802688598633
spoofing_handbrake,600,0.1120290756225586,112.0290756225586
spoofing_handbrake,600,0.11197781562805176,111.97781562805176
spoofing_handbrake,600,0.11199617385864258,111.99617385864258
spoofing_handbrake,600,0.11203289031982422,112.03289031982422
spoofing_handbrake,600,0.11297607421875,112.97607421875
spoofing_handbrake,600,0.11097502708435059,110.97502708435059
spoofing_handbrake,600,0.11202192306518555,112.02192306518555
spoofing_handbrake,600,0.11198091506958008,111.98091506958008
spoofing_handbrake,600,0.11200404167175293,112.00404167175293
spoofing_handbrake,600,0.1119849681854248,111.9849681854248
spoofing_handbrake,600,0.1120150089263916,112.0150089263916
spoofing_handbrake,600,0.1120600700378418,112.0600700378418
spoofing_handbrake,600,0.11297798156738281,112.97798156738281
spoofing_handbrake,600,0.11195707321166992,111.95707321166992
spoofing_handbrake,600,0.1109919548034668,110.9919548034668
spoofing_handbrake,600,0.11201286315917969,112.01286315917969
spoofing_handbrake,600,0.11200714111328125,112.00714111328125
spoofing_handbrake,600,0.11201906204223633,112.01906204223633
spoofing_handbrake,600,0.11196279525756836,111.96279525756836
spoofing_handbrake,600,0.11204910278320312,112.04910278320312
spoofing_handbrake,600,0.11195802688598633,111.95802688598633
spoofing_handbrake,600,0.11303591728210449,113.03591728210449
spoofing_handbrake,600,0.11194705963134766,111.94705963134766
spoofing_handbrake,600,0.11104893684387207,111.04893684387207
spoofing_handbrake,600,0.11197113990783691,111.97113990783691
spoofing_handbrake,600,0.11196303367614746,111.96303367614746
spoofing_handbrake,600,0.11201286315917969,112.01286315917969
spoofing_handbrake,600,0.11201095581054688,112.01095581054688
spoofing_handbrake,600,0.11198997497558594,111.98997497558594
spoofing_handbrake,600,0.11197900772094727,111.97900772094727
spoofing_handbrake,600,0.11306619644165039,113.06619644165039
spoofing_handbrake,600,0.11199188232421875,111.99188232421875
spoofing_handbrake,600,0.11094808578491211,110.94808578491211
spoofing_handbrake,600,0.11197996139526367,111.97996139526367
spoofing_handbrake,600,0.11207103729248047,112.07103729248047
spoofing_handbrake,600,0.11194992065429688,111.94992065429688
spoofing_handbrake,600,0.11199712753295898,111.99712753295898
spoofing_handbrake,600,0.11201691627502441,112.01691627502441
spoofing_handbrake,600,0.11202287673950195,112.02287673950195
spoofing_handbrake,600,0.1129920482635498,112.9920482635498
spoofing_handbrake,600,0.11197304725646973,111.97304725646973
spoofing_handbrake,600,0.11097407341003418,110.97407341003418
spoofing_handbrake,600,0.11203384399414062,112.03384399414062
spoofing_handbrake,600,0.11199617385864258,111.99617385864258
spoofing_handbrake,600,0.11200189590454102,112.00189590454102
spoofing_handbrake,600,0.11202406883239746,112.02406883239746
spoofing_handbrake,600,0.11195588111877441,111.95588111877441
spoofing_handbrake,600,0.11202311515808105,112.02311515808105
spoofing_handbrake,600,0.11297297477722168,112.97297477722168
spoofing_handbrake,600,0.11198997497558594,111.98997497558594
spoofing_handbrake,600,0.11105895042419434,111.05895042419434
spoofing_handbrake,600,0.11198115348815918,111.98115348815918
spoofing_handbrake,600,0.11196279525756836,111.96279525756836
spoofing_handbrake,600,0.11201620101928711,112.01620101928711
spoofing_handbrake,600,0.1119849681854248,111.9849681854248
spoofing_handbrake,600,0.11200094223022461,112.00094223022461
spoofing_handbrake,600,0.11198592185974121,111.98592185974121
spoofing_handbrake,600,0.11300015449523926,113.00015449523926
spoofing_handbrake,600,0.11201786994934082,112.01786994934082
spoofing_handbrake,600,0.11103296279907227,111.03296279907227
spoofing_handbrake,600,0.11194705963134766,111.94705963134766
spoofing_handbrake,600,0.11204695701599121,112.04695701599121
spoofing_handbrake,600,0.11198902130126953,111.98902130126953
spoofing_handbrake,600,0.11197996139526367,111.97996139526367
spoofing_handbrake,600,0.1119840145111084,111.9840145111084
spoofing_handbrake,600,0.1120450496673584,112.0450496673584
spoofing_handbrake,600,0.1129770278930664,112.9770278930664
spoofing_handbrake,600,0.11200690269470215,112.00690269470215
spoofing_handbrake,600,0.11097908020019531,110.97908020019531
spoofing_handbrake,600,0.11202406883239746,112.02406883239746
spoofing_handbrake,600,0.11204385757446289,112.04385757446289
spoofing_handbrake,600,0.11196017265319824,111.96017265319824
spoofing_handbrake,600,0.11196780204772949,111.96780204772949
spoofing_handbrake,600,0.11202812194824219,112.02812194824219
spoofing_handbrake,600,0.111968994140625,111.968994140625
spoofing_handbrake,600,0.11302804946899414,113.02804946899414
spoofing_handbrake,600,0.1119539737701416,111.9539737701416
spoofing_handbrake,600,0.11107993125915527,111.07993125915527
spoofing_handbrake,600,0.11194992065429688,111.94992065429688
spoofing_handbrake,600,0.1119680404663086,111.9680404663086
spoofing_handbrake,600,0.11201214790344238,112.01214790344238
spoofing_handbrake,600,0.11206889152526855,112.06889152526855
spoofing_handbrake,600,0.11194109916687012,111.94109916687012
spoofing_handbrake,600,0.11198282241821289,111.98282241821289
spoofing_handbrake,600,0.11300802230834961,113.00802230834961
spoofing_handbrake,600,0.11208105087280273,112.08105087280273
spoofing_handbrake,600,0.11090612411499023,110.90612411499023
spoofing_handbrake,600,0.11207294464111328,112.07294464111328
spoofing_handbrake,600,0.11195492744445801,111.95492744445801
spoofing_handbrake,600,0.11196208000183105,111.96208000183105
spoofing_handbrake,600,0.11204791069030762,112.04791069030762
spoofing_handbrake,600,0.11195993423461914,111.95993423461914
spoofing_handbrake,600,0.11200213432312012,112.00213432312012
spoofing_handbrake,600,0.11298990249633789,112.98990249633789
spoofing_handbrake,600,0.11199617385864258,111.99617385864258
spoofing_handbrake,600,0.11101794242858887,111.01794242858887
spoofing_handbrake,600,0.111968994140625,111.968994140625
spoofing_handbrake,600,0.11203598976135254,112.03598976135254
spoofing_handbrake,600,0.11197304725646973,111.97304725646973
spoofing_handbrake,600,0.11204290390014648,112.04290390014648
spoofing_handbrake,600,0.11193704605102539,111.93704605102539
spoofing_handbrake,600,0.11202192306518555,112.02192306518555
spoofing_handbrake,600,0.1129920482635498,112.9920482635498
spoofing_handbrake,600,0.11199402809143066,111.99402809143066
spoofing_handbrake,600,0.11097502708435059,110.97502708435059
spoofing_handbrake,600,0.11201691627502441,112.01691627502441
spoofing_handbrake,600,0.11198306083679199,111.98306083679199
spoofing_handbrake,600,0.1120150089263916,112.0150089263916
spoofing_handbrake,600,0.11198902130126953,111.98902130126953
spoofing_handbrake,600,0.1120140552520752,112.0140552520752
spoofing_handbrake,600,0.11199283599853516,111.99283599853516
spoofing_handbrake,600,0.11306214332580566,113.06214332580566
spoofing_handbrake,600,0.11096596717834473,110.96596717834473
spoofing_handbrake,600,0.11200785636901855,112.00785636901855
spoofing_handbrake,600,0.11196613311767578,111.96613311767578
spoofing_handbrake,600,0.11206483840942383,112.06483840942383
spoofing_handbrake,600,0.11195015907287598,111.95015907287598
spoofing_handbrake,600,0.11197400093078613,111.97400093078613
spoofing_handbrake,600,0.11200189590454102,112.00189590454102
spoofing_handbrake,600,0.11199307441711426,111.99307441711426
spoofing_handbrake,600,0.11305999755859375,113.05999755859375
spoofing_handbrake,600,0.11098408699035645,110.98408699035645
spoofing_handbrake,600,0.11195087432861328,111.95087432861328
spoofing_handbrake,600,0.11201310157775879,112.01310157775879
spoofing_handbrake,600,0.11199283599853516,111.99283599853516
spoofing_handbrake,600,0.11204409599304199,112.04409599304199
spoofing_handbrake,600,0.11200094223022461,112.00094223022461
spoofing_handbrake,600,0.1119539737701416,111.9539737701416
spoofing_handbrake,600,0.11200618743896484,112.00618743896484
spoofing_handbrake,600,0.11306285858154297,113.06285858154297
spoofing_handbrake,600,0.11097908020019531,110.97908020019531
spoofing_handbrake,600,0.1119389533996582,111.9389533996582
spoofing_handbrake,600,0.11201095581054688,112.01095581054688
spoofing_handbrake,600,0.11199402809143066,111.99402809143066
spoofing_handbrake,600,0.11199402809143066,111.99402809143066
spoofing_handbrake,600,0.11200308799743652,112.00308799743652
spoofing_handbrake,600,0.11201000213623047,112.01000213623047
spoofing_handbrake,600,0.1130208969116211,113.0208969116211
spoofing_handbrake,600,0.11197900772094727,111.97900772094727
spoofing_handbrake,600,0.11097002029418945,110.97002029418945
spoofing_handbrake,600,0.11204886436462402,112.04886436462402
spoofing_handbrake,600,0.11196422576904297,111.96422576904297
spoofing_handbrake,600,0.11199283599853516,111.99283599853516
spoofing_handbrake,600,0.1119990348815918,111.9990348815918
spoofing_handbrake,600,0.11199498176574707,111.99498176574707
spoofing_handbrake,600,0.11199092864990234,111.99092864990234
spoofing_handbrake,600,0.11304211616516113,113.04211616516113
spoofing_handbrake,600,0.11202502250671387,112.02502250671387
spoofing_handbrake,600,0.11101984977722168,111.01984977722168
spoofing_handbrake,600,0.11192202568054199,111.92202568054199
spoofing_handbrake,600,0.11204099655151367,112.04099655151367
spoofing_handbrake,600,0.11197900772094727,111.97900772094727
spoofing_handbrake,600,0.11196613311767578,111.96613311767578
spoofing_handbrake,600,0.11205101013183594,112.05101013183594
spoofing_handbrake,600,0.1119849681854248,111.9849681854248
spoofing_handbrake,600,0.11298108100891113,112.98108100891113
spoofing_handbrake,600,0.11198687553405762,111.98687553405762
spoofing_handbrake,600,0.11100196838378906,111.00196838378906
spoofing_handbrake,600,0.11202001571655273,112.02001571655273
spoofing_handbrake,600,0.11200213432312012,112.00213432312012
spoofing_handbrake,600,0.11214995384216309,112.14995384216309
spoofing_handbrake,600,0.11186790466308594,111.86790466308594
spoofing_handbrake,600,0.11196303367614746,111.96303367614746
spoofing_handbrake,600,0.112091064453125,112.091064453125
spoofing_handbrake,600,0.11296796798706055,112.96796798706055
spoofing_handbrake,600,0.11198091506958008,111.98091506958008
spoofing_handbrake,600,0.11098003387451172,110.98003387451172
spoofing_handbrake,600,0.11197400093078613,111.97400093078613
spoofing_handbrake,600,0.11202692985534668,112.02692985534668
spoofing_handbrake,600,0.1120140552520752,112.0140552520752
spoofing_handbrake,600,0.1119539737701416,111.9539737701416
spoofing_handbrake,600,0.11205601692199707,112.05601692199707
spoofing_handbrake,600,0.11199092864990234,111.99092864990234
spoofing_handbrake,600,0.11297416687011719,112.97416687011719
spoofing_handbrake,600,0.11196684837341309,111.96684837341309
spoofing_handbrake,600,0.11107301712036133,111.07301712036133
spoofing_handbrake,600,0.11195516586303711,111.95516586303711
spoofing_handbrake,600,0.11198186874389648,111.98186874389648
spoofing_handbrake,600,0.11198806762695312,111.98806762695312
spoofing_handbrake,600,0.11203289031982422,112.03289031982422
spoofing_handbrake,600,0.11197614669799805,111.97614669799805
spoofing_handbrake,600,0.11199092864990234,111.99092864990234
spoofing_handbrake,600,0.11299705505371094,112.99705505371094
spoofing_handbrake,600,0.1120748519897461,112.0748519897461
spoofing_handbrake,600,0.11094522476196289,110.94522476196289
spoofing_handbrake,600,0.1119837760925293,111.9837760925293
spoofing_handbrake,600,0.11199402809143066,111.99402809143066
spoofing_handbrake,600,0.11201715469360352,112.01715469360352
spoofing_handbrake,600,0.11197781562805176,111.97781562805176
spoofing_handbrake,600,0.11199617385864258,111.99617385864258
spoofing_handbrake,600,0.1120610237121582,112.0610237121582
spoofing_handbrake,600,0.11302495002746582,113.02495002746582
spoofing_handbrake,600,0.11191797256469727,111.91797256469727
spoofing_handbrake,600,0.11099410057067871,110.99410057067871
spoofing_handbrake,600,0.11203193664550781,112.03193664550781
spoofing_handbrake,600,0.11228799819946289,112.28799819946289
spoofing_handbrake,600,0.11169791221618652,111.69791221618652
spoofing_handbrake,600,0.11198210716247559,111.98210716247559
spoofing_handbrake,600,0.11202597618103027,112.02597618103027
spoofing_handbrake,600,0.11199402809143066,111.99402809143066
spoofing_handbrake,600,0.11296892166137695,112.96892166137695
spoofing_handbrake,600,0.11198997497558594,111.98997497558594
spoofing_handbrake,600,0.11102509498596191,111.02509498596191
spoofing_handbrake,600,0.1130218505859375,113.0218505859375
spoofing_handbrake,600,0.11198902130126953,111.98902130126953
spoofing_handbrake,600,0.11198997497558594,111.98997497558594
spoofing_handbrake,600,0.11197900772094727,111.97900772094727
spoofing_handbrake,600,0.1119999885559082,111.9999885559082
spoofing_handbrake,600,0.11200118064880371,112.00118064880371
spoofing_handbrake,600,0.11299896240234375,112.99896240234375
spoofing_handbrake,600,0.11199688911437988,111.99688911437988
spoofing_handbrake,600,0.11101412773132324,111.01412773132324
spoofing_handbrake,600,0.11199593544006348,111.99593544006348
spoofing_handbrake,600,0.11201310157775879,112.01310157775879
spoofing_handbrake,600,0.11197185516357422,111.97185516357422
spoofing_handbrake,600,0.11203694343566895,112.03694343566895
spoofing_handbrake,600,0.11199021339416504,111.99021339416504
spoofing_handbrake,600,0.11198782920837402,111.98782920837402
spoofing_handbrake,600,0.11298513412475586,112.98513412475586
spoofing_handbrake,600,0.11200499534606934,112.00499534606934
spoofing_handbrake,600,0.11100482940673828,111.00482940673828
spoofing_handbrake,600,0.11198210716247559,111.98210716247559
spoofing_handbrake,600,0.11199498176574707,111.99498176574707
spoofing_handbrake,600,0.11199593544006348,111.99593544006348
spoofing_handbrake,600,0.11220216751098633,112.20216751098633
spoofing_handbrake,600,0.11178779602050781,111.78779602050781
spoofing_handbrake,600,0.11202216148376465,112.02216148376465
spoofing_handbrake,600,0.1130070686340332,113.0070686340332
spoofing_handbrake,600,0.11197090148925781,111.97090148925781
spoofing_handbrake,600,0.1110069751739502,111.0069751739502
spoofing_handbrake,600,0.11200809478759766,112.00809478759766
spoofing_handbrake,600,0.11205196380615234,112.05196380615234
spoofing_handbrake,600,0.11197590827941895,111.97590827941895
spoofing_handbrake,600,0.11200094223022461,112.00094223022461
spoofing_handbrake,600,0.11199116706848145,111.99116706848145
spoofing_handbrake,600,0.11198997497558594,111.98997497558594
spoofing_handbrake,600,0.11299991607666016,112.99991607666016
spoofing_handbrake,600,0.11099600791931152,110.99600791931152
spoofing_handbrake,600,0.11199402809143066,111.99402809143066
spoofing_handbrake,600,0.1120150089263916,112.0150089263916
spoofing_handbrake,600,0.11197209358215332,111.97209358215332
spoofing_handbrake,600,0.11201095581054688,112.01095581054688
spoofing_handbrake,600,0.11201786994934082,112.01786994934082
spoofing_handbrake,600,0.11197018623352051,111.97018623352051
spoofing_handbrake,600,0.11199498176574707,111.99498176574707
spoofing_handbrake,600,0.11298894882202148,112.98894882202148
spoofing_handbrake,600,0.11105704307556152,111.05704307556152
spoofing_handbrake,600,0.11197996139526367,111.97996139526367
spoofing_handbrake,600,0.11195993423461914,111.95993423461914
spoofing_handbrake,600,0.11200213432312012,112.00213432312012
spoofing_handbrake,600,0.1120297908782959,112.0297908782959
spoofing_handbrake,600,0.11199712753295898,111.99712753295898
spoofing_handbrake,600,0.11198592185974121,111.98592185974121
spoofing_handbrake,600,0.11199307441711426,111.99307441711426
spoofing_handbrake,600,0.11304593086242676,113.04593086242676
spoofing_handbrake,600,0.11098194122314453,110.98194122314453
spoofing_handbrake,600,0.11220502853393555,112.20502853393555
spoofing_handbrake,600,0.11174917221069336,111.74917221069336
spoofing_handbrake,600,0.11202597618103027,112.02597618103027
spoofing_handbrake,600,0.11199593544006348,111.99593544006348
spoofing_handbrake,600,0.11202788352966309,112.02788352966309
spoofing_handbrake,600,0.11197304725646973,111.97304725646973
spoofing_handbrake,600,0.11300802230834961,113.00802230834961
spoofing_handbrake,600,0.11197710037231445,111.97710037231445
spoofing_handbrake,600,0.11098694801330566,110.98694801330566
spoofing_handbrake,600,0.11202001571655273,112.02001571655273
spoofing_handbrake,600,0.11198902130126953,111.98902130126953
spoofing_handbrake,600,0.11200594902038574,112.00594902038574
spoofing_handbrake,600,0.11199092864990234,111.99092864990234
spoofing_handbrake,600,0.11200118064880371,112.00118064880371
spoofing_handbrake,600,0.11203289031982422,112.03289031982422
spoofing_handbrake,600,0.11297488212585449,112.97488212585449
spoofing_handbrake,600,0.11198019981384277,111.98019981384277
spoofing_handbrake,600,0.11102485656738281,111.02485656738281
spoofing_handbrake,600,0.11197495460510254,111.97495460510254
spoofing_handbrake,600,0.11205005645751953,112.05005645751953
spoofing_handbrake,600,0.11194300651550293,111.94300651550293
spoofing_handbrake,600,0.11199498176574707,111.99498176574707
spoofing_handbrake,600,0.11207413673400879,112.07413673400879
spoofing_handbrake,600,0.11192703247070312,111.92703247070312
spoofing_handbrake,600,0.11304783821105957,113.04783821105957
spoofing_handbrake,600,0.1119699478149414,111.9699478149414
spoofing_handbrake,600,0.11115312576293945,111.15312576293945
spoofing_handbrake,600,0.11183786392211914,111.83786392211914
spoofing_handbrake,600,0.11202001571655273,112.02001571655273
spoofing_handbrake,600,0.11197710037231445,111.97710037231445
spoofing_handbrake,600,0.11199688911437988,111.99688911437988
spoofing_handbrake,600,0.1119840145111084,111.9840145111084
spoofing_handbrake,600,0.11203503608703613,112.03503608703613
spoofing_handbrake,600,0.11302709579467773,113.02709579467773
spoofing_handbrake,600,0.11197590827941895,111.97590827941895
spoofing_handbrake,600,0.11098098754882812,110.98098754882812
spoofing_handbrake,600,0.11200308799743652,112.00308799743652
spoofing_handbrake,600,0.11199688911437988,111.99688911437988
spoofing_handbrake,600,0.11198997497558594,111.98997497558594
spoofing_handbrake,600,0.11202216148376465,112.02216148376465
spoofing_handbrake,600,0.1119680404663086,111.9680404663086
spoofing_handbrake,600,0.11200380325317383,112.00380325317383
spoofing_handbrake,600,0.11302518844604492,113.02518844604492
spoofing_handbrake,600,0.11197400093078613,111.97400093078613
spoofing_handbrake,600,0.11098980903625488,110.98980903625488
spoofing_handbrake,600,0.11199808120727539,111.99808120727539
spoofing_handbrake,600,0.11203598976135254,112.03598976135254
spoofing_handbrake,600,0.11200213432312012,112.00213432312012
spoofing_handbrake,600,0.11195898056030273,111.95898056030273
spoofing_handbrake,600,0.1120138168334961,112.0138168334961
spoofing_handbrake,600,0.1119990348815918,111.9990348815918
spoofing_handbrake,600,0.11301517486572266,113.01517486572266
spoofing_handbrake,600,0.11200189590454102,112.00189590454102
spoofing_handbrake,600,0.11097407341003418,110.97407341003418
spoofing_handbrake,600,0.11199593544006348,111.99593544006348
spoofing_handbrake,600,0.11205887794494629,112.05887794494629
spoofing_handbrake,600,0.11194205284118652,111.94205284118652
spoofing_handbrake,600,0.11203813552856445,112.03813552856445
spoofing_handbrake,600,0.11196184158325195,111.96184158325195
spoofing_handbrake,600,0.11199116706848145,111.99116706848145
spoofing_handbrake,600,0.11301088333129883,113.01088333129883
spoofing_handbrake,600,0.1119849681854248,111.9849681854248
spoofing_handbrake,600,0.11102509498596191,111.02509498596191
spoofing_handbrake,600,0.11197996139526367,111.97996139526367
spoofing_handbrake,600,0.11202406883239746,112.02406883239746
spoofing_handbrake,600,0.11197805404663086,111.97805404663086
spoofing_handbrake,600,0.11202287673950195,112.02287673950195
spoofing_handbrake,600,0.11202597618103027,112.02597618103027
spoofing_handbrake,600,0.11194300651550293,111.94300651550293
spoofing_handbrake,600,0.11299705505371094,112.99705505371094
spoofing_handbrake,600,0.11203408241271973,112.03408241271973
spoofing_handbrake,600,0.11099386215209961,110.99386215209961
spoofing_handbrake,600,0.11198711395263672,111.98711395263672
spoofing_handbrake,600,0.11202597618103027,112.02597618103027
spoofing_handbrake,600,0.1119389533996582,111.9389533996582
spoofing_handbrake,600,0.11203193664550781,112.03193664550781
spoofing_handbrake,600,0.11200904846191406,112.00904846191406
spoofing_handbrake,600,0.1120150089263916,112.0150089263916
spoofing_handbrake,600,0.11299991607666016,112.99991607666016
spoofing_handbrake,600,0.11195516586303711,111.95516586303711
spoofing_handbrake,600,0.1110389232635498,111.0389232635498
spoofing_handbrake,600,0.1119840145111084,111.9840145111084
spoofing_handbrake,600,0.11199092864990234,111.99092864990234
spoofing_handbrake,600,0.11195111274719238,111.95111274719238
spoofing_handbrake,600,0.11202001571655273,112.02001571655273
spoofing_handbrake,600,0.11199593544006348,111.99593544006348
spoofing_handbrake,600,0.11202192306518555,112.02192306518555
spoofing_handbrake,600,0.11297202110290527,112.97202110290527
spoofing_handbrake,600,0.11202096939086914,112.02096939086914
spoofing_handbrake,600,0.11098504066467285,110.98504066467285
spoofing_handbrake,600,0.11201310157775879,112.01310157775879
spoofing_handbrake,600,0.11200094223022461,112.00094223022461
spoofing_handbrake,600,0.11198687553405762,111.98687553405762
spoofing_handbrake,600,0.11202120780944824,112.02120780944824
spoofing_handbrake,600,0.11199593544006348,111.99593544006348
spoofing_handbrake,600,0.11200904846191406,112.00904846191406
spoofing_handbrake,600,0.11298894882202148,112.98894882202148
spoofing_handbrake,600,0.11197805404663086,111.97805404663086
spoofing_handbrake,600,0.11101293563842773,111.01293563842773
spoofing_handbrake,600,0.11200404167175293,112.00404167175293
spoofing_handbrake,600,0.11197900772094727,111.97900772094727
spoofing_handbrake,600,0.11202788352966309,112.02788352966309
spoofing_handbrake,600,0.11197710037231445,111.97710037231445
spoofing_handbrake,600,0.11204195022583008,112.04195022583008
spoofing_handbrake,600,0.11194396018981934,111.94396018981934
spoofing_handbrake,600,0.11302804946899414,113.02804946899414
spoofing_handbrake,600,0.1109778881072998,110.9778881072998
spoofing_handbrake,600,0.11199808120727539,111.99808120727539
spoofing_handbrake,600,0.112030029296875,112.030029296875
spoofing_handbrake,600,0.11202406883239746,112.02406883239746
spoofing_handbrake,600,0.11193084716796875,111.93084716796875
spoofing_handbrake,600,0.11207103729248047,112.07103729248047
spoofing_handbrake,600,0.11194896697998047,111.94896697998047
spoofing_handbrake,600,0.1119999885559082,111.9999885559082
spoofing_handbrake,600,0.11301016807556152,113.01016807556152
spoofing_handbrake,600,0.1109919548034668,110.9919548034668
spoofing_handbrake,600,0.11198902130126953,111.98902130126953
spoofing_handbrake,600,0.11198902130126953,111.98902130126953
spoofing_handbrake,600,0.11202192306518555,112.02192306518555
spoofing_handbrake,600,0.1119999885559082,111.9999885559082
spoofing_handbrake,600,0.11199092864990234,111.99092864990234
spoofing_handbrake,600,0.11200118064880371,112.00118064880371
spoofing_handbrake,600,0.1119837760925293,111.9837760925293
spoofing_handbrake,600,0.11299419403076172,112.99419403076172
spoofing_handbrake,600,0.11098885536193848,110.98885536193848
spoofing_handbrake,600,0.11200904846191406,112.00904846191406
spoofing_handbrake,600,0.11203503608703613,112.03503608703613
spoofing_handbrake,600,0.11197090148925781,111.97090148925781
spoofing_handbrake,600,0.11199307441711426,111.99307441711426
spoofing_handbrake,600,0.11199688911437988,111.99688911437988
spoofing_handbrake,600,0.1120140552520752,112.0140552520752
spoofing_handbrake,600,0.11301398277282715,113.01398277282715
spoofing_handbrake,600,0.11196398735046387,111.96398735046387
spoofing_handbrake,600,0.1110529899597168,111.0529899597168
spoofing_handbrake,600,0.11197614669799805,111.97614669799805
spoofing_handbrake,600,0.11198091506958008,111.98091506958008
spoofing_handbrake,600,0.11202001571655273,112.02001571655273
spoofing_handbrake,600,0.11202096939086914,112.02096939086914
spoofing_handbrake,600,0.11202406883239746,112.02406883239746
spoofing_handbrake,600,0.11193490028381348,111.93490028381348
spoofing_handbrake,600,0.11297798156738281,112.97798156738281
spoofing_handbrake,600,0.11202001571655273,112.02001571655273
spoofing_handbrake,600,0.11098217964172363,110.98217964172363
spoofing_handbrake,600,0.11199188232421875,111.99188232421875
spoofing_handbrake,600,0.11201095581054688,112.01095581054688
spoofing_handbrake,600,0.1120140552520752,112.0140552520752
spoofing_handbrake,600,0.11198592185974121,111.98592185974121
spoofing_handbrake,600,0.11198806762695312,111.98806762695312
spoofing_handbrake,600,0.11201310157775879,112.01310157775879
spoofing_handbrake,600,0.11301088333129883,113.01088333129883
spoofing_handbrake,600,0.1119840145111084,111.9840145111084
spoofing_handbrake,600,0.11101102828979492,111.01102828979492
spoofing_handbrake,600,0.11200594902038574,112.00594902038574
spoofing_handbrake,600,0.11199593544006348,111.99593544006348
spoofing_handbrake,600,0.1120002269744873,112.0002269744873
spoofing_handbrake,600,0.1119849681854248,111.9849681854248
spoofing_handbrake,600,0.11203289031982422,112.03289031982422
spoofing_handbrake,600,0.11196494102478027,111.96494102478027
spoofing_handbrake,600,0.11301612854003906,113.01612854003906
spoofing_handbrake,600,0.1119840145111084,111.9840145111084
spoofing_handbrake,600,0.11099004745483398,110.99004745483398
spoofing_handbrake,600,0.11203289031982422,112.03289031982422
spoofing_handbrake,600,0.11196398735046387,111.96398735046387
spoofing_handbrake,600,0.11201095581054688,112.01095581054688
spoofing_handbrake,600,0.1119990348815918,111.9990348815918
spoofing_handbrake,600,0.11197996139526367,111.97996139526367
spoofing_handbrake,600,0.11206603050231934,112.06603050231934
spoofing_handbrake,600,0.11299300193786621,112.99300193786621
spoofing_handbrake,600,0.11194205284118652,111.94205284118652
spoofing_handbrake,600,0.11100196838378906,111.00196838378906
spoofing_handbrake,600,0.11202001571655273,112.02001571655273
spoofing_handbrake,600,0.11198091506958008,111.98091506958008
spoofing_handbrake,600,0.11204099655151367,112.04099655151367
spoofing_handbrake,600,0.11198806762695312,111.98806762695312
spoofing_handbrake,600,0.11196708679199219,111.96708679199219
spoofing_handbrake,600,0.11206603050231934,112.06603050231934
spoofing_handbrake,600,0.11292791366577148,112.92791366577148
spoofing_handbrake,600,0.11202406883239746,112.02406883239746
spoofing_handbrake,600,0.11098289489746094,110.98289489746094
spoofing_handbrake,600,0.1119699478149414,111.9699478149414
spoofing_handbrake,600,0.112030029296875,112.030029296875
spoofing_handbrake,600,0.11198210716247559,111.98210716247559
spoofing_handbrake,600,0.11201286315917969,112.01286315917969
spoofing_handbrake,600,0.11197209358215332,111.97209358215332
spoofing_handbrake,600,0.11201786994934082,112.01786994934082
spoofing_handbrake,600,0.1129910945892334,112.9910945892334
spoofing_handbrake,600,0.11200809478759766,112.00809478759766
spoofing_handbrake,600,0.11103296279907227,111.03296279907227
spoofing_handbrake,600,0.11196494102478027,111.96494102478027
spoofing_handbrake,600,0.11199498176574707,111.99498176574707
spoofing_handbrake,600,0.11206293106079102,112.06293106079102
spoofing_handbrake,600,0.11198306083679199,111.98306083679199
spoofing_handbrake,600,0.11199498176574707,111.99498176574707
spoofing_handbrake,600,0.11193203926086426,111.93203926086426
spoofing_handbrake,600,0.1130380630493164,113.0380630493164
spoofing_handbrake,600,0.11198997497558594,111.98997497558594
spoofing_handbrake,600,0.11103105545043945,111.03105545043945
spoofing_handbrake,600,0.11196684837341309,111.96684837341309
spoofing_handbrake,600,0.11197900772094727,111.97900772094727
spoofing_handbrake,600,0.11205005645751953,112.05005645751953
spoofing_handbrake,600,0.11196208000183105,111.96208000183105
spoofing_handbrake,600,0.11204385757446289,112.04385757446289
spoofing_handbrake,600,0.1119840145111084,111.9840145111084
spoofing_handbrake,600,0.11295008659362793,112.95008659362793
spoofing_handbrake,600,0.11204099655151367,112.04099655151367
spoofing_handbrake,600,0.1110079288482666,111.0079288482666
spoofing_handbrake,600,0.11196208000183105,111.96208000183105
spoofing_handbrake,600,0.1120140552520752,112.0140552520752
spoofing_handbrake,600,0.11198091506958008,111.98091506958008
spoofing_handbrake,600,0.11200594902038574,112.00594902038574
spoofing_handbrake,600,0.1119999885559082,111.9999885559082
spoofing_handbrake,600,0.11204314231872559,112.04314231872559
spoofing_handbrake,600,0.11294102668762207,112.94102668762207
spoofing_handbrake,600,0.11198687553405762,111.98687553405762
spoofing_handbrake,600,0.11104893684387207,111.04893684387207
spoofing_handbrake,600,0.11206507682800293,112.06507682800293
spoofing_handbrake,600,0.1119070053100586,111.9070053100586
spoofing_handbrake,600,0.11199092864990234,111.99092864990234
spoofing_handbrake,600,0.11198306083679199,111.98306083679199
spoofing_handbrake,600,0.11204195022583008,112.04195022583008
spoofing_handbrake,600,0.1119849681854248,111.9849681854248
spoofing_handbrake,600,0.11297607421875,112.97607421875
spoofing_handbrake,600,0.11202692985534668,112.02692985534668
spoofing_handbrake,600,0.11102414131164551,111.02414131164551
spoofing_handbrake,600,0.11204290390014648,112.04290390014648
spoofing_handbrake,600,0.11196613311767578,111.96613311767578
spoofing_handbrake,600,0.11195087432861328,111.95087432861328
spoofing_handbrake,600,0.11199808120727539,111.99808120727539
spoofing_handbrake,600,0.11201596260070801,112.01596260070801
spoofing_handbrake,600,0.11196088790893555,111.96088790893555
spoofing_handbrake,600,0.11302399635314941,113.02399635314941
spoofing_handbrake,600,0.11101102828979492,111.01102828979492
spoofing_handbrake,600,0.11200904846191406,112.00904846191406
spoofing_handbrake,600,0.11198997497558594,111.98997497558594
spoofing_handbrake,600,0.11205506324768066,112.05506324768066
spoofing_handbrake,600,0.11191987991333008,111.91987991333008
spoofing_handbrake,600,0.11198902130126953,111.98902130126953
spoofing_handbrake,600,0.11201119422912598,112.01119422912598
spoofing_handbrake,600,0.11199688911437988,111.99688911437988
spoofing_handbrake,600,0.11300206184387207,113.00206184387207
spoofing_handbrake,600,0.11101198196411133,111.01198196411133
spoofing_handbrake,600,0.11199402809143066,111.99402809143066
spoofing_handbrake,600,0.11202192306518555,112.02192306518555
spoofing_handbrake,600,0.11198592185974121,111.98592185974121
spoofing_handbrake,600,0.11197400093078613,111.97400093078613
spoofing_handbrake,600,0.11202216148376465,112.02216148376465
spoofing_handbrake,600,0.11200094223022461,112.00094223022461
spoofing_handbrake,600,0.11205506324768066,112.05506324768066
spoofing_handbrake,600,0.11293983459472656,112.93983459472656
spoofing_handbrake,600,0.11101198196411133,111.01198196411133
spoofing_handbrake,600,0.11195707321166992,111.95707321166992
spoofing_handbrake,600,0.11201214790344238,112.01214790344238
spoofing_handbrake,600,0.11200690269470215,112.00690269470215
spoofing_handbrake,600,0.11207008361816406,112.07008361816406
spoofing_handbrake,600,0.11193680763244629,111.93680763244629
spoofing_handbrake,600,0.11197805404663086,111.97805404663086
spoofing_handbrake,600,0.11304092407226562,113.04092407226562
spoofing_handbrake,600,0.11195802688598633,111.95802688598633
spoofing_handbrake,600,0.11099910736083984,110.99910736083984
spoofing_handbrake,600,0.11200594902038574,112.00594902038574
spoofing_handbrake,600,0.11199092864990234,111.99092864990234
spoofing_handbrake,600,0.11199522018432617,111.99522018432617
spoofing_handbrake,600,0.11202096939086914,112.02096939086914
spoofing_handbrake,600,0.11197280883789062,111.97280883789062
spoofing_handbrake,600,0.11201214790344238,112.01214790344238
spoofing_handbrake,600,0.11302399635314941,113.02399635314941
spoofing_handbrake,600,0.11197304725646973,111.97304725646973
spoofing_handbrake,600,0.11101388931274414,111.01388931274414
spoofing_handbrake,600,0.11197996139526367,111.97996139526367
spoofing_handbrake,600,0.11202096939086914,112.02096939086914
spoofing_handbrake,600,0.11198616027832031,111.98616027832031
spoofing_handbrake,600,0.11202096939086914,112.02096939086914
spoofing_handbrake,600,0.11200904846191406,112.00904846191406
spoofing_handbrake,600,0.11194586753845215,111.94586753845215
spoofing_handbrake,600,0.11304402351379395,113.04402351379395
spoofing_handbrake,600,0.11201906204223633,112.01906204223633
spoofing_handbrake,600,0.11093902587890625,110.93902587890625
spoofing_handbrake,600,0.11199688911437988,111.99688911437988
spoofing_handbrake,600,0.1120290756225586,112.0290756225586
spoofing_handbrake,600,0.11197900772094727,111.97900772094727
spoofing_handbrake,600,0.11198687553405762,111.98687553405762
spoofing_handbrake,600,0.11201310157775879,112.01310157775879
spoofing_handbrake,600,0.11202597618103027,112.02597618103027
spoofing_handbrake,600,0.11295294761657715,112.95294761657715
spoofing_handbrake,600,0.11204314231872559,112.04314231872559
spoofing_handbrake,600,0.11107087135314941,111.07087135314941
spoofing_handbrake,600,0.11187601089477539,111.87601089477539
spoofing_handbrake,600,0.112030029296875,112.030029296875
spoofing_handbrake,600,0.11202001571655273,112.02001571655273
spoofing_handbrake,600,0.11195087432861328,111.95087432861328
spoofing_handbrake,600,0.11204004287719727,112.04004287719727
spoofing_handbrake,600,0.11197805404663086,111.97805404663086
spoofing_handbrake,600,0.11301708221435547,113.01708221435547
spoofing_handbrake,600,0.11195802688598633,111.95802688598633
spoofing_handbrake,600,0.11100196838378906,111.00196838378906
spoofing_handbrake,600,0.11199283599853516,111.99283599853516
spoofing_handbrake,600,0.11200618743896484,112.00618743896484
spoofing_handbrake,600,0.11204385757446289,112.04385757446289
spoofing_handbrake,600,0.1119699478149414,111.9699478149414
spoofing_handbrake,600,0.11197113990783691,111.97113990783691
spoofing_handbrake,600,0.11204886436462402,112.04886436462402
spoofing_handbrake,600,0.11295008659362793,112.95008659362793
spoofing_handbrake,600,0.11200094223022461,112.00094223022461
spoofing_handbrake,600,0.11107015609741211,111.07015609741211
spoofing_handbrake,600,0.11197781562805176,111.97781562805176
spoofing_handbrake,600,0.11196613311767578,111.96613311767578
spoofing_handbrake,600,0.11202788352966309,112.02788352966309
spoofing_handbrake,600,0.11197018623352051,111.97018623352051
spoofing_handbrake,600,0.11206293106079102,112.06293106079102
spoofing_handbrake,600,0.11193490028381348,111.93490028381348
spoofing_handbrake,600,0.11298799514770508,112.98799514770508
spoofing_handbrake,600,0.1119999885559082,111.9999885559082
spoofing_handbrake,600,0.1110231876373291,111.0231876373291
spoofing_handbrake,600,0.11197686195373535,111.97686195373535
spoofing_handbrake,600,0.11209392547607422,112.09392547607422
spoofing_handbrake,600,0.11192011833190918,111.92011833190918
spoofing_handbrake,600,0.11199593544006348,111.99593544006348
spoofing_handbrake,600,0.11198902130126953,111.98902130126953
spoofing_handbrake,600,0.11201310157775879,112.01310157775879
spoofing_handbrake,600,0.11299896240234375,112.99896240234375
spoofing_handbrake,600,0.1119990348815918,111.9990348815918
spoofing_handbrake,600,0.11098194122314453,110.98194122314453
spoofing_handbrake,600,0.1120460033416748,112.0460033416748
spoofing_handbrake,600,0.11195707321166992,111.95707321166992
spoofing_handbrake,600,0.11202692985534668,112.02692985534668
spoofing_handbrake,600,0.11196303367614746,111.96303367614746
spoofing_handbrake,600,0.11202096939086914,112.02096939086914
spoofing_handbrake,600,0.11203193664550781,112.03193664550781
spoofing_handbrake,600,0.11293601989746094,112.93601989746094
spoofing_handbrake,600,0.11203408241271973,112.03408241271973
spoofing_handbrake,600,0.11100006103515625,111.00006103515625
spoofing_handbrake,600,0.11199092864990234,111.99092864990234
spoofing_handbrake,600,0.1119849681854248,111.9849681854248
spoofing_handbrake,600,0.11202406883239746,112.02406883239746
spoofing_handbrake,600,0.11197280883789062,111.97280883789062
spoofing_handbrake,600,0.1120002269744873,112.0002269744873
spoofing_handbrake,600,0.11200284957885742,112.00284957885742
spoofing_handbrake,600,0.11298799514770508,112.98799514770508
spoofing_handbrake,600,0.1120140552520752,112.0140552520752
spoofing_handbrake,600,0.11099791526794434,110.99791526794434
spoofing_handbrake,600,0.11223101615905762,112.23101615905762
spoofing_handbrake,600,0.11176204681396484,111.76204681396484
spoofing_handbrake,600,0.11200809478759766,112.00809478759766
spoofing_handbrake,600,0.11198782920837402,111.98782920837402
spoofing_handbrake,600,0.11205101013183594,112.05101013183594
spoofing_handbrake,600,0.11195516586303711,111.95516586303711
spoofing_handbrake,600,0.11297988891601562,112.97988891601562
spoofing_handbrake,600,0.11200308799743652,112.00308799743652
spoofing_handbrake,601,0.11199402809143066,111.99402809143066
spoofing_handbrake,601,0.11198687553405762,111.98687553405762
spoofing_handbrake,601,0.11201596260070801,112.01596260070801
spoofing_handbrake,601,0.1119840145111084,111.9840145111084
spoofing_handbrake,601,0.1120140552520752,112.0140552520752
spoofing_handbrake,601,0.11201310157775879,112.01310157775879
spoofing_handbrake,601,0.11295580863952637,112.95580863952637
spoofing_handbrake,601,0.11201119422912598,112.01119422912598
spoofing_handbrake,601,0.1110219955444336,111.0219955444336
spoofing_handbrake,601,0.1120150089263916,112.0150089263916
spoofing_handbrake,601,0.11196303367614746,111.96303367614746
spoofing_handbrake,601,0.11205196380615234,112.05196380615234
spoofing_handbrake,601,0.11193585395812988,111.93585395812988
spoofing_handbrake,601,0.11201000213623047,112.01000213623047
spoofing_handbrake,601,0.11199116706848145,111.99116706848145
spoofing_handbrake,601,0.11300492286682129,113.00492286682129
spoofing_handbrake,601,0.11198592185974121,111.98592185974121
spoofing_handbrake,601,0.11100101470947266,111.00101470947266
spoofing_handbrake,601,0.1120610237121582,112.0610237121582
spoofing_handbrake,601,0.11198210716247559,111.98210716247559
spoofing_handbrake,601,0.11196184158325195,111.96184158325195
spoofing_handbrake,601,0.11202096939086914,112.02096939086914
spoofing_handbrake,601,0.11200213432312012,112.00213432312012
spoofing_handbrake,601,0.11198091506958008,111.98091506958008
spoofing_handbrake,601,0.11298799514770508,112.98799514770508
spoofing_handbrake,601,0.1119990348815918,111.9990348815918
spoofing_handbrake,601,0.11102795600891113,111.02795600891113
spoofing_handbrake,601,0.11197710037231445,111.97710037231445
spoofing_handbrake,601,0.11202788352966309,112.02788352966309
spoofing_handbrake,601,0.11195516586303711,111.95516586303711
spoofing_handbrake,601,0.11200499534606934,112.00499534606934
spoofing_handbrake,601,0.11203479766845703,112.03479766845703
spoofing_handbrake,601,0.1119542121887207,111.9542121887207
spoofing_handbrake,601,0.11305379867553711,113.05379867553711
spoofing_handbrake,601,0.1119391918182373,111.9391918182373
spoofing_handbrake,601,0.11101102828979492,111.01102828979492
spoofing_handbrake,601,0.11201190948486328,112.01190948486328
spoofing_handbrake,601,0.11202692985534668,112.02692985534668
spoofing_handbrake,601,0.11197805404663086,111.97805404663086
spoofing_handbrake,601,0.11198091506958008,111.98091506958008
spoofing_handbrake,601,0.11200404167175293,112.00404167175293
spoofing_handbrake,601,0.11206912994384766,112.06912994384766
spoofing_handbrake,601,0.11293792724609375,112.93792724609375
spoofing_handbrake,601,0.11099004745483398,110.99004745483398
spoofing_handbrake,601,0.11204695701599121,112.04695701599121
spoofing_handbrake,601,0.1119530200958252,111.9530200958252
spoofing_handbrake,601,0.11201691627502441,112.01691627502441
spoofing_handbrake,601,0.11203908920288086,112.03908920288086
spoofing_handbrake,601,0.11196494102478027,111.96494102478027
spoofing_handbrake,601,0.11197900772094727,111.97900772094727
spoofing_handbrake,601,0.11200308799743652,112.00308799743652
spoofing_handbrake,601,0.11301898956298828,113.01898956298828
spoofing_handbrake,601,0.11099481582641602,110.99481582641602
spoofing_handbrake,601,0.11198902130126953,111.98902130126953
spoofing_handbrake,601,0.11199498176574707,111.99498176574707
spoofing_handbrake,601,0.11199116706848145,111.99116706848145
spoofing_handbrake,601,0.1119990348815918,111.9990348815918
spoofing_handbrake,601,0.11200499534606934,112.00499534606934
spoofing_handbrake,601,0.11201190948486328,112.01190948486328
spoofing_handbrake,601,0.11200904846191406,112.00904846191406
spoofing_handbrake,601,0.11295700073242188,112.95700073242188
spoofing_handbrake,601,0.11100983619689941,111.00983619689941
spoofing_handbrake,601,0.11204719543457031,112.04719543457031
spoofing_handbrake,601,0.11198782920837402,111.98782920837402
spoofing_handbrake,601,0.11196613311767578,111.96613311767578
spoofing_handbrake,601,0.11200499534606934,112.00499534606934
spoofing_handbrake,601,0.11198806762695312,111.98806762695312
spoofing_handbrake,601,0.11200594902038574,112.00594902038574
spoofing_handbrake,601,0.11298394203186035,112.98394203186035
spoofing_handbrake,601,0.11204099655151367,112.04099655151367
spoofing_handbrake,601,0.11098003387451172,110.98003387451172
spoofing_handbrake,601,0.11201190948486328,112.01190948486328
spoofing_handbrake,601,0.11196303367614746,111.96303367614746
spoofing_handbrake,601,0.11198711395263672,111.98711395263672
spoofing_handbrake,601,0.1120610237121582,112.0610237121582
spoofing_handbrake,601,0.11196589469909668,111.96589469909668
spoofing_handbrake,601,0.1119999885559082,111.9999885559082
spoofing_handbrake,601,0.11298990249633789,112.98990249633789
spoofing_handbrake,601,0.11201214790344238,112.01214790344238
spoofing_handbrake,601,0.11101794242858887,111.01794242858887
spoofing_handbrake,601,0.11198592185974121,111.98592185974121
spoofing_handbrake,601,0.11201119422912598,112.01119422912598
spoofing_handbrake,601,0.1119527816772461,111.9527816772461
spoofing_handbrake,601,0.11200618743896484,112.00618743896484
spoofing_handbrake,601,0.11202001571655273,112.02001571655273
spoofing_handbrake,601,0.11197400093078613,111.97400093078613
spoofing_handbrake,601,0.11300301551818848,113.00301551818848
spoofing_handbrake,601,0.11200499534606934,112.00499534606934
spoofing_handbrake,601,0.11105489730834961,111.05489730834961
spoofing_handbrake,601,0.11197209358215332,111.97209358215332
spoofing_handbrake,601,0.11196184158325195,111.96184158325195
spoofing_handbrake,601,0.1120150089263916,112.0150089263916
spoofing_handbrake,601,0.11199116706848145,111.99116706848145
spoofing_handbrake,601,0.1120309829711914,112.0309829711914
spoofing_handbrake,601,0.11198902130126953,111.98902130126953
spoofing_handbrake,601,0.11300277709960938,113.00277709960938
spoofing_handbrake,601,0.11200499534606934,112.00499534606934
spoofing_handbrake,601,0.1109471321105957,110.9471321105957
spoofing_handbrake,601,0.11202502250671387,112.02502250671387
spoofing_handbrake,601,0.11200904846191406,112.00904846191406
spoofing_handbrake,601,0.11202502250671387,112.02502250671387
spoofing_handbrake,601,0.11201190948486328,112.01190948486328
spoofing_handbrake,601,0.11195588111877441,111.95588111877441
spoofing_handbrake,601,0.11200308799743652,112.00308799743652
spoofing_handbrake,601,0.11301493644714355,113.01493644714355
spoofing_handbrake,601,0.11195206642150879,111.95206642150879
spoofing_handbrake,601,0.11101102828979492,111.01102828979492
spoofing_handbrake,601,0.11202502250671387,112.02502250671387
spoofing_handbrake,601,0.1119539737701416,111.9539737701416
spoofing_handbrake,601,0.1119990348815918,111.9990348815918
spoofing_handbrake,601,0.11200404167175293,112.00404167175293
spoofing_handbrake,601,0.11208891868591309,112.08891868591309
spoofing_handbrake,601,0.11196708679199219,111.96708679199219
spoofing_handbrake,601,0.11295485496520996,112.95485496520996
spoofing_handbrake,601,0.11200308799743652,112.00308799743652
spoofing_handbrake,601,0.11102485656738281,111.02485656738281
spoofing_handbrake,601,0.11198902130126953,111.98902130126953
spoofing_handbrake,601,0.11197113990783691,111.97113990783691
spoofing_handbrake,601,0.11202597618103027,112.02597618103027
spoofing_handbrake,601,0.1120290756225586,112.0290756225586
spoofing_handbrake,601,0.11194586753845215,111.94586753845215
spoofing_handbrake,601,0.11202692985534668,112.02692985534668
spoofing_handbrake,601,0.11300802230834961,113.00802230834961
spoofing_handbrake,601,0.11196112632751465,111.96112632751465
spoofing_handbrake,601,0.11100888252258301,111.00888252258301
spoofing_handbrake,601,0.11199808120727539,111.99808120727539
spoofing_handbrake,601,0.11202502250671387,112.02502250671387
spoofing_handbrake,601,0.11195087432861328,111.95087432861328
spoofing_handbrake,601,0.11205410957336426,112.05410957336426
spoofing_handbrake,601,0.11198592185974121,111.98592185974121
spoofing_handbrake,601,0.11202502250671387,112.02502250671387
spoofing_handbrake,601,0.11298012733459473,112.98012733459473
spoofing_handbrake,601,0.11196684837341309,111.96684837341309
spoofing_handbrake,601,0.1110689640045166,111.0689640045166
spoofing_handbrake,601,0.11196017265319824,111.96017265319824
spoofing_handbrake,601,0.11199784278869629,111.99784278869629
spoofing_handbrake,601,0.11198210716247559,111.98210716247559
spoofing_handbrake,601,0.11196208000183105,111.96208000183105
spoofing_handbrake,601,0.11232876777648926,112.32876777648926
spoofing_handbrake,601,0.11168813705444336,111.68813705444336
spoofing_handbrake,601,0.11298489570617676,112.98489570617676
spoofing_handbrake,601,0.11200499534606934,112.00499534606934
spoofing_handbrake,601,0.1110081672668457,111.0081672668457
spoofing_handbrake,601,0.1119999885559082,111.9999885559082
spoofing_handbrake,601,0.11198997497558594,111.98997497558594
spoofing_handbrake,601,0.11200189590454102,112.00189590454102
spoofing_handbrake,601,0.11199498176574707,111.99498176574707
spoofing_handbrake,601,0.11202216148376465,112.02216148376465
spoofing_handbrake,601,0.1119840145111084,111.9840145111084
spoofing_handbrake,601,0.11301684379577637,113.01684379577637
spoofing_handbrake,601,0.11197209358215332,111.97209358215332
spoofing_handbrake,601,0.11099791526794434,110.99791526794434
spoofing_handbrake,601,0.11199808120727539,111.99808120727539
spoofing_handbrake,601,0.1120760440826416,112.0760440826416
spoofing_handbrake,601,0.11196184158325195,111.96184158325195
spoofing_handbrake,601,0.11197614669799805,111.97614669799805
spoofing_handbrake,601,0.11198902130126953,111.98902130126953
spoofing_handbrake,601,0.11199593544006348,111.99593544006348
spoofing_handbrake,601,0.11305999755859375,113.05999755859375
spoofing_handbrake,601,0.11194109916687012,111.94109916687012
spoofing_handbrake,601,0.1113128662109375,111.3128662109375
spoofing_handbrake,601,0.11169290542602539,111.69290542602539
spoofing_handbrake,601,0.1119990348815918,111.9990348815918
spoofing_handbrake,601,0.11200213432312012,112.00213432312012
spoofing_handbrake,601,0.1119849681854248,111.9849681854248
spoofing_handbrake,601,0.11202597618103027,112.02597618103027
spoofing_handbrake,601,0.1119849681854248,111.9849681854248
spoofing_handbrake,601,0.11299896240234375,112.99896240234375
spoofing_handbrake,601,0.11102700233459473,111.02700233459473
spoofing_handbrake,601,0.1119699478149414,111.9699478149414
spoofing_handbrake,601,0.11203718185424805,112.03718185424805
spoofing_handbrake,601,0.11194682121276855,111.94682121276855
spoofing_handbrake,601,0.11199307441711426,111.99307441711426
spoofing_handbrake,601,0.112030029296875,112.030029296875
spoofing_handbrake,601,0.11198210716247559,111.98210716247559
spoofing_handbrake,601,0.11202597618103027,112.02597618103027
spoofing_handbrake,601,0.11298394203186035,112.98394203186035
spoofing_handbrake,601,0.11098098754882812,110.98098754882812
spoofing_handbrake,601,0.11202192306518555,112.02192306518555
spoofing_handbrake,601,0.11202716827392578,112.02716827392578
spoofing_handbrake,601,0.11195588111877441,111.95588111877441
spoofing_handbrake,601,0.11202597618103027,112.02597618103027
spoofing_handbrake,601,0.11197805404663086,111.97805404663086
spoofing_handbrake,601,0.11199498176574707,111.99498176574707
spoofing_handbrake,601,0.11203789710998535,112.03789710998535
spoofing_handbrake,601,0.11296820640563965,112.96820640563965
spoofing_handbrake,601,0.1109769344329834,110.9769344329834
spoofing_handbrake,601,0.11202597618103027,112.02597618103027
spoofing_handbrake,601,0.11197304725646973,111.97304725646973
spoofing_handbrake,601,0.11201000213623047,112.01000213623047
spoofing_handbrake,601,0.11198186874389648,111.98186874389648
spoofing_handbrake,601,0.11201810836791992,112.01810836791992
spoofing_handbrake,601,0.11206507682800293,112.06507682800293
spoofing_handbrake,601,0.11297082901000977,112.97082901000977
spoofing_handbrake,601,0.11195707321166992,111.95707321166992
spoofing_handbrake,601,0.1109929084777832,110.9929084777832
spoofing_handbrake,601,0.1120140552520752,112.0140552520752
spoofing_handbrake,601,0.11201214790344238,112.01214790344238
spoofing_handbrake,601,0.11202096939086914,112.02096939086914
spoofing_handbrake,601,0.11195802688598633,111.95802688598633
spoofing_handbrake,601,0.11205077171325684,112.05077171325684
spoofing_handbrake,601,0.11195206642150879,111.95206642150879
spoofing_handbrake,601,0.11304116249084473,113.04116249084473
spoofing_handbrake,601,0.11194276809692383,111.94276809692383
spoofing_handbrake,601,0.11105203628540039,111.05203628540039
spoofing_handbrake,601,0.11197209358215332,111.97209358215332
spoofing_handbrake,601,0.11196088790893555,111.96088790893555
spoofing_handbrake,601,0.1120150089263916,112.0150089263916
spoofing_handbrake,601,0.11201119422912598,112.01119422912598
spoofing_handbrake,601,0.11198592185974121,111.98592185974121
spoofing_handbrake,601,0.11197805404663086,111.97805404663086
spoofing_handbrake,601,0.11307001113891602,113.07001113891602
spoofing_handbrake,601,0.11199688911437988,111.99688911437988
spoofing_handbrake,601,0.11094307899475098,110.94307899475098
spoofing_handbrake,601,0.11197090148925781,111.97090148925781
spoofing_handbrake,601,0.11207699775695801,112.07699775695801
spoofing_handbrake,601,0.11195206642150879,111.95206642150879
spoofing_handbrake,601,0.11199688911437988,111.99688911437988
spoofing_handbrake,601,0.1120150089263916,112.0150089263916
spoofing_handbrake,601,0.1120309829711914,112.0309829711914
spoofing_handbrake,601,0.11298418045043945,112.98418045043945
spoofing_handbrake,601,0.11197686195373535,111.97686195373535
spoofing_handbrake,601,0.11097097396850586,110.97097396850586
spoofing_handbrake,601,0.11203718185424805,112.03718185424805
spoofing_handbrake,601,0.11199378967285156,111.99378967285156
spoofing_handbrake,601,0.11200308799743652,112.00308799743652
spoofing_handbrake,601,0.1120460033416748,112.0460033416748
spoofing_handbrake,601,0.11193108558654785,111.93108558654785
spoofing_handbrake,601,0.11202096939086914,112.02096939086914
spoofing_handbrake,601,0.11297488212585449,112.97488212585449
spoofing_handbrake,601,0.11199212074279785,111.99212074279785
spoofing_handbrake,601,0.11105895042419434,111.05895042419434
spoofing_handbrake,601,0.11198210716247559,111.98210716247559
spoofing_handbrake,601,0.11195898056030273,111.95898056030273
spoofing_handbrake,601,0.11202001571655273,112.02001571655273
spoofing_handbrake,601,0.11198282241821289,111.98282241821289
spoofing_handbrake,601,0.11199498176574707,111.99498176574707
spoofing_handbrake,601,0.11199116706848145,111.99116706848145
spoofing_handbrake,601,0.11299800872802734,112.99800872802734
spoofing_handbrake,601,0.11202096939086914,112.02096939086914
spoofing_handbrake,601,0.11102890968322754,111.02890968322754
spoofing_handbrake,601,0.1119530200958252,111.9530200958252
spoofing_handbrake,601,0.11204409599304199,112.04409599304199
spoofing_handbrake,601,0.11199498176574707,111.99498176574707
spoofing_handbrake,601,0.11197185516357422,111.97185516357422
spoofing_handbrake,601,0.11198902130126953,111.98902130126953
spoofing_handbrake,601,0.11204695701599121,112.04695701599121
spoofing_handbrake,601,0.11297607421875,112.97607421875
spoofing_handbrake,601,0.11200809478759766,112.00809478759766
spoofing_handbrake,601,0.11097502708435059,110.97502708435059
spoofing_handbrake,601,0.11202287673950195,112.02287673950195
spoofing_handbrake,601,0.11205196380615234,112.05196380615234
spoofing_handbrake,601,0.1119539737701416,111.9539737701416
spoofing_handbrake,601,0.11196303367614746,111.96303367614746
spoofing_handbrake,601,0.11203908920288086,112.03908920288086
spoofing_handbrake,601,0.11196088790893555,111.96088790893555
spoofing_handbrake,601,0.1130380630493164,113.0380630493164
spoofing_handbrake,601,0.11194300651550293,111.94300651550293
spoofing_handbrake,601,0.11109209060668945,111.09209060668945
spoofing_handbrake,601,0.11194181442260742,111.94181442260742
spoofing_handbrake,601,0.1119692325592041,111.9692325592041
spoofing_handbrake,601,0.11201190948486328,112.01190948486328
spoofing_handbrake,601,0.1120760440826416,112.0760440826416
spoofing_handbrake,601,0.11193585395812988,111.93585395812988
spoofing_handbrake,601,0.11197805404663086,111.97805404663086
spoofing_handbrake,601,0.11300897598266602,113.00897598266602
spoofing_handbrake,601,0.11207699775695801,112.07699775695801
spoofing_handbrake,601,0.11091494560241699,110.91494560241699
spoofing_handbrake,601,0.11208009719848633,112.08009719848633
spoofing_handbrake,601,0.11194896697998047,111.94896697998047
spoofing_handbrake,601,0.11195206642150879,111.95206642150879
spoofing_handbrake,601,0.11205506324768066,112.05506324768066
spoofing_handbrake,601,0.11195683479309082,111.95683479309082
spoofing_handbrake,601,0.11200499534606934,112.00499534606934
spoofing_handbrake,601,0.11298418045043945,112.98418045043945
spoofing_handbrake,601,0.11199784278869629,111.99784278869629
spoofing_handbrake,601,0.11101698875427246,111.01698875427246
spoofing_handbrake,601,0.111968994140625,111.968994140625
spoofing_handbrake,601,0.11204004287719727,112.04004287719727
spoofing_handbrake,601,0.11196398735046387,111.96398735046387
spoofing_handbrake,601,0.11205506324768066,112.05506324768066
spoofing_handbrake,601,0.1119239330291748,111.9239330291748
spoofing_handbrake,601,0.1120290756225586,112.0290756225586
spoofing_handbrake,601,0.1129920482635498,112.9920482635498
spoofing_handbrake,601,0.11199498176574707,111.99498176574707
spoofing_handbrake,601,0.11096596717834473,110.96596717834473
spoofing_handbrake,601,0.11202406883239746,112.02406883239746
spoofing_handbrake,601,0.11198186874389648,111.98186874389648
spoofing_handbrake,601,0.11201715469360352,112.01715469360352
spoofing_handbrake,601,0.11198782920837402,111.98782920837402
spoofing_handbrake,601,0.11201596260070801,112.01596260070801
spoofing_handbrake,601,0.11199212074279785,111.99212074279785
spoofing_handbrake,601,0.11306190490722656,113.06190490722656
spoofing_handbrake,601,0.11096906661987305,110.96906661987305
spoofing_handbrake,601,0.11202788352966309,112.02788352966309
spoofing_handbrake,601,0.11194610595703125,111.94610595703125
spoofing_handbrake,601,0.11207008361816406,112.07008361816406
spoofing_handbrake,601,0.11194181442260742,111.94181442260742
spoofing_handbrake,601,0.11196708679199219,111.96708679199219
spoofing_handbrake,601,0.11200404167175293,112.00404167175293
spoofing_handbrake,601,0.11199307441711426,111.99307441711426
spoofing_handbrake,601,0.11307191848754883,113.07191848754883
spoofing_handbrake,601,0.11098003387451172,110.98003387451172
spoofing_handbrake,601,0.11194586753845215,111.94586753845215
spoofing_handbrake,601,0.11201620101928711,112.01620101928711
spoofing_handbrake,601,0.11198782920837402,111.98782920837402
spoofing_handbrake,601,0.11205005645751953,112.05005645751953
spoofing_handbrake,601,0.11202001571655273,112.02001571655273
spoofing_handbrake,601,0.11193299293518066,111.93299293518066
spoofing_handbrake,601,0.11200308799743652,112.00308799743652
spoofing_handbrake,601,0.11307287216186523,113.07287216186523
spoofing_handbrake,601,0.1109769344329834,110.9769344329834
spoofing_handbrake,601,0.11193108558654785,111.93108558654785
spoofing_handbrake,601,0.1120140552520752,112.0140552520752
spoofing_handbrake,601,0.11199188232421875,111.99188232421875
spoofing_handbrake,601,0.11199498176574707,111.99498176574707
spoofing_handbrake,601,0.11200118064880371,112.00118064880371
spoofing_handbrake,601,0.1120138168334961,112.0138168334961
spoofing_handbrake,601,0.11301708221435547,113.01708221435547
spoofing_handbrake,601,0.11198091506958008,111.98091506958008
spoofing_handbrake,601,0.1109621524810791,110.9621524810791
spoofing_handbrake,601,0.1120598316192627,112.0598316192627
spoofing_handbrake,601,0.11195707321166992,111.95707321166992
spoofing_handbrake,601,0.11199498176574707,111.99498176574707
spoofing_handbrake,601,0.11199712753295898,111.99712753295898
spoofing_handbrake,601,0.11199402809143066,111.99402809143066
spoofing_handbrake,601,0.11199188232421875,111.99188232421875
spoofing_handbrake,601,0.11304712295532227,113.04712295532227
spoofing_handbrake,601,0.11202383041381836,112.02383041381836
spoofing_handbrake,601,0.11102509498596191,111.02509498596191
spoofing_handbrake,601,0.11192107200622559,111.92107200622559
spoofing_handbrake,601,0.11203479766845703,112.03479766845703
spoofing_handbrake,601,0.11198210716247559,111.98210716247559
spoofing_handbrake,601,0.11195802688598633,111.95802688598633
spoofing_handbrake,601,0.1120610237121582,112.0610237121582
spoofing_handbrake,601,0.11198306083679199,111.98306083679199
spoofing_handbrake,601,0.11298394203186035,112.98394203186035
spoofing_handbrake,601,0.11198186874389648,111.98186874389648
spoofing_handbrake,601,0.11100316047668457,111.00316047668457
spoofing_handbrake,601,0.11202597618103027,112.02597618103027
spoofing_handbrake,601,0.11200499534606934,112.00499534606934
spoofing_handbrake,601,0.11215686798095703,112.15686798095703
spoofing_handbrake,601,0.11185503005981445,111.85503005981445
spoofing_handbrake,601,0.11196398735046387,111.96398735046387
spoofing_handbrake,601,0.11209416389465332,112.09416389465332
spoofing_handbrake,601,0.1129758358001709,112.9758358001709
spoofing_handbrake,601,0.11197805404663086,111.97805404663086
spoofing_handbrake,601,0.11097311973571777,110.97311973571777
spoofing_handbrake,601,0.11196494102478027,111.96494102478027
spoofing_handbrake,601,0.11203789710998535,112.03789710998535
spoofing_handbrake,601,0.11200714111328125,112.00714111328125
spoofing_handbrake,601,0.11195087432861328,111.95087432861328
spoofing_handbrake,601,0.1120600700378418,112.0600700378418
spoofing_handbrake,601,0.11199498176574707,111.99498176574707
spoofing_handbrake,601,0.11297106742858887,112.97106742858887
spoofing_handbrake,601,0.11196184158325195,111.96184158325195
spoofing_handbrake,601,0.11108207702636719,111.08207702636719
spoofing_handbrake,601,0.11194610595703125,111.94610595703125
spoofing_handbrake,601,0.11198282241821289,111.98282241821289
spoofing_handbrake,601,0.1119849681854248,111.9849681854248
spoofing_handbrake,601,0.11204099655151367,112.04099655151367
spoofing_handbrake,601,0.11197304725646973,111.97304725646973
spoofing_handbrake,601,0.11199307441711426,111.99307441711426
spoofing_handbrake,601,0.11299300193786621,112.99300193786621
spoofing_handbrake,601,0.11207890510559082,112.07890510559082
spoofing_handbrake,601,0.1109461784362793,110.9461784362793
spoofing_handbrake,601,0.11198282241821289,111.98282241821289
spoofing_handbrake,601,0.11199498176574707,111.99498176574707
spoofing_handbrake,601,0.1120140552520752,112.0140552520752
spoofing_handbrake,601,0.11197710037231445,111.97710037231445
spoofing_handbrake,601,0.11199092864990234,111.99092864990234
spoofing_handbrake,601,0.11207294464111328,112.07294464111328
spoofing_handbrake,601,0.11302495002746582,113.02495002746582
spoofing_handbrake,601,0.11191201210021973,111.91201210021973
spoofing_handbrake,601,0.11099100112915039,110.99100112915039
spoofing_handbrake,601,0.11203813552856445,112.03813552856445
spoofing_handbrake,601,0.11230897903442383,112.30897903442383
spoofing_handbrake,601,0.11167693138122559,111.67693138122559
spoofing_handbrake,601,0.11197710037231445,111.97710037231445
spoofing_handbrake,601,0.11203193664550781,112.03193664550781
spoofing_handbrake,601,0.11199498176574707,111.99498176574707
spoofing_handbrake,601,0.11296200752258301,112.96200752258301
spoofing_handbrake,601,0.11198902130126953,111.98902130126953
spoofing_handbrake,601,0.11102509498596191,111.02509498596191
spoofing_handbrake,601,0.11302900314331055,113.02900314331055
spoofing_handbrake,601,0.1119840145111084,111.9840145111084
spoofing_handbrake,601,0.11198997497558594,111.98997497558594
spoofing_handbrake,601,0.11197590827941895,111.97590827941895
spoofing_handbrake,601,0.11200809478759766,112.00809478759766
spoofing_handbrake,601,0.11199688911437988,111.99688911437988
spoofing_handbrake,601,0.11299896240234375,112.99896240234375
spoofing_handbrake,601,0.11199617385864258,111.99617385864258
spoofing_handbrake,601,0.11101698875427246,111.01698875427246
spoofing_handbrake,601,0.11199498176574707,111.99498176574707
spoofing_handbrake,601,0.11201095581054688,112.01095581054688
spoofing_handbrake,601,0.11197805404663086,111.97805404663086
spoofing_handbrake,601,0.1120309829711914,112.0309829711914
spoofing_handbrake,601,0.11199593544006348,111.99593544006348
spoofing_handbrake,601,0.11198997497558594,111.98997497558594
spoofing_handbrake,601,0.11297798156738281,112.97798156738281
spoofing_handbrake,601,0.11200499534606934,112.00499534606934
spoofing_handbrake,601,0.11100506782531738,111.00506782531738
spoofing_handbrake,601,0.11198186874389648,111.98186874389648
spoofing_handbrake,601,0.11199212074279785,111.99212074279785
spoofing_handbrake,601,0.1119999885559082,111.9999885559082
spoofing_handbrake,601,0.11220407485961914,112.20407485961914
spoofing_handbrake,601,0.11178302764892578,111.78302764892578
spoofing_handbrake,601,0.11201977729797363,112.01977729797363
spoofing_handbrake,601,0.11301112174987793,113.01112174987793
spoofing_handbrake,601,0.11196589469909668,111.96589469909668
spoofing_handbrake,601,0.11101317405700684,111.01317405700684
spoofing_handbrake,601,0.11200094223022461,112.00094223022461
spoofing_handbrake,601,0.1120610237121582,112.0610237121582
spoofing_handbrake,601,0.11197090148925781,111.97090148925781
spoofing_handbrake,601,0.11202311515808105,112.02311515808105
spoofing_handbrake,601,0.111968994140625,111.968994140625
spoofing_handbrake,601,0.11199498176574707,111.99498176574707
spoofing_handbrake,601,0.11299896240234375,112.99896240234375
spoofing_handbrake,601,0.11099505424499512,110.99505424499512
spoofing_handbrake,601,0.11199188232421875,111.99188232421875
spoofing_handbrake,601,0.11201310157775879,112.01310157775879
spoofing_handbrake,601,0.11197304725646973,111.97304725646973
spoofing_handbrake,601,0.11201000213623047,112.01000213623047
spoofing_handbrake,601,0.11202287673950195,112.02287673950195
spoofing_handbrake,601,0.11196303367614746,111.96303367614746
spoofing_handbrake,601,0.1119990348815918,111.9990348815918
spoofing_handbrake,601,0.1129908561706543,112.9908561706543
spoofing_handbrake,601,0.11106610298156738,111.06610298156738
spoofing_handbrake,601,0.11197209358215332,111.97209358215332
spoofing_handbrake,601,0.11195898056030273,111.95898056030273
spoofing_handbrake,601,0.11200499534606934,112.00499534606934
spoofing_handbrake,601,0.11203289031982422,112.03289031982422
spoofing_handbrake,601,0.1119990348815918,111.9990348815918
spoofing_handbrake,601,0.11197805404663086,111.97805404663086
spoofing_handbrake,601,0.11199784278869629,111.99784278869629
spoofing_handbrake,601,0.11304402351379395,113.04402351379395
spoofing_handbrake,601,0.11099004745483398,110.99004745483398
spoofing_handbrake,601,0.11220192909240723,112.20192909240723
spoofing_handbrake,601,0.11174201965332031,111.74201965332031
spoofing_handbrake,601,0.11203217506408691,112.03217506408691
spoofing_handbrake,601,0.11199402809143066,111.99402809143066
spoofing_handbrake,601,0.1120297908782959,112.0297908782959
spoofing_handbrake,601,0.11197209358215332,111.97209358215332
spoofing_handbrake,601,0.11301493644714355,113.01493644714355
spoofing_handbrake,601,0.11196303367614746,111.96303367614746
spoofing_handbrake,601,0.11098408699035645,110.98408699035645
spoofing_handbrake,601,0.11202096939086914,112.02096939086914
spoofing_handbrake,601,0.11199188232421875,111.99188232421875
spoofing_handbrake,601,0.11200118064880371,112.00118064880371
spoofing_handbrake,601,0.11199688911437988,111.99688911437988
spoofing_handbrake,601,0.11199593544006348,111.99593544006348
spoofing_handbrake,601,0.11203408241271973,112.03408241271973
spoofing_handbrake,601,0.1129770278930664,112.9770278930664
spoofing_handbrake,601,0.1119990348815918,111.9990348815918
spoofing_handbrake,601,0.11100482940673828,111.00482940673828
spoofing_handbrake,601,0.11197400093078613,111.97400093078613
spoofing_handbrake,601,0.11205410957336426,112.05410957336426
spoofing_handbrake,601,0.1119379997253418,111.9379997253418
spoofing_handbrake,601,0.11199498176574707,111.99498176574707
spoofing_handbrake,601,0.11208391189575195,112.08391189575195
spoofing_handbrake,601,0.11191606521606445,111.91606521606445
spoofing_handbrake,601,0.1130521297454834,113.0521297454834
spoofing_handbrake,601,0.11197185516357422,111.97185516357422
spoofing_handbrake,601,0.11115503311157227,111.15503311157227
spoofing_handbrake,601,0.11183500289916992,111.83500289916992
spoofing_handbrake,601,0.11201691627502441,112.01691627502441
spoofing_handbrake,601,0.11197900772094727,111.97900772094727
spoofing_handbrake,601,0.11199617385864258,111.99617385864258
spoofing_handbrake,601,0.11198091506958008,111.98091506958008
spoofing_handbrake,601,0.11203908920288086,112.03908920288086
spoofing_handbrake,601,0.11303496360778809,113.03496360778809
spoofing_handbrake,601,0.111968994140625,111.968994140625
spoofing_handbrake,601,0.1109778881072998,110.9778881072998
spoofing_handbrake,601,0.11200714111328125,112.00714111328125
spoofing_handbrake,601,0.11199283599853516,111.99283599853516
spoofing_handbrake,601,0.11199522018432617,111.99522018432617
spoofing_handbrake,601,0.11201882362365723,112.01882362365723
spoofing_handbrake,601,0.11196708679199219,111.96708679199219
spoofing_handbrake,601,0.11200690269470215,112.00690269470215
spoofing_handbrake,601,0.11302399635314941,113.02399635314941
spoofing_handbrake,601,0.11197113990783691,111.97113990783691
spoofing_handbrake,601,0.11098885536193848,110.98885536193848
spoofing_handbrake,601,0.1119990348815918,111.9990348815918
spoofing_handbrake,601,0.11204099655151367,112.04099655151367
spoofing_handbrake,601,0.11200094223022461,112.00094223022461
spoofing_handbrake,601,0.11195516586303711,111.95516586303711
spoofing_handbrake,601,0.11201691627502441,112.01691627502441
spoofing_handbrake,601,0.11199402809143066,111.99402809143066
spoofing_handbrake,601,0.1130208969116211,113.0208969116211
spoofing_handbrake,601,0.1119990348815918,111.9990348815918
spoofing_handbrake,601,0.11097216606140137,110.97216606140137
spoofing_handbrake,601,0.11200380325317383,112.00380325317383
spoofing_handbrake,601,0.11205601692199707,112.05601692199707
spoofing_handbrake,601,0.1119379997253418,111.9379997253418
spoofing_handbrake,601,0.11204218864440918,112.04218864440918
spoofing_handbrake,601,0.11195898056030273,111.95898056030273
spoofing_handbrake,601,0.11199092864990234,111.99092864990234
spoofing_handbrake,601,0.11301207542419434,113.01207542419434
spoofing_handbrake,601,0.11198091506958008,111.98091506958008
spoofing_handbrake,601,0.11102890968322754,111.02890968322754
spoofing_handbrake,601,0.11197614669799805,111.97614669799805
spoofing_handbrake,601,0.1120309829711914,112.0309829711914
spoofing_handbrake,601,0.11197304725646973,111.97304725646973
spoofing_handbrake,601,0.11202883720397949,112.02883720397949
spoofing_handbrake,601,0.11202216148376465,112.02216148376465
spoofing_handbrake,601,0.11194396018981934,111.94396018981934
spoofing_handbrake,601,0.11299490928649902,112.99490928649902
spoofing_handbrake,601,0.11203598976135254,112.03598976135254
spoofing_handbrake,601,0.11099410057067871,110.99410057067871
spoofing_handbrake,601,0.1119849681854248,111.9849681854248
spoofing_handbrake,601,0.1120309829711914,112.0309829711914
spoofing_handbrake,601,0.11193299293518066,111.93299293518066
spoofing_handbrake,601,0.11203289031982422,112.03289031982422
spoofing_handbrake,601,0.11200904846191406,112.00904846191406
spoofing_handbrake,601,0.11201596260070801,112.01596260070801
spoofing_handbrake,601,0.11300110816955566,113.00110816955566
spoofing_handbrake,601,0.11194992065429688,111.94992065429688
spoofing_handbrake,601,0.11104702949523926,111.04702949523926
spoofing_handbrake,601,0.11197996139526367,111.97996139526367
spoofing_handbrake,601,0.11199402809143066,111.99402809143066
spoofing_handbrake,601,0.11194014549255371,111.94014549255371
spoofing_handbrake,601,0.11202502250671387,112.02502250671387
spoofing_handbrake,601,0.1119987964630127,111.9987964630127
spoofing_handbrake,601,0.11202001571655273,112.02001571655273
spoofing_handbrake,601,0.11296606063842773,112.96606063842773
spoofing_handbrake,601,0.11202692985534668,112.02692985534668
spoofing_handbrake,601,0.11098098754882812,110.98098754882812
spoofing_handbrake,601,0.11201715469360352,112.01715469360352
spoofing_handbrake,601,0.11200404167175293,112.00404167175293
spoofing_handbrake,601,0.11198687553405762,111.98687553405762
spoofing_handbrake,601,0.11202096939086914,112.02096939086914
spoofing_handbrake,601,0.11199808120727539,111.99808120727539
spoofing_handbrake,601,0.11200904846191406,112.00904846191406
spoofing_handbrake,601,0.11298799514770508,112.98799514770508
spoofing_handbrake,601,0.11198091506958008,111.98091506958008
spoofing_handbrake,601,0.11101102828979492,111.01102828979492
spoofing_handbrake,601,0.11200404167175293,112.00404167175293
spoofing_handbrake,601,0.11197996139526367,111.97996139526367
spoofing_handbrake,601,0.11202502250671387,112.02502250671387
spoofing_handbrake,601,0.11197400093078613,111.97400093078613
spoofing_handbrake,601,0.11205005645751953,112.05005645751953
spoofing_handbrake,601,0.11193585395812988,111.93585395812988
spoofing_handbrake,601,0.11303305625915527,113.03305625915527
spoofing_handbrake,601,0.11097288131713867,110.97288131713867
spoofing_handbrake,601,0.11200213432312012,112.00213432312012
spoofing_handbrake,601,0.11203193664550781,112.03193664550781
spoofing_handbrake,601,0.11201906204223633,112.01906204223633
spoofing_handbrake,601,0.11193299293518066,111.93299293518066
spoofing_handbrake,601,0.11208295822143555,112.08295822143555
spoofing_handbrake,601,0.11193704605102539,111.93704605102539
spoofing_handbrake,601,0.11200094223022461,112.00094223022461
spoofing_handbrake,601,0.11300992965698242,113.00992965698242
spoofing_handbrake,601,0.11098909378051758,110.98909378051758
spoofing_handbrake,601,0.1119990348815918,111.9990348815918
spoofing_handbrake,601,0.11197805404663086,111.97805404663086
spoofing_handbrake,601,0.11202883720397949,112.02883720397949
spoofing_handbrake,601,0.11199402809143066,111.99402809143066
spoofing_handbrake,601,0.11199617385864258,111.99617385864258
spoofing_handbrake,601,0.11200189590454102,112.00189590454102
spoofing_handbrake,601,0.11197590827941895,111.97590827941895
spoofing_handbrake,601,0.11299896240234375,112.99896240234375
spoofing_handbrake,601,0.11098814010620117,110.98814010620117
spoofing_handbrake,601,0.11201095581054688,112.01095581054688
spoofing_handbrake,601,0.11203908920288086,112.03908920288086
spoofing_handbrake,601,0.11196494102478027,111.96494102478027
spoofing_handbrake,601,0.1119849681854248,111.9849681854248
spoofing_handbrake,601,0.11200809478759766,112.00809478759766
spoofing_handbrake,601,0.11201095581054688,112.01095581054688
spoofing_handbrake,601,0.11301493644714355,113.01493644714355
spoofing_handbrake,601,0.11196208000183105,111.96208000183105
spoofing_handbrake,601,0.1110529899597168,111.0529899597168
spoofing_handbrake,601,0.11197686195373535,111.97686195373535
spoofing_handbrake,601,0.11198210716247559,111.98210716247559
spoofing_handbrake,601,0.11202192306518555,112.02192306518555
spoofing_handbrake,601,0.11202406883239746,112.02406883239746
spoofing_handbrake,601,0.11202096939086914,112.02096939086914
spoofing_handbrake,601,0.11193704605102539,111.93704605102539
spoofing_handbrake,601,0.11297392845153809,112.97392845153809
spoofing_handbrake,601,0.11201596260070801,112.01596260070801
spoofing_handbrake,601,0.11098408699035645,110.98408699035645
spoofing_handbrake,601,0.11199092864990234,111.99092864990234
spoofing_handbrake,601,0.11201620101928711,112.01620101928711
spoofing_handbrake,601,0.11200881004333496,112.00881004333496
spoofing_handbrake,601,0.11199402809143066,111.99402809143066
spoofing_handbrake,601,0.11198616027832031,111.98616027832031
spoofing_handbrake,601,0.11201596260070801,112.01596260070801
spoofing_handbrake,601,0.11302590370178223,113.02590370178223
spoofing_handbrake,601,0.1119680404663086,111.9680404663086
spoofing_handbrake,601,0.11100196838378906,111.00196838378906
spoofing_handbrake,601,0.1120150089263916,112.0150089263916
spoofing_handbrake,601,0.11198711395263672,111.98711395263672
spoofing_handbrake,601,0.11200094223022461,112.00094223022461
spoofing_handbrake,601,0.11199092864990234,111.99092864990234
spoofing_handbrake,601,0.11203408241271973,112.03408241271973
spoofing_handbrake,601,0.1119680404663086,111.9680404663086
spoofing_handbrake,601,0.11301398277282715,113.01398277282715
spoofing_handbrake,601,0.11198091506958008,111.98091506958008
spoofing_handbrake,601,0.11098694801330566,110.98694801330566
spoofing_handbrake,601,0.11203312873840332,112.03312873840332
spoofing_handbrake,601,0.11197185516357422,111.97185516357422
spoofing_handbrake,601,0.11200809478759766,112.00809478759766
spoofing_handbrake,601,0.1119990348815918,111.9990348815918
spoofing_handbrake,601,0.11197590827941895,111.97590827941895
spoofing_handbrake,601,0.11207008361816406,112.07008361816406
spoofing_handbrake,601,0.1129908561706543,112.9908561706543
spoofing_handbrake,601,0.11194014549255371,111.94014549255371
spoofing_handbrake,601,0.11099600791931152,110.99600791931152
spoofing_handbrake,601,0.11202788352966309,112.02788352966309
spoofing_handbrake,601,0.11198306083679199,111.98306083679199
spoofing_handbrake,601,0.11203908920288086,112.03908920288086
spoofing_handbrake,601,0.11199283599853516,111.99283599853516
spoofing_handbrake,601,0.11195898056030273,111.95898056030273
spoofing_handbrake,601,0.11206698417663574,112.06698417663574
spoofing_handbrake,601,0.11292910575866699,112.92910575866699
spoofing_handbrake,601,0.11202788352966309,112.02788352966309
spoofing_handbrake,601,0.1109771728515625,110.9771728515625
spoofing_handbrake,601,0.11196589469909668,111.96589469909668
spoofing_handbrake,601,0.112030029296875,112.030029296875
spoofing_handbrake,601,0.11198711395263672,111.98711395263672
spoofing_handbrake,601,0.11201000213623047,112.01000213623047
spoofing_handbrake,601,0.11197090148925781,111.97090148925781
spoofing_handbrake,601,0.11202096939086914,112.02096939086914
spoofing_handbrake,601,0.1129920482635498,112.9920482635498
spoofing_handbrake,601,0.11200785636901855,112.00785636901855
spoofing_handbrake,601,0.1110382080078125,111.0382080078125
spoofing_handbrake,601,0.11195588111877441,111.95588111877441
spoofing_handbrake,601,0.1128849983215332,112.8849983215332
spoofing_handbrake,601,0.11118197441101074,111.18197441101074
spoofing_handbrake,601,0.11198306083679199,111.98306083679199
spoofing_handbrake,601,0.11198902130126953,111.98902130126953
spoofing_handbrake,601,0.1119239330291748,111.9239330291748
spoofing_handbrake,601,0.11304903030395508,113.04903030395508
spoofing_handbrake,601,0.11198711395263672,111.98711395263672
spoofing_handbrake,601,0.11103391647338867,111.03391647338867
spoofing_handbrake,601,0.11196398735046387,111.96398735046387
spoofing_handbrake,601,0.11197996139526367,111.97996139526367
spoofing_handbrake,601,0.11204814910888672,112.04814910888672
spoofing_handbrake,601,0.11196398735046387,111.96398735046387
spoofing_handbrake,601,0.11204695701599121,112.04695701599121
spoofing_handbrake,601,0.11197996139526367,111.97996139526367
spoofing_handbrake,601,0.1129460334777832,112.9460334777832
spoofing_handbrake,601,0.11204695701599121,112.04695701599121
spoofing_handbrake,601,0.11100602149963379,111.00602149963379
spoofing_handbrake,601,0.11195707321166992,111.95707321166992
spoofing_handbrake,601,0.11202096939086914,112.02096939086914
spoofing_handbrake,601,0.11197495460510254,111.97495460510254
spoofing_handbrake,601,0.1120140552520752,112.0140552520752
spoofing_handbrake,601,0.11199593544006348,111.99593544006348
spoofing_handbrake,601,0.11204409599304199,112.04409599304199
spoofing_handbrake,601,0.11293697357177734,112.93697357177734
spoofing_handbrake,601,0.1119840145111084,111.9840145111084
spoofing_handbrake,601,0.1110539436340332,111.0539436340332
spoofing_handbrake,601,0.1120760440826416,112.0760440826416
spoofing_handbrake,601,0.11189699172973633,111.89699172973633
spoofing_handbrake,601,0.11198902130126953,111.98902130126953
spoofing_handbrake,601,0.11198282241821289,111.98282241821289
spoofing_handbrake,601,0.11204218864440918,112.04218864440918
spoofing_handbrake,601,0.1119849681854248,111.9849681854248
spoofing_handbrake,601,0.1129758358001709,112.9758358001709
spoofing_handbrake,601,0.11202597618103027,112.02597618103027
spoofing_handbrake,601,0.11102819442749023,111.02819442749023
spoofing_handbrake,601,0.11205101013183594,112.05101013183594
spoofing_handbrake,601,0.11195683479309082,111.95683479309082
spoofing_handbrake,601,0.11195516586303711,111.95516586303711
spoofing_handbrake,601,0.11199498176574707,111.99498176574707
spoofing_handbrake,601,0.11201691627502441,112.01691627502441
spoofing_handbrake,601,0.11195492744445801,111.95492744445801
spoofing_handbrake,601,0.11303114891052246,113.03114891052246
spoofing_handbrake,601,0.1110079288482666,111.0079288482666
spoofing_handbrake,601,0.11201000213623047,112.01000213623047
spoofing_handbrake,601,0.11199092864990234,111.99092864990234
spoofing_handbrake,601,0.11205911636352539,112.05911636352539
spoofing_handbrake,601,0.11191296577453613,111.91296577453613
spoofing_handbrake,601,0.11198997497558594,111.98997497558594
spoofing_handbrake,601,0.11201095581054688,112.01095581054688
spoofing_handbrake,601,0.11199712753295898,111.99712753295898
spoofing_handbrake,601,0.1130068302154541,113.0068302154541
spoofing_handbrake,601,0.1110069751739502,111.0069751739502
spoofing_handbrake,601,0.11199307441711426,111.99307441711426
spoofing_handbrake,601,0.1120309829711914,112.0309829711914
spoofing_handbrake,601,0.11198210716247559,111.98210716247559
spoofing_handbrake,601,0.11196684837341309,111.96684837341309
spoofing_handbrake,601,0.11202216148376465,112.02216148376465
spoofing_handbrake,601,0.11200690269470215,112.00690269470215
spoofing_handbrake,601,0.1120600700378418,112.0600700378418
spoofing_handbrake,601,0.11293292045593262,112.93292045593262
spoofing_handbrake,601,0.11101198196411133,111.01198196411133
spoofing_handbrake,601,0.11195802688598633,111.95802688598633
spoofing_handbrake,601,0.11201095581054688,112.01095581054688
spoofing_handbrake,601,0.11201000213623047,112.01000213623047
spoofing_handbrake,601,0.11206817626953125,112.06817626953125
spoofing_handbrake,601,0.11193990707397461,111.93990707397461
spoofing_handbrake,601,0.11197400093078613,111.97400093078613
spoofing_handbrake,601,0.11304497718811035,113.04497718811035
spoofing_handbrake,601,0.1119530200958252,111.9530200958252
spoofing_handbrake,601,0.11099410057067871,110.99410057067871
spoofing_handbrake,601,0.11201286315917969,112.01286315917969
spoofing_handbrake,601,0.11198806762695312,111.98806762695312
spoofing_handbrake,601,0.11199593544006348,111.99593544006348
spoofing_handbrake,601,0.11201810836791992,112.01810836791992
spoofing_handbrake,601,0.11197781562805176,111.97781562805176
spoofing_handbrake,601,0.11201000213623047,112.01000213623047
spoofing_handbrake,601,0.11302614212036133,113.02614212036133
spoofing_handbrake,601,0.11197495460510254,111.97495460510254
spoofing_handbrake,601,0.11101102828979492,111.01102828979492
spoofing_handbrake,601,0.11197710037231445,111.97710037231445
spoofing_handbrake,601,0.11202096939086914,112.02096939086914
spoofing_handbrake,601,0.11198782920837402,111.98782920837402
spoofing_handbrake,601,0.11201906204223633,112.01906204223633
spoofing_handbrake,601,0.11201906204223633,112.01906204223633
spoofing_handbrake,601,0.11193394660949707,111.93394660949707
spoofing_handbrake,601,0.1130521297454834,113.0521297454834
spoofing_handbrake,601,0.11202287673950195,112.02287673950195
spoofing_handbrake,601,0.1109459400177002,110.9459400177002
spoofing_handbrake,601,0.1119849681854248,111.9849681854248
spoofing_handbrake,601,0.11203217506408691,112.03217506408691
spoofing_handbrake,601,0.11196589469909668,111.96589469909668
spoofing_handbrake,601,0.11199593544006348,111.99593544006348
spoofing_handbrake,601,0.11201310157775879,112.01310157775879
spoofing_handbrake,601,0.11202692985534668,112.02692985534668
spoofing_handbrake,601,0.11295008659362793,112.95008659362793
spoofing_handbrake,601,0.11204290390014648,112.04290390014648
spoofing_handbrake,601,0.11108112335205078,111.08112335205078
spoofing_handbrake,601,0.11186099052429199,111.86099052429199
spoofing_handbrake,601,0.11203598976135254,112.03598976135254
spoofing_handbrake,601,0.11201786994934082,112.01786994934082
spoofing_handbrake,601,0.1119542121887207,111.9542121887207
spoofing_handbrake,601,0.1120460033416748,112.0460033416748
spoofing_handbrake,601,0.11197185516357422,111.97185516357422
spoofing_handbrake,601,0.11301708221435547,113.01708221435547
spoofing_handbrake,601,0.1119530200958252,111.9530200958252
spoofing_handbrake,601,0.11100602149963379,111.00602149963379
spoofing_handbrake,601,0.11199092864990234,111.99092864990234
spoofing_handbrake,601,0.11200690269470215,112.00690269470215
spoofing_handbrake,601,0.11204099655151367,112.04099655151367
spoofing_handbrake,601,0.11197304725646973,111.97304725646973
spoofing_handbrake,601,0.11196708679199219,111.96708679199219
spoofing_handbrake,601,0.11205697059631348,112.05697059631348
spoofing_handbrake,601,0.11294293403625488,112.94293403625488
spoofing_handbrake,601,0.11200308799743652,112.00308799743652
spoofing_handbrake,601,0.11107802391052246,111.07802391052246
spoofing_handbrake,601,0.11197996139526367,111.97996139526367
spoofing_handbrake,601,0.11195707321166992,111.95707321166992
spoofing_handbrake,601,0.1120297908782959,112.0297908782959
spoofing_handbrake,601,0.11197113990783691,111.97113990783691
spoofing_handbrake,601,0.11207103729248047,112.07103729248047
spoofing_handbrake,601,0.11194300651550293,111.94300651550293
spoofing_handbrake,601,0.11296391487121582,112.96391487121582
spoofing_handbrake,601,0.11200189590454102,112.00189590454102
spoofing_handbrake,601,0.11102604866027832,111.02604866027832
spoofing_handbrake,601,0.11197805404663086,111.97805404663086
spoofing_handbrake,601,0.112091064453125,112.091064453125
spoofing_handbrake,601,0.1119239330291748,111.9239330291748
spoofing_handbrake,601,0.11199307441711426,111.99307441711426
spoofing_handbrake,601,0.11198782920837402,111.98782920837402
spoofing_handbrake,601,0.11201715469360352,112.01715469360352
spoofing_handbrake,601,0.11299705505371094,112.99705505371094
spoofing_handbrake,601,0.11199784278869629,111.99784278869629
spoofing_handbrake,601,0.11098313331604004,110.98313331604004
spoofing_handbrake,601,0.11205196380615234,112.05196380615234
spoofing_handbrake,601,0.11194396018981934,111.94396018981934
spoofing_handbrake,601,0.11203503608703613,112.03503608703613
spoofing_handbrake,601,0.11195802688598633,111.95802688598633
spoofing_handbrake,601,0.11202502250671387,112.02502250671387
spoofing_handbrake,601,0.11203193664550781,112.03193664550781
spoofing_handbrake,601,0.11293387413024902,112.93387413024902
spoofing_handbrake,601,0.11203598976135254,112.03598976135254
spoofing_handbrake,601,0.11100316047668457,111.00316047668457
spoofing_handbrake,601,0.11198902130126953,111.98902130126953
spoofing_handbrake,601,0.11198186874389648,111.98186874389648
spoofing_handbrake,601,0.112030029296875,112.030029296875
spoofing_handbrake,601,0.11196613311767578,111.96613311767578
spoofing_handbrake,601,0.11200284957885742,112.00284957885742
spoofing_handbrake,601,0.1119990348815918,111.9990348815918
spoofing_handbrake,601,0.1129920482635498,112.9920482635498
spoofing_handbrake,601,0.11201000213623047,112.01000213623047
spoofing_handbrake,601,0.11100006103515625,111.00006103515625
spoofing_handbrake,601,0.11223483085632324,112.23483085632324
spoofing_handbrake,601,0.11176109313964844,111.76109313964844
spoofing_handbrake,601,0.11200594902038574,112.00594902038574
spoofing_handbrake,601,0.11198592185974121,111.98592185974121
spoofing_handbrake,601,0.1120610237121582,112.0610237121582
spoofing_handbrake,601,0.11194801330566406,111.94801330566406
spoofing_handbrake,601,0.11298108100891113,112.98108100891113
spoofing_handbrake,601,0.11200094223022461,112.00094223022461
spoofing_handbrake,602,0.11199498176574707,111.99498176574707
spoofing_handbrake,602,0.11198711395263672,111.98711395263672
spoofing_handbrake,602,0.11201596260070801,112.01596260070801
spoofing_handbrake,602,0.11198091506958008,111.98091506958008
spoofing_handbrake,602,0.11201691627502441,112.01691627502441
spoofing_handbrake,602,0.11201214790344238,112.01214790344238
spoofing_handbrake,602,0.11295604705810547,112.95604705810547
spoofing_handbrake,602,0.11201190948486328,112.01190948486328
spoofing_handbrake,602,0.11102008819580078,111.02008819580078
spoofing_handbrake,602,0.11201691627502441,112.01691627502441
spoofing_handbrake,602,0.11196208000183105,111.96208000183105
spoofing_handbrake,602,0.11205601692199707,112.05601692199707
spoofing_handbrake,602,0.11193299293518066,111.93299293518066
spoofing_handbrake,602,0.11201000213623047,112.01000213623047
spoofing_handbrake,602,0.11198878288269043,111.98878288269043
spoofing_handbrake,602,0.1130061149597168,113.0061149597168
spoofing_handbrake,602,0.11198592185974121,111.98592185974121
spoofing_handbrake,602,0.11100101470947266,111.00101470947266
spoofing_handbrake,602,0.1120610237121582,112.0610237121582
spoofing_handbrake,602,0.11198210716247559,111.98210716247559
spoofing_handbrake,602,0.11196184158325195,111.96184158325195
spoofing_handbrake,602,0.11202120780944824,112.02120780944824
spoofing_handbrake,602,0.11200380325317383,112.00380325317383
spoofing_handbrake,602,0.11197900772094727,111.97900772094727
spoofing_handbrake,602,0.11298918724060059,112.98918724060059
spoofing_handbrake,602,0.11199593544006348,111.99593544006348
spoofing_handbrake,602,0.11102986335754395,111.02986335754395
spoofing_handbrake,602,0.11197614669799805,111.97614669799805
spoofing_handbrake,602,0.1120309829711914,112.0309829711914
spoofing_handbrake,602,0.11195206642150879,111.95206642150879
spoofing_handbrake,602,0.11200499534606934,112.00499534606934
spoofing_handbrake,602,0.11203479766845703,112.03479766845703
spoofing_handbrake,602,0.1119530200958252,111.9530200958252
spoofing_handbrake,602,0.11305618286132812,113.05618286132812
spoofing_handbrake,602,0.11193680763244629,111.93680763244629
spoofing_handbrake,602,0.11101317405700684,111.01317405700684
spoofing_handbrake,602,0.11201190948486328,112.01190948486328
spoofing_handbrake,602,0.11202692985534668,112.02692985534668
spoofing_handbrake,602,0.11197710037231445,111.97710037231445
spoofing_handbrake,602,0.11198091506958008,111.98091506958008
spoofing_handbrake,602,0.11200404167175293,112.00404167175293
spoofing_handbrake,602,0.11207199096679688,112.07199096679688
spoofing_handbrake,602,0.11293601989746094,112.93601989746094
spoofing_handbrake,602,0.11099004745483398,110.99004745483398
spoofing_handbrake,602,0.11204695701599121,112.04695701599121
spoofing_handbrake,602,0.1119530200958252,111.9530200958252
spoofing_handbrake,602,0.11201906204223633,112.01906204223633
spoofing_handbrake,602,0.11203598976135254,112.03598976135254
spoofing_handbrake,602,0.11196684837341309,111.96684837341309
spoofing_handbrake,602,0.11197710037231445,111.97710037231445
spoofing_handbrake,602,0.11200404167175293,112.00404167175293
spoofing_handbrake,602,0.1130208969116211,113.0208969116211
spoofing_handbrake,602,0.11099410057067871,110.99410057067871
spoofing_handbrake,602,0.11198997497558594,111.98997497558594
spoofing_handbrake,602,0.11199402809143066,111.99402809143066
spoofing_handbrake,602,0.11199092864990234,111.99092864990234
spoofing_handbrake,602,0.1119990348815918,111.9990348815918
spoofing_handbrake,602,0.11200594902038574,112.00594902038574
spoofing_handbrake,602,0.11201095581054688,112.01095581054688
spoofing_handbrake,602,0.11200904846191406,112.00904846191406
spoofing_handbrake,602,0.11295700073242188,112.95700073242188
spoofing_handbrake,602,0.11100912094116211,111.00912094116211
spoofing_handbrake,602,0.11204695701599121,112.04695701599121
spoofing_handbrake,602,0.11198687553405762,111.98687553405762
spoofing_handbrake,602,0.1119680404663086,111.9680404663086
spoofing_handbrake,602,0.11200594902038574,112.00594902038574
spoofing_handbrake,602,0.11198711395263672,111.98711395263672
spoofing_handbrake,602,0.11200690269470215,112.00690269470215
spoofing_handbrake,602,0.11298203468322754,112.98203468322754
spoofing_handbrake,602,0.11204314231872559,112.04314231872559
spoofing_handbrake,602,0.11097979545593262,110.97979545593262
spoofing_handbrake,602,0.11200904846191406,112.00904846191406
spoofing_handbrake,602,0.11196398735046387,111.96398735046387
spoofing_handbrake,602,0.11198616027832031,111.98616027832031
spoofing_handbrake,602,0.11206197738647461,112.06197738647461
spoofing_handbrake,602,0.11196589469909668,111.96589469909668
spoofing_handbrake,602,0.11200094223022461,112.00094223022461
spoofing_handbrake,602,0.11298799514770508,112.98799514770508
spoofing_handbrake,602,0.1120150089263916,112.0150089263916
spoofing_handbrake,602,0.11101603507995605,111.01603507995605
spoofing_handbrake,602,0.11198711395263672,111.98711395263672
spoofing_handbrake,602,0.11201095581054688,112.01095581054688
spoofing_handbrake,602,0.11195206642150879,111.95206642150879
spoofing_handbrake,602,0.11200499534606934,112.00499534606934
spoofing_handbrake,602,0.11202096939086914,112.02096939086914
spoofing_handbrake,602,0.11197400093078613,111.97400093078613
spoofing_handbrake,602,0.11300182342529297,113.00182342529297
spoofing_handbrake,602,0.11200499534606934,112.00499534606934
spoofing_handbrake,602,0.11105704307556152,111.05704307556152
spoofing_handbrake,602,0.11197113990783691,111.97113990783691
spoofing_handbrake,602,0.11196303367614746,111.96303367614746
spoofing_handbrake,602,0.11201286315917969,112.01286315917969
spoofing_handbrake,602,0.11199212074279785,111.99212074279785
spoofing_handbrake,602,0.1120309829711914,112.0309829711914
spoofing_handbrake,602,0.11199188232421875,111.99188232421875
spoofing_handbrake,602,0.11300015449523926,113.00015449523926
spoofing_handbrake,602,0.11200594902038574,112.00594902038574
spoofing_handbrake,602,0.1109459400177002,110.9459400177002
spoofing_handbrake,602,0.11202502250671387,112.02502250671387
spoofing_handbrake,602,0.11200690269470215,112.00690269470215
spoofing_handbrake,602,0.11202812194824219,112.02812194824219
spoofing_handbrake,602,0.1120140552520752,112.0140552520752
spoofing_handbrake,602,0.1119539737701416,111.9539737701416
spoofing_handbrake,602,0.11200189590454102,112.00189590454102
spoofing_handbrake,602,0.11301493644714355,113.01493644714355
spoofing_handbrake,602,0.11195111274719238,111.95111274719238
spoofing_handbrake,602,0.11101293563842773,111.01293563842773
spoofing_handbrake,602,0.11202311515808105,112.02311515808105
spoofing_handbrake,602,0.1119539737701416,111.9539737701416
spoofing_handbrake,602,0.1119990348815918,111.9990348815918
spoofing_handbrake,602,0.11200499534606934,112.00499534606934
spoofing_handbrake,602,0.11208891868591309,112.08891868591309
spoofing_handbrake,602,0.11196708679199219,111.96708679199219
spoofing_handbrake,602,0.11295390129089355,112.95390129089355
spoofing_handbrake,602,0.11200499534606934,112.00499534606934
spoofing_handbrake,602,0.11102294921875,111.02294921875
spoofing_handbrake,602,0.11199116706848145,111.99116706848145
spoofing_handbrake,602,0.111968994140625,111.968994140625
spoofing_handbrake,602,0.11202692985534668,112.02692985534668
spoofing_handbrake,602,0.1120290756225586,112.0290756225586
spoofing_handbrake,602,0.11194491386413574,111.94491386413574
spoofing_handbrake,602,0.11202788352966309,112.02788352966309
spoofing_handbrake,602,0.11301207542419434,113.01207542419434
spoofing_handbrake,602,0.11195707321166992,111.95707321166992
spoofing_handbrake,602,0.1110069751739502,111.0069751739502
spoofing_handbrake,602,0.1119990348815918,111.9990348815918
spoofing_handbrake,602,0.11202692985534668,112.02692985534668
spoofing_handbrake,602,0.11194801330566406,111.94801330566406
spoofing_handbrake,602,0.11205601692199707,112.05601692199707
spoofing_handbrake,602,0.11198592185974121,111.98592185974121
spoofing_handbrake,602,0.11202812194824219,112.02812194824219
spoofing_handbrake,602,0.1129770278930664,112.9770278930664
spoofing_handbrake,602,0.1119680404663086,111.9680404663086
spoofing_handbrake,602,0.1110689640045166,111.0689640045166
spoofing_handbrake,602,0.11195993423461914,111.95993423461914
spoofing_handbrake,602,0.1119999885559082,111.9999885559082
spoofing_handbrake,602,0.11197805404663086,111.97805404663086
spoofing_handbrake,602,0.11196184158325195,111.96184158325195
spoofing_handbrake,602,0.11233305931091309,112.33305931091309
spoofing_handbrake,602,0.11168599128723145,111.68599128723145
spoofing_handbrake,602,0.11298394203186035,112.98394203186035
spoofing_handbrake,602,0.11200618743896484,112.00618743896484
spoofing_handbrake,602,0.1110069751739502,111.0069751739502
spoofing_handbrake,602,0.11200094223022461,112.00094223022461
spoofing_handbrake,602,0.11198902130126953,111.98902130126953
spoofing_handbrake,602,0.11200308799743652,112.00308799743652
spoofing_handbrake,602,0.11199378967285156,111.99378967285156
spoofing_handbrake,602,0.11202311515808105,112.02311515808105
spoofing_handbrake,602,0.1119840145111084,111.9840145111084
spoofing_handbrake,602,0.11301493644714355,113.01493644714355
spoofing_handbrake,602,0.11197400093078613,111.97400093078613
spoofing_handbrake,602,0.11099505424499512,110.99505424499512
spoofing_handbrake,602,0.1119999885559082,111.9999885559082
spoofing_handbrake,602,0.11207890510559082,112.07890510559082
spoofing_handbrake,602,0.11196017265319824,111.96017265319824
spoofing_handbrake,602,0.11197495460510254,111.97495460510254
spoofing_handbrake,602,0.11198806762695312,111.98806762695312
spoofing_handbrake,602,0.11199593544006348,111.99593544006348
spoofing_handbrake,602,0.11306285858154297,113.06285858154297
spoofing_handbrake,602,0.1119391918182373,111.9391918182373
spoofing_handbrake,602,0.11134099960327148,111.34099960327148
spoofing_handbrake,602,0.11166596412658691,111.66596412658691
spoofing_handbrake,602,0.11199784278869629,111.99784278869629
spoofing_handbrake,602,0.11200213432312012,112.00213432312012
spoofing_handbrake,602,0.1119840145111084,111.9840145111084
spoofing_handbrake,602,0.11202788352966309,112.02788352966309
spoofing_handbrake,602,0.11198306083679199,111.98306083679199
spoofing_handbrake,602,0.11300110816955566,113.00110816955566
spoofing_handbrake,602,0.11102700233459473,111.02700233459473
spoofing_handbrake,602,0.11197090148925781,111.97090148925781
spoofing_handbrake,602,0.11203694343566895,112.03694343566895
spoofing_handbrake,602,0.11194610595703125,111.94610595703125
spoofing_handbrake,602,0.11199092864990234,111.99092864990234
spoofing_handbrake,602,0.11203193664550781,112.03193664550781
spoofing_handbrake,602,0.11198115348815918,111.98115348815918
spoofing_handbrake,602,0.11202692985534668,112.02692985534668
spoofing_handbrake,602,0.11298298835754395,112.98298835754395
spoofing_handbrake,602,0.11098194122314453,110.98194122314453
spoofing_handbrake,602,0.11202216148376465,112.02216148376465
spoofing_handbrake,602,0.11202692985534668,112.02692985534668
spoofing_handbrake,602,0.11195492744445801,111.95492744445801
spoofing_handbrake,602,0.11202812194824219,112.02812194824219
spoofing_handbrake,602,0.11197686195373535,111.97686195373535
spoofing_handbrake,602,0.11200308799743652,112.00308799743652
spoofing_handbrake,602,0.112030029296875,112.030029296875
spoofing_handbrake,602,0.11296796798706055,112.96796798706055
spoofing_handbrake,602,0.11097598075866699,110.97598075866699
spoofing_handbrake,602,0.11202597618103027,112.02597618103027
spoofing_handbrake,602,0.11197209358215332,111.97209358215332
spoofing_handbrake,602,0.11201190948486328,112.01190948486328
spoofing_handbrake,602,0.11198210716247559,111.98210716247559
spoofing_handbrake,602,0.11201786994934082,112.01786994934082
spoofing_handbrake,602,0.11206507682800293,112.06507682800293
spoofing_handbrake,602,0.11297106742858887,112.97106742858887
spoofing_handbrake,602,0.11195778846740723,111.95778846740723
spoofing_handbrake,602,0.1109931468963623,110.9931468963623
spoofing_handbrake,602,0.11201190948486328,112.01190948486328
spoofing_handbrake,602,0.11201310157775879,112.01310157775879
spoofing_handbrake,602,0.11202096939086914,112.02096939086914
spoofing_handbrake,602,0.11195802688598633,111.95802688598633
spoofing_handbrake,602,0.11205101013183594,112.05101013183594
spoofing_handbrake,602,0.11195087432861328,111.95087432861328
spoofing_handbrake,602,0.11304402351379395,113.04402351379395
spoofing_handbrake,602,0.11194014549255371,111.94014549255371
spoofing_handbrake,602,0.1110539436340332,111.0539436340332
spoofing_handbrake,602,0.11197090148925781,111.97090148925781
spoofing_handbrake,602,0.11196208000183105,111.96208000183105
spoofing_handbrake,602,0.11201286315917969,112.01286315917969
spoofing_handbrake,602,0.11201310157775879,112.01310157775879
spoofing_handbrake,602,0.1119849681854248,111.9849681854248
spoofing_handbrake,602,0.11197710037231445,111.97710037231445
spoofing_handbrake,602,0.11307191848754883,113.07191848754883
spoofing_handbrake,602,0.11199712753295898,111.99712753295898
spoofing_handbrake,602,0.11094284057617188,110.94284057617188
spoofing_handbrake,602,0.1119680404663086,111.9680404663086
spoofing_handbrake,602,0.11207890510559082,112.07890510559082
spoofing_handbrake,602,0.11195015907287598,111.95015907287598
spoofing_handbrake,602,0.11199784278869629,111.99784278869629
spoofing_handbrake,602,0.11201310157775879,112.01310157775879
spoofing_handbrake,602,0.11203312873840332,112.03312873840332
spoofing_handbrake,602,0.11298298835754395,112.98298835754395
spoofing_handbrake,602,0.11197900772094727,111.97900772094727
spoofing_handbrake,602,0.11097097396850586,110.97097396850586
spoofing_handbrake,602,0.11203694343566895,112.03694343566895
spoofing_handbrake,602,0.11199402809143066,111.99402809143066
spoofing_handbrake,602,0.11200094223022461,112.00094223022461
spoofing_handbrake,602,0.11205101013183594,112.05101013183594
spoofing_handbrake,602,0.11192607879638672,111.92607879638672
spoofing_handbrake,602,0.11202096939086914,112.02096939086914
spoofing_handbrake,602,0.11297488212585449,112.97488212585449
spoofing_handbrake,602,0.11199402809143066,111.99402809143066
spoofing_handbrake,602,0.11105799674987793,111.05799674987793
spoofing_handbrake,602,0.11198210716247559,111.98210716247559
spoofing_handbrake,602,0.11195802688598633,111.95802688598633
spoofing_handbrake,602,0.11202096939086914,112.02096939086914
spoofing_handbrake,602,0.11198282241821289,111.98282241821289
spoofing_handbrake,602,0.11199522018432617,111.99522018432617
spoofing_handbrake,602,0.11199092864990234,111.99092864990234
spoofing_handbrake,602,0.11299896240234375,112.99896240234375
spoofing_handbrake,602,0.11202096939086914,112.02096939086914
spoofing_handbrake,602,0.11102700233459473,111.02700233459473
spoofing_handbrake,602,0.1119539737701416,111.9539737701416
spoofing_handbrake,602,0.11204409599304199,112.04409599304199
spoofing_handbrake,602,0.11199688911437988,111.99688911437988
spoofing_handbrake,602,0.111968994140625,111.968994140625
spoofing_handbrake,602,0.11199116706848145,111.99116706848145
spoofing_handbrake,602,0.1120460033416748,112.0460033416748
spoofing_handbrake,602,0.11297893524169922,112.97893524169922
spoofing_handbrake,602,0.11200594902038574,112.00594902038574
spoofing_handbrake,602,0.11097502708435059,110.97502708435059
spoofing_handbrake,602,0.11202192306518555,112.02192306518555
spoofing_handbrake,602,0.11205196380615234,112.05196380615234
spoofing_handbrake,602,0.11195611953735352,111.95611953735352
spoofing_handbrake,602,0.11196088790893555,111.96088790893555
spoofing_handbrake,602,0.11204004287719727,112.04004287719727
spoofing_handbrake,602,0.11196112632751465,111.96112632751465
spoofing_handbrake,602,0.1130378246307373,113.0378246307373
spoofing_handbrake,602,0.11194205284118652,111.94205284118652
spoofing_handbrake,602,0.11109399795532227,111.09399795532227
spoofing_handbrake,602,0.11194014549255371,111.94014549255371
spoofing_handbrake,602,0.111968994140625,111.968994140625
spoofing_handbrake,602,0.11201190948486328,112.01190948486328
spoofing_handbrake,602,0.11207795143127441,112.07795143127441
spoofing_handbrake,602,0.11193609237670898,111.93609237670898
spoofing_handbrake,602,0.11197590827941895,111.97590827941895
spoofing_handbrake,602,0.11301016807556152,113.01016807556152
spoofing_handbrake,602,0.11207795143127441,112.07795143127441
spoofing_handbrake,602,0.11091399192810059,110.91399192810059
spoofing_handbrake,602,0.11209583282470703,112.09583282470703
spoofing_handbrake,602,0.11193299293518066,111.93299293518066
spoofing_handbrake,602,0.11195206642150879,111.95206642150879
spoofing_handbrake,602,0.11205410957336426,112.05410957336426
spoofing_handbrake,602,0.11195898056030273,111.95898056030273
spoofing_handbrake,602,0.11200404167175293,112.00404167175293
spoofing_handbrake,602,0.11298298835754395,112.98298835754395
spoofing_handbrake,602,0.11199784278869629,111.99784278869629
spoofing_handbrake,602,0.11101913452148438,111.01913452148438
spoofing_handbrake,602,0.11196684837341309,111.96684837341309
spoofing_handbrake,602,0.11204218864440918,112.04218864440918
spoofing_handbrake,602,0.11196088790893555,111.96088790893555
spoofing_handbrake,602,0.11205911636352539,112.05911636352539
spoofing_handbrake,602,0.11191987991333008,111.91987991333008
spoofing_handbrake,602,0.1120309829711914,112.0309829711914
spoofing_handbrake,602,0.1129920482635498,112.9920482635498
spoofing_handbrake,602,0.11199402809143066,111.99402809143066
spoofing_handbrake,602,0.11096405982971191,110.96405982971191
spoofing_handbrake,602,0.11202597618103027,112.02597618103027
spoofing_handbrake,602,0.11198091506958008,111.98091506958008
spoofing_handbrake,602,0.11201691627502441,112.01691627502441
spoofing_handbrake,602,0.11198902130126953,111.98902130126953
spoofing_handbrake,602,0.11201810836791992,112.01810836791992
spoofing_handbrake,602,0.11198997497558594,111.98997497558594
spoofing_handbrake,602,0.11306309700012207,113.06309700012207
spoofing_handbrake,602,0.11096882820129395,110.96882820129395
spoofing_handbrake,602,0.11203908920288086,112.03908920288086
spoofing_handbrake,602,0.11193394660949707,111.93394660949707
spoofing_handbrake,602,0.11207103729248047,112.07103729248047
spoofing_handbrake,602,0.11194109916687012,111.94109916687012
spoofing_handbrake,602,0.11196589469909668,111.96589469909668
spoofing_handbrake,602,0.11200404167175293,112.00404167175293
spoofing_handbrake,602,0.11199498176574707,111.99498176574707
spoofing_handbrake,602,0.11307406425476074,113.07406425476074
spoofing_handbrake,602,0.1109778881072998,110.9778881072998
spoofing_handbrake,602,0.11194491386413574,111.94491386413574
spoofing_handbrake,602,0.11201620101928711,112.01620101928711
spoofing_handbrake,602,0.11198687553405762,111.98687553405762
spoofing_handbrake,602,0.11205196380615234,112.05196380615234
spoofing_handbrake,602,0.11202502250671387,112.02502250671387
spoofing_handbrake,602,0.11192798614501953,111.92798614501953
spoofing_handbrake,602,0.11200118064880371,112.00118064880371
spoofing_handbrake,602,0.11307597160339355,113.07597160339355
spoofing_handbrake,602,0.11097884178161621,110.97884178161621
spoofing_handbrake,602,0.11192703247070312,111.92703247070312
spoofing_handbrake,602,0.1120140552520752,112.0140552520752
spoofing_handbrake,602,0.11199307441711426,111.99307441711426
spoofing_handbrake,602,0.11199283599853516,111.99283599853516
spoofing_handbrake,602,0.11200118064880371,112.00118064880371
spoofing_handbrake,602,0.1120150089263916,112.0150089263916
spoofing_handbrake,602,0.11301779747009277,113.01779747009277
spoofing_handbrake,602,0.11198115348815918,111.98115348815918
spoofing_handbrake,602,0.11096000671386719,110.96000671386719
spoofing_handbrake,602,0.11206197738647461,112.06197738647461
spoofing_handbrake,602,0.11195492744445801,111.95492744445801
spoofing_handbrake,602,0.11199712753295898,111.99712753295898
spoofing_handbrake,602,0.11199378967285156,111.99378967285156
spoofing_handbrake,602,0.11199522018432617,111.99522018432617
spoofing_handbrake,602,0.11199283599853516,111.99283599853516
spoofing_handbrake,602,0.11304998397827148,113.04998397827148
spoofing_handbrake,602,0.11202216148376465,112.02216148376465
spoofing_handbrake,602,0.11102485656738281,111.02485656738281
spoofing_handbrake,602,0.11192107200622559,111.92107200622559
spoofing_handbrake,602,0.11203408241271973,112.03408241271973
spoofing_handbrake,602,0.1119837760925293,111.9837760925293
spoofing_handbrake,602,0.11195611953735352,111.95611953735352
spoofing_handbrake,602,0.11206293106079102,112.06293106079102
spoofing_handbrake,602,0.1119840145111084,111.9840145111084
spoofing_handbrake,602,0.11298203468322754,112.98203468322754
spoofing_handbrake,602,0.11197996139526367,111.97996139526367
spoofing_handbrake,602,0.11100506782531738,111.00506782531738
spoofing_handbrake,602,0.11202788352966309,112.02788352966309
spoofing_handbrake,602,0.11200618743896484,112.00618743896484
spoofing_handbrake,602,0.11215996742248535,112.15996742248535
spoofing_handbrake,602,0.11185193061828613,111.85193061828613
spoofing_handbrake,602,0.11196208000183105,111.96208000183105
spoofing_handbrake,602,0.11209487915039062,112.09487915039062
spoofing_handbrake,602,0.1129770278930664,112.9770278930664
spoofing_handbrake,602,0.11198210716247559,111.98210716247559
spoofing_handbrake,602,0.11096501350402832,110.96501350402832
spoofing_handbrake,602,0.11196398735046387,111.96398735046387
spoofing_handbrake,602,0.11203980445861816,112.03980445861816
spoofing_handbrake,602,0.11200618743896484,112.00618743896484
spoofing_handbrake,602,0.11195182800292969,111.95182800292969
spoofing_handbrake,602,0.11205911636352539,112.05911636352539
spoofing_handbrake,602,0.11199593544006348,111.99593544006348
spoofing_handbrake,602,0.11297202110290527,112.97202110290527
spoofing_handbrake,602,0.11195993423461914,111.95993423461914
spoofing_handbrake,602,0.111083984375,111.083984375
spoofing_handbrake,602,0.11194419860839844,111.94419860839844
spoofing_handbrake,602,0.11198282241821289,111.98282241821289
spoofing_handbrake,602,0.1119840145111084,111.9840145111084
spoofing_handbrake,602,0.11204314231872559,112.04314231872559
spoofing_handbrake,602,0.11197185516357422,111.97185516357422
spoofing_handbrake,602,0.11199402809143066,111.99402809143066
spoofing_handbrake,602,0.1129920482635498,112.9920482635498
spoofing_handbrake,602,0.11208105087280273,112.08105087280273
spoofing_handbrake,602,0.11094498634338379,110.94498634338379
spoofing_handbrake,602,0.11198306083679199,111.98306083679199
spoofing_handbrake,602,0.11199378967285156,111.99378967285156
spoofing_handbrake,602,0.1120150089263916,112.0150089263916
spoofing_handbrake,602,0.11197614669799805,111.97614669799805
spoofing_handbrake,602,0.11199092864990234,111.99092864990234
spoofing_handbrake,602,0.11207413673400879,112.07413673400879
spoofing_handbrake,602,0.11302590370178223,113.02590370178223
spoofing_handbrake,602,0.11191105842590332,111.91105842590332
spoofing_handbrake,602,0.11098885536193848,110.98885536193848
spoofing_handbrake,602,0.11204004287719727,112.04004287719727
spoofing_handbrake,602,0.11232805252075195,112.32805252075195
spoofing_handbrake,602,0.11166000366210938,111.66000366210938
spoofing_handbrake,602,0.11197495460510254,111.97495460510254
spoofing_handbrake,602,0.11203408241271973,112.03408241271973
spoofing_handbrake,602,0.11199283599853516,111.99283599853516
spoofing_handbrake,602,0.1129610538482666,112.9610538482666
spoofing_handbrake,602,0.11198806762695312,111.98806762695312
spoofing_handbrake,602,0.11102700233459473,111.02700233459473
spoofing_handbrake,602,0.11302804946899414,113.02804946899414
spoofing_handbrake,602,0.1119849681854248,111.9849681854248
spoofing_handbrake,602,0.11198902130126953,111.98902130126953
spoofing_handbrake,602,0.11197495460510254,111.97495460510254
spoofing_handbrake,602,0.11201000213623047,112.01000213623047
spoofing_handbrake,602,0.11199498176574707,111.99498176574707
spoofing_handbrake,602,0.11299991607666016,112.99991607666016
spoofing_handbrake,602,0.11199712753295898,111.99712753295898
spoofing_handbrake,602,0.11101698875427246,111.01698875427246
spoofing_handbrake,602,0.11199402809143066,111.99402809143066
spoofing_handbrake,602,0.11201190948486328,112.01190948486328
spoofing_handbrake,602,0.11197805404663086,111.97805404663086
spoofing_handbrake,602,0.112030029296875,112.030029296875
spoofing_handbrake,602,0.11199688911437988,111.99688911437988
spoofing_handbrake,602,0.11198902130126953,111.98902130126953
spoofing_handbrake,602,0.11297893524169922,112.97893524169922
spoofing_handbrake,602,0.11200404167175293,112.00404167175293
spoofing_handbrake,602,0.11100602149963379,111.00602149963379
spoofing_handbrake,602,0.11198210716247559,111.98210716247559
spoofing_handbrake,602,0.11199092864990234,111.99092864990234
spoofing_handbrake,602,0.1119990348815918,111.9990348815918
spoofing_handbrake,602,0.11220598220825195,112.20598220825195
spoofing_handbrake,602,0.11178207397460938,111.78207397460938
spoofing_handbrake,602,0.11202001571655273,112.02001571655273
spoofing_handbrake,602,0.11301183700561523,113.01183700561523
spoofing_handbrake,602,0.11196494102478027,111.96494102478027
spoofing_handbrake,602,0.11101412773132324,111.01412773132324
spoofing_handbrake,602,0.1119999885559082,111.9999885559082
spoofing_handbrake,602,0.11206293106079102,112.06293106079102
spoofing_handbrake,602,0.11197018623352051,111.97018623352051
spoofing_handbrake,602,0.11202883720397949,112.02883720397949
spoofing_handbrake,602,0.11196112632751465,111.96112632751465
spoofing_handbrake,602,0.11199688911437988,111.99688911437988
spoofing_handbrake,602,0.11299705505371094,112.99705505371094
spoofing_handbrake,602,0.11099505424499512,110.99505424499512
spoofing_handbrake,602,0.11199283599853516,111.99283599853516
spoofing_handbrake,602,0.11201214790344238,112.01214790344238
spoofing_handbrake,602,0.11197400093078613,111.97400093078613
spoofing_handbrake,602,0.11201000213623047,112.01000213623047
spoofing_handbrake,602,0.11202192306518555,112.02192306518555
spoofing_handbrake,602,0.11196303367614746,111.96303367614746
spoofing_handbrake,602,0.1119999885559082,111.9999885559082
spoofing_handbrake,602,0.1129920482635498,112.9920482635498
spoofing_handbrake,602,0.1110680103302002,111.0680103302002
spoofing_handbrake,602,0.11197090148925781,111.97090148925781
spoofing_handbrake,602,0.11195898056030273,111.95898056030273
spoofing_handbrake,602,0.11200594902038574,112.00594902038574
spoofing_handbrake,602,0.11203312873840332,112.03312873840332
spoofing_handbrake,602,0.1119990348815918,111.9990348815918
spoofing_handbrake,602,0.11197805404663086,111.97805404663086
spoofing_handbrake,602,0.11199688911437988,111.99688911437988
spoofing_handbrake,602,0.11304402351379395,113.04402351379395
spoofing_handbrake,602,0.1109919548034668,110.9919548034668
spoofing_handbrake,602,0.11220908164978027,112.20908164978027
spoofing_handbrake,602,0.11173391342163086,111.73391342163086
spoofing_handbrake,602,0.1120309829711914,112.0309829711914
spoofing_handbrake,602,0.11199593544006348,111.99593544006348
spoofing_handbrake,602,0.11203217506408691,112.03217506408691
spoofing_handbrake,602,0.1119699478149414,111.9699478149414
spoofing_handbrake,602,0.11301302909851074,113.01302909851074
spoofing_handbrake,602,0.11196184158325195,111.96184158325195
spoofing_handbrake,602,0.11098217964172363,110.98217964172363
spoofing_handbrake,602,0.11202192306518555,112.02192306518555
spoofing_handbrake,602,0.11199307441711426,111.99307441711426
spoofing_handbrake,602,0.1119999885559082,111.9999885559082
spoofing_handbrake,602,0.11199593544006348,111.99593544006348
spoofing_handbrake,602,0.11199688911437988,111.99688911437988
spoofing_handbrake,602,0.11203503608703613,112.03503608703613
spoofing_handbrake,602,0.11297607421875,112.97607421875
spoofing_handbrake,602,0.11200094223022461,112.00094223022461
spoofing_handbrake,602,0.11100316047668457,111.00316047668457
spoofing_handbrake,602,0.11197400093078613,111.97400093078613
spoofing_handbrake,602,0.11205482482910156,112.05482482910156
spoofing_handbrake,602,0.11193704605102539,111.93704605102539
spoofing_handbrake,602,0.11199402809143066,111.99402809143066
spoofing_handbrake,602,0.11208701133728027,112.08701133728027
spoofing_handbrake,602,0.11191391944885254,111.91391944885254
spoofing_handbrake,602,0.1130521297454834,113.0521297454834
spoofing_handbrake,602,0.11197185516357422,111.97185516357422
spoofing_handbrake,602,0.11115598678588867,111.15598678588867
spoofing_handbrake,602,0.11183619499206543,111.83619499206543
spoofing_handbrake,602,0.1120150089263916,112.0150089263916
spoofing_handbrake,602,0.11197900772094727,111.97900772094727
spoofing_handbrake,602,0.11199498176574707,111.99498176574707
spoofing_handbrake,602,0.11198282241821289,111.98282241821289
spoofing_handbrake,602,0.11203813552856445,112.03813552856445
spoofing_handbrake,602,0.1130368709564209,113.0368709564209
spoofing_handbrake,602,0.11196708679199219,111.96708679199219
spoofing_handbrake,602,0.11098003387451172,110.98003387451172
spoofing_handbrake,602,0.11200499534606934,112.00499534606934
spoofing_handbrake,602,0.11199307441711426,111.99307441711426
spoofing_handbrake,602,0.11199593544006348,111.99593544006348
spoofing_handbrake,602,0.11201786994934082,112.01786994934082
spoofing_handbrake,602,0.11196708679199219,111.96708679199219
spoofing_handbrake,602,0.11200594902038574,112.00594902038574
spoofing_handbrake,602,0.11302495002746582,113.02495002746582
spoofing_handbrake,602,0.11197113990783691,111.97113990783691
spoofing_handbrake,602,0.11098885536193848,110.98885536193848
spoofing_handbrake,602,0.11199808120727539,111.99808120727539
spoofing_handbrake,602,0.11204195022583008,112.04195022583008
spoofing_handbrake,602,0.11200213432312012,112.00213432312012
spoofing_handbrake,602,0.11195492744445801,111.95492744445801
spoofing_handbrake,602,0.11201691627502441,112.01691627502441
spoofing_handbrake,602,0.11199307441711426,111.99307441711426
spoofing_handbrake,602,0.1130220890045166,113.0220890045166
spoofing_handbrake,602,0.1119990348815918,111.9990348815918
spoofing_handbrake,602,0.11097097396850586,110.97097396850586
spoofing_handbrake,602,0.11200499534606934,112.00499534606934
spoofing_handbrake,602,0.11205601692199707,112.05601692199707
spoofing_handbrake,602,0.11193585395812988,111.93585395812988
spoofing_handbrake,602,0.1120450496673584,112.0450496673584
spoofing_handbrake,602,0.11195707321166992,111.95707321166992
spoofing_handbrake,602,0.11198997497558594,111.98997497558594
spoofing_handbrake,602,0.11301398277282715,113.01398277282715
spoofing_handbrake,602,0.11197900772094727,111.97900772094727
spoofing_handbrake,602,0.11102890968322754,111.02890968322754
spoofing_handbrake,602,0.11197614669799805,111.97614669799805
spoofing_handbrake,602,0.11203289031982422,112.03289031982422
spoofing_handbrake,602,0.11197209358215332,111.97209358215332
spoofing_handbrake,602,0.112030029296875,112.030029296875
spoofing_handbrake,602,0.11202096939086914,112.02096939086914
spoofing_handbrake,602,0.11194586753845215,111.94586753845215
spoofing_handbrake,602,0.11299395561218262,112.99395561218262
spoofing_handbrake,602,0.11203598976135254,112.03598976135254
spoofing_handbrake,602,0.11099600791931152,110.99600791931152
spoofing_handbrake,602,0.1119840145111084,111.9840145111084
spoofing_handbrake,602,0.112030029296875,112.030029296875
spoofing_handbrake,602,0.11193203926086426,111.93203926086426
spoofing_handbrake,602,0.11203503608703613,112.03503608703613
spoofing_handbrake,602,0.11200690269470215,112.00690269470215
spoofing_handbrake,602,0.11201810836791992,112.01810836791992
spoofing_handbrake,602,0.11299896240234375,112.99896240234375
spoofing_handbrake,602,0.11194992065429688,111.94992065429688
spoofing_handbrake,602,0.11104798316955566,111.04798316955566
spoofing_handbrake,602,0.11198019981384277,111.98019981384277
spoofing_handbrake,602,0.11199402809143066,111.99402809143066
spoofing_handbrake,602,0.1119379997253418,111.9379997253418
spoofing_handbrake,602,0.11202478408813477,112.02478408813477
spoofing_handbrake,602,0.1119990348815918,111.9990348815918
spoofing_handbrake,602,0.11202096939086914,112.02096939086914
spoofing_handbrake,602,0.11296415328979492,112.96415328979492
spoofing_handbrake,602,0.11202883720397949,112.02883720397949
spoofing_handbrake,602,0.11098003387451172,110.98003387451172
spoofing_handbrake,602,0.11201810836791992,112.01810836791992
spoofing_handbrake,602,0.11200404167175293,112.00404167175293
spoofing_handbrake,602,0.11198782920837402,111.98782920837402
spoofing_handbrake,602,0.11202001571655273,112.02001571655273
spoofing_handbrake,602,0.1119990348815918,111.9990348815918
spoofing_handbrake,602,0.11200809478759766,112.00809478759766
spoofing_handbrake,602,0.11298894882202148,112.98894882202148
spoofing_handbrake,602,0.11198210716247559,111.98210716247559
spoofing_handbrake,602,0.11100983619689941,111.00983619689941
spoofing_handbrake,602,0.11200404167175293,112.00404167175293
spoofing_handbrake,602,0.11197900772094727,111.97900772094727
spoofing_handbrake,602,0.11202502250671387,112.02502250671387
spoofing_handbrake,602,0.11197304725646973,111.97304725646973
spoofing_handbrake,602,0.11205291748046875,112.05291748046875
spoofing_handbrake,602,0.11193394660949707,111.93394660949707
spoofing_handbrake,602,0.11303305625915527,113.03305625915527
spoofing_handbrake,602,0.11097311973571777,110.97311973571777
spoofing_handbrake,602,0.11200499534606934,112.00499534606934
spoofing_handbrake,602,0.1120297908782959,112.0297908782959
spoofing_handbrake,602,0.11202001571655273,112.02001571655273
spoofing_handbrake,602,0.11193108558654785,111.93108558654785
spoofing_handbrake,602,0.11208891868591309,112.08891868591309
spoofing_handbrake,602,0.11193108558654785,111.93108558654785
spoofing_handbrake,602,0.11200189590454102,112.00189590454102
spoofing_handbrake,602,0.11301112174987793,113.01112174987793
spoofing_handbrake,602,0.11098694801330566,110.98694801330566
spoofing_handbrake,602,0.11200213432312012,112.00213432312012
spoofing_handbrake,602,0.11197590827941895,111.97590827941895
spoofing_handbrake,602,0.11202788352966309,112.02788352966309
spoofing_handbrake,602,0.1120002269744873,112.0002269744873
spoofing_handbrake,602,0.11199092864990234,111.99092864990234
spoofing_handbrake,602,0.11200284957885742,112.00284957885742
spoofing_handbrake,602,0.11197519302368164,111.97519302368164
spoofing_handbrake,602,0.11299896240234375,112.99896240234375
spoofing_handbrake,602,0.11098694801330566,110.98694801330566
spoofing_handbrake,602,0.11201095581054688,112.01095581054688
spoofing_handbrake,602,0.11203908920288086,112.03908920288086
spoofing_handbrake,602,0.11196589469909668,111.96589469909668
spoofing_handbrake,602,0.1119840145111084,111.9840145111084
spoofing_handbrake,602,0.11200809478759766,112.00809478759766
spoofing_handbrake,602,0.11201286315917969,112.01286315917969
spoofing_handbrake,602,0.11301398277282715,113.01398277282715
spoofing_handbrake,602,0.11196112632751465,111.96112632751465
spoofing_handbrake,602,0.1110539436340332,111.0539436340332
spoofing_handbrake,602,0.11197805404663086,111.97805404663086
spoofing_handbrake,602,0.11198091506958008,111.98091506958008
spoofing_handbrake,602,0.11202216148376465,112.02216148376465
spoofing_handbrake,602,0.11202502250671387,112.02502250671387
spoofing_handbrake,602,0.11202096939086914,112.02096939086914
spoofing_handbrake,602,0.11193490028381348,111.93490028381348
spoofing_handbrake,602,0.11297297477722168,112.97297477722168
spoofing_handbrake,602,0.11201596260070801,112.01596260070801
spoofing_handbrake,602,0.11098718643188477,110.98718643188477
spoofing_handbrake,602,0.11198997497558594,111.98997497558594
spoofing_handbrake,602,0.11201596260070801,112.01596260070801
spoofing_handbrake,602,0.11200785636901855,112.00785636901855
spoofing_handbrake,602,0.11199498176574707,111.99498176574707
spoofing_handbrake,602,0.1119852066040039,111.9852066040039
spoofing_handbrake,602,0.11201596260070801,112.01596260070801
spoofing_handbrake,602,0.11302900314331055,113.02900314331055
spoofing_handbrake,602,0.11196684837341309,111.96684837341309
spoofing_handbrake,602,0.11100101470947266,111.00101470947266
spoofing_handbrake,602,0.11201596260070801,112.01596260070801
spoofing_handbrake,602,0.11198616027832031,111.98616027832031
spoofing_handbrake,602,0.11200094223022461,112.00094223022461
spoofing_handbrake,602,0.11199092864990234,111.99092864990234
spoofing_handbrake,602,0.11203408241271973,112.03408241271973
spoofing_handbrake,602,0.11196708679199219,111.96708679199219
spoofing_handbrake,602,0.11301589012145996,113.01589012145996
spoofing_handbrake,602,0.11198091506958008,111.98091506958008
spoofing_handbrake,602,0.11098504066467285,110.98504066467285
spoofing_handbrake,602,0.11203312873840332,112.03312873840332
spoofing_handbrake,602,0.11197400093078613,111.97400093078613
spoofing_handbrake,602,0.11200904846191406,112.00904846191406
spoofing_handbrake,602,0.11199784278869629,111.99784278869629
spoofing_handbrake,602,0.11197710037231445,111.97710037231445
spoofing_handbrake,602,0.11206984519958496,112.06984519958496
spoofing_handbrake,602,0.11299014091491699,112.99014091491699
spoofing_handbrake,602,0.11194086074829102,111.94086074829102
spoofing_handbrake,602,0.11099600791931152,110.99600791931152
spoofing_handbrake,602,0.11202502250671387,112.02502250671387
spoofing_handbrake,602,0.1119840145111084,111.9840145111084
spoofing_handbrake,602,0.11203908920288086,112.03908920288086
spoofing_handbrake,602,0.11199402809143066,111.99402809143066
spoofing_handbrake,602,0.11196088790893555,111.96088790893555
spoofing_handbrake,602,0.11206316947937012,112.06316947937012
spoofing_handbrake,602,0.1129307746887207,112.9307746887207
spoofing_handbrake,602,0.11202812194824219,112.02812194824219
spoofing_handbrake,602,0.1109778881072998,110.9778881072998
spoofing_handbrake,602,0.11196303367614746,111.96303367614746
spoofing_handbrake,602,0.1120309829711914,112.0309829711914
spoofing_handbrake,602,0.1119849681854248,111.9849681854248
spoofing_handbrake,602,0.11201119422912598,112.01119422912598
spoofing_handbrake,602,0.11197090148925781,111.97090148925781
spoofing_handbrake,602,0.11202096939086914,112.02096939086914
spoofing_handbrake,602,0.1129920482635498,112.9920482635498
spoofing_handbrake,602,0.11200690269470215,112.00690269470215
spoofing_handbrake,602,0.11104011535644531,111.04011535644531
spoofing_handbrake,602,0.11195492744445801,111.95492744445801
spoofing_handbrake,602,0.11288809776306152,112.88809776306152
spoofing_handbrake,602,0.11118006706237793,111.18006706237793
spoofing_handbrake,602,0.1119837760925293,111.9837760925293
spoofing_handbrake,602,0.11198902130126953,111.98902130126953
spoofing_handbrake,602,0.11192107200622559,111.92107200622559
spoofing_handbrake,602,0.11305403709411621,113.05403709411621
spoofing_handbrake,602,0.11198186874389648,111.98186874389648
spoofing_handbrake,602,0.11103606224060059,111.03606224060059
spoofing_handbrake,602,0.11196303367614746,111.96303367614746
spoofing_handbrake,602,0.11198210716247559,111.98210716247559
spoofing_handbrake,602,0.11204981803894043,112.04981803894043
spoofing_handbrake,602,0.11196112632751465,111.96112632751465
spoofing_handbrake,602,0.11204695701599121,112.04695701599121
spoofing_handbrake,602,0.11198210716247559,111.98210716247559
spoofing_handbrake,602,0.11294293403625488,112.94293403625488
spoofing_handbrake,602,0.11204695701599121,112.04695701599121
spoofing_handbrake,602,0.11100912094116211,111.00912094116211
spoofing_handbrake,602,0.11195087432861328,111.95087432861328
spoofing_handbrake,602,0.11202406883239746,112.02406883239746
spoofing_handbrake,602,0.11197304725646973,111.97304725646973
spoofing_handbrake,602,0.1120150089263916,112.0150089263916
spoofing_handbrake,602,0.11199688911437988,111.99688911437988
spoofing_handbrake,602,0.11204910278320312,112.04910278320312
spoofing_handbrake,602,0.1129310131072998,112.9310131072998
spoofing_handbrake,602,0.11198592185974121,111.98592185974121
spoofing_handbrake,602,0.1110529899597168,111.0529899597168
spoofing_handbrake,602,0.11208105087280273,112.08105087280273
spoofing_handbrake,602,0.1118929386138916,111.8929386138916
spoofing_handbrake,602,0.11198687553405762,111.98687553405762
spoofing_handbrake,602,0.1119852066040039,111.9852066040039
spoofing_handbrake,602,0.11203885078430176,112.03885078430176
spoofing_handbrake,602,0.11198806762695312,111.98806762695312
spoofing_handbrake,602,0.11297392845153809,112.97392845153809
spoofing_handbrake,602,0.11202716827392578,112.02716827392578
spoofing_handbrake,602,0.11102986335754395,111.02986335754395
spoofing_handbrake,602,0.11205101013183594,112.05101013183594
spoofing_handbrake,602,0.11195492744445801,111.95492744445801
spoofing_handbrake,602,0.11195611953735352,111.95611953735352
spoofing_handbrake,602,0.11199402809143066,111.99402809143066
spoofing_handbrake,602,0.11201691627502441,112.01691627502441
spoofing_handbrake,602,0.1119539737701416,111.9539737701416
spoofing_handbrake,602,0.11303114891052246,113.03114891052246
spoofing_handbrake,602,0.11100983619689941,111.00983619689941
spoofing_handbrake,602,0.11200904846191406,112.00904846191406
spoofing_handbrake,602,0.11199212074279785,111.99212074279785
spoofing_handbrake,602,0.11206483840942383,112.06483840942383
spoofing_handbrake,602,0.1119070053100586,111.9070053100586
spoofing_handbrake,602,0.11198806762695312,111.98806762695312
spoofing_handbrake,602,0.11201190948486328,112.01190948486328
spoofing_handbrake,602,0.11199808120727539,111.99808120727539
spoofing_handbrake,602,0.11300802230834961,113.00802230834961
spoofing_handbrake,602,0.11100602149963379,111.00602149963379
spoofing_handbrake,602,0.11199283599853516,111.99283599853516
spoofing_handbrake,602,0.11204409599304199,112.04409599304199
spoofing_handbrake,602,0.1119680404663086,111.9680404663086
spoofing_handbrake,602,0.11196708679199219,111.96708679199219
spoofing_handbrake,602,0.11201977729797363,112.01977729797363
spoofing_handbrake,602,0.11200809478759766,112.00809478759766
spoofing_handbrake,602,0.11206507682800293,112.06507682800293
spoofing_handbrake,602,0.11292886734008789,112.92886734008789
spoofing_handbrake,602,0.11101198196411133,111.01198196411133
spoofing_handbrake,602,0.11195802688598633,111.95802688598633
spoofing_handbrake,602,0.11201000213623047,112.01000213623047
spoofing_handbrake,602,0.11201214790344238,112.01214790344238
spoofing_handbrake,602,0.11206698417663574,112.06698417663574
spoofing_handbrake,602,0.11194086074829102,111.94086074829102
spoofing_handbrake,602,0.11197304725646973,111.97304725646973
spoofing_handbrake,602,0.11304497718811035,113.04497718811035
spoofing_handbrake,602,0.11195206642150879,111.95206642150879
spoofing_handbrake,602,0.11099386215209961,110.99386215209961
spoofing_handbrake,602,0.11201620101928711,112.01620101928711
spoofing_handbrake,602,0.1119849681854248,111.9849681854248
spoofing_handbrake,602,0.11199688911437988,111.99688911437988
spoofing_handbrake,602,0.11201715469360352,112.01715469360352
spoofing_handbrake,602,0.11197900772094727,111.97900772094727
spoofing_handbrake,602,0.11201000213623047,112.01000213623047
spoofing_handbrake,602,0.11302995681762695,113.02995681762695
spoofing_handbrake,602,0.11197090148925781,111.97090148925781
spoofing_handbrake,602,0.11101102828979492,111.01102828979492
spoofing_handbrake,602,0.11197710037231445,111.97710037231445
spoofing_handbrake,602,0.11202287673950195,112.02287673950195
spoofing_handbrake,602,0.11198592185974121,111.98592185974121
spoofing_handbrake,602,0.11202001571655273,112.02001571655273
spoofing_handbrake,602,0.11202120780944824,112.02120780944824
spoofing_handbrake,602,0.11193084716796875,111.93084716796875
spoofing_handbrake,602,0.1130530834197998,113.0530834197998
spoofing_handbrake,602,0.11202287673950195,112.02287673950195
spoofing_handbrake,602,0.11094498634338379,110.94498634338379
spoofing_handbrake,602,0.11198711395263672,111.98711395263672
spoofing_handbrake,602,0.11203193664550781,112.03193664550781
spoofing_handbrake,602,0.11196303367614746,111.96303367614746
spoofing_handbrake,602,0.11199808120727539,111.99808120727539
spoofing_handbrake,602,0.11201286315917969,112.01286315917969
spoofing_handbrake,602,0.11202812194824219,112.02812194824219
spoofing_handbrake,602,0.11294889450073242,112.94889450073242
spoofing_handbrake,602,0.11204195022583008,112.04195022583008
spoofing_handbrake,602,0.11108517646789551,111.08517646789551
spoofing_handbrake,602,0.11185598373413086,111.85598373413086
spoofing_handbrake,602,0.11203789710998535,112.03789710998535
spoofing_handbrake,602,0.11201715469360352,112.01715469360352
spoofing_handbrake,602,0.1119527816772461,111.9527816772461
spoofing_handbrake,602,0.11204814910888672,112.04814910888672
spoofing_handbrake,602,0.11197090148925781,111.97090148925781
spoofing_handbrake,602,0.11301708221435547,113.01708221435547
spoofing_handbrake,602,0.1119530200958252,111.9530200958252
spoofing_handbrake,602,0.1110069751739502,111.0069751739502
spoofing_handbrake,602,0.11199092864990234,111.99092864990234
spoofing_handbrake,602,0.11200594902038574,112.00594902038574
spoofing_handbrake,602,0.11204099655151367,112.04099655151367
spoofing_handbrake,602,0.11197304725646973,111.97304725646973
spoofing_handbrake,602,0.11196613311767578,111.96613311767578
spoofing_handbrake,602,0.11205887794494629,112.05887794494629
spoofing_handbrake,602,0.11294198036193848,112.94198036193848
spoofing_handbrake,602,0.11200213432312012,112.00213432312012
spoofing_handbrake,602,0.11107802391052246,111.07802391052246
spoofing_handbrake,602,0.11198282241821289,111.98282241821289
spoofing_handbrake,602,0.11195611953735352,111.95611953735352
spoofing_handbrake,602,0.1120309829711914,112.0309829711914
spoofing_handbrake,602,0.11197090148925781,111.97090148925781
spoofing_handbrake,602,0.11207103729248047,112.07103729248047
spoofing_handbrake,602,0.11194300651550293,111.94300651550293
spoofing_handbrake,602,0.11296200752258301,112.96200752258301
spoofing_handbrake,602,0.11200094223022461,112.00094223022461
spoofing_handbrake,602,0.11102700233459473,111.02700233459473
spoofing_handbrake,602,0.11197900772094727,111.97900772094727
spoofing_handbrake,602,0.1120901107788086,112.0901107788086
spoofing_handbrake,602,0.11192488670349121,111.92488670349121
spoofing_handbrake,602,0.11199307441711426,111.99307441711426
spoofing_handbrake,602,0.11198711395263672,111.98711395263672
spoofing_handbrake,602,0.11201691627502441,112.01691627502441
spoofing_handbrake,602,0.11299705505371094,112.99705505371094
spoofing_handbrake,602,0.1119990348815918,111.9990348815918
spoofing_handbrake,602,0.11098289489746094,110.98289489746094
spoofing_handbrake,602,0.11205387115478516,112.05387115478516
spoofing_handbrake,602,0.11194014549255371,111.94014549255371
spoofing_handbrake,602,0.11203789710998535,112.03789710998535
spoofing_handbrake,602,0.11195611953735352,111.95611953735352
spoofing_handbrake,602,0.11202597618103027,112.02597618103027
spoofing_handbrake,602,0.1120309829711914,112.0309829711914
spoofing_handbrake,602,0.11293292045593262,112.93292045593262
spoofing_handbrake,602,0.11203718185424805,112.03718185424805
spoofing_handbrake,602,0.11100292205810547,111.00292205810547
spoofing_handbrake,602,0.11198997497558594,111.98997497558594
spoofing_handbrake,602,0.11197996139526367,111.97996139526367
spoofing_handbrake,602,0.11203193664550781,112.03193664550781
spoofing_handbrake,602,0.11196517944335938,111.96517944335938
spoofing_handbrake,602,0.11200284957885742,112.00284957885742
spoofing_handbrake,602,0.11199808120727539,111.99808120727539
spoofing_handbrake,602,0.1129920482635498,112.9920482635498
spoofing_handbrake,602,0.11201095581054688,112.01095581054688
spoofing_handbrake,602,0.11100006103515625,111.00006103515625
spoofing_handbrake,602,0.11223697662353516,112.23697662353516
spoofing_handbrake,602,0.11175990104675293,111.75990104675293
spoofing_handbrake,602,0.11200594902038574,112.00594902038574
spoofing_handbrake,602,0.1119852066040039,111.9852066040039
spoofing_handbrake,602,0.11206197738647461,112.06197738647461
spoofing_handbrake,602,0.11194801330566406,111.94801330566406
spoofing_handbrake,602,0.11297988891601562,112.97988891601562
spoofing_handbrake,602,0.11200189590454102,112.00189590454102
spoofing_handbrake,603,0.20801782608032227,208.01782608032227
spoofing_handbrake,603,0.2080531120300293,208.0531120300293
spoofing_handbrake,603,0.20893406867980957,208.93406867980957
spoofing_handbrake,603,0.2069859504699707,206.9859504699707
spoofing_handbrake,603,0.20801186561584473,208.01186561584473
spoofing_handbrake,603,0.20798611640930176,207.98611640930176
spoofing_handbrake,603,0.20801186561584473,208.01186561584473
spoofing_handbrake,603,0.20896220207214355,208.96220207214355
spoofing_handbrake,603,0.20706892013549805,207.06892013549805
spoofing_handbrake,603,0.20797204971313477,207.97204971313477
spoofing_handbrake,603,0.20802688598632812,208.02688598632812
spoofing_handbrake,603,0.20795106887817383,207.95106887817383
spoofing_handbrake,603,0.2090010643005371,209.0010643005371
spoofing_handbrake,603,0.2069840431213379,206.9840431213379
spoofing_handbrake,603,0.20802688598632812,208.02688598632812
spoofing_handbrake,603,0.20802593231201172,208.02593231201172
spoofing_handbrake,603,0.20796799659729004,207.96799659729004
spoofing_handbrake,603,0.2089841365814209,208.9841365814209
spoofing_handbrake,603,0.20699596405029297,206.99596405029297
spoofing_handbrake,603,0.20798993110656738,207.98993110656738
spoofing_handbrake,603,0.20806193351745605,208.06193351745605
spoofing_handbrake,603,0.20794105529785156,207.94105529785156
spoofing_handbrake,603,0.20805096626281738,208.05096626281738
spoofing_handbrake,603,0.20796799659729004,207.96799659729004
spoofing_handbrake,603,0.2080390453338623,208.0390453338623
spoofing_handbrake,603,0.20793414115905762,207.93414115905762
spoofing_handbrake,603,0.20900988578796387,209.00988578796387
spoofing_handbrake,603,0.20699310302734375,206.99310302734375
spoofing_handbrake,603,0.20799493789672852,207.99493789672852
spoofing_handbrake,603,0.2080540657043457,208.0540657043457
spoofing_handbrake,603,0.20794296264648438,207.94296264648438
spoofing_handbrake,603,0.20901989936828613,209.01989936828613
spoofing_handbrake,603,0.20699214935302734,206.99214935302734
spoofing_handbrake,603,0.20798683166503906,207.98683166503906
spoofing_handbrake,603,0.20803499221801758,208.03499221801758
spoofing_handbrake,603,0.20792007446289062,207.92007446289062
spoofing_handbrake,603,0.20912408828735352,209.12408828735352
spoofing_handbrake,603,0.20691680908203125,206.91680908203125
spoofing_handbrake,603,0.2080240249633789,208.0240249633789
spoofing_handbrake,603,0.2079610824584961,207.9610824584961
spoofing_handbrake,603,0.20807290077209473,208.07290077209473
spoofing_handbrake,603,0.20891618728637695,208.91618728637695
spoofing_handbrake,603,0.2069859504699707,206.9859504699707
spoofing_handbrake,603,0.20805788040161133,208.05788040161133
spoofing_handbrake,603,0.20796418190002441,207.9641819000244
spoofing_handbrake,603,0.20797085762023926,207.97085762023926
spoofing_handbrake,603,0.20903897285461426,209.03897285461426
spoofing_handbrake,603,0.20700716972351074,207.00716972351074
spoofing_handbrake,603,0.20798683166503906,207.98683166503906
spoofing_handbrake,603,0.2079610824584961,207.9610824584961
spoofing_handbrake,603,0.20909905433654785,209.09905433654785
spoofing_handbrake,603,0.2069230079650879,206.9230079650879
spoofing_handbrake,603,0.2080240249633789,208.0240249633789
spoofing_handbrake,603,0.20799779891967773,207.99779891967773
spoofing_handbrake,603,0.20793414115905762,207.93414115905762
spoofing_handbrake,603,0.20902585983276367,209.02585983276367
spoofing_handbrake,603,0.2070310115814209,207.0310115814209
spoofing_handbrake,603,0.20800018310546875,208.00018310546875
spoofing_handbrake,603,0.20795178413391113,207.95178413391113
spoofing_handbrake,603,0.20801615715026855,208.01615715026855
spoofing_handbrake,603,0.20900392532348633,209.00392532348633
spoofing_handbrake,603,0.2070300579071045,207.0300579071045
spoofing_handbrake,603,0.20796990394592285,207.96990394592285
spoofing_handbrake,603,0.20800995826721191,208.0099582672119
spoofing_handbrake,603,0.2080540657043457,208.0540657043457
spoofing_handbrake,603,0.20895814895629883,208.95814895629883
spoofing_handbrake,603,0.20697593688964844,206.97593688964844
spoofing_handbrake,603,0.2080230712890625,208.0230712890625
spoofing_handbrake,603,0.20798087120056152,207.98087120056152
spoofing_handbrake,603,0.2079911231994629,207.9911231994629
spoofing_handbrake,603,0.20896196365356445,208.96196365356445
spoofing_handbrake,603,0.20709896087646484,207.09896087646484
spoofing_handbrake,603,0.20788908004760742,207.88908004760742
spoofing_handbrake,603,0.20800495147705078,208.00495147705078
spoofing_handbrake,603,0.2090158462524414,209.0158462524414
spoofing_handbrake,603,0.20701909065246582,207.01909065246582
spoofing_handbrake,603,0.20795702934265137,207.95702934265137
spoofing_handbrake,603,0.20801305770874023,208.01305770874023
spoofing_handbrake,603,0.2080669403076172,208.0669403076172
spoofing_handbrake,603,0.20893096923828125,208.93096923828125
spoofing_handbrake,603,0.2069990634918213,206.9990634918213
spoofing_handbrake,603,0.20810604095458984,208.10604095458984
spoofing_handbrake,603,0.20788788795471191,207.8878879547119
spoofing_handbrake,603,0.20804691314697266,208.04691314697266
spoofing_handbrake,603,0.20895910263061523,208.95910263061523
spoofing_handbrake,603,0.20740103721618652,207.40103721618652
spoofing_handbrake,603,0.20757603645324707,207.57603645324707
spoofing_handbrake,603,0.20801496505737305,208.01496505737305
spoofing_handbrake,603,0.2079908847808838,207.9908847808838
spoofing_handbrake,603,0.20901918411254883,209.01918411254883
spoofing_handbrake,603,0.20702791213989258,207.02791213989258
spoofing_handbrake,603,0.2079470157623291,207.9470157623291
spoofing_handbrake,603,0.2080669403076172,208.0669403076172
spoofing_handbrake,603,0.20792198181152344,207.92198181152344
spoofing_handbrake,603,0.20900893211364746,209.00893211364746
spoofing_handbrake,603,0.20697402954101562,206.97402954101562
spoofing_handbrake,603,0.20801305770874023,208.01305770874023
spoofing_handbrake,603,0.20799708366394043,207.99708366394043
spoofing_handbrake,603,0.209000825881958,209.000825881958
spoofing_handbrake,603,0.20704317092895508,207.04317092895508
spoofing_handbrake,603,0.2079470157623291,207.9470157623291
spoofing_handbrake,603,0.20803189277648926,208.03189277648926
spoofing_handbrake,603,0.20797395706176758,207.97395706176758
spoofing_handbrake,603,0.20904016494750977,209.04016494750977
spoofing_handbrake,603,0.20694899559020996,206.94899559020996
spoofing_handbrake,603,0.20798897743225098,207.98897743225098
spoofing_handbrake,603,0.20807099342346191,208.0709934234619
spoofing_handbrake,603,0.20792698860168457,207.92698860168457
spoofing_handbrake,603,0.2090768814086914,209.0768814086914
spoofing_handbrake,603,0.2069711685180664,206.9711685180664
spoofing_handbrake,603,0.2079479694366455,207.9479694366455
spoofing_handbrake,603,0.20801186561584473,208.01186561584473
spoofing_handbrake,603,0.20798611640930176,207.98611640930176
spoofing_handbrake,603,0.20910882949829102,209.10882949829102
spoofing_handbrake,603,0.20687603950500488,206.87603950500488
spoofing_handbrake,603,0.2080070972442627,208.0070972442627
spoofing_handbrake,603,0.2080070972442627,208.0070972442627
spoofing_handbrake,603,0.20804190635681152,208.04190635681152
spoofing_handbrake,603,0.20894908905029297,208.94908905029297
spoofing_handbrake,603,0.20697283744812012,206.97283744812012
spoofing_handbrake,603,0.20809412002563477,208.09412002563477
spoofing_handbrake,603,0.20791888236999512,207.91888236999512
spoofing_handbrake,603,0.20900511741638184,209.00511741638184
spoofing_handbrake,603,0.20699691772460938,206.99691772460938
spoofing_handbrake,603,0.20798611640930176,207.98611640930176
spoofing_handbrake,603,0.20800995826721191,208.0099582672119
spoofing_handbrake,603,0.2079758644104004,207.9758644104004
spoofing_handbrake,603,0.2090611457824707,209.0611457824707
spoofing_handbrake,603,0.20698785781860352,206.98785781860352
spoofing_handbrake,603,0.20796608924865723,207.96608924865723
spoofing_handbrake,603,0.20798897743225098,207.98897743225098
spoofing_handbrake,603,0.20805907249450684,208.05907249450684
spoofing_handbrake,603,0.2089519500732422,208.9519500732422
spoofing_handbrake,603,0.2069869041442871,206.9869041442871
spoofing_handbrake,603,0.20814204216003418,208.14204216003418
spoofing_handbrake,603,0.2078709602355957,207.8709602355957
spoofing_handbrake,603,0.20800209045410156,208.00209045410156
spoofing_handbrake,603,0.20902609825134277,209.02609825134277
spoofing_handbrake,603,0.20694994926452637,206.94994926452637
spoofing_handbrake,603,0.20803284645080566,208.03284645080566
spoofing_handbrake,603,0.20795607566833496,207.95607566833496
spoofing_handbrake,603,0.20806407928466797,208.06407928466797
spoofing_handbrake,603,0.20898985862731934,208.98985862731934
spoofing_handbrake,603,0.20697712898254395,206.97712898254395
spoofing_handbrake,603,0.20795702934265137,207.95702934265137
spoofing_handbrake,603,0.20799493789672852,207.99493789672852
spoofing_handbrake,603,0.20801091194152832,208.01091194152832
spoofing_handbrake,603,0.20800018310546875,208.00018310546875
spoofing_handbrake,603,0.2080378532409668,208.0378532409668
spoofing_handbrake,603,0.20799994468688965,207.99994468688965
spoofing_handbrake,603,0.20797014236450195,207.97014236450195
spoofing_handbrake,603,0.20900487899780273,209.00487899780273
spoofing_handbrake,603,0.20696210861206055,206.96210861206055
spoofing_handbrake,603,0.20799899101257324,207.99899101257324
spoofing_handbrake,603,0.2079789638519287,207.9789638519287
spoofing_handbrake,603,0.20807909965515137,208.07909965515137
spoofing_handbrake,603,0.20895600318908691,208.9560031890869
spoofing_handbrake,603,0.2069699764251709,206.9699764251709
spoofing_handbrake,603,0.2080059051513672,208.0059051513672
spoofing_handbrake,603,0.20800995826721191,208.0099582672119
spoofing_handbrake,603,0.20804405212402344,208.04405212402344
spoofing_handbrake,603,0.2089231014251709,208.9231014251709
spoofing_handbrake,603,0.2070608139038086,207.0608139038086
spoofing_handbrake,603,0.20798420906066895,207.98420906066895
spoofing_handbrake,603,0.2079927921295166,207.9927921295166
spoofing_handbrake,603,0.20798611640930176,207.98611640930176
spoofing_handbrake,603,0.20898795127868652,208.98795127868652
spoofing_handbrake,603,0.20702004432678223,207.02004432678223
spoofing_handbrake,603,0.20797491073608398,207.97491073608398
spoofing_handbrake,603,0.20804500579833984,208.04500579833984
spoofing_handbrake,603,0.2080221176147461,208.0221176147461
spoofing_handbrake,603,0.20894193649291992,208.94193649291992
spoofing_handbrake,603,0.20699501037597656,206.99501037597656
spoofing_handbrake,603,0.20795893669128418,207.95893669128418
spoofing_handbrake,603,0.20800209045410156,208.00209045410156
spoofing_handbrake,603,0.20899391174316406,208.99391174316406
spoofing_handbrake,603,0.2071530818939209,207.1530818939209
spoofing_handbrake,603,0.2078390121459961,207.8390121459961
spoofing_handbrake,603,0.20801687240600586,208.01687240600586
spoofing_handbrake,603,0.20801520347595215,208.01520347595215
spoofing_handbrake,603,0.20902180671691895,209.02180671691895
spoofing_handbrake,603,0.20699310302734375,206.99310302734375
spoofing_handbrake,603,0.2080090045928955,208.0090045928955
spoofing_handbrake,603,0.20806288719177246,208.06288719177246
spoofing_handbrake,603,0.20792818069458008,207.92818069458008
spoofing_handbrake,603,0.20895695686340332,208.95695686340332
spoofing_handbrake,603,0.20700287818908691,207.0028781890869
spoofing_handbrake,603,0.2079920768737793,207.9920768737793
spoofing_handbrake,603,0.20814204216003418,208.14204216003418
spoofing_handbrake,603,0.2078840732574463,207.8840732574463
spoofing_handbrake,603,0.20902085304260254,209.02085304260254
spoofing_handbrake,603,0.2070009708404541,207.0009708404541
spoofing_handbrake,603,0.20795702934265137,207.95702934265137
spoofing_handbrake,603,0.20798206329345703,207.98206329345703
spoofing_handbrake,603,0.20802903175354004,208.02903175354004
spoofing_handbrake,603,0.2089979648590088,208.9979648590088
spoofing_handbrake,603,0.20695185661315918,206.95185661315918
spoofing_handbrake,603,0.20809602737426758,208.09602737426758
spoofing_handbrake,603,0.20792412757873535,207.92412757873535
spoofing_handbrake,603,0.20905590057373047,209.05590057373047
spoofing_handbrake,603,0.206956148147583,206.956148147583
spoofing_handbrake,603,0.2079639434814453,207.9639434814453
spoofing_handbrake,603,0.208021879196167,208.021879196167
spoofing_handbrake,603,0.20801615715026855,208.01615715026855
spoofing_handbrake,603,0.20901894569396973,209.01894569396973
spoofing_handbrake,603,0.20697498321533203,206.97498321533203
spoofing_handbrake,603,0.20899200439453125,208.99200439453125
spoofing_handbrake,603,0.20803189277648926,208.03189277648926
spoofing_handbrake,603,0.20795011520385742,207.95011520385742
spoofing_handbrake,603,0.2090449333190918,209.0449333190918
spoofing_handbrake,603,0.20693206787109375,206.93206787109375
spoofing_handbrake,603,0.20809197425842285,208.09197425842285
spoofing_handbrake,603,0.20795106887817383,207.95106887817383
spoofing_handbrake,603,0.20795989036560059,207.9598903656006
spoofing_handbrake,603,0.20900607109069824,209.00607109069824
spoofing_handbrake,603,0.20701909065246582,207.01909065246582
spoofing_handbrake,603,0.20795893669128418,207.95893669128418
spoofing_handbrake,603,0.20802092552185059,208.0209255218506
spoofing_handbrake,603,0.20804595947265625,208.04595947265625
spoofing_handbrake,603,0.20893406867980957,208.93406867980957
spoofing_handbrake,603,0.20702791213989258,207.02791213989258
spoofing_handbrake,603,0.20804405212402344,208.04405212402344
spoofing_handbrake,603,0.20791912078857422,207.91912078857422
spoofing_handbrake,603,0.20903682708740234,209.03682708740234
spoofing_handbrake,603,0.2069690227508545,206.9690227508545
spoofing_handbrake,603,0.20807695388793945,208.07695388793945
spoofing_handbrake,603,0.20799708366394043,207.99708366394043
spoofing_handbrake,603,0.20795011520385742,207.95011520385742
spoofing_handbrake,603,0.20900583267211914,209.00583267211914
spoofing_handbrake,603,0.20695114135742188,206.95114135742188
spoofing_handbrake,603,0.20805692672729492,208.05692672729492
spoofing_handbrake,603,0.20792889595031738,207.92889595031738
spoofing_handbrake,603,0.20808815956115723,208.08815956115723
spoofing_handbrake,603,0.20894193649291992,208.94193649291992
spoofing_handbrake,603,0.20745396614074707,207.45396614074707
spoofing_handbrake,603,0.20754003524780273,207.54003524780273
spoofing_handbrake,603,0.20801711082458496,208.01711082458496
spoofing_handbrake,603,0.20795488357543945,207.95488357543945
spoofing_handbrake,603,0.209028959274292,209.028959274292
spoofing_handbrake,603,0.2070450782775879,207.0450782775879
spoofing_handbrake,603,0.20792889595031738,207.92889595031738
spoofing_handbrake,603,0.2080080509185791,208.0080509185791
spoofing_handbrake,603,0.20801115036010742,208.01115036010742
spoofing_handbrake,603,0.20897698402404785,208.97698402404785
spoofing_handbrake,603,0.2069838047027588,206.9838047027588
spoofing_handbrake,603,0.20806503295898438,208.06503295898438
spoofing_handbrake,603,0.20807504653930664,208.07504653930664
spoofing_handbrake,603,0.20890593528747559,208.9059352874756
spoofing_handbrake,603,0.20697903633117676,206.97903633117676
spoofing_handbrake,603,0.2079620361328125,207.9620361328125
spoofing_handbrake,603,0.20806503295898438,208.06503295898438
spoofing_handbrake,603,0.2079310417175293,207.9310417175293
spoofing_handbrake,603,0.20902800559997559,209.0280055999756
spoofing_handbrake,603,0.20705199241638184,207.05199241638184
spoofing_handbrake,603,0.2079319953918457,207.9319953918457
spoofing_handbrake,603,0.20800185203552246,208.00185203552246
spoofing_handbrake,603,0.20801901817321777,208.01901817321777
spoofing_handbrake,603,0.20896697044372559,208.9669704437256
spoofing_handbrake,603,0.20708513259887695,207.08513259887695
spoofing_handbrake,603,0.2079460620880127,207.9460620880127
spoofing_handbrake,603,0.20801496505737305,208.01496505737305
spoofing_handbrake,603,0.2079460620880127,207.9460620880127
spoofing_handbrake,603,0.20899486541748047,208.99486541748047
spoofing_handbrake,603,0.20704412460327148,207.04412460327148
spoofing_handbrake,603,0.2079780101776123,207.9780101776123
spoofing_handbrake,603,0.20801281929016113,208.01281929016113
spoofing_handbrake,603,0.20794916152954102,207.94916152954102
spoofing_handbrake,603,0.2090599536895752,209.0599536895752
spoofing_handbrake,603,0.20694184303283691,206.9418430328369
spoofing_handbrake,603,0.20800518989562988,208.00518989562988
spoofing_handbrake,603,0.20806503295898438,208.06503295898438
spoofing_handbrake,603,0.20793890953063965,207.93890953063965
spoofing_handbrake,603,0.20798206329345703,207.98206329345703
spoofing_handbrake,603,0.20801997184753418,208.01997184753418
spoofing_handbrake,603,0.2080249786376953,208.0249786376953
spoofing_handbrake,603,0.20795106887817383,207.95106887817383
spoofing_handbrake,603,0.20900583267211914,209.00583267211914
spoofing_handbrake,603,0.20702600479125977,207.02600479125977
spoofing_handbrake,603,0.2080211639404297,208.0211639404297
spoofing_handbrake,603,0.20793390274047852,207.93390274047852
spoofing_handbrake,603,0.20801091194152832,208.01091194152832
spoofing_handbrake,603,0.20902800559997559,209.0280055999756
spoofing_handbrake,603,0.20700716972351074,207.00716972351074
spoofing_handbrake,603,0.20799589157104492,207.99589157104492
spoofing_handbrake,603,0.2079920768737793,207.9920768737793
spoofing_handbrake,603,0.20796990394592285,207.96990394592285
spoofing_handbrake,603,0.20900607109069824,209.00607109069824
spoofing_handbrake,603,0.2069859504699707,206.9859504699707
spoofing_handbrake,603,0.20805692672729492,208.05692672729492
spoofing_handbrake,603,0.2079930305480957,207.9930305480957
spoofing_handbrake,603,0.20796895027160645,207.96895027160645
spoofing_handbrake,603,0.20895910263061523,208.95910263061523
spoofing_handbrake,603,0.20701003074645996,207.01003074645996
spoofing_handbrake,603,0.20800995826721191,208.0099582672119
spoofing_handbrake,603,0.20798897743225098,207.98897743225098
spoofing_handbrake,603,0.20806598663330078,208.06598663330078
spoofing_handbrake,603,0.20896196365356445,208.96196365356445
spoofing_handbrake,603,0.20706701278686523,207.06701278686523
spoofing_handbrake,603,0.20789813995361328,207.89813995361328
spoofing_handbrake,603,0.20802593231201172,208.02593231201172
spoofing_handbrake,603,0.20900392532348633,209.00392532348633
spoofing_handbrake,603,0.20693111419677734,206.93111419677734
spoofing_handbrake,603,0.20812106132507324,208.12106132507324
spoofing_handbrake,603,0.20791983604431152,207.91983604431152
spoofing_handbrake,603,0.2079920768737793,207.9920768737793
spoofing_handbrake,603,0.2089989185333252,208.9989185333252
spoofing_handbrake,603,0.20699095726013184,206.99095726013184
spoofing_handbrake,603,0.20801019668579102,208.01019668579102
spoofing_handbrake,603,0.20799684524536133,207.99684524536133
spoofing_handbrake,603,0.2080540657043457,208.0540657043457
spoofing_handbrake,603,0.2089519500732422,208.9519500732422
spoofing_handbrake,603,0.20700311660766602,207.00311660766602
spoofing_handbrake,603,0.20801782608032227,208.01782608032227
spoofing_handbrake,603,0.20796418190002441,207.9641819000244
spoofing_handbrake,603,0.20798301696777344,207.98301696777344
spoofing_handbrake,603,0.20907092094421387,209.07092094421387
spoofing_handbrake,603,0.20700788497924805,207.00788497924805
spoofing_handbrake,603,0.2079010009765625,207.9010009765625
spoofing_handbrake,603,0.20803618431091309,208.0361843109131
spoofing_handbrake,603,0.2079629898071289,207.9629898071289
spoofing_handbrake,603,0.20900583267211914,209.00583267211914
spoofing_handbrake,603,0.20702314376831055,207.02314376831055
spoofing_handbrake,603,0.20803189277648926,208.03189277648926
spoofing_handbrake,603,0.20799016952514648,207.99016952514648
spoofing_handbrake,603,0.20896387100219727,208.96387100219727
spoofing_handbrake,603,0.2070019245147705,207.0019245147705
spoofing_handbrake,603,0.2079920768737793,207.9920768737793
spoofing_handbrake,603,0.2079610824584961,207.9610824584961
spoofing_handbrake,603,0.20802092552185059,208.0209255218506
spoofing_handbrake,603,0.20897507667541504,208.97507667541504
spoofing_handbrake,603,0.20708489418029785,207.08489418029785
spoofing_handbrake,603,0.2079329490661621,207.9329490661621
spoofing_handbrake,603,0.20801615715026855,208.01615715026855
spoofing_handbrake,603,0.20794892311096191,207.9489231109619
spoofing_handbrake,603,0.20900893211364746,209.00893211364746
spoofing_handbrake,603,0.20701813697814941,207.0181369781494
spoofing_handbrake,603,0.20797300338745117,207.97300338745117
spoofing_handbrake,603,0.20813202857971191,208.1320285797119
spoofing_handbrake,603,0.2078847885131836,207.8847885131836
spoofing_handbrake,603,0.20904302597045898,209.04302597045898
spoofing_handbrake,603,0.20694613456726074,206.94613456726074
spoofing_handbrake,603,0.2079930305480957,207.9930305480957
spoofing_handbrake,603,0.2080240249633789,208.0240249633789
spoofing_handbrake,603,0.20799994468688965,207.99994468688965
spoofing_handbrake,603,0.20906591415405273,209.06591415405273
spoofing_handbrake,603,0.2069079875946045,206.9079875946045
spoofing_handbrake,603,0.20799612998962402,207.99612998962402
spoofing_handbrake,603,0.20801496505737305,208.01496505737305
spoofing_handbrake,603,0.208967924118042,208.967924118042
spoofing_handbrake,603,0.20703601837158203,207.03601837158203
spoofing_handbrake,603,0.20798993110656738,207.98993110656738
spoofing_handbrake,603,0.20803403854370117,208.03403854370117
spoofing_handbrake,603,0.20795607566833496,207.95607566833496
spoofing_handbrake,603,0.2090449333190918,209.0449333190918
spoofing_handbrake,603,0.2069411277770996,206.9411277770996
spoofing_handbrake,603,0.20798587799072266,207.98587799072266
spoofing_handbrake,603,0.20807409286499023,208.07409286499023
spoofing_handbrake,603,0.20793890953063965,207.93890953063965
spoofing_handbrake,603,0.2090599536895752,209.0599536895752
spoofing_handbrake,603,0.20695900917053223,206.95900917053223
spoofing_handbrake,603,0.2079930305480957,207.9930305480957
spoofing_handbrake,603,0.20801496505737305,208.01496505737305
spoofing_handbrake,603,0.20795202255249023,207.95202255249023
spoofing_handbrake,603,0.20900797843933105,209.00797843933105
spoofing_handbrake,603,0.20699310302734375,206.99310302734375
spoofing_handbrake,603,0.20808005332946777,208.08005332946777
spoofing_handbrake,603,0.2079319953918457,207.9319953918457
spoofing_handbrake,603,0.20798897743225098,207.98897743225098
spoofing_handbrake,603,0.2089979648590088,208.9979648590088
spoofing_handbrake,603,0.2069859504699707,206.9859504699707
spoofing_handbrake,603,0.20804905891418457,208.04905891418457
spoofing_handbrake,603,0.2079920768737793,207.9920768737793
spoofing_handbrake,603,0.209061861038208,209.061861038208
spoofing_handbrake,603,0.20689105987548828,206.89105987548828
spoofing_handbrake,603,0.208021879196167,208.021879196167
spoofing_handbrake,603,0.2079930305480957,207.9930305480957
spoofing_handbrake,603,0.20800304412841797,208.00304412841797
spoofing_handbrake,603,0.20901012420654297,209.01012420654297
spoofing_handbrake,603,0.20696187019348145,206.96187019348145
spoofing_handbrake,603,0.20808196067810059,208.0819606781006
spoofing_handbrake,603,0.20792794227600098,207.92794227600098
spoofing_handbrake,603,0.20801520347595215,208.01520347595215
spoofing_handbrake,603,0.20897579193115234,208.97579193115234
spoofing_handbrake,603,0.2070000171661377,207.0000171661377
spoofing_handbrake,603,0.20800399780273438,208.00399780273438
spoofing_handbrake,603,0.2079601287841797,207.9601287841797
spoofing_handbrake,603,0.2081160545349121,208.1160545349121
spoofing_handbrake,603,0.20893383026123047,208.93383026123047
spoofing_handbrake,603,0.20695710182189941,206.9571018218994
spoofing_handbrake,603,0.20799994468688965,207.99994468688965
spoofing_handbrake,603,0.2080090045928955,208.0090045928955
spoofing_handbrake,603,0.20798802375793457,207.98802375793457
spoofing_handbrake,603,0.2090299129486084,209.0299129486084
spoofing_handbrake,603,0.20700907707214355,207.00907707214355
spoofing_handbrake,603,0.20795392990112305,207.95392990112305
spoofing_handbrake,603,0.20799803733825684,207.99803733825684
spoofing_handbrake,603,0.2080080509185791,208.0080509185791
spoofing_handbrake,603,0.20798110961914062,207.98110961914062
spoofing_handbrake,603,0.2080368995666504,208.0368995666504
spoofing_handbrake,603,0.20800209045410156,208.00209045410156
spoofing_handbrake,603,0.2080988883972168,208.0988883972168
spoofing_handbrake,603,0.20890092849731445,208.90092849731445
spoofing_handbrake,603,0.20695900917053223,206.95900917053223
spoofing_handbrake,603,0.20801019668579102,208.01019668579102
spoofing_handbrake,603,0.20802593231201172,208.02593231201172
spoofing_handbrake,603,0.20797300338745117,207.97300338745117
spoofing_handbrake,603,0.20902490615844727,209.02490615844727
spoofing_handbrake,603,0.20700812339782715,207.00812339782715
spoofing_handbrake,603,0.20794200897216797,207.94200897216797
spoofing_handbrake,603,0.20801687240600586,208.01687240600586
spoofing_handbrake,603,0.20798492431640625,207.98492431640625
spoofing_handbrake,603,0.20898818969726562,208.98818969726562
spoofing_handbrake,603,0.20702695846557617,207.02695846557617
spoofing_handbrake,603,0.20795297622680664,207.95297622680664
spoofing_handbrake,603,0.20807290077209473,208.07290077209473
spoofing_handbrake,603,0.20796799659729004,207.96799659729004
spoofing_handbrake,603,0.20901203155517578,209.01203155517578
spoofing_handbrake,603,0.20694994926452637,206.94994926452637
spoofing_handbrake,603,0.2080371379852295,208.0371379852295
spoofing_handbrake,603,0.2079629898071289,207.9629898071289
spoofing_handbrake,603,0.20798707008361816,207.98707008361816
spoofing_handbrake,603,0.20906901359558105,209.06901359558105
spoofing_handbrake,604,0.20801401138305664,208.01401138305664
spoofing_handbrake,604,0.20804190635681152,208.04190635681152
spoofing_handbrake,604,0.20894908905029297,208.94908905029297
spoofing_handbrake,604,0.2069849967956543,206.9849967956543
spoofing_handbrake,604,0.20801091194152832,208.01091194152832
spoofing_handbrake,604,0.20798707008361816,207.98707008361816
spoofing_handbrake,604,0.20801401138305664,208.01401138305664
spoofing_handbrake,604,0.2089550495147705,208.9550495147705
spoofing_handbrake,604,0.2070598602294922,207.0598602294922
spoofing_handbrake,604,0.2079911231994629,207.9911231994629
spoofing_handbrake,604,0.20802688598632812,208.02688598632812
spoofing_handbrake,604,0.2079479694366455,207.9479694366455
spoofing_handbrake,604,0.2089982032775879,208.9982032775879
spoofing_handbrake,604,0.2069859504699707,206.9859504699707
spoofing_handbrake,604,0.2080368995666504,208.0368995666504
spoofing_handbrake,604,0.20799994468688965,207.99994468688965
spoofing_handbrake,604,0.20798301696777344,207.98301696777344
spoofing_handbrake,604,0.2089860439300537,208.9860439300537
spoofing_handbrake,604,0.20699405670166016,206.99405670166016
spoofing_handbrake,604,0.2079920768737793,207.9920768737793
spoofing_handbrake,604,0.20806288719177246,208.06288719177246
spoofing_handbrake,604,0.20793604850769043,207.93604850769043
spoofing_handbrake,604,0.20804095268249512,208.04095268249512
spoofing_handbrake,604,0.2079789638519287,207.9789638519287
spoofing_handbrake,604,0.20805001258850098,208.05001258850098
spoofing_handbrake,604,0.20792198181152344,207.92198181152344
spoofing_handbrake,604,0.2090139389038086,209.0139389038086
spoofing_handbrake,604,0.20699000358581543,206.99000358581543
spoofing_handbrake,604,0.2079930305480957,207.9930305480957
spoofing_handbrake,604,0.20804405212402344,208.04405212402344
spoofing_handbrake,604,0.20795512199401855,207.95512199401855
spoofing_handbrake,604,0.11524391174316406,115.24391174316406
spoofing_handbrake,604,0.05028390884399414,50.28390884399414
spoofing_handbrake,604,0.0435030460357666,43.5030460357666
spoofing_handbrake,604,0.006670951843261719,6.670951843261719
spoofing_handbrake,604,0.05017518997192383,50.17518997192383
spoofing_handbrake,604,0.05016183853149414,50.16183853149414
spoofing_handbrake,604,0.050141096115112305,50.141096115112305
spoofing_handbrake,604,0.049835920333862305,49.835920333862305
spoofing_handbrake,604,0.00035309791564941406,0.35309791564941406
spoofing_handbrake,604,0.050206899642944336,50.206899642944336
spoofing_handbrake,604,0.050807952880859375,50.807952880859375
spoofing_handbrake,604,0.05023598670959473,50.23598670959473
spoofing_handbrake,604,0.05024218559265137,50.24218559265137
spoofing_handbrake,604,0.006137847900390625,6.137847900390625
spoofing_handbrake,604,0.04412412643432617,44.12412643432617
spoofing_handbrake,604,0.05027890205383301,50.27890205383301
spoofing_handbrake,604,0.05019497871398926,50.19497871398926
spoofing_handbrake,604,0.05024099349975586,50.24099349975586
spoofing_handbrake,604,0.013200998306274414,13.200998306274414
spoofing_handbrake,604,0.03698015213012695,36.98015213012695
spoofing_handbrake,604,0.05018496513366699,50.18496513366699
spoofing_handbrake,604,0.050318002700805664,50.318002700805664
spoofing_handbrake,604,0.0502009391784668,50.2009391784668
spoofing_handbrake,604,0.020225048065185547,20.225048065185547
spoofing_handbrake,604,0.030039072036743164,30.039072036743164
spoofing_handbrake,604,0.05029797554016113,50.29797554016113
spoofing_handbrake,604,0.05028080940246582,50.28080940246582
spoofing_handbrake,604,0.05031704902648926,50.31704902648926
spoofing_handbrake,604,0.0281829833984375,28.1829833984375
spoofing_handbrake,604,0.02204108238220215,22.04108238220215
spoofing_handbrake,604,0.05023598670959473,50.23598670959473
spoofing_handbrake,604,0.05023312568664551,50.23312568664551
spoofing_handbrake,604,0.05019879341125488,50.19879341125488
spoofing_handbrake,604,0.03422808647155762,34.22808647155762
spoofing_handbrake,604,0.015964984893798828,15.964984893798828
spoofing_handbrake,604,0.05023312568664551,50.23312568664551
spoofing_handbrake,604,0.050337791442871094,50.337791442871094
spoofing_handbrake,604,0.05018901824951172,50.18901824951172
spoofing_handbrake,604,0.041297197341918945,41.297197341918945
spoofing_handbrake,604,0.008950948715209961,8.950948715209961
spoofing_handbrake,604,0.05028486251831055,50.28486251831055
spoofing_handbrake,604,0.05018496513366699,50.18496513366699
spoofing_handbrake,604,0.05033111572265625,50.33111572265625
spoofing_handbrake,604,0.04820704460144043,48.20704460144043
spoofing_handbrake,604,0.0019729137420654297,1.9729137420654297
spoofing_handbrake,604,0.05018210411071777,50.18210411071777
spoofing_handbrake,604,0.05022096633911133,50.22096633911133
spoofing_handbrake,604,0.05018806457519531,50.18806457519531
spoofing_handbrake,604,0.05030393600463867,50.30393600463867
spoofing_handbrake,604,0.005209922790527344,5.209922790527344
spoofing_handbrake,604,0.04511213302612305,45.11213302612305
spoofing_handbrake,604,0.05029582977294922,50.29582977294922
spoofing_handbrake,604,0.050196170806884766,50.196170806884766
spoofing_handbrake,604,0.05025196075439453,50.25196075439453
spoofing_handbrake,604,0.013048887252807617,13.048887252807617
spoofing_handbrake,604,0.03714704513549805,37.14704513549805
spoofing_handbrake,604,0.050195932388305664,50.195932388305664
spoofing_handbrake,604,0.050196170806884766,50.196170806884766
spoofing_handbrake,604,0.050293922424316406,50.293922424316406
spoofing_handbrake,604,0.019154071807861328,19.154071807861328
spoofing_handbrake,604,0.031044960021972656,31.044960021972656
spoofing_handbrake,604,0.050195932388305664,50.195932388305664
spoofing_handbrake,604,0.05021214485168457,50.21214485168457
spoofing_handbrake,604,0.05034279823303223,50.34279823303223
spoofing_handbrake,604,0.02625107765197754,26.25107765197754
spoofing_handbrake,604,0.023951053619384766,23.951053619384766
spoofing_handbrake,604,0.050206899642944336,50.206899642944336
spoofing_handbrake,604,0.05034494400024414,50.34494400024414
spoofing_handbrake,604,0.05019211769104004,50.19211769104004
spoofing_handbrake,604,0.033286094665527344,33.286094665527344
spoofing_handbrake,604,0.01690983772277832,16.90983772277832
spoofing_handbrake,604,0.0502321720123291,50.2321720123291
spoofing_handbrake,604,0.05022382736206055,50.22382736206055
spoofing_handbrake,604,0.05018305778503418,50.18305778503418
spoofing_handbrake,604,0.04041600227355957,40.41600227355957
spoofing_handbrake,604,0.009799957275390625,9.799957275390625
spoofing_handbrake,604,0.050189971923828125,50.189971923828125
spoofing_handbrake,604,0.05024099349975586,50.24099349975586
spoofing_handbrake,604,0.05023503303527832,50.23503303527832
spoofing_handbrake,604,0.04857802391052246,48.57802391052246
spoofing_handbrake,604,0.0016019344329833984,1.6019344329833984
spoofing_handbrake,604,0.0501861572265625,50.1861572265625
spoofing_handbrake,604,0.05023002624511719,50.23002624511719
spoofing_handbrake,604,0.050251007080078125,50.251007080078125
spoofing_handbrake,604,0.05031180381774902,50.31180381774902
spoofing_handbrake,604,0.004425048828125,4.425048828125
spoofing_handbrake,604,0.04577207565307617,45.77207565307617
spoofing_handbrake,604,0.05020499229431152,50.20499229431152
spoofing_handbrake,604,0.05024099349975586,50.24099349975586
spoofing_handbrake,604,0.05030703544616699,50.30703544616699
spoofing_handbrake,604,0.011461973190307617,11.461973190307617
spoofing_handbrake,604,0.038722991943359375,38.722991943359375
spoofing_handbrake,604,0.05022406578063965,50.22406578063965
spoofing_handbrake,604,0.05030393600463867,50.30393600463867
spoofing_handbrake,604,0.05028986930847168,50.28986930847168
spoofing_handbrake,604,0.018415212631225586,18.415212631225586
spoofing_handbrake,604,0.03180289268493652,31.802892684936523
spoofing_handbrake,604,0.05024409294128418,50.24409294128418
spoofing_handbrake,604,0.050184011459350586,50.184011459350586
spoofing_handbrake,604,0.050369977951049805,50.369977951049805
spoofing_handbrake,604,0.02648782730102539,26.48782730102539
spoofing_handbrake,604,0.02377009391784668,23.77009391784668
spoofing_handbrake,604,0.05022001266479492,50.22001266479492
spoofing_handbrake,604,0.050302982330322266,50.302982330322266
spoofing_handbrake,604,0.05023598670959473,50.23598670959473
spoofing_handbrake,604,0.032418012619018555,32.418012619018555
spoofing_handbrake,604,0.01778101921081543,17.78101921081543
spoofing_handbrake,604,0.050195932388305664,50.195932388305664
spoofing_handbrake,604,0.050230979919433594,50.230979919433594
spoofing_handbrake,604,0.050350189208984375,50.350189208984375
spoofing_handbrake,604,0.03946280479431152,39.46280479431152
spoofing_handbrake,604,0.010717153549194336,10.717153549194336
spoofing_handbrake,604,0.05023193359375,50.23193359375
spoofing_handbrake,604,0.05020594596862793,50.20594596862793
spoofing_handbrake,604,0.050382137298583984,50.382137298583984
spoofing_handbrake,604,0.046463966369628906,46.463966369628906
spoofing_handbrake,604,0.0037469863891601562,3.7469863891601562
spoofing_handbrake,604,0.050195932388305664,50.195932388305664
spoofing_handbrake,604,0.05017709732055664,50.17709732055664
spoofing_handbrake,604,0.05019402503967285,50.19402503967285
spoofing_handbrake,604,0.05019187927246094,50.19187927246094
spoofing_handbrake,604,0.003412961959838867,3.412961959838867
spoofing_handbrake,604,0.046762943267822266,46.762943267822266
spoofing_handbrake,604,0.050280094146728516,50.280094146728516
spoofing_handbrake,604,0.050228118896484375,50.228118896484375
spoofing_handbrake,604,0.05020499229431152,50.20499229431152
spoofing_handbrake,604,0.011551856994628906,11.551856994628906
spoofing_handbrake,604,0.03861713409423828,38.61713409423828
spoofing_handbrake,604,0.05016684532165527,50.16684532165527
spoofing_handbrake,604,0.05028510093688965,50.28510093688965
spoofing_handbrake,604,0.050292015075683594,50.292015075683594
spoofing_handbrake,604,0.017670869827270508,17.670869827270508
spoofing_handbrake,604,0.0325160026550293,32.5160026550293
spoofing_handbrake,604,0.0503079891204834,50.3079891204834
spoofing_handbrake,604,0.05027008056640625,50.27008056640625
spoofing_handbrake,604,0.050169944763183594,50.169944763183594
spoofing_handbrake,604,0.02472209930419922,24.72209930419922
spoofing_handbrake,604,0.025573015213012695,25.573015213012695
spoofing_handbrake,604,0.0501708984375,50.1708984375
spoofing_handbrake,604,0.05022096633911133,50.22096633911133
spoofing_handbrake,604,0.05022907257080078,50.22907257080078
spoofing_handbrake,604,0.03177499771118164,31.77499771118164
spoofing_handbrake,604,0.018405914306640625,18.405914306640625
spoofing_handbrake,604,0.050298213958740234,50.298213958740234
spoofing_handbrake,604,0.050206899642944336,50.206899642944336
spoofing_handbrake,604,0.05015707015991211,50.15707015991211
spoofing_handbrake,604,0.03894782066345215,38.94782066345215
spoofing_handbrake,604,0.011202096939086914,11.202096939086914
spoofing_handbrake,604,0.05026102066040039,50.26102066040039
spoofing_handbrake,604,0.05015206336975098,50.15206336975098
spoofing_handbrake,604,0.05016589164733887,50.16589164733887
spoofing_handbrake,604,0.047224998474121094,47.224998474121094
spoofing_handbrake,604,0.0029621124267578125,2.9621124267578125
spoofing_handbrake,604,0.050232887268066406,50.232887268066406
spoofing_handbrake,604,0.05022096633911133,50.22096633911133
spoofing_handbrake,604,0.05018806457519531,50.18806457519531
spoofing_handbrake,604,0.05029606819152832,50.29606819152832
spoofing_handbrake,604,0.003126859664916992,3.126859664916992
spoofing_handbrake,604,0.04704999923706055,47.04999923706055
spoofing_handbrake,604,0.05021810531616211,50.21810531616211
spoofing_handbrake,604,0.05034899711608887,50.34899711608887
spoofing_handbrake,604,0.05018901824951172,50.18901824951172
spoofing_handbrake,604,0.010165929794311523,10.165929794311523
spoofing_handbrake,604,0.04007291793823242,40.07291793823242
spoofing_handbrake,604,0.05031418800354004,50.31418800354004
spoofing_handbrake,604,0.05025291442871094,50.25291442871094
spoofing_handbrake,604,0.05022001266479492,50.22001266479492
spoofing_handbrake,604,0.017147064208984375,17.147064208984375
spoofing_handbrake,604,0.03319287300109863,33.19287300109863
spoofing_handbrake,604,0.05024409294128418,50.24409294128418
spoofing_handbrake,604,0.05021786689758301,50.21786689758301
spoofing_handbrake,604,0.05032706260681152,50.32706260681152
spoofing_handbrake,604,0.024060964584350586,24.060964584350586
spoofing_handbrake,604,0.02616596221923828,26.16596221923828
spoofing_handbrake,604,0.05030107498168945,50.30107498168945
spoofing_handbrake,604,0.05023312568664551,50.23312568664551
spoofing_handbrake,604,0.05024290084838867,50.24290084838867
spoofing_handbrake,604,0.032028913497924805,32.028913497924805
spoofing_handbrake,604,0.018217086791992188,18.217086791992188
spoofing_handbrake,604,0.05024600028991699,50.24600028991699
spoofing_handbrake,604,0.05020594596862793,50.20594596862793
spoofing_handbrake,604,0.05027413368225098,50.27413368225098
spoofing_handbrake,604,0.03803682327270508,38.03682327270508
spoofing_handbrake,604,0.01219320297241211,12.19320297241211
spoofing_handbrake,604,0.05025982856750488,50.25982856750488
spoofing_handbrake,604,0.050356149673461914,50.356149673461914
spoofing_handbrake,604,0.05035591125488281,50.35591125488281
spoofing_handbrake,604,0.04485201835632324,44.85201835632324
spoofing_handbrake,604,0.005357027053833008,5.357027053833008
spoofing_handbrake,604,0.0502169132232666,50.2169132232666
spoofing_handbrake,604,0.05024003982543945,50.24003982543945
spoofing_handbrake,604,0.050251007080078125,50.251007080078125
spoofing_handbrake,604,0.050221920013427734,50.221920013427734
spoofing_handbrake,604,0.001692056655883789,1.692056655883789
spoofing_handbrake,604,0.04859304428100586,48.59304428100586
spoofing_handbrake,604,0.050318002700805664,50.318002700805664
spoofing_handbrake,604,0.05016899108886719,50.16899108886719
spoofing_handbrake,604,0.05023694038391113,50.23694038391113
spoofing_handbrake,604,0.00867915153503418,8.67915153503418
spoofing_handbrake,604,0.04156899452209473,41.56899452209473
spoofing_handbrake,604,0.050230979919433594,50.230979919433594
spoofing_handbrake,604,0.050184011459350586,50.184011459350586
spoofing_handbrake,604,0.05032086372375488,50.32086372375488
spoofing_handbrake,604,0.01665806770324707,16.65806770324707
spoofing_handbrake,604,0.03355002403259277,33.55002403259277
spoofing_handbrake,604,0.050206899642944336,50.206899642944336
spoofing_handbrake,604,0.05031895637512207,50.31895637512207
spoofing_handbrake,604,0.05024218559265137,50.24218559265137
spoofing_handbrake,604,0.022761821746826172,22.761821746826172
spoofing_handbrake,604,0.027576208114624023,27.576208114624023
spoofing_handbrake,604,0.05019783973693848,50.19783973693848
spoofing_handbrake,604,0.050225019454956055,50.225019454956055
spoofing_handbrake,604,0.05032205581665039,50.32205581665039
spoofing_handbrake,604,0.029586076736450195,29.586076736450195
spoofing_handbrake,604,0.020694971084594727,20.694971084594727
spoofing_handbrake,604,0.05018186569213867,50.18186569213867
spoofing_handbrake,604,0.05023503303527832,50.23503303527832
spoofing_handbrake,604,0.0502779483795166,50.2779483795166
spoofing_handbrake,604,0.03661298751831055,36.61298751831055
spoofing_handbrake,604,0.013605117797851562,13.605117797851562
spoofing_handbrake,604,0.05020904541015625,50.20904541015625
spoofing_handbrake,604,0.050256967544555664,50.256967544555664
spoofing_handbrake,604,0.05021500587463379,50.21500587463379
spoofing_handbrake,604,0.04472994804382324,44.72994804382324
spoofing_handbrake,604,0.00550389289855957,5.50389289855957
spoofing_handbrake,604,0.05019807815551758,50.19807815551758
spoofing_handbrake,604,0.05020403861999512,50.20403861999512
spoofing_handbrake,604,0.05019402503967285,50.19402503967285
spoofing_handbrake,604,0.05029892921447754,50.29892921447754
spoofing_handbrake,604,0.0006229877471923828,0.6229877471923828
spoofing_handbrake,604,0.04957008361816406,49.57008361816406
spoofing_handbrake,604,0.050193071365356445,50.193071365356445
spoofing_handbrake,604,0.05024385452270508,50.24385452270508
spoofing_handbrake,604,0.05022692680358887,50.22692680358887
spoofing_handbrake,604,0.007714033126831055,7.714033126831055
spoofing_handbrake,604,0.0424959659576416,42.4959659576416
spoofing_handbrake,604,0.05024600028991699,50.24600028991699
spoofing_handbrake,604,0.05024123191833496,50.24123191833496
spoofing_handbrake,604,0.05022692680358887,50.22692680358887
spoofing_handbrake,604,0.014804840087890625,14.804840087890625
spoofing_handbrake,604,0.03551912307739258,35.51912307739258
spoofing_handbrake,604,0.05024409294128418,50.24409294128418
spoofing_handbrake,604,0.050230979919433594,50.230979919433594
spoofing_handbrake,604,0.05019092559814453,50.19092559814453
spoofing_handbrake,604,0.021871089935302734,21.871089935302734
spoofing_handbrake,604,0.028462886810302734,28.462886810302734
spoofing_handbrake,604,0.05019497871398926,50.19497871398926
spoofing_handbrake,604,0.0502009391784668,50.2009391784668
spoofing_handbrake,604,0.05021810531616211,50.21810531616211
spoofing_handbrake,604,0.02986907958984375,29.86907958984375
spoofing_handbrake,604,0.02032780647277832,20.32780647277832
spoofing_handbrake,604,0.050251007080078125,50.251007080078125
spoofing_handbrake,604,0.05020713806152344,50.20713806152344
spoofing_handbrake,604,0.050199031829833984,50.199031829833984
spoofing_handbrake,604,0.036015987396240234,36.015987396240234
spoofing_handbrake,604,0.01430201530456543,14.30201530456543
spoofing_handbrake,604,0.05024886131286621,50.24886131286621
spoofing_handbrake,604,0.050228118896484375,50.228118896484375
spoofing_handbrake,604,0.050186872482299805,50.186872482299805
spoofing_handbrake,604,0.04318118095397949,43.18118095397949
spoofing_handbrake,604,0.007124900817871094,7.124900817871094
spoofing_handbrake,604,0.05033588409423828,50.33588409423828
spoofing_handbrake,604,0.05018806457519531,50.18806457519531
spoofing_handbrake,604,0.05023002624511719,50.23002624511719
spoofing_handbrake,604,0.04996609687805176,49.96609687805176
spoofing_handbrake,604,0.0002579689025878906,0.2579689025878906
spoofing_handbrake,604,0.050292015075683594,50.292015075683594
spoofing_handbrake,604,0.050238847732543945,50.238847732543945
spoofing_handbrake,604,0.05024099349975586,50.24099349975586
spoofing_handbrake,604,0.05020308494567871,50.20308494567871
spoofing_handbrake,604,0.006814002990722656,6.814002990722656
spoofing_handbrake,604,0.043504953384399414,43.504953384399414
spoofing_handbrake,604,0.05030703544616699,50.30703544616699
spoofing_handbrake,604,0.050234079360961914,50.234079360961914
spoofing_handbrake,604,0.05024385452270508,50.24385452270508
spoofing_handbrake,604,0.014664173126220703,14.664173126220703
spoofing_handbrake,604,0.0356287956237793,35.6287956237793
spoofing_handbrake,604,0.050234079360961914,50.234079360961914
spoofing_handbrake,604,0.050251007080078125,50.251007080078125
spoofing_handbrake,604,0.05024003982543945,50.24003982543945
spoofing_handbrake,604,0.021049976348876953,21.049976348876953
spoofing_handbrake,604,0.029222965240478516,29.222965240478516
spoofing_handbrake,604,0.05024600028991699,50.24600028991699
spoofing_handbrake,604,0.050189971923828125,50.189971923828125
spoofing_handbrake,604,0.050369977951049805,50.369977951049805
spoofing_handbrake,604,0.02754998207092285,27.54998207092285
spoofing_handbrake,604,0.022817134857177734,22.817134857177734
spoofing_handbrake,604,0.050232887268066406,50.232887268066406
spoofing_handbrake,604,0.05023813247680664,50.23813247680664
spoofing_handbrake,604,0.050212860107421875,50.212860107421875
spoofing_handbrake,604,0.034516096115112305,34.516096115112305
spoofing_handbrake,604,0.015697002410888672,15.697002410888672
spoofing_handbrake,604,0.05024409294128418,50.24409294128418
spoofing_handbrake,604,0.05020284652709961,50.20284652709961
spoofing_handbrake,604,0.05023002624511719,50.23002624511719
spoofing_handbrake,604,0.04161405563354492,41.61405563354492
spoofing_handbrake,604,0.008632898330688477,8.632898330688477
spoofing_handbrake,604,0.05021214485168457,50.21214485168457
spoofing_handbrake,604,0.05021786689758301,50.21786689758301
spoofing_handbrake,604,0.050260066986083984,50.260066986083984
spoofing_handbrake,604,0.049696922302246094,49.696922302246094
spoofing_handbrake,604,0.0005071163177490234,0.5071163177490234
spoofing_handbrake,604,0.05021095275878906,50.21095275878906
spoofing_handbrake,604,0.05023813247680664,50.23813247680664
spoofing_handbrake,604,0.05020785331726074,50.20785331726074
spoofing_handbrake,604,0.05022096633911133,50.22096633911133
spoofing_handbrake,604,0.005646944046020508,5.646944046020508
spoofing_handbrake,604,0.04467010498046875,44.67010498046875
spoofing_handbrake,604,0.05024003982543945,50.24003982543945
spoofing_handbrake,604,0.05025506019592285,50.25506019592285
spoofing_handbrake,604,0.05023694038391113,50.23694038391113
spoofing_handbrake,604,0.012537002563476562,12.537002563476562
spoofing_handbrake,604,0.037657976150512695,37.657976150512695
spoofing_handbrake,604,0.050193071365356445,50.193071365356445
spoofing_handbrake,604,0.05022001266479492,50.22001266479492
spoofing_handbrake,604,0.05023479461669922,50.23479461669922
spoofing_handbrake,604,0.019749164581298828,19.749164581298828
spoofing_handbrake,604,0.030545949935913086,30.545949935913086
spoofing_handbrake,604,0.05019998550415039,50.19998550415039
spoofing_handbrake,604,0.05027294158935547,50.27294158935547
spoofing_handbrake,604,0.050367116928100586,50.367116928100586
spoofing_handbrake,604,0.026551008224487305,26.551008224487305
spoofing_handbrake,604,0.023649930953979492,23.649930953979492
spoofing_handbrake,604,0.0502009391784668,50.2009391784668
spoofing_handbrake,604,0.05026412010192871,50.26412010192871
spoofing_handbrake,604,0.05022287368774414,50.22287368774414
spoofing_handbrake,604,0.03467202186584473,34.67202186584473
spoofing_handbrake,604,0.015612125396728516,15.612125396728516
spoofing_handbrake,604,0.05033087730407715,50.33087730407715
spoofing_handbrake,604,0.05018806457519531,50.18806457519531
spoofing_handbrake,604,0.05031108856201172,50.31108856201172
spoofing_handbrake,604,0.04053092002868652,40.53092002868652
spoofing_handbrake,604,0.009653091430664062,9.653091430664062
spoofing_handbrake,604,0.05018877983093262,50.18877983093262
spoofing_handbrake,604,0.05025601387023926,50.25601387023926
spoofing_handbrake,604,0.050231218338012695,50.231218338012695
spoofing_handbrake,604,0.047683000564575195,47.683000564575195
spoofing_handbrake,604,0.002502918243408203,2.502918243408203
spoofing_handbrake,604,0.05014991760253906,50.14991760253906
spoofing_handbrake,604,0.05019211769104004,50.19211769104004
spoofing_handbrake,604,0.05022287368774414,50.22287368774414
spoofing_handbrake,604,0.05021405220031738,50.21405220031738
spoofing_handbrake,604,0.00471806526184082,4.71806526184082
spoofing_handbrake,604,0.045471906661987305,45.471906661987305
spoofing_handbrake,604,0.050234079360961914,50.234079360961914
spoofing_handbrake,604,0.05023598670959473,50.23598670959473
spoofing_handbrake,604,0.050206899642944336,50.206899642944336
spoofing_handbrake,604,0.012845993041992188,12.845993041992188
spoofing_handbrake,604,0.03748917579650879,37.48917579650879
spoofing_handbrake,604,0.05019998550415039,50.19998550415039
spoofing_handbrake,604,0.05017900466918945,50.17900466918945
spoofing_handbrake,604,0.05023980140686035,50.23980140686035
spoofing_handbrake,604,0.018923044204711914,18.923044204711914
spoofing_handbrake,604,0.03137016296386719,31.370162963867188
spoofing_handbrake,604,0.050325870513916016,50.325870513916016
spoofing_handbrake,604,0.05020403861999512,50.20403861999512
spoofing_handbrake,604,0.05017900466918945,50.17900466918945
spoofing_handbrake,604,0.02588486671447754,25.88486671447754
spoofing_handbrake,604,0.024329185485839844,24.329185485839844
spoofing_handbrake,604,0.05027198791503906,50.27198791503906
spoofing_handbrake,604,0.0502018928527832,50.2018928527832
spoofing_handbrake,604,0.05024313926696777,50.24313926696777
spoofing_handbrake,604,0.03298687934875488,32.98687934875488
spoofing_handbrake,604,0.017246007919311523,17.246007919311523
spoofing_handbrake,604,0.05023002624511719,50.23002624511719
spoofing_handbrake,604,0.050195932388305664,50.195932388305664
spoofing_handbrake,604,0.05023503303527832,50.23503303527832
spoofing_handbrake,604,0.04006505012512207,40.06505012512207
spoofing_handbrake,604,0.01017904281616211,10.17904281616211
spoofing_handbrake,604,0.05022692680358887,50.22692680358887
spoofing_handbrake,604,0.050247907638549805,50.247907638549805
spoofing_handbrake,604,0.050208091735839844,50.208091735839844
spoofing_handbrake,604,0.048178911209106445,48.178911209106445
spoofing_handbrake,604,0.002039194107055664,2.039194107055664
spoofing_handbrake,604,0.050192832946777344,50.192832946777344
spoofing_handbrake,604,0.050199031829833984,50.199031829833984
spoofing_handbrake,604,0.050260066986083984,50.260066986083984
spoofing_handbrake,604,0.05021500587463379,50.21500587463379
spoofing_handbrake,604,0.00403594970703125,4.03594970703125
spoofing_handbrake,604,0.04620695114135742,46.20695114135742
spoofing_handbrake,604,0.050230979919433594,50.230979919433594
spoofing_handbrake,604,0.050234079360961914,50.234079360961914
spoofing_handbrake,604,0.05025196075439453,50.25196075439453
spoofing_handbrake,604,0.011063098907470703,11.063098907470703
spoofing_handbrake,604,0.039198875427246094,39.198875427246094
spoofing_handbrake,604,0.05029797554016113,50.29797554016113
spoofing_handbrake,604,0.05021309852600098,50.21309852600098
spoofing_handbrake,604,0.050195932388305664,50.195932388305664
spoofing_handbrake,604,0.018157005310058594,18.157005310058594
spoofing_handbrake,604,0.03206801414489746,32.06801414489746
spoofing_handbrake,604,0.050234079360961914,50.234079360961914
spoofing_handbrake,604,0.05025196075439453,50.25196075439453
spoofing_handbrake,604,0.050187110900878906,50.187110900878906
spoofing_handbrake,604,0.025203943252563477,25.203943252563477
spoofing_handbrake,604,0.02510690689086914,25.10690689086914
spoofing_handbrake,604,0.05019998550415039,50.19998550415039
spoofing_handbrake,604,0.050341129302978516,50.341129302978516
spoofing_handbrake,604,0.0502009391784668,50.2009391784668
spoofing_handbrake,604,0.033238887786865234,33.238887786865234
spoofing_handbrake,604,0.017007112503051758,17.007112503051758
spoofing_handbrake,604,0.05021190643310547,50.21190643310547
spoofing_handbrake,604,0.05025911331176758,50.25911331176758
spoofing_handbrake,604,0.0502018928527832,50.2018928527832
spoofing_handbrake,604,0.03928399085998535,39.28399085998535
spoofing_handbrake,604,0.010905981063842773,10.905981063842773
spoofing_handbrake,604,0.05022716522216797,50.22716522216797
spoofing_handbrake,604,0.050343990325927734,50.343990325927734
spoofing_handbrake,604,0.05022406578063965,50.22406578063965
spoofing_handbrake,604,0.046243906021118164,46.243906021118164
spoofing_handbrake,604,0.003993034362792969,3.9930343627929688
spoofing_handbrake,604,0.05020403861999512,50.20403861999512
spoofing_handbrake,604,0.05019998550415039,50.19998550415039
spoofing_handbrake,604,0.05020403861999512,50.20403861999512
spoofing_handbrake,604,0.05021476745605469,50.21476745605469
spoofing_handbrake,604,0.0031931400299072266,3.1931400299072266
spoofing_handbrake,604,0.04709196090698242,47.09196090698242
spoofing_handbrake,604,0.050293922424316406,50.293922424316406
spoofing_handbrake,604,0.05032515525817871,50.32515525817871
spoofing_handbrake,604,0.05019783973693848,50.19783973693848
spoofing_handbrake,604,0.010071039199829102,10.071039199829102
spoofing_handbrake,604,0.04014110565185547,40.14110565185547
spoofing_handbrake,604,0.05022406578063965,50.22406578063965
spoofing_handbrake,604,0.050354957580566406,50.354957580566406
spoofing_handbrake,604,0.05021381378173828,50.21381378173828
spoofing_handbrake,604,0.01816701889038086,18.16701889038086
spoofing_handbrake,604,0.032032012939453125,32.032012939453125
spoofing_handbrake,604,0.05032706260681152,50.32706260681152
spoofing_handbrake,604,0.05031394958496094,50.31394958496094
spoofing_handbrake,604,0.050215959548950195,50.215959548950195
spoofing_handbrake,604,0.024004220962524414,24.004220962524414
spoofing_handbrake,604,0.026282787322998047,26.282787322998047
spoofing_handbrake,604,0.05023002624511719,50.23002624511719
spoofing_handbrake,604,0.05018496513366699,50.18496513366699
spoofing_handbrake,604,0.05022120475769043,50.22120475769043
spoofing_handbrake,604,0.031088829040527344,31.088829040527344
spoofing_handbrake,604,0.019247055053710938,19.247055053710938
spoofing_handbrake,604,0.05024003982543945,50.24003982543945
spoofing_handbrake,604,0.050273895263671875,50.273895263671875
spoofing_handbrake,604,0.050254106521606445,50.254106521606445
spoofing_handbrake,604,0.037988901138305664,37.988901138305664
spoofing_handbrake,604,0.012255191802978516,12.255191802978516
spoofing_handbrake,604,0.05032777786254883,50.32777786254883
spoofing_handbrake,604,0.05020904541015625,50.20904541015625
spoofing_handbrake,604,0.05026102066040039,50.26102066040039
spoofing_handbrake,604,0.04498696327209473,44.98696327209473
spoofing_handbrake,604,0.005228996276855469,5.228996276855469
spoofing_handbrake,604,0.05032801628112793,50.32801628112793
spoofing_handbrake,604,0.05019497871398926,50.19497871398926
spoofing_handbrake,604,0.05030512809753418,50.30512809753418
spoofing_handbrake,604,0.050232887268066406,50.232887268066406
spoofing_handbrake,604,0.002662181854248047,2.662181854248047
spoofing_handbrake,604,0.0475618839263916,47.5618839263916
spoofing_handbrake,604,0.05020594596862793,50.20594596862793
spoofing_handbrake,604,0.050219058990478516,50.219058990478516
spoofing_handbrake,604,0.050180912017822266,50.180912017822266
spoofing_handbrake,604,0.008795022964477539,8.795022964477539
spoofing_handbrake,604,0.04154014587402344,41.54014587402344
spoofing_handbrake,604,0.05029487609863281,50.29487609863281
spoofing_handbrake,604,0.05024099349975586,50.24099349975586
spoofing_handbrake,604,0.05024003982543945,50.24003982543945
spoofing_handbrake,604,0.015770912170410156,15.770912170410156
spoofing_handbrake,604,0.03446817398071289,34.46817398071289
spoofing_handbrake,604,0.05022692680358887,50.22692680358887
spoofing_handbrake,604,0.050228118896484375,50.228118896484375
spoofing_handbrake,604,0.050189971923828125,50.189971923828125
spoofing_handbrake,604,0.022821903228759766,22.821903228759766
spoofing_handbrake,604,0.027380943298339844,27.380943298339844
spoofing_handbrake,604,0.05023312568664551,50.23312568664551
spoofing_handbrake,604,0.050230979919433594,50.230979919433594
spoofing_handbrake,604,0.05022907257080078,50.22907257080078
spoofing_handbrake,604,0.030934810638427734,30.934810638427734
spoofing_handbrake,604,0.019379138946533203,19.379138946533203
spoofing_handbrake,604,0.05019998550415039,50.19998550415039
spoofing_handbrake,604,0.050195932388305664,50.195932388305664
spoofing_handbrake,604,0.05018806457519531,50.18806457519531
spoofing_handbrake,604,0.03703188896179199,37.03188896179199
spoofing_handbrake,604,0.013173103332519531,13.173103332519531
spoofing_handbrake,604,0.0502018928527832,50.2018928527832
spoofing_handbrake,604,0.05034208297729492,50.34208297729492
spoofing_handbrake,604,0.05019998550415039,50.19998550415039
spoofing_handbrake,604,0.04406309127807617,44.06309127807617
spoofing_handbrake,604,0.006155967712402344,6.155967712402344
spoofing_handbrake,604,0.05018305778503418,50.18305778503418
spoofing_handbrake,604,0.05022096633911133,50.22096633911133
spoofing_handbrake,604,0.050195932388305664,50.195932388305664
spoofing_handbrake,604,0.05026388168334961,50.26388168334961
spoofing_handbrake,604,0.0009870529174804688,0.9870529174804688
spoofing_handbrake,604,0.04926609992980957,49.26609992980957
spoofing_handbrake,604,0.050354957580566406,50.354957580566406
spoofing_handbrake,604,0.05022406578063965,50.22406578063965
spoofing_handbrake,604,0.050247907638549805,50.247907638549805
spoofing_handbrake,604,0.007883071899414062,7.8830718994140625
spoofing_handbrake,604,0.04233694076538086,42.33694076538086
spoofing_handbrake,604,0.05022597312927246,50.22597312927246
spoofing_handbrake,604,0.05024909973144531,50.24909973144531
spoofing_handbrake,604,0.05025291442871094,50.25291442871094
spoofing_handbrake,604,0.015985965728759766,15.985965728759766
spoofing_handbrake,604,0.03424406051635742,34.24406051635742
spoofing_handbrake,604,0.05019187927246094,50.19187927246094
spoofing_handbrake,604,0.05033302307128906,50.33302307128906
spoofing_handbrake,604,0.05032706260681152,50.32706260681152
spoofing_handbrake,604,0.02191901206970215,21.91901206970215
spoofing_handbrake,604,0.028306007385253906,28.306007385253906
spoofing_handbrake,604,0.05018496513366699,50.18496513366699
spoofing_handbrake,604,0.050276994705200195,50.276994705200195
spoofing_handbrake,604,0.05024409294128418,50.24409294128418
spoofing_handbrake,604,0.02894306182861328,28.94306182861328
spoofing_handbrake,604,0.021390914916992188,21.390914916992188
spoofing_handbrake,604,0.05033397674560547,50.33397674560547
spoofing_handbrake,604,0.05018806457519531,50.18806457519531
spoofing_handbrake,604,0.05020403861999512,50.20403861999512
spoofing_handbrake,604,0.03586983680725098,35.86983680725098
spoofing_handbrake,604,0.0144500732421875,14.4500732421875
spoofing_handbrake,604,0.05021500587463379,50.21500587463379
spoofing_handbrake,604,0.05021190643310547,50.21190643310547
spoofing_handbrake,604,0.05024099349975586,50.24099349975586
spoofing_handbrake,604,0.04294705390930176,42.94705390930176
spoofing_handbrake,604,0.0072901248931884766,7.290124893188477
spoofing_handbrake,604,0.05026888847351074,50.26888847351074
spoofing_handbrake,604,0.05018210411071777,50.18210411071777
spoofing_handbrake,604,0.05019187927246094,50.19187927246094
spoofing_handbrake,604,0.05022597312927246,50.22597312927246
spoofing_handbrake,604,0.0007841587066650391,0.7841587066650391
spoofing_handbrake,604,0.04946589469909668,49.46589469909668
spoofing_handbrake,604,0.05024003982543945,50.24003982543945
spoofing_handbrake,604,0.050215959548950195,50.215959548950195
spoofing_handbrake,604,0.05024409294128418,50.24409294128418
spoofing_handbrake,604,0.006824016571044922,6.824016571044922
spoofing_handbrake,604,0.043489933013916016,43.489933013916016
spoofing_handbrake,604,0.05032086372375488,50.32086372375488
spoofing_handbrake,604,0.05033111572265625,50.33111572265625
spoofing_handbrake,604,0.050209999084472656,50.209999084472656
spoofing_handbrake,604,0.013776063919067383,13.776063919067383
spoofing_handbrake,604,0.03642082214355469,36.42082214355469
spoofing_handbrake,604,0.05020618438720703,50.20618438720703
spoofing_handbrake,604,0.05018496513366699,50.18496513366699
spoofing_handbrake,604,0.05025887489318848,50.25887489318848
spoofing_handbrake,604,0.02082204818725586,20.82204818725586
spoofing_handbrake,604,0.029412031173706055,29.412031173706055
spoofing_handbrake,604,0.05021405220031738,50.21405220031738
spoofing_handbrake,604,0.05018496513366699,50.18496513366699
spoofing_handbrake,604,0.050219058990478516,50.219058990478516
spoofing_handbrake,604,0.027968883514404297,27.968883514404297
spoofing_handbrake,604,0.022256135940551758,22.256135940551758
spoofing_handbrake,604,0.050212860107421875,50.212860107421875
spoofing_handbrake,604,0.050154924392700195,50.154924392700195
spoofing_handbrake,604,0.05029702186584473,50.29702186584473
spoofing_handbrake,604,0.03610706329345703,36.10706329345703
spoofing_handbrake,604,0.014123916625976562,14.123916625976562
spoofing_handbrake,604,0.05035114288330078,50.35114288330078
spoofing_handbrake,604,0.050306081771850586,50.306081771850586
spoofing_handbrake,604,0.050230979919433594,50.230979919433594
spoofing_handbrake,604,0.04193401336669922,41.93401336669922
spoofing_handbrake,604,0.008289813995361328,8.289813995361328
spoofing_handbrake,604,0.05021500587463379,50.21500587463379
spoofing_handbrake,604,0.05033111572265625,50.33111572265625
spoofing_handbrake,604,0.050328969955444336,50.328969955444336
spoofing_handbrake,604,0.048870086669921875,48.870086669921875
spoofing_handbrake,604,0.0013608932495117188,1.3608932495117188
spoofing_handbrake,604,0.0502009391784668,50.2009391784668
spoofing_handbrake,604,0.05025601387023926,50.25601387023926
spoofing_handbrake,604,0.05022716522216797,50.22716522216797
spoofing_handbrake,604,0.05022883415222168,50.22883415222168
spoofing_handbrake,604,0.005674123764038086,5.674123764038086
spoofing_handbrake,604,0.04466104507446289,44.66104507446289
spoofing_handbrake,604,0.050186872482299805,50.186872482299805
spoofing_handbrake,604,0.05024600028991699,50.24600028991699
spoofing_handbrake,604,0.050256967544555664,50.256967544555664
spoofing_handbrake,604,0.012701034545898438,12.701034545898438
spoofing_handbrake,604,0.03751397132873535,37.51397132873535
spoofing_handbrake,604,0.05019497871398926,50.19497871398926
spoofing_handbrake,604,0.05017995834350586,50.17995834350586
spoofing_handbrake,604,0.050196170806884766,50.196170806884766
spoofing_handbrake,604,0.020923852920532227,20.923852920532227
spoofing_handbrake,604,0.02928018569946289,29.28018569946289
spoofing_handbrake,604,0.050337791442871094,50.337791442871094
spoofing_handbrake,604,0.050231218338012695,50.231218338012695
spoofing_handbrake,604,0.050203800201416016,50.203800201416016
spoofing_handbrake,604,0.02692413330078125,26.92413330078125
spoofing_handbrake,604,0.023333072662353516,23.333072662353516
spoofing_handbrake,604,0.050238847732543945,50.238847732543945
spoofing_handbrake,604,0.050195932388305664,50.195932388305664
spoofing_handbrake,604,0.050211191177368164,50.211191177368164
spoofing_handbrake,604,0.033975839614868164,33.975839614868164
spoofing_handbrake,604,0.016338109970092773,16.338109970092773
spoofing_handbrake,604,0.050282955169677734,50.282955169677734
spoofing_handbrake,604,0.05024099349975586,50.24099349975586
spoofing_handbrake,604,0.05024003982543945,50.24003982543945
spoofing_handbrake,604,0.04089188575744629,40.89188575744629
spoofing_handbrake,604,0.009303092956542969,9.303092956542969
spoofing_handbrake,604,0.0502009391784668,50.2009391784668
spoofing_handbrake,604,0.05034613609313965,50.34613609313965
spoofing_handbrake,604,0.05026102066040039,50.26102066040039
spoofing_handbrake,604,0.0478968620300293,47.8968620300293
spoofing_handbrake,604,0.002351999282836914,2.351999282836914
spoofing_handbrake,604,0.05038714408874512,50.38714408874512
spoofing_handbrake,604,0.05026888847351074,50.26888847351074
spoofing_handbrake,604,0.050232887268066406,50.232887268066406
spoofing_handbrake,604,0.05024409294128418,50.24409294128418
spoofing_handbrake,604,0.00451207160949707,4.51207160949707
spoofing_handbrake,604,0.045819997787475586,45.819997787475586
spoofing_handbrake,604,0.05022597312927246,50.22597312927246
spoofing_handbrake,604,0.0502009391784668,50.2009391784668
spoofing_handbrake,604,0.05023503303527832,50.23503303527832
spoofing_handbrake,604,0.011545896530151367,11.545896530151367
spoofing_handbrake,604,0.03879904747009277,38.79904747009277
spoofing_handbrake,604,0.05019116401672363,50.19116401672363
spoofing_handbrake,604,0.05025196075439453,50.25196075439453
spoofing_handbrake,604,0.05035996437072754,50.35996437072754
spoofing_handbrake,604,0.018420934677124023,18.420934677124023
spoofing_handbrake,604,0.031790971755981445,31.790971755981445
spoofing_handbrake,604,0.050199031829833984,50.199031829833984
spoofing_handbrake,604,0.05022406578063965,50.22406578063965
spoofing_handbrake,604,0.050241947174072266,50.241947174072266
spoofing_handbrake,604,0.0255129337310791,25.5129337310791
spoofing_handbrake,604,0.024821043014526367,24.821043014526367
spoofing_handbrake,604,0.05019712448120117,50.19712448120117
spoofing_handbrake,604,0.05025887489318848,50.25887489318848
spoofing_handbrake,604,0.050308942794799805,50.308942794799805
spoofing_handbrake,604,0.033416032791137695,33.416032791137695
spoofing_handbrake,604,0.016921043395996094,16.921043395996094
spoofing_handbrake,604,0.050184011459350586,50.184011459350586
spoofing_handbrake,604,0.05018901824951172,50.18901824951172
spoofing_handbrake,604,0.05020594596862793,50.20594596862793
spoofing_handbrake,604,0.03945803642272949,39.45803642272949
spoofing_handbrake,604,0.010805130004882812,10.805130004882812
spoofing_handbrake,604,0.050203800201416016,50.203800201416016
spoofing_handbrake,604,0.05022001266479492,50.22001266479492
spoofing_handbrake,604,0.05031418800354004,50.31418800354004
spoofing_handbrake,604,0.04645395278930664,46.45395278930664
spoofing_handbrake,604,0.0037839412689208984,3.7839412689208984
spoofing_handbrake,604,0.05018496513366699,50.18496513366699
spoofing_handbrake,604,0.05032610893249512,50.32610893249512
spoofing_handbrake,604,0.0503230094909668,50.3230094909668
spoofing_handbrake,604,0.05033397674560547,50.33397674560547
spoofing_handbrake,604,0.003022909164428711,3.022909164428711
spoofing_handbrake,604,0.04721713066101074,47.21713066101074
spoofing_handbrake,604,0.050221920013427734,50.221920013427734
spoofing_handbrake,604,0.05037808418273926,50.37808418273926
spoofing_handbrake,604,0.050253868103027344,50.253868103027344
spoofing_handbrake,604,0.010000944137573242,10.000944137573242
spoofing_handbrake,604,0.04019498825073242,40.19498825073242
spoofing_handbrake,604,0.05031609535217285,50.31609535217285
spoofing_handbrake,604,0.05035805702209473,50.35805702209473
spoofing_handbrake,604,0.050325870513916016,50.325870513916016
spoofing_handbrake,604,0.017779111862182617,17.779111862182617
spoofing_handbrake,604,0.03254389762878418,32.54389762878418
spoofing_handbrake,604,0.050343990325927734,50.343990325927734
spoofing_handbrake,604,0.05024099349975586,50.24099349975586
spoofing_handbrake,604,0.050251007080078125,50.251007080078125
spoofing_handbrake,604,0.023585081100463867,23.585081100463867
spoofing_handbrake,604,0.026753902435302734,26.753902435302734
spoofing_handbrake,604,0.05037117004394531,50.37117004394531
spoofing_handbrake,604,0.05035686492919922,50.35686492919922
spoofing_handbrake,604,0.05025815963745117,50.25815963745117
spoofing_handbrake,604,0.030267000198364258,30.267000198364258
spoofing_handbrake,604,0.019899845123291016,19.899845123291016
spoofing_handbrake,604,0.05015897750854492,50.15897750854492
spoofing_handbrake,604,0.051345109939575195,51.345109939575195
spoofing_handbrake,604,0.05015897750854492,50.15897750854492
spoofing_handbrake,604,0.03644609451293945,36.44609451293945
spoofing_handbrake,604,0.013749837875366211,13.749837875366211
spoofing_handbrake,604,0.050167083740234375,50.167083740234375
spoofing_handbrake,604,0.05019187927246094,50.19187927246094
spoofing_handbrake,604,0.050211191177368164,50.211191177368164
spoofing_handbrake,604,0.04372882843017578,43.72882843017578
spoofing_handbrake,604,0.0072269439697265625,7.2269439697265625
spoofing_handbrake,604,0.050208091735839844,50.208091735839844
spoofing_handbrake,604,0.05030107498168945,50.30107498168945
spoofing_handbrake,604,0.050154924392700195,50.154924392700195
spoofing_handbrake,604,0.050189971923828125,50.189971923828125
spoofing_handbrake,604,0.0008299350738525391,0.8299350738525391
spoofing_handbrake,604,0.04945111274719238,49.45111274719238
spoofing_handbrake,604,0.050173044204711914,50.173044204711914
spoofing_handbrake,604,0.05017900466918945,50.17900466918945
spoofing_handbrake,604,0.05015993118286133,50.15993118286133
spoofing_handbrake,604,0.007091999053955078,7.091999053955078
spoofing_handbrake,604,0.043096065521240234,43.096065521240234
spoofing_handbrake,604,0.050158023834228516,50.158023834228516
spoofing_handbrake,604,0.050279855728149414,50.279855728149414
spoofing_handbrake,604,0.050202131271362305,50.202131271362305
spoofing_handbrake,604,0.014261960983276367,14.261960983276367
spoofing_handbrake,604,0.036004066467285156,36.004066467285156
spoofing_handbrake,604,0.050264835357666016,50.264835357666016
spoofing_handbrake,604,0.05015110969543457,50.15110969543457
spoofing_handbrake,604,0.050167083740234375,50.167083740234375
spoofing_handbrake,604,0.021405935287475586,21.405935287475586
spoofing_handbrake,604,0.028753995895385742,28.753995895385742
spoofing_handbrake,604,0.05016803741455078,50.16803741455078
spoofing_handbrake,604,0.050279855728149414,50.279855728149414
spoofing_handbrake,604,0.050315141677856445,50.315141677856445
spoofing_handbrake,604,0.02847003936767578,28.47003936767578
spoofing_handbrake,604,0.0218198299407959,21.8198299407959
spoofing_handbrake,604,0.05027914047241211,50.27914047241211
spoofing_handbrake,604,0.05015683174133301,50.15683174133301
spoofing_handbrake,604,0.05018210411071777,50.18210411071777
spoofing_handbrake,604,0.03654909133911133,36.54909133911133
spoofing_handbrake,604,0.013718843460083008,13.718843460083008
spoofing_handbrake,604,0.050208091735839844,50.208091735839844
spoofing_handbrake,604,0.05017399787902832,50.17399787902832
spoofing_handbrake,604,0.050299882888793945,50.299882888793945
spoofing_handbrake,604,0.042620182037353516,42.620182037353516
spoofing_handbrake,604,0.007589817047119141,7.589817047119141
spoofing_handbrake,604,0.050248146057128906,50.248146057128906
spoofing_handbrake,604,0.0501859188079834,50.1859188079834
spoofing_handbrake,604,0.05021309852600098,50.21309852600098
spoofing_handbrake,604,0.04973101615905762,49.73101615905762
spoofing_handbrake,604,0.0005359649658203125,0.5359649658203125
spoofing_handbrake,604,0.05028104782104492,50.28104782104492
spoofing_handbrake,604,0.0501558780670166,50.1558780670166
spoofing_handbrake,604,0.05019497871398926,50.19497871398926
spoofing_handbrake,604,0.05029606819152832,50.29606819152832
spoofing_handbrake,604,0.00657200813293457,6.57200813293457
spoofing_handbrake,604,0.04372596740722656,43.72596740722656
spoofing_handbrake,604,0.05027508735656738,50.27508735656738
spoofing_handbrake,604,0.0502009391784668,50.2009391784668
spoofing_handbrake,604,0.05028104782104492,50.28104782104492
spoofing_handbrake,604,0.013556957244873047,13.556957244873047
spoofing_handbrake,604,0.03660702705383301,36.60702705383301
spoofing_handbrake,604,0.050206899642944336,50.206899642944336
spoofing_handbrake,604,0.050158023834228516,50.158023834228516
spoofing_handbrake,604,0.05015897750854492,50.15897750854492
spoofing_handbrake,604,0.021806955337524414,21.806955337524414
spoofing_handbrake,604,0.028463125228881836,28.463125228881836
spoofing_handbrake,604,0.05029582977294922,50.29582977294922
spoofing_handbrake,604,0.05018305778503418,50.18305778503418
spoofing_handbrake,604,0.050199031829833984,50.199031829833984
spoofing_handbrake,604,0.027856111526489258,27.856111526489258
spoofing_handbrake,604,0.022341012954711914,22.341012954711914
spoofing_handbrake,604,0.05018496513366699,50.18496513366699
spoofing_handbrake,604,0.0502009391784668,50.2009391784668
spoofing_handbrake,604,0.05016493797302246,50.16493797302246
spoofing_handbrake,604,0.03506112098693848,35.06112098693848
spoofing_handbrake,604,0.015231847763061523,15.231847763061523
spoofing_handbrake,604,0.05016517639160156,50.16517639160156
spoofing_handbrake,604,0.05017685890197754,50.17685890197754
spoofing_handbrake,604,0.05020713806152344,50.20713806152344
spoofing_handbrake,604,0.0422208309173584,42.2208309173584
spoofing_handbrake,604,0.00793313980102539,7.933139801025391
spoofing_handbrake,604,0.0501558780670166,50.1558780670166
spoofing_handbrake,604,0.050269126892089844,50.269126892089844
spoofing_handbrake,604,0.05020499229431152,50.20499229431152
spoofing_handbrake,604,0.050279855728149414,50.279855728149414
spoofing_handbrake,604,0.0001480579376220703,0.1480579376220703
spoofing_handbrake,604,0.050024986267089844,50.024986267089844
spoofing_handbrake,604,0.050286054611206055,50.286054611206055
spoofing_handbrake,604,0.05027294158935547,50.27294158935547
spoofing_handbrake,604,0.05027198791503906,50.27198791503906
spoofing_handbrake,604,0.00629115104675293,6.29115104675293
spoofing_handbrake,604,0.04387402534484863,43.87402534484863
spoofing_handbrake,604,0.05020284652709961,50.20284652709961
spoofing_handbrake,604,0.050184011459350586,50.184011459350586
spoofing_handbrake,604,0.050241947174072266,50.241947174072266
spoofing_handbrake,604,0.013345003128051758,13.345003128051758
spoofing_handbrake,604,0.03691911697387695,36.91911697387695
spoofing_handbrake,604,0.05018496513366699,50.18496513366699
spoofing_handbrake,604,0.050234079360961914,50.234079360961914
spoofing_handbrake,604,0.05019402503967285,50.19402503967285
spoofing_handbrake,604,0.02049088478088379,20.49088478088379
spoofing_handbrake,604,0.029735088348388672,29.735088348388672
spoofing_handbrake,604,0.05018782615661621,50.18782615661621
spoofing_handbrake,604,0.050222158432006836,50.222158432006836
spoofing_handbrake,604,0.05018901824951172,50.18901824951172
spoofing_handbrake,604,0.027676820755004883,27.676820755004883
spoofing_handbrake,604,0.02251720428466797,22.51720428466797
spoofing_handbrake,604,0.05023479461669922,50.23479461669922
spoofing_handbrake,604,0.05019021034240723,50.19021034240723
spoofing_handbrake,604,0.05019497871398926,50.19497871398926
spoofing_handbrake,604,0.03589200973510742,35.89200973510742
spoofing_handbrake,604,0.014358997344970703,14.358997344970703
spoofing_handbrake,604,0.05023980140686035,50.23980140686035
spoofing_handbrake,604,0.05029106140136719,50.29106140136719
spoofing_handbrake,604,0.05024099349975586,50.24099349975586
spoofing_handbrake,604,0.04185605049133301,41.85605049133301
spoofing_handbrake,604,0.008385896682739258,8.385896682739258
spoofing_handbrake,604,0.050196170806884766,50.196170806884766
spoofing_handbrake,604,0.05030202865600586,50.30202865600586
spoofing_handbrake,604,0.050238847732543945,50.238847732543945
spoofing_handbrake,604,0.04889106750488281,48.89106750488281
spoofing_handbrake,604,0.0013620853424072266,1.3620853424072266
spoofing_handbrake,604,0.05020499229431152,50.20499229431152
spoofing_handbrake,604,0.05023193359375,50.23193359375
spoofing_handbrake,604,0.050199031829833984,50.199031829833984
spoofing_handbrake,604,0.05019187927246094,50.19187927246094
spoofing_handbrake,604,0.0058591365814208984,5.859136581420898
spoofing_handbrake,604,0.04436898231506348,44.36898231506348
spoofing_handbrake,604,0.050195932388305664,50.195932388305664
spoofing_handbrake,604,0.05035710334777832,50.35710334777832
spoofing_handbrake,604,0.050232887268066406,50.232887268066406
spoofing_handbrake,604,0.012794971466064453,12.794971466064453
spoofing_handbrake,604,0.03749895095825195,37.49895095825195
spoofing_handbrake,604,0.05019712448120117,50.19712448120117
spoofing_handbrake,604,0.050184011459350586,50.184011459350586
spoofing_handbrake,604,0.05023193359375,50.23193359375
spoofing_handbrake,604,0.020833969116210938,20.833969116210938
spoofing_handbrake,604,0.029428958892822266,29.428958892822266
spoofing_handbrake,604,0.05023312568664551,50.23312568664551
spoofing_handbrake,604,0.05022597312927246,50.22597312927246
spoofing_handbrake,604,0.05021095275878906,50.21095275878906
spoofing_handbrake,604,0.026905059814453125,26.905059814453125
spoofing_handbrake,604,0.02331089973449707,23.31089973449707
spoofing_handbrake,604,0.050211191177368164,50.211191177368164
spoofing_handbrake,604,0.05034685134887695,50.34685134887695
spoofing_handbrake,604,0.050199031829833984,50.199031829833984
spoofing_handbrake,604,0.033921003341674805,33.921003341674805
spoofing_handbrake,604,0.016315937042236328,16.315937042236328
spoofing_handbrake,604,0.050199031829833984,50.199031829833984
spoofing_handbrake,604,0.050202131271362305,50.202131271362305
spoofing_handbrake,604,0.050218820571899414,50.218820571899414
spoofing_handbrake,604,0.04120898246765137,41.20898246765137
spoofing_handbrake,604,0.009021997451782227,9.021997451782227
spoofing_handbrake,604,0.050219058990478516,50.219058990478516
spoofing_handbrake,604,0.05031704902648926,50.31704902648926
spoofing_handbrake,604,0.05020904541015625,50.20904541015625
spoofing_handbrake,604,0.04811501502990723,48.11501502990723
spoofing_handbrake,604,0.0021278858184814453,2.1278858184814453
spoofing_handbrake,604,0.05019402503967285,50.19402503967285
spoofing_handbrake,604,0.05022096633911133,50.22096633911133
spoofing_handbrake,604,0.05019807815551758,50.19807815551758
spoofing_handbrake,604,0.05019807815551758,50.19807815551758
spoofing_handbrake,604,0.006066799163818359,6.066799163818359
spoofing_handbrake,604,0.04411506652832031,44.11506652832031
spoofing_handbrake,604,0.05022692680358887,50.22692680358887
spoofing_handbrake,604,0.05033302307128906,50.33302307128906
spoofing_handbrake,604,0.050211191177368164,50.211191177368164
spoofing_handbrake,604,0.012131929397583008,12.131929397583008
spoofing_handbrake,604,0.03810691833496094,38.10691833496094
spoofing_handbrake,604,0.05029606819152832,50.29606819152832
spoofing_handbrake,604,0.050245046615600586,50.245046615600586
spoofing_handbrake,604,0.05022788047790527,50.22788047790527
spoofing_handbrake,604,0.01908111572265625,19.08111572265625
spoofing_handbrake,604,0.031174898147583008,31.174898147583008
spoofing_handbrake,604,0.050193071365356445,50.193071365356445
spoofing_handbrake,604,0.050212860107421875,50.212860107421875
spoofing_handbrake,604,0.050248146057128906,50.248146057128906
spoofing_handbrake,604,0.026149988174438477,26.149988174438477
spoofing_handbrake,604,0.02404189109802246,24.04189109802246
spoofing_handbrake,604,0.05022311210632324,50.22311210632324
spoofing_handbrake,604,0.050189971923828125,50.189971923828125
spoofing_handbrake,604,0.0501859188079834,50.1859188079834
spoofing_handbrake,604,0.033390045166015625,33.390045166015625
spoofing_handbrake,604,0.016776084899902344,16.776084899902344
spoofing_handbrake,604,0.05017995834350586,50.17995834350586
spoofing_handbrake,604,0.05019402503967285,50.19402503967285
spoofing_handbrake,604,0.050225019454956055,50.225019454956055
spoofing_handbrake,604,0.04162287712097168,41.62287712097168
spoofing_handbrake,604,0.008607149124145508,8.607149124145508
spoofing_handbrake,604,0.05022597312927246,50.22597312927246
spoofing_handbrake,604,0.05019092559814453,50.19092559814453
spoofing_handbrake,604,0.05026507377624512,50.26507377624512
spoofing_handbrake,604,0.04765486717224121,47.65486717224121
spoofing_handbrake,604,0.002541065216064453,2.541065216064453
spoofing_handbrake,604,0.05019402503967285,50.19402503967285
spoofing_handbrake,604,0.05020308494567871,50.20308494567871
spoofing_handbrake,604,0.05024886131286621,50.24886131286621
spoofing_handbrake,604,0.05020594596862793,50.20594596862793
spoofing_handbrake,604,0.004697084426879883,4.697084426879883
spoofing_handbrake,604,0.04551196098327637,45.51196098327637
spoofing_handbrake,604,0.050330162048339844,50.330162048339844
spoofing_handbrake,604,0.05022287368774414,50.22287368774414
spoofing_handbrake,604,0.0502009391784668,50.2009391784668
spoofing_handbrake,604,0.0116729736328125,11.6729736328125
spoofing_handbrake,604,0.03862810134887695,38.62810134887695
spoofing_handbrake,604,0.050321102142333984,50.321102142333984
spoofing_handbrake,604,0.05018496513366699,50.18496513366699
spoofing_handbrake,604,0.05020403861999512,50.20403861999512
spoofing_handbrake,604,0.019725799560546875,19.725799560546875
spoofing_handbrake,604,0.03062605857849121,30.62605857849121
spoofing_handbrake,604,0.050222158432006836,50.222158432006836
spoofing_handbrake,604,0.050192832946777344,50.192832946777344
spoofing_handbrake,604,0.05023312568664551,50.23312568664551
spoofing_handbrake,604,0.025673866271972656,25.673866271972656
spoofing_handbrake,604,0.024523019790649414,24.523019790649414
spoofing_handbrake,604,0.05018806457519531,50.18806457519531
spoofing_handbrake,604,0.05024099349975586,50.24099349975586
spoofing_handbrake,604,0.05021405220031738,50.21405220031738
spoofing_handbrake,604,0.03279399871826172,32.79399871826172
spoofing_handbrake,604,0.017393827438354492,17.393827438354492
spoofing_handbrake,604,0.050211191177368164,50.211191177368164
spoofing_handbrake,604,0.05030488967895508,50.30488967895508
spoofing_handbrake,604,0.05028700828552246,50.28700828552246
spoofing_handbrake,604,0.0398249626159668,39.8249626159668
spoofing_handbrake,604,0.01036214828491211,10.36214828491211
spoofing_handbrake,604,0.05024099349975586,50.24099349975586
spoofing_handbrake,604,0.05025482177734375,50.25482177734375
spoofing_handbrake,604,0.05022001266479492,50.22001266479492
spoofing_handbrake,604,0.04694104194641113,46.94104194641113
spoofing_handbrake,604,0.003314971923828125,3.314971923828125
spoofing_handbrake,604,0.05019712448120117,50.19712448120117
spoofing_handbrake,604,0.05023598670959473,50.23598670959473
spoofing_handbrake,604,0.0502009391784668,50.2009391784668
spoofing_handbrake,604,0.050292015075683594,50.292015075683594
spoofing_handbrake,604,0.004762887954711914,4.762887954711914
spoofing_handbrake,604,0.045433998107910156,45.433998107910156
spoofing_handbrake,604,0.05030202865600586,50.30202865600586
spoofing_handbrake,604,0.05019402503967285,50.19402503967285
spoofing_handbrake,604,0.05019712448120117,50.19712448120117
spoofing_handbrake,604,0.010861873626708984,10.861873626708984
spoofing_handbrake,604,0.03932499885559082,39.32499885559082
spoofing_handbrake,604,0.050215959548950195,50.215959548950195
spoofing_handbrake,604,0.05029010772705078,50.29010772705078
spoofing_handbrake,604,0.05017995834350586,50.17995834350586
spoofing_handbrake,604,0.018985986709594727,18.985986709594727
spoofing_handbrake,604,0.031206130981445312,31.206130981445312
spoofing_handbrake,604,0.05023598670959473,50.23598670959473
spoofing_handbrake,604,0.050340890884399414,50.340890884399414
spoofing_handbrake,604,0.050195932388305664,50.195932388305664
spoofing_handbrake,604,0.026050090789794922,26.050090789794922
spoofing_handbrake,604,0.024132966995239258,24.132966995239258
spoofing_handbrake,604,0.050187110900878906,50.187110900878906
spoofing_handbrake,604,0.05019688606262207,50.19688606262207
spoofing_handbrake,604,0.050245046615600586,50.245046615600586
spoofing_handbrake,604,0.03318905830383301,33.18905830383301
spoofing_handbrake,604,0.017007827758789062,17.007827758789062
spoofing_handbrake,604,0.05018115043640137,50.18115043640137
spoofing_handbrake,604,0.05017995834350586,50.17995834350586
spoofing_handbrake,604,0.05023789405822754,50.23789405822754
spoofing_handbrake,604,0.041436195373535156,41.436195373535156
spoofing_handbrake,604,0.008761882781982422,8.761882781982422
spoofing_handbrake,604,0.05020713806152344,50.20713806152344
spoofing_handbrake,604,0.05022001266479492,50.22001266479492
spoofing_handbrake,604,0.05023694038391113,50.23694038391113
spoofing_handbrake,604,0.04750204086303711,47.50204086303711
spoofing_handbrake,604,0.0026988983154296875,2.6988983154296875
spoofing_handbrake,604,0.050209999084472656,50.209999084472656
spoofing_handbrake,604,0.05017590522766113,50.17590522766113
spoofing_handbrake,604,0.05021309852600098,50.21309852600098
spoofing_handbrake,604,0.05023503303527832,50.23503303527832
spoofing_handbrake,604,0.0045490264892578125,4.5490264892578125
spoofing_handbrake,604,0.04575204849243164,45.75204849243164
spoofing_handbrake,604,0.05025482177734375,50.25482177734375
spoofing_handbrake,604,0.050286054611206055,50.286054611206055
spoofing_handbrake,604,0.05030202865600586,50.30202865600586
spoofing_handbrake,604,0.01137399673461914,11.37399673461914
spoofing_handbrake,604,0.038945913314819336,38.945913314819336
spoofing_handbrake,604,0.05016899108886719,50.16899108886719
spoofing_handbrake,604,0.05020499229431152,50.20499229431152
spoofing_handbrake,604,0.050170183181762695,50.170183181762695
spoofing_handbrake,604,0.01846599578857422,18.46599578857422
spoofing_handbrake,604,0.0317230224609375,31.7230224609375
spoofing_handbrake,604,0.05019187927246094,50.19187927246094
spoofing_handbrake,604,0.05018305778503418,50.18305778503418
spoofing_handbrake,604,0.05017900466918945,50.17900466918945
spoofing_handbrake,604,0.026726961135864258,26.726961135864258
spoofing_handbrake,604,0.023446083068847656,23.446083068847656
spoofing_handbrake,604,0.05017685890197754,50.17685890197754
spoofing_handbrake,604,0.05018496513366699,50.18496513366699
spoofing_handbrake,604,0.05015397071838379,50.15397071838379
spoofing_handbrake,604,0.033057212829589844,33.057212829589844
spoofing_handbrake,604,0.01714301109313965,17.14301109313965
spoofing_handbrake,604,0.05021095275878906,50.21095275878906
spoofing_handbrake,604,0.05028200149536133,50.28200149536133
spoofing_handbrake,604,0.05020403861999512,50.20403861999512
spoofing_handbrake,604,0.04011893272399902,40.11893272399902
spoofing_handbrake,604,0.010046958923339844,10.046958923339844
spoofing_handbrake,604,0.050247907638549805,50.247907638549805
spoofing_handbrake,604,0.0502171516418457,50.2171516418457
spoofing_handbrake,604,0.05030989646911621,50.30989646911621
spoofing_handbrake,604,0.04719710350036621,47.19710350036621
spoofing_handbrake,604,0.0030088424682617188,3.0088424682617188
spoofing_handbrake,604,0.050280094146728516,50.280094146728516
spoofing_handbrake,604,0.05016899108886719,50.16899108886719
spoofing_handbrake,604,0.05019211769104004,50.19211769104004
spoofing_handbrake,604,0.050186872482299805,50.186872482299805
spoofing_handbrake,604,0.004199028015136719,4.199028015136719
spoofing_handbrake,604,0.04597902297973633,45.97902297973633
spoofing_handbrake,604,0.050282955169677734,50.282955169677734
spoofing_handbrake,604,0.050189971923828125,50.189971923828125
spoofing_handbrake,604,0.050167083740234375,50.167083740234375
spoofing_handbrake,604,0.012328863143920898,12.328863143920898
spoofing_handbrake,604,0.03785109519958496,37.85109519958496
spoofing_handbrake,604,0.050173044204711914,50.173044204711914
spoofing_handbrake,604,0.05029487609863281,50.29487609863281
spoofing_handbrake,604,0.05026817321777344,50.26817321777344
spoofing_handbrake,604,0.01844000816345215,18.44000816345215
spoofing_handbrake,604,0.03174996376037598,31.749963760375977
spoofing_handbrake,604,0.05017995834350586,50.17995834350586
spoofing_handbrake,604,0.05017495155334473,50.17495155334473
spoofing_handbrake,604,0.050167083740234375,50.167083740234375
spoofing_handbrake,604,0.025775909423828125,25.775909423828125
spoofing_handbrake,604,0.02438807487487793,24.38807487487793
spoofing_handbrake,604,0.05016899108886719,50.16899108886719
spoofing_handbrake,604,0.05020403861999512,50.20403861999512
spoofing_handbrake,604,0.05019402503967285,50.19402503967285
spoofing_handbrake,604,0.032958984375,32.958984375
spoofing_handbrake,604,0.0172119140625,17.2119140625
spoofing_handbrake,604,0.05017399787902832,50.17399787902832
spoofing_handbrake,604,0.050184011459350586,50.184011459350586
spoofing_handbrake,604,0.05017209053039551,50.17209053039551
spoofing_handbrake,604,0.04129791259765625,41.29791259765625
spoofing_handbrake,604,0.008871078491210938,8.871078491210938
spoofing_handbrake,604,0.0502009391784668,50.2009391784668
spoofing_handbrake,604,0.05017995834350586,50.17995834350586
spoofing_handbrake,604,0.050282955169677734,50.282955169677734
spoofing_handbrake,604,0.047428131103515625,47.428131103515625
spoofing_handbrake,604,0.0027348995208740234,2.7348995208740234
spoofing_handbrake,604,0.050132036209106445,50.132036209106445
spoofing_handbrake,604,0.050163984298706055,50.163984298706055
spoofing_handbrake,604,0.050167083740234375,50.167083740234375
spoofing_handbrake,604,0.050199031829833984,50.199031829833984
spoofing_handbrake,604,0.004669904708862305,4.669904708862305
spoofing_handbrake,604,0.045545101165771484,45.545101165771484
spoofing_handbrake,604,0.05019879341125488,50.19879341125488
spoofing_handbrake,604,0.05018115043640137,50.18115043640137
spoofing_handbrake,604,0.05019688606262207,50.19688606262207
spoofing_handbrake,604,0.011890172958374023,11.890172958374023
spoofing_handbrake,604,0.03839683532714844,38.39683532714844
spoofing_handbrake,604,0.05017209053039551,50.17209053039551
spoofing_handbrake,604,0.05019998550415039,50.19998550415039
spoofing_handbrake,604,0.0501859188079834,50.1859188079834
spoofing_handbrake,604,0.01899409294128418,18.99409294128418
spoofing_handbrake,604,0.031178951263427734,31.178951263427734
spoofing_handbrake,604,0.05017709732055664,50.17709732055664
spoofing_handbrake,604,0.05030488967895508,50.30488967895508
spoofing_handbrake,604,0.05024909973144531,50.24909973144531
spoofing_handbrake,604,0.02710103988647461,27.10103988647461
spoofing_handbrake,604,0.023102998733520508,23.102998733520508
spoofing_handbrake,604,0.050186872482299805,50.186872482299805
spoofing_handbrake,604,0.05016899108886719,50.16899108886719
spoofing_handbrake,604,0.050187110900878906,50.187110900878906
spoofing_handbrake,604,0.03330397605895996,33.30397605895996
spoofing_handbrake,604,0.01687788963317871,16.87788963317871
spoofing_handbrake,604,0.050167083740234375,50.167083740234375
spoofing_handbrake,604,0.05018496513366699,50.18496513366699
spoofing_handbrake,604,0.050184011459350586,50.184011459350586
spoofing_handbrake,604,0.040647029876708984,40.647029876708984
spoofing_handbrake,604,0.009625911712646484,9.625911712646484
spoofing_handbrake,604,0.050176143646240234,50.176143646240234
spoofing_handbrake,604,0.05017900466918945,50.17900466918945
spoofing_handbrake,604,0.050189971923828125,50.189971923828125
spoofing_handbrake,604,0.047749996185302734,47.749996185302734
spoofing_handbrake,604,0.0024209022521972656,2.4209022521972656
spoofing_handbrake,604,0.05029702186584473,50.29702186584473
spoofing_handbrake,604,0.05026698112487793,50.26698112487793
spoofing_handbrake,604,0.05015707015991211,50.15707015991211
spoofing_handbrake,604,0.05019402503967285,50.19402503967285
spoofing_handbrake,604,0.00474095344543457,4.74095344543457
spoofing_handbrake,604,0.04548501968383789,45.48501968383789
spoofing_handbrake,604,0.050219058990478516,50.219058990478516
spoofing_handbrake,604,0.05018782615661621,50.18782615661621
spoofing_handbrake,604,0.05022716522216797,50.22716522216797
spoofing_handbrake,604,0.012840986251831055,12.840986251831055
spoofing_handbrake,604,0.03736281394958496,37.36281394958496
spoofing_handbrake,604,0.05016613006591797,50.16613006591797
spoofing_handbrake,604,0.05016899108886719,50.16899108886719
spoofing_handbrake,604,0.050195932388305664,50.195932388305664
spoofing_handbrake,604,0.01956915855407715,19.56915855407715
spoofing_handbrake,604,0.03068399429321289,30.68399429321289
spoofing_handbrake,604,0.05027890205383301,50.27890205383301
spoofing_handbrake,604,0.05024003982543945,50.24003982543945
spoofing_handbrake,604,0.05018186569213867,50.18186569213867
spoofing_handbrake,604,0.026144981384277344,26.144981384277344
spoofing_handbrake,604,0.0240781307220459,24.0781307220459
spoofing_handbrake,604,0.050169944763183594,50.169944763183594
spoofing_handbrake,604,0.05018901824951172,50.18901824951172
spoofing_handbrake,604,0.0502009391784668,50.2009391784668
spoofing_handbrake,604,0.03337907791137695,33.37907791137695
spoofing_handbrake,604,0.016843080520629883,16.843080520629883
spoofing_handbrake,604,0.0501558780670166,50.1558780670166
spoofing_handbrake,604,0.050267934799194336,50.267934799194336
spoofing_handbrake,604,0.05033111572265625,50.33111572265625
spoofing_handbrake,604,0.04035496711730957,40.35496711730957
spoofing_handbrake,604,0.009864091873168945,9.864091873168945
spoofing_handbrake,604,0.05026698112487793,50.26698112487793
spoofing_handbrake,604,0.0502469539642334,50.2469539642334
spoofing_handbrake,604,0.050215959548950195,50.215959548950195
spoofing_handbrake,604,0.04842805862426758,48.42805862426758
spoofing_handbrake,604,0.0017628669738769531,1.7628669738769531
spoofing_handbrake,604,0.05016803741455078,50.16803741455078
spoofing_handbrake,604,0.050163984298706055,50.163984298706055
spoofing_handbrake,604,0.050269126892089844,50.269126892089844
spoofing_handbrake,604,0.05027604103088379,50.27604103088379
spoofing_handbrake,604,0.004395008087158203,4.395008087158203
spoofing_handbrake,604,0.045900821685791016,45.900821685791016
spoofing_handbrake,604,0.05016613006591797,50.16613006591797
spoofing_handbrake,604,0.050209999084472656,50.209999084472656
spoofing_handbrake,604,0.05016899108886719,50.16899108886719
spoofing_handbrake,604,0.011493921279907227,11.493921279907227
spoofing_handbrake,604,0.03870511054992676,38.70511054992676
spoofing_handbrake,604,0.05095195770263672,50.95195770263672
spoofing_handbrake,604,0.05029702186584473,50.29702186584473
spoofing_handbrake,604,0.050199031829833984,50.199031829833984
spoofing_handbrake,604,0.01785898208618164,17.85898208618164
spoofing_handbrake,604,0.032305002212524414,32.305002212524414
spoofing_handbrake,604,0.050206899642944336,50.206899642944336
spoofing_handbrake,604,0.05020403861999512,50.20403861999512
spoofing_handbrake,604,0.050267934799194336,50.267934799194336
spoofing_handbrake,604,0.0250241756439209,25.0241756439209
spoofing_handbrake,604,0.02515101432800293,25.15101432800293
spoofing_handbrake,604,0.05028200149536133,50.28200149536133
spoofing_handbrake,604,0.050177812576293945,50.177812576293945
spoofing_handbrake,604,0.05036115646362305,50.36115646362305
spoofing_handbrake,604,0.03300786018371582,33.00786018371582
spoofing_handbrake,604,0.017179012298583984,17.179012298583984
spoofing_handbrake,604,0.05015993118286133,50.15993118286133
spoofing_handbrake,604,0.050202131271362305,50.202131271362305
spoofing_handbrake,604,0.05019807815551758,50.19807815551758
spoofing_handbrake,604,0.039238929748535156,39.238929748535156
spoofing_handbrake,604,0.010963916778564453,10.963916778564453
spoofing_handbrake,604,0.050286054611206055,50.286054611206055
spoofing_handbrake,604,0.05019998550415039,50.19998550415039
spoofing_handbrake,604,0.050334930419921875,50.334930419921875
spoofing_handbrake,604,0.04628419876098633,46.28419876098633
spoofing_handbrake,604,0.003885984420776367,3.885984420776367
spoofing_handbrake,604,0.050184011459350586,50.184011459350586
spoofing_handbrake,604,0.050215959548950195,50.215959548950195
spoofing_handbrake,604,0.05020594596862793,50.20594596862793
spoofing_handbrake,604,0.05031108856201172,50.31108856201172
spoofing_handbrake,604,0.003258943557739258,3.258943557739258
spoofing_handbrake,604,0.04713702201843262,47.13702201843262
spoofing_handbrake,604,0.05021500587463379,50.21500587463379
spoofing_handbrake,604,0.05071401596069336,50.71401596069336
spoofing_handbrake,604,0.050206899642944336,50.206899642944336
spoofing_handbrake,604,0.010648965835571289,10.648965835571289
spoofing_handbrake,604,0.03958415985107422,39.58415985107422
spoofing_handbrake,604,0.05020499229431152,50.20499229431152
spoofing_handbrake,604,0.050163984298706055,50.163984298706055
spoofing_handbrake,604,0.05016279220581055,50.16279220581055
spoofing_handbrake,604,0.016860008239746094,16.860008239746094
spoofing_handbrake,604,0.03329801559448242,33.29801559448242
spoofing_handbrake,604,0.050158023834228516,50.158023834228516
spoofing_handbrake,604,0.05017805099487305,50.17805099487305
spoofing_handbrake,604,0.050904035568237305,50.904035568237305
spoofing_handbrake,604,0.023418903350830078,23.418903350830078
spoofing_handbrake,604,0.026868104934692383,26.868104934692383
spoofing_handbrake,604,0.05017209053039551,50.17209053039551
spoofing_handbrake,604,0.05017685890197754,50.17685890197754
spoofing_handbrake,604,0.05016613006591797,50.16613006591797
spoofing_handbrake,604,0.03069281578063965,30.69281578063965
spoofing_handbrake,604,0.019576072692871094,19.576072692871094
spoofing_handbrake,604,0.05026602745056152,50.26602745056152
spoofing_handbrake,604,0.050167083740234375,50.167083740234375
spoofing_handbrake,604,0.05020880699157715,50.20880699157715
spoofing_handbrake,604,0.037705183029174805,37.705183029174805
spoofing_handbrake,604,0.012508869171142578,12.508869171142578
spoofing_handbrake,604,0.05017209053039551,50.17209053039551
spoofing_handbrake,604,0.050212860107421875,50.212860107421875
spoofing_handbrake,604,0.05016613006591797,50.16613006591797
spoofing_handbrake,604,0.045968055725097656,45.968055725097656
spoofing_handbrake,604,0.00418400764465332,4.18400764465332
spoofing_handbrake,604,0.05018782615661621,50.18782615661621
spoofing_handbrake,604,0.0501551628112793,50.1551628112793
spoofing_handbrake,604,0.05018901824951172,50.18901824951172
spoofing_handbrake,604,0.050206899642944336,50.206899642944336
spoofing_handbrake,604,0.0021169185638427734,2.1169185638427734
spoofing_handbrake,604,0.04806804656982422,48.06804656982422
spoofing_handbrake,604,0.050208091735839844,50.208091735839844
spoofing_handbrake,604,0.050163984298706055,50.163984298706055
spoofing_handbrake,604,0.05018782615661621,50.18782615661621
spoofing_handbrake,604,0.00931406021118164,9.31406021118164
spoofing_handbrake,604,0.04088616371154785,40.88616371154785
spoofing_handbrake,604,0.05017280578613281,50.17280578613281
spoofing_handbrake,604,0.050196170806884766,50.196170806884766
spoofing_handbrake,604,0.0502169132232666,50.2169132232666
spoofing_handbrake,604,0.016535043716430664,16.535043716430664
spoofing_handbrake,604,0.03365898132324219,33.65898132324219
spoofing_handbrake,604,0.05078291893005371,50.78291893005371
spoofing_handbrake,604,0.050286054611206055,50.286054611206055
spoofing_handbrake,604,0.05016493797302246,50.16493797302246
spoofing_handbrake,604,0.023128986358642578,23.128986358642578
spoofing_handbrake,604,0.02702617645263672,27.02617645263672
spoofing_handbrake,604,0.050267934799194336,50.267934799194336
spoofing_handbrake,604,0.050286054611206055,50.286054611206055
spoofing_handbrake,604,0.050209999084472656,50.209999084472656
spoofing_handbrake,604,0.031171798706054688,31.171798706054688
spoofing_handbrake,604,0.01905512809753418,19.05512809753418
spoofing_handbrake,604,0.05015087127685547,50.15087127685547
spoofing_handbrake,604,0.05017900466918945,50.17900466918945
spoofing_handbrake,604,0.05015420913696289,50.15420913696289
spoofing_handbrake,604,0.03755688667297363,37.55688667297363
spoofing_handbrake,604,0.012710094451904297,12.710094451904297
spoofing_handbrake,604,0.05029487609863281,50.29487609863281
spoofing_handbrake,604,0.05016207695007324,50.16207695007324
spoofing_handbrake,604,0.05015397071838379,50.15397071838379
spoofing_handbrake,604,0.04461407661437988,44.61407661437988
spoofing_handbrake,604,0.00559687614440918,5.59687614440918
spoofing_handbrake,604,0.050267934799194336,50.267934799194336
spoofing_handbrake,604,0.05015301704406738,50.15301704406738
spoofing_handbrake,604,0.05052518844604492,50.52518844604492
spoofing_handbrake,604,0.05028796195983887,50.28796195983887
spoofing_handbrake,604,0.0011708736419677734,1.1708736419677734
spoofing_handbrake,604,0.0489959716796875,48.9959716796875
spoofing_handbrake,604,0.05015921592712402,50.15921592712402
spoofing_handbrake,604,0.050206899642944336,50.206899642944336
spoofing_handbrake,604,0.05021095275878906,50.21095275878906
spoofing_handbrake,604,0.00838613510131836,8.38613510131836
spoofing_handbrake,604,0.041890859603881836,41.890859603881836
spoofing_handbrake,604,0.050169944763183594,50.169944763183594
spoofing_handbrake,604,0.050199031829833984,50.199031829833984
spoofing_handbrake,604,0.050599098205566406,50.599098205566406
spoofing_handbrake,604,0.016136884689331055,16.136884689331055
spoofing_handbrake,604,0.03408408164978027,34.08408164978027
spoofing_handbrake,604,0.050209999084472656,50.209999084472656
spoofing_handbrake,604,0.0502018928527832,50.2018928527832
spoofing_handbrake,604,0.0502011775970459,50.2011775970459
spoofing_handbrake,604,0.022348880767822266,22.348880767822266
spoofing_handbrake,604,0.028023958206176758,28.023958206176758
spoofing_handbrake,604,0.050202131271362305,50.202131271362305
spoofing_handbrake,604,0.050241947174072266,50.241947174072266
spoofing_handbrake,604,0.05022907257080078,50.22907257080078
spoofing_handbrake,604,0.029280900955200195,29.280900955200195
spoofing_handbrake,604,0.021004915237426758,21.004915237426758
spoofing_handbrake,604,0.05020713806152344,50.20713806152344
spoofing_handbrake,604,0.05023908615112305,50.23908615112305
spoofing_handbrake,604,0.05019998550415039,50.19998550415039
spoofing_handbrake,604,0.036360979080200195,36.360979080200195
spoofing_handbrake,604,0.013873815536499023,13.873815536499023
spoofing_handbrake,604,0.05016803741455078,50.16803741455078
spoofing_handbrake,604,0.050209999084472656,50.209999084472656
spoofing_handbrake,604,0.05020308494567871,50.20308494567871
spoofing_handbrake,604,0.04348897933959961,43.48897933959961
spoofing_handbrake,604,0.006685018539428711,6.685018539428711
spoofing_handbrake,604,0.05034589767456055,50.34589767456055
spoofing_handbrake,604,0.050161123275756836,50.161123275756836
spoofing_handbrake,604,0.05024290084838867,50.24290084838867
spoofing_handbrake,604,0.05029702186584473,50.29702186584473
spoofing_handbrake,604,0.0013179779052734375,1.3179779052734375
spoofing_handbrake,604,0.04900813102722168,49.00813102722168
spoofing_handbrake,604,0.05016589164733887,50.16589164733887
spoofing_handbrake,604,0.050169944763183594,50.169944763183594
spoofing_handbrake,604,0.05028200149536133,50.28200149536133
spoofing_handbrake,604,0.007325172424316406,7.325172424316406
spoofing_handbrake,604,0.04295682907104492,42.95682907104492
spoofing_handbrake,604,0.05016016960144043,50.16016960144043
spoofing_handbrake,604,0.050151824951171875,50.151824951171875
spoofing_handbrake,604,0.050187110900878906,50.187110900878906
spoofing_handbrake,604,0.014554977416992188,14.554977416992188
spoofing_handbrake,604,0.03559398651123047,35.59398651123047
spoofing_handbrake,604,0.0502629280090332,50.2629280090332
spoofing_handbrake,604,0.05016207695007324,50.16207695007324
spoofing_handbrake,604,0.050163984298706055,50.163984298706055
spoofing_handbrake,604,0.021882057189941406,21.882057189941406
spoofing_handbrake,604,0.028304100036621094,28.304100036621094
spoofing_handbrake,604,0.050212860107421875,50.212860107421875
spoofing_handbrake,604,0.05019497871398926,50.19497871398926
spoofing_handbrake,604,0.050292015075683594,50.292015075683594
spoofing_handbrake,604,0.028934955596923828,28.934955596923828
spoofing_handbrake,604,0.02123117446899414,21.23117446899414
spoofing_handbrake,604,0.050195932388305664,50.195932388305664
spoofing_handbrake,604,0.0501708984375,50.1708984375
spoofing_handbrake,604,0.05027914047241211,50.27914047241211
spoofing_handbrake,604,0.0361018180847168,36.1018180847168
spoofing_handbrake,604,0.014084100723266602,14.084100723266602
spoofing_handbrake,604,0.05017590522766113,50.17590522766113
spoofing_handbrake,604,0.050306081771850586,50.306081771850586
spoofing_handbrake,604,0.05028796195983887,50.28796195983887
spoofing_handbrake,604,0.0431671142578125,43.1671142578125
spoofing_handbrake,604,0.007119894027709961,7.119894027709961
spoofing_handbrake,604,0.0502779483795166,50.2779483795166
spoofing_handbrake,604,0.05019211769104004,50.19211769104004
spoofing_handbrake,604,0.05019187927246094,50.19187927246094
spoofing_handbrake,604,0.05023002624511719,50.23002624511719
spoofing_handbrake,604,6.008148193359375e-05,0.06008148193359375
spoofing_handbrake,604,0.05018806457519531,50.18806457519531
spoofing_handbrake,604,0.05016589164733887,50.16589164733887
spoofing_handbrake,604,0.0502009391784668,50.2009391784668
spoofing_handbrake,604,0.0501551628112793,50.1551628112793
spoofing_handbrake,604,0.007191896438598633,7.191896438598633
spoofing_handbrake,604,0.04297900199890137,42.97900199890137
spoofing_handbrake,604,0.05017209053039551,50.17209053039551
spoofing_handbrake,604,0.050193071365356445,50.193071365356445
spoofing_handbrake,604,0.05015993118286133,50.15993118286133
spoofing_handbrake,604,0.015500068664550781,15.500068664550781
spoofing_handbrake,604,0.0346219539642334,34.6219539642334
spoofing_handbrake,604,0.05015897750854492,50.15897750854492
spoofing_handbrake,604,0.0502018928527832,50.2018928527832
spoofing_handbrake,604,0.050167083740234375,50.167083740234375
spoofing_handbrake,604,0.021883010864257812,21.883010864257812
spoofing_handbrake,604,0.028296947479248047,28.296947479248047
spoofing_handbrake,604,0.05017995834350586,50.17995834350586
spoofing_handbrake,604,0.05018496513366699,50.18496513366699
spoofing_handbrake,604,0.05019712448120117,50.19712448120117
spoofing_handbrake,604,0.029162883758544922,29.162883758544922
spoofing_handbrake,604,0.02112412452697754,21.12412452697754
spoofing_handbrake,604,0.0501859188079834,50.1859188079834
spoofing_handbrake,604,0.05020308494567871,50.20308494567871
spoofing_handbrake,604,0.050292015075683594,50.292015075683594
spoofing_handbrake,604,0.03612804412841797,36.12804412841797
spoofing_handbrake,604,0.014033794403076172,14.033794403076172
spoofing_handbrake,604,0.0501561164855957,50.1561164855957
spoofing_handbrake,604,0.05016589164733887,50.16589164733887
spoofing_handbrake,604,0.05031013488769531,50.31013488769531
spoofing_handbrake,604,0.04334092140197754,43.34092140197754
spoofing_handbrake,604,0.006937980651855469,6.937980651855469
spoofing_handbrake,604,0.0501551628112793,50.1551628112793
spoofing_handbrake,604,0.0501708984375,50.1708984375
spoofing_handbrake,604,0.050195932388305664,50.195932388305664
spoofing_handbrake,604,0.05026507377624512,50.26507377624512
spoofing_handbrake,604,0.0012900829315185547,1.2900829315185547
spoofing_handbrake,604,0.04890084266662598,48.90084266662598
spoofing_handbrake,604,0.05028200149536133,50.28200149536133
spoofing_handbrake,604,0.05025815963745117,50.25815963745117
spoofing_handbrake,604,0.050209999084472656,50.209999084472656
spoofing_handbrake,604,0.007368803024291992,7.368803024291992
spoofing_handbrake,604,0.042803049087524414,42.803049087524414
spoofing_handbrake,604,0.05024409294128418,50.24409294128418
spoofing_handbrake,604,0.05018806457519531,50.18806457519531
spoofing_handbrake,604,0.05022788047790527,50.22788047790527
spoofing_handbrake,604,0.01453399658203125,14.53399658203125
spoofing_handbrake,604,0.03572702407836914,35.72702407836914
spoofing_handbrake,604,0.05029296875,50.29296875
spoofing_handbrake,604,0.050199031829833984,50.199031829833984
spoofing_handbrake,604,0.05020308494567871,50.20308494567871
spoofing_handbrake,604,0.02157282829284668,21.57282829284668
spoofing_handbrake,604,0.028597116470336914,28.597116470336914
spoofing_handbrake,604,0.050206899642944336,50.206899642944336
spoofing_handbrake,604,0.05020499229431152,50.20499229431152
spoofing_handbrake,604,0.0501711368560791,50.1711368560791
spoofing_handbrake,604,0.028789997100830078,28.789997100830078
spoofing_handbrake,604,0.021492958068847656,21.492958068847656
spoofing_handbrake,604,0.0501558780670166,50.1558780670166
spoofing_handbrake,604,0.050185203552246094,50.185203552246094
spoofing_handbrake,604,0.05027198791503906,50.27198791503906
spoofing_handbrake,604,0.036897897720336914,36.897897720336914
spoofing_handbrake,604,0.013319969177246094,13.319969177246094
spoofing_handbrake,604,0.05021810531616211,50.21810531616211
spoofing_handbrake,604,0.05019092559814453,50.19092559814453
spoofing_handbrake,604,0.050187110900878906,50.187110900878906
spoofing_handbrake,604,0.04306983947753906,43.06983947753906
spoofing_handbrake,604,0.007089138031005859,7.089138031005859
spoofing_handbrake,604,0.050160884857177734,50.160884857177734
spoofing_handbrake,604,0.05020713806152344,50.20713806152344
spoofing_handbrake,604,0.05027890205383301,50.27890205383301
spoofing_handbrake,604,0.050286054611206055,50.286054611206055
spoofing_handbrake,604,2.384185791015625e-05,0.02384185791015625
spoofing_handbrake,604,0.05017518997192383,50.17518997192383
spoofing_handbrake,604,0.05016183853149414,50.16183853149414
spoofing_handbrake,604,0.05015897750854492,50.15897750854492
spoofing_handbrake,604,0.050167083740234375,50.167083740234375
spoofing_handbrake,604,0.007345914840698242,7.345914840698242
spoofing_handbrake,604,0.04284310340881348,42.84310340881348
spoofing_handbrake,604,0.05019998550415039,50.19998550415039
spoofing_handbrake,604,0.050189971923828125,50.189971923828125
spoofing_handbrake,604,0.050187110900878906,50.187110900878906
spoofing_handbrake,604,0.014544963836669922,14.544963836669922
spoofing_handbrake,604,0.03563284873962402,35.63284873962402
spoofing_handbrake,604,0.05027508735656738,50.27508735656738
spoofing_handbrake,604,0.050189971923828125,50.189971923828125
spoofing_handbrake,604,0.050158023834228516,50.158023834228516
spoofing_handbrake,604,0.022700071334838867,22.700071334838867
spoofing_handbrake,604,0.027504920959472656,27.504920959472656
spoofing_handbrake,604,0.05029702186584473,50.29702186584473
spoofing_handbrake,604,0.050199031829833984,50.199031829833984
spoofing_handbrake,604,0.05026698112487793,50.26698112487793
spoofing_handbrake,604,0.02874588966369629,28.74588966369629
spoofing_handbrake,604,0.021546125411987305,21.546125411987305
spoofing_handbrake,604,0.05029296875,50.29296875
spoofing_handbrake,604,0.050167083740234375,50.167083740234375
spoofing_handbrake,604,0.05030083656311035,50.30083656311035
spoofing_handbrake,604,0.03570103645324707,35.70103645324707
spoofing_handbrake,604,0.014636039733886719,14.636039733886719
spoofing_handbrake,604,0.05019998550415039,50.19998550415039
spoofing_handbrake,604,0.050230979919433594,50.230979919433594
spoofing_handbrake,604,0.050189971923828125,50.189971923828125
spoofing_handbrake,604,0.04273104667663574,42.73104667663574
spoofing_handbrake,604,0.007486104965209961,7.486104965209961
spoofing_handbrake,604,0.05030393600463867,50.30393600463867
spoofing_handbrake,604,0.05029606819152832,50.29606819152832
spoofing_handbrake,604,0.05017495155334473,50.17495155334473
spoofing_handbrake,604,0.04979205131530762,49.79205131530762
spoofing_handbrake,604,0.00040793418884277344,0.40793418884277344
spoofing_handbrake,604,0.05027508735656738,50.27508735656738
spoofing_handbrake,604,0.050163984298706055,50.163984298706055
spoofing_handbrake,604,0.050251007080078125,50.251007080078125
spoofing_handbrake,604,0.0501558780670166,50.1558780670166
spoofing_handbrake,604,0.0077321529388427734,7.732152938842773
spoofing_handbrake,604,0.042473793029785156,42.473793029785156
spoofing_handbrake,604,0.050202131271362305,50.202131271362305
spoofing_handbrake,604,0.05020785331726074,50.20785331726074
spoofing_handbrake,604,0.0501711368560791,50.1711368560791
spoofing_handbrake,604,0.014014005661010742,14.014005661010742
spoofing_handbrake,604,0.036264896392822266,36.264896392822266
spoofing_handbrake,604,0.05026817321777344,50.26817321777344
spoofing_handbrake,604,0.05019497871398926,50.19497871398926
spoofing_handbrake,604,0.050209999084472656,50.209999084472656
spoofing_handbrake,604,0.02095484733581543,20.95484733581543
spoofing_handbrake,604,0.029211044311523438,29.211044311523438
spoofing_handbrake,604,0.050318002700805664,50.318002700805664
spoofing_handbrake,604,0.05016493797302246,50.16493797302246
spoofing_handbrake,604,0.050289154052734375,50.289154052734375
spoofing_handbrake,604,0.028039932250976562,28.039932250976562
spoofing_handbrake,604,0.022229909896850586,22.229909896850586
spoofing_handbrake,604,0.050189971923828125,50.189971923828125
spoofing_handbrake,604,0.05017900466918945,50.17900466918945
spoofing_handbrake,604,0.050276994705200195,50.276994705200195
spoofing_handbrake,604,0.036124229431152344,36.124229431152344
spoofing_handbrake,604,0.01405477523803711,14.05477523803711
spoofing_handbrake,604,0.050185203552246094,50.185203552246094
spoofing_handbrake,604,0.05022788047790527,50.22788047790527
spoofing_handbrake,604,0.050209999084472656,50.209999084472656
spoofing_handbrake,604,0.04224991798400879,42.24991798400879
spoofing_handbrake,604,0.007938146591186523,7.938146591186523
spoofing_handbrake,604,0.05016493797302246,50.16493797302246
spoofing_handbrake,604,0.05015993118286133,50.15993118286133
spoofing_handbrake,604,0.0501561164855957,50.1561164855957
spoofing_handbrake,604,0.04969191551208496,49.69191551208496
spoofing_handbrake,604,0.0005140304565429688,0.5140304565429688
spoofing_handbrake,604,0.05021214485168457,50.21214485168457
spoofing_handbrake,604,0.05030989646911621,50.30989646911621
spoofing_handbrake,604,0.05027294158935547,50.27294158935547
spoofing_handbrake,604,0.050267934799194336,50.267934799194336
spoofing_handbrake,604,0.006356000900268555,6.356000900268555
spoofing_handbrake,604,0.04393410682678223,43.93410682678223
spoofing_handbrake,604,0.05017709732055664,50.17709732055664
spoofing_handbrake,604,0.05017495155334473,50.17495155334473
spoofing_handbrake,604,0.05028891563415527,50.28891563415527
spoofing_handbrake,604,0.013422966003417969,13.422966003417969
spoofing_handbrake,604,0.03677010536193848,36.77010536193848
spoofing_handbrake,604,0.050209999084472656,50.209999084472656
spoofing_handbrake,604,0.05018186569213867,50.18186569213867
spoofing_handbrake,604,0.050187110900878906,50.187110900878906
spoofing_handbrake,604,0.02164602279663086,21.64602279663086
spoofing_handbrake,604,0.028595924377441406,28.595924377441406
spoofing_handbrake,604,0.05030202865600586,50.30202865600586
spoofing_handbrake,604,0.050173044204711914,50.173044204711914
spoofing_handbrake,604,0.0502619743347168,50.2619743347168
spoofing_handbrake,604,0.02765798568725586,27.65798568725586
spoofing_handbrake,604,0.022500991821289062,22.500991821289062
spoofing_handbrake,604,0.05016493797302246,50.16493797302246
spoofing_handbrake,604,0.05017900466918945,50.17900466918945
spoofing_handbrake,604,0.050237178802490234,50.237178802490234
spoofing_handbrake,604,0.03493094444274902,34.93094444274902
spoofing_handbrake,604,0.015260934829711914,15.260934829711914
spoofing_handbrake,604,0.05020713806152344,50.20713806152344
spoofing_handbrake,604,0.05025196075439453,50.25196075439453
spoofing_handbrake,604,0.050238847732543945,50.238847732543945
spoofing_handbrake,604,0.04203295707702637,42.03295707702637
spoofing_handbrake,604,0.008161067962646484,8.161067962646484
spoofing_handbrake,604,0.050199031829833984,50.199031829833984
spoofing_handbrake,604,0.05024909973144531,50.24909973144531
spoofing_handbrake,604,0.0503230094909668,50.3230094909668
spoofing_handbrake,604,0.049108028411865234,49.108028411865234
spoofing_handbrake,604,0.0011839866638183594,1.1839866638183594
spoofing_handbrake,604,0.05026984214782715,50.26984214782715
spoofing_handbrake,604,0.05029916763305664,50.29916763305664
spoofing_handbrake,604,0.050299882888793945,50.299882888793945
spoofing_handbrake,604,0.05025291442871094,50.25291442871094
spoofing_handbrake,604,0.0066661834716796875,6.6661834716796875
spoofing_handbrake,604,0.04352998733520508,43.52998733520508
spoofing_handbrake,604,0.0503239631652832,50.3239631652832
spoofing_handbrake,604,0.05022597312927246,50.22597312927246
spoofing_handbrake,604,0.05033302307128906,50.33302307128906
spoofing_handbrake,604,0.01258707046508789,12.58707046508789
spoofing_handbrake,604,0.03772377967834473,37.72377967834473
spoofing_handbrake,604,0.05032515525817871,50.32515525817871
spoofing_handbrake,604,0.05022788047790527,50.22788047790527
spoofing_handbrake,604,0.050353050231933594,50.353050231933594
spoofing_handbrake,604,0.01939105987548828,19.39105987548828
spoofing_handbrake,604,0.030813932418823242,30.813932418823242
spoofing_handbrake,604,0.050228118896484375,50.228118896484375
spoofing_handbrake,604,0.05015087127685547,50.15087127685547
spoofing_handbrake,604,0.05023598670959473,50.23598670959473
spoofing_handbrake,604,0.02653193473815918,26.53193473815918
spoofing_handbrake,604,0.023783206939697266,23.783206939697266
spoofing_handbrake,604,0.05022001266479492,50.22001266479492
spoofing_handbrake,604,0.05017900466918945,50.17900466918945
spoofing_handbrake,604,0.0501708984375,50.1708984375
spoofing_handbrake,604,0.03363299369812012,33.63299369812012
spoofing_handbrake,604,0.01655411720275879,16.55411720275879
spoofing_handbrake,604,0.05019092559814453,50.19092559814453
spoofing_handbrake,604,0.050180912017822266,50.180912017822266
spoofing_handbrake,604,0.05021214485168457,50.21214485168457
spoofing_handbrake,604,0.04193282127380371,41.93282127380371
spoofing_handbrake,604,0.008226156234741211,8.226156234741211
spoofing_handbrake,604,0.05017995834350586,50.17995834350586
spoofing_handbrake,604,0.050230979919433594,50.230979919433594
spoofing_handbrake,604,0.05022406578063965,50.22406578063965
spoofing_handbrake,604,0.04812788963317871,48.12788963317871
spoofing_handbrake,604,0.0020449161529541016,2.0449161529541016
spoofing_handbrake,604,0.05016207695007324,50.16207695007324
spoofing_handbrake,604,0.05029797554016113,50.29797554016113
spoofing_handbrake,604,0.05023813247680664,50.23813247680664
spoofing_handbrake,604,0.05023503303527832,50.23503303527832
spoofing_handbrake,604,0.004937887191772461,4.937887191772461
spoofing_handbrake,604,0.04527592658996582,45.27592658996582
spoofing_handbrake,604,0.050237178802490234,50.237178802490234
spoofing_handbrake,604,0.05024600028991699,50.24600028991699
spoofing_handbrake,604,0.0502469539642334,50.2469539642334
spoofing_handbrake,604,0.012030839920043945,12.030839920043945
spoofing_handbrake,604,0.03815603256225586,38.15603256225586
spoofing_handbrake,604,0.05021214485168457,50.21214485168457
spoofing_handbrake,604,0.050163984298706055,50.163984298706055
spoofing_handbrake,604,0.05024290084838867,50.24290084838867
spoofing_handbrake,604,0.019189119338989258,19.189119338989258
spoofing_handbrake,604,0.03101801872253418,31.01801872253418
spoofing_handbrake,604,0.0502169132232666,50.2169132232666
spoofing_handbrake,604,0.05022311210632324,50.22311210632324
spoofing_handbrake,604,0.0502169132232666,50.2169132232666
spoofing_handbrake,604,0.02732992172241211,27.32992172241211
spoofing_handbrake,604,0.022881031036376953,22.881031036376953
spoofing_handbrake,604,0.05022907257080078,50.22907257080078
spoofing_handbrake,604,0.05023598670959473,50.23598670959473
spoofing_handbrake,604,0.05024886131286621,50.24886131286621
spoofing_handbrake,604,0.03343009948730469,33.43009948730469
spoofing_handbrake,604,0.01679205894470215,16.79205894470215
spoofing_handbrake,604,0.0502619743347168,50.2619743347168
spoofing_handbrake,604,0.05017805099487305,50.17805099487305
spoofing_handbrake,604,0.05022287368774414,50.22287368774414
spoofing_handbrake,604,0.04057502746582031,40.57502746582031
spoofing_handbrake,604,0.009582996368408203,9.582996368408203
spoofing_handbrake,604,0.05027198791503906,50.27198791503906
spoofing_handbrake,604,0.050245046615600586,50.245046615600586
spoofing_handbrake,604,0.050230979919433594,50.230979919433594
spoofing_handbrake,604,0.04764103889465332,47.64103889465332
spoofing_handbrake,604,0.002563953399658203,2.563953399658203
spoofing_handbrake,604,0.050280094146728516,50.280094146728516
spoofing_handbrake,604,0.050405025482177734,50.405025482177734
spoofing_handbrake,604,0.0502779483795166,50.2779483795166
spoofing_handbrake,604,0.05020284652709961,50.20284652709961
spoofing_handbrake,604,0.005258083343505859,5.258083343505859
spoofing_handbrake,604,0.04501509666442871,45.01509666442871
spoofing_handbrake,604,0.050293922424316406,50.293922424316406
spoofing_handbrake,604,0.05020403861999512,50.20403861999512
spoofing_handbrake,604,0.050209999084472656,50.209999084472656
spoofing_handbrake,604,0.011271953582763672,11.271953582763672
spoofing_handbrake,604,0.038938045501708984,38.938045501708984
spoofing_handbrake,604,0.050189971923828125,50.189971923828125
spoofing_handbrake,604,0.05019187927246094,50.19187927246094
spoofing_handbrake,604,0.05021214485168457,50.21214485168457
spoofing_handbrake,604,0.018461942672729492,18.461942672729492
spoofing_handbrake,604,0.03175711631774902,31.757116317749023
spoofing_handbrake,604,0.050221920013427734,50.221920013427734
spoofing_handbrake,604,0.05019688606262207,50.19688606262207
spoofing_handbrake,604,0.05021309852600098,50.21309852600098
spoofing_handbrake,604,0.025568008422851562,25.568008422851562
spoofing_handbrake,604,0.02466106414794922,24.66106414794922
spoofing_handbrake,604,0.05020284652709961,50.20284652709961
spoofing_handbrake,604,0.05021405220031738,50.21405220031738
spoofing_handbrake,604,0.05023908615112305,50.23908615112305
spoofing_handbrake,604,0.032701969146728516,32.701969146728516
spoofing_handbrake,604,0.017525911331176758,17.525911331176758
spoofing_handbrake,604,0.05023694038391113,50.23694038391113
spoofing_handbrake,604,0.0502161979675293,50.2161979675293
spoofing_handbrake,604,0.050171852111816406,50.171852111816406
spoofing_handbrake,604,0.04082202911376953,40.82202911376953
spoofing_handbrake,604,0.00937795639038086,9.37795639038086
spoofing_handbrake,604,0.05024600028991699,50.24600028991699
spoofing_handbrake,604,0.05018806457519531,50.18806457519531
spoofing_handbrake,604,0.05023002624511719,50.23002624511719
spoofing_handbrake,604,0.04703187942504883,47.03187942504883
spoofing_handbrake,604,0.003152132034301758,3.152132034301758
spoofing_handbrake,604,0.05019497871398926,50.19497871398926
spoofing_handbrake,604,0.050148963928222656,50.148963928222656
spoofing_handbrake,604,0.05018901824951172,50.18901824951172
spoofing_handbrake,604,0.05030393600463867,50.30393600463867
spoofing_handbrake,604,0.003962993621826172,3.962993621826172
spoofing_handbrake,604,0.04625105857849121,46.25105857849121
spoofing_handbrake,604,0.050228118896484375,50.228118896484375
spoofing_handbrake,604,0.050230979919433594,50.230979919433594
spoofing_handbrake,604,0.050292015075683594,50.292015075683594
spoofing_handbrake,604,0.011011838912963867,11.011838912963867
spoofing_handbrake,604,0.03923606872558594,39.23606872558594
spoofing_handbrake,604,0.05033302307128906,50.33302307128906
spoofing_handbrake,604,0.05051708221435547,50.51708221435547
spoofing_handbrake,604,0.050180912017822266,50.180912017822266
spoofing_handbrake,604,0.01767897605895996,17.67897605895996
spoofing_handbrake,604,0.032505035400390625,32.505035400390625
spoofing_handbrake,604,0.05028200149536133,50.28200149536133
spoofing_handbrake,604,0.05030703544616699,50.30703544616699
spoofing_handbrake,604,0.0502009391784668,50.2009391784668
spoofing_handbrake,604,0.025717973709106445,25.717973709106445
spoofing_handbrake,604,0.024480104446411133,24.480104446411133
spoofing_handbrake,604,0.050192832946777344,50.192832946777344
spoofing_handbrake,604,0.05031609535217285,50.31609535217285
spoofing_handbrake,604,0.05018901824951172,50.18901824951172
spoofing_handbrake,604,0.03183794021606445,31.837940216064453
spoofing_handbrake,604,0.018352031707763672,18.352031707763672
spoofing_handbrake,604,0.050215959548950195,50.215959548950195
spoofing_handbrake,604,0.050193071365356445,50.193071365356445
spoofing_handbrake,604,0.05019688606262207,50.19688606262207
spoofing_handbrake,604,0.03900909423828125,39.00909423828125
spoofing_handbrake,604,0.011193037033081055,11.193037033081055
spoofing_handbrake,604,0.050195932388305664,50.195932388305664
spoofing_handbrake,604,0.05019998550415039,50.19998550415039
spoofing_handbrake,604,0.05019712448120117,50.19712448120117
spoofing_handbrake,604,0.04633784294128418,46.33784294128418
spoofing_handbrake,604,0.003968000411987305,3.9680004119873047
spoofing_handbrake,604,0.05019116401672363,50.19116401672363
spoofing_handbrake,604,0.05023598670959473,50.23598670959473
spoofing_handbrake,604,0.05021095275878906,50.21095275878906
spoofing_handbrake,604,0.05025601387023926,50.25601387023926
spoofing_handbrake,604,0.003041982650756836,3.041982650756836
spoofing_handbrake,604,0.0471799373626709,47.1799373626709
spoofing_handbrake,604,0.05020308494567871,50.20308494567871
spoofing_handbrake,604,0.05019402503967285,50.19402503967285
spoofing_handbrake,604,0.05023789405822754,50.23789405822754
spoofing_handbrake,604,0.011232137680053711,11.232137680053711
spoofing_handbrake,604,0.03901195526123047,39.01195526123047
spoofing_handbrake,604,0.05020594596862793,50.20594596862793
spoofing_handbrake,604,0.050230979919433594,50.230979919433594
spoofing_handbrake,604,0.05024409294128418,50.24409294128418
spoofing_handbrake,604,0.01724386215209961,17.24386215209961
spoofing_handbrake,604,0.03308606147766113,33.08606147766113
spoofing_handbrake,604,0.05017805099487305,50.17805099487305
spoofing_handbrake,604,0.05018782615661621,50.18782615661621
spoofing_handbrake,604,0.05018305778503418,50.18305778503418
spoofing_handbrake,604,0.024358034133911133,24.358034133911133
spoofing_handbrake,604,0.02585601806640625,25.85601806640625
spoofing_handbrake,604,0.05029106140136719,50.29106140136719
spoofing_handbrake,604,0.05015897750854492,50.15897750854492
spoofing_handbrake,604,0.05027198791503906,50.27198791503906
spoofing_handbrake,604,0.03144407272338867,31.444072723388672
spoofing_handbrake,604,0.01874399185180664,18.74399185180664
spoofing_handbrake,604,0.050267934799194336,50.267934799194336
spoofing_handbrake,604,0.05017590522766113,50.17590522766113
spoofing_handbrake,604,0.05016303062438965,50.16303062438965
spoofing_handbrake,604,0.038648128509521484,38.648128509521484
spoofing_handbrake,604,0.01150202751159668,11.50202751159668
spoofing_handbrake,604,0.05019497871398926,50.19497871398926
spoofing_handbrake,604,0.050195932388305664,50.195932388305664
spoofing_handbrake,604,0.05019497871398926,50.19497871398926
spoofing_handbrake,604,0.0469670295715332,46.9670295715332
spoofing_handbrake,604,0.0032329559326171875,3.2329559326171875
spoofing_handbrake,604,0.050158023834228516,50.158023834228516
spoofing_handbrake,604,0.05025887489318848,50.25887489318848
spoofing_handbrake,604,0.05020618438720703,50.20618438720703
spoofing_handbrake,604,0.05037093162536621,50.37093162536621
spoofing_handbrake,604,0.0026900768280029297,2.6900768280029297
spoofing_handbrake,604,0.04751992225646973,47.51992225646973
spoofing_handbrake,604,0.050215959548950195,50.215959548950195
spoofing_handbrake,604,0.05027508735656738,50.27508735656738
spoofing_handbrake,604,0.05018186569213867,50.18186569213867
spoofing_handbrake,604,0.009804010391235352,9.804010391235352
spoofing_handbrake,604,0.0403749942779541,40.3749942779541
spoofing_handbrake,604,0.05020499229431152,50.20499229431152
spoofing_handbrake,604,0.05015206336975098,50.15206336975098
spoofing_handbrake,604,0.05018305778503418,50.18305778503418
spoofing_handbrake,604,0.0171048641204834,17.1048641204834
spoofing_handbrake,604,0.0330960750579834,33.0960750579834
spoofing_handbrake,604,0.050163984298706055,50.163984298706055
spoofing_handbrake,604,0.05018496513366699,50.18496513366699
spoofing_handbrake,604,0.05029916763305664,50.29916763305664
spoofing_handbrake,604,0.02521991729736328,25.21991729736328
spoofing_handbrake,604,0.025068998336791992,25.068998336791992
spoofing_handbrake,604,0.05021500587463379,50.21500587463379
spoofing_handbrake,604,0.05019497871398926,50.19497871398926
spoofing_handbrake,604,0.05017495155334473,50.17495155334473
spoofing_handbrake,604,0.0313870906829834,31.3870906829834
spoofing_handbrake,604,0.01878499984741211,18.78499984741211
spoofing_handbrake,604,0.05029106140136719,50.29106140136719
spoofing_handbrake,604,0.050299882888793945,50.299882888793945
spoofing_handbrake,604,0.05024313926696777,50.24313926696777
spoofing_handbrake,604,0.038368940353393555,38.368940353393555
spoofing_handbrake,604,0.011942863464355469,11.942863464355469
spoofing_handbrake,604,0.050295114517211914,50.295114517211914
spoofing_handbrake,604,0.05016899108886719,50.16899108886719
spoofing_handbrake,604,0.05020308494567871,50.20308494567871
spoofing_handbrake,604,0.04540896415710449,45.40896415710449
spoofing_handbrake,604,0.00485682487487793,4.85682487487793
spoofing_handbrake,604,0.05023503303527832,50.23503303527832
spoofing_handbrake,604,0.05035996437072754,50.35996437072754
spoofing_handbrake,604,0.05022907257080078,50.22907257080078
spoofing_handbrake,604,0.05032205581665039,50.32205581665039
spoofing_handbrake,604,0.0019690990447998047,1.9690990447998047
spoofing_handbrake,604,0.04822182655334473,48.22182655334473
spoofing_handbrake,604,0.05021095275878906,50.21095275878906
spoofing_handbrake,604,0.050208091735839844,50.208091735839844
spoofing_handbrake,604,0.0503079891204834,50.3079891204834
spoofing_handbrake,604,0.01009511947631836,10.09511947631836
spoofing_handbrake,604,0.04010581970214844,40.10581970214844
spoofing_handbrake,604,0.05020403861999512,50.20403861999512
spoofing_handbrake,604,0.05022692680358887,50.22692680358887
spoofing_handbrake,604,0.050211191177368164,50.211191177368164
spoofing_handbrake,604,0.016194820404052734,16.194820404052734
spoofing_handbrake,604,0.03403806686401367,34.03806686401367
spoofing_handbrake,604,0.05023312568664551,50.23312568664551
spoofing_handbrake,604,0.05024290084838867,50.24290084838867
spoofing_handbrake,604,0.050230979919433594,50.230979919433594
spoofing_handbrake,604,0.023237943649291992,23.237943649291992
spoofing_handbrake,604,0.026983976364135742,26.983976364135742
spoofing_handbrake,604,0.05024003982543945,50.24003982543945
spoofing_handbrake,604,0.05018806457519531,50.18806457519531
spoofing_handbrake,604,0.05025291442871094,50.25291442871094
spoofing_handbrake,604,0.030417203903198242,30.417203903198242
spoofing_handbrake,604,0.019815921783447266,19.815921783447266
spoofing_handbrake,604,0.05019092559814453,50.19092559814453
spoofing_handbrake,604,0.05019402503967285,50.19402503967285
spoofing_handbrake,604,0.050187110900878906,50.187110900878906
spoofing_handbrake,604,0.03753995895385742,37.53995895385742
spoofing_handbrake,604,0.012611865997314453,12.611865997314453
spoofing_handbrake,604,0.05035114288330078,50.35114288330078
spoofing_handbrake,604,0.050286054611206055,50.286054611206055
spoofing_handbrake,604,0.050206899642944336,50.206899642944336
spoofing_handbrake,604,0.04559206962585449,45.59206962585449
spoofing_handbrake,604,0.004602909088134766,4.602909088134766
spoofing_handbrake,604,0.05022692680358887,50.22692680358887
spoofing_handbrake,604,0.05024600028991699,50.24600028991699
spoofing_handbrake,604,0.05023312568664551,50.23312568664551
spoofing_handbrake,604,0.05023694038391113,50.23694038391113
spoofing_handbrake,604,0.0014350414276123047,1.4350414276123047
spoofing_handbrake,604,0.04875802993774414,48.75802993774414
spoofing_handbrake,604,0.050189971923828125,50.189971923828125
spoofing_handbrake,604,0.05025506019592285,50.25506019592285
spoofing_handbrake,604,0.0501859188079834,50.1859188079834
spoofing_handbrake,604,0.008599042892456055,8.599042892456055
spoofing_handbrake,604,0.04168391227722168,41.68391227722168
spoofing_handbrake,604,0.050315141677856445,50.315141677856445
spoofing_handbrake,604,0.05029296875,50.29296875
spoofing_handbrake,604,0.050184011459350586,50.184011459350586
spoofing_handbrake,604,0.015542030334472656,15.542030334472656
spoofing_handbrake,604,0.0347747802734375,34.7747802734375
spoofing_handbrake,604,0.05034804344177246,50.34804344177246
spoofing_handbrake,604,0.05019712448120117,50.19712448120117
spoofing_handbrake,604,0.050221920013427734,50.221920013427734
spoofing_handbrake,604,0.02240610122680664,22.40610122680664
spoofing_handbrake,604,0.027797937393188477,27.797937393188477
spoofing_handbrake,604,0.050251007080078125,50.251007080078125
spoofing_handbrake,604,0.05024099349975586,50.24099349975586
spoofing_handbrake,604,0.05017805099487305,50.17805099487305
spoofing_handbrake,604,0.03053903579711914,30.53903579711914
spoofing_handbrake,604,0.019639968872070312,19.639968872070312
spoofing_handbrake,604,0.05018281936645508,50.18281936645508
spoofing_handbrake,604,0.050251007080078125,50.251007080078125
spoofing_handbrake,604,0.05019807815551758,50.19807815551758
spoofing_handbrake,604,0.03671693801879883,36.71693801879883
spoofing_handbrake,604,0.013478994369506836,13.478994369506836
spoofing_handbrake,604,0.05021405220031738,50.21405220031738
spoofing_handbrake,604,0.05024909973144531,50.24909973144531
spoofing_handbrake,604,0.05025887489318848,50.25887489318848
spoofing_handbrake,604,0.0438690185546875,43.8690185546875
spoofing_handbrake,604,0.0063741207122802734,6.374120712280273
spoofing_handbrake,604,0.050230979919433594,50.230979919433594
spoofing_handbrake,604,0.05018186569213867,50.18186569213867
spoofing_handbrake,604,0.05019497871398926,50.19497871398926
spoofing_handbrake,604,0.050167083740234375,50.167083740234375
spoofing_handbrake,604,0.0007970333099365234,0.7970333099365234
spoofing_handbrake,604,0.04941987991333008,49.41987991333008
spoofing_handbrake,604,0.050321102142333984,50.321102142333984
spoofing_handbrake,604,0.05033707618713379,50.33707618713379
spoofing_handbrake,604,0.05019688606262207,50.19688606262207
spoofing_handbrake,604,0.007718086242675781,7.718086242675781
spoofing_handbrake,604,0.042578935623168945,42.578935623168945
spoofing_handbrake,604,0.050234079360961914,50.234079360961914
spoofing_handbrake,604,0.05023789405822754,50.23789405822754
spoofing_handbrake,604,0.050269126892089844,50.269126892089844
spoofing_handbrake,604,0.01567983627319336,15.67983627319336
spoofing_handbrake,604,0.03451418876647949,34.51418876647949
spoofing_handbrake,604,0.05035281181335449,50.35281181335449
spoofing_handbrake,604,0.05030202865600586,50.30202865600586
spoofing_handbrake,604,0.05018901824951172,50.18901824951172
spoofing_handbrake,604,0.02162313461303711,21.62313461303711
spoofing_handbrake,604,0.028636932373046875,28.636932373046875
spoofing_handbrake,604,0.05033588409423828,50.33588409423828
spoofing_handbrake,604,0.050343990325927734,50.343990325927734
spoofing_handbrake,604,0.050237178802490234,50.237178802490234
spoofing_handbrake,604,0.02849578857421875,28.49578857421875
spoofing_handbrake,604,0.02168416976928711,21.68416976928711
spoofing_handbrake,604,0.05018496513366699,50.18496513366699
spoofing_handbrake,604,0.050206899642944336,50.206899642944336
spoofing_handbrake,604,0.050347089767456055,50.347089767456055
spoofing_handbrake,604,0.035566091537475586,35.566091537475586
spoofing_handbrake,604,0.014636993408203125,14.636993408203125
spoofing_handbrake,604,0.050215959548950195,50.215959548950195
spoofing_handbrake,604,0.05024003982543945,50.24003982543945
spoofing_handbrake,604,0.05018496513366699,50.18496513366699
spoofing_handbrake,604,0.04377102851867676,43.77102851867676
spoofing_handbrake,604,0.0064089298248291016,6.408929824829102
spoofing_handbrake,604,0.05034208297729492,50.34208297729492
spoofing_handbrake,604,0.05032992362976074,50.32992362976074
spoofing_handbrake,604,0.05019688606262207,50.19688606262207
spoofing_handbrake,604,0.049633026123046875,49.633026123046875
spoofing_handbrake,604,0.0005881786346435547,0.5881786346435547
spoofing_handbrake,604,0.050308942794799805,50.308942794799805
spoofing_handbrake,604,0.05030083656311035,50.30083656311035
spoofing_handbrake,604,0.05018210411071777,50.18210411071777
spoofing_handbrake,604,0.05021810531616211,50.21810531616211
spoofing_handbrake,604,0.006418943405151367,6.418943405151367
spoofing_handbrake,604,0.04382896423339844,43.82896423339844
spoofing_handbrake,604,0.05034303665161133,50.34303665161133
spoofing_handbrake,604,0.050180912017822266,50.180912017822266
spoofing_handbrake,604,0.05023813247680664,50.23813247680664
spoofing_handbrake,604,0.013402938842773438,13.402938842773438
spoofing_handbrake,604,0.036921024322509766,36.921024322509766
spoofing_handbrake,604,0.0503239631652832,50.3239631652832
spoofing_handbrake,604,0.05031704902648926,50.31704902648926
spoofing_handbrake,604,0.050241947174072266,50.241947174072266
spoofing_handbrake,604,0.020200014114379883,20.200014114379883
spoofing_handbrake,604,0.030145883560180664,30.145883560180664
spoofing_handbrake,604,0.05019998550415039,50.19998550415039
spoofing_handbrake,604,0.05033302307128906,50.33302307128906
spoofing_handbrake,604,0.05024099349975586,50.24099349975586
spoofing_handbrake,604,0.028086185455322266,28.086185455322266
spoofing_handbrake,604,0.022235870361328125,22.235870361328125
spoofing_handbrake,604,0.05019807815551758,50.19807815551758
spoofing_handbrake,604,0.050282955169677734,50.282955169677734
spoofing_handbrake,604,0.05021500587463379,50.21500587463379
spoofing_handbrake,604,0.034027099609375,34.027099609375
spoofing_handbrake,604,0.01622796058654785,16.22796058654785
spoofing_handbrake,604,0.05018496513366699,50.18496513366699
spoofing_handbrake,604,0.05022406578063965,50.22406578063965
spoofing_handbrake,604,0.05021381378173828,50.21381378173828
spoofing_handbrake,604,0.04122114181518555,41.22114181518555
spoofing_handbrake,604,0.009006977081298828,9.006977081298828
spoofing_handbrake,604,0.05030202865600586,50.30202865600586
spoofing_handbrake,604,0.050189971923828125,50.189971923828125
spoofing_handbrake,604,0.05025196075439453,50.25196075439453
spoofing_handbrake,604,0.04819512367248535,48.19512367248535
spoofing_handbrake,604,0.0021619796752929688,2.1619796752929688
spoofing_handbrake,604,0.05023980140686035,50.23980140686035
spoofing_handbrake,604,0.05021810531616211,50.21810531616211
spoofing_handbrake,604,0.05030107498168945,50.30107498168945
spoofing_handbrake,604,0.05034184455871582,50.34184455871582
spoofing_handbrake,604,0.0047490596771240234,4.749059677124023
spoofing_handbrake,604,0.04549598693847656,45.49598693847656
spoofing_handbrake,604,0.05022406578063965,50.22406578063965
spoofing_handbrake,604,0.050308942794799805,50.308942794799805
spoofing_handbrake,604,0.05032205581665039,50.32205581665039
spoofing_handbrake,604,0.012626886367797852,12.626886367797852
spoofing_handbrake,604,0.03768515586853027,37.68515586853027
spoofing_handbrake,604,0.050331830978393555,50.331830978393555
spoofing_handbrake,604,0.05031609535217285,50.31609535217285
spoofing_handbrake,604,0.05018305778503418,50.18305778503418
spoofing_handbrake,604,0.018484830856323242,18.484830856323242
spoofing_handbrake,604,0.03176116943359375,31.76116943359375
spoofing_handbrake,604,0.05029892921447754,50.29892921447754
spoofing_handbrake,604,0.05023694038391113,50.23694038391113
spoofing_handbrake,604,0.05020499229431152,50.20499229431152
spoofing_handbrake,604,0.025681018829345703,25.681018829345703
spoofing_handbrake,604,0.024546146392822266,24.546146392822266
spoofing_handbrake,604,0.05022382736206055,50.22382736206055
spoofing_handbrake,604,0.0503079891204834,50.3079891204834
spoofing_handbrake,604,0.050330162048339844,50.330162048339844
spoofing_handbrake,604,0.032366037368774414,32.366037368774414
spoofing_handbrake,604,0.017831802368164062,17.831802368164062
spoofing_handbrake,604,0.05037808418273926,50.37808418273926
spoofing_handbrake,604,0.05019807815551758,50.19807815551758
spoofing_handbrake,604,0.050215959548950195,50.215959548950195
spoofing_handbrake,604,0.039483070373535156,39.483070373535156
spoofing_handbrake,604,0.010739803314208984,10.739803314208984
spoofing_handbrake,604,0.050187110900878906,50.187110900878906
spoofing_handbrake,604,0.05022287368774414,50.22287368774414
spoofing_handbrake,604,0.05017709732055664,50.17709732055664
spoofing_handbrake,604,0.0476229190826416,47.6229190826416
spoofing_handbrake,604,0.0026540756225585938,2.6540756225585938
spoofing_handbrake,604,0.05034613609313965,50.34613609313965
spoofing_handbrake,604,0.05028581619262695,50.28581619262695
spoofing_handbrake,604,0.05034518241882324,50.34518241882324
spoofing_handbrake,604,0.05024099349975586,50.24099349975586
spoofing_handbrake,604,0.0030868053436279297,3.0868053436279297
spoofing_handbrake,604,0.04711103439331055,47.11103439331055
spoofing_handbrake,604,0.050286054611206055,50.286054611206055
spoofing_handbrake,604,0.05035400390625,50.35400390625
spoofing_handbrake,604,0.05031299591064453,50.31299591064453
spoofing_handbrake,604,0.009931087493896484,9.931087493896484
spoofing_handbrake,604,0.04042792320251465,40.42792320251465
spoofing_handbrake,604,0.050245046615600586,50.245046615600586
spoofing_handbrake,604,0.05023503303527832,50.23503303527832
spoofing_handbrake,604,0.05020785331726074,50.20785331726074
spoofing_handbrake,604,0.016891002655029297,16.891002655029297
spoofing_handbrake,604,0.03339695930480957,33.39695930480957
spoofing_handbrake,604,0.05037117004394531,50.37117004394531
spoofing_handbrake,604,0.05034685134887695,50.34685134887695
spoofing_handbrake,604,0.05034208297729492,50.34208297729492
spoofing_handbrake,604,0.023530960083007812,23.530960083007812
spoofing_handbrake,604,0.02674698829650879,26.74698829650879
spoofing_handbrake,604,0.05020308494567871,50.20308494567871
spoofing_handbrake,604,0.05019187927246094,50.19187927246094
spoofing_handbrake,604,0.05020713806152344,50.20713806152344
spoofing_handbrake,604,0.03168201446533203,31.68201446533203
spoofing_handbrake,604,0.01854395866394043,18.54395866394043
spoofing_handbrake,604,0.05032205581665039,50.32205581665039
spoofing_handbrake,604,0.05029296875,50.29296875
spoofing_handbrake,604,0.0503239631652832,50.3239631652832
spoofing_handbrake,604,0.03751206398010254,37.51206398010254
spoofing_handbrake,604,0.012801885604858398,12.801885604858398
spoofing_handbrake,604,0.0502469539642334,50.2469539642334
spoofing_handbrake,604,0.050184011459350586,50.184011459350586
spoofing_handbrake,604,0.05019712448120117,50.19712448120117
spoofing_handbrake,604,0.04454398155212402,44.54398155212402
spoofing_handbrake,604,0.005642890930175781,5.642890930175781
spoofing_handbrake,604,0.05023813247680664,50.23813247680664
spoofing_handbrake,604,0.05025482177734375,50.25482177734375
spoofing_handbrake,604,0.05025315284729004,50.25315284729004
spoofing_handbrake,604,0.05031085014343262,50.31085014343262
spoofing_handbrake,604,0.0012919902801513672,1.2919902801513672
spoofing_handbrake,604,0.04902505874633789,49.02505874633789
spoofing_handbrake,604,0.050292015075683594,50.292015075683594
spoofing_handbrake,604,0.050193071365356445,50.193071365356445
spoofing_handbrake,604,0.050241947174072266,50.241947174072266
spoofing_handbrake,604,0.008260011672973633,8.260011672973633
spoofing_handbrake,604,0.04193711280822754,41.93711280822754
spoofing_handbrake,604,0.050253868103027344,50.253868103027344
spoofing_handbrake,604,0.05031704902648926,50.31704902648926
spoofing_handbrake,604,0.05023598670959473,50.23598670959473
spoofing_handbrake,604,0.015238046646118164,15.238046646118164
spoofing_handbrake,604,0.035079002380371094,35.079002380371094
spoofing_handbrake,604,0.05017590522766113,50.17590522766113
spoofing_handbrake,604,0.05019402503967285,50.19402503967285
spoofing_handbrake,604,0.050241947174072266,50.241947174072266
spoofing_handbrake,604,0.022349119186401367,22.349119186401367
spoofing_handbrake,604,0.027988910675048828,27.988910675048828
spoofing_handbrake,604,0.050241947174072266,50.241947174072266
spoofing_handbrake,604,0.05033707618713379,50.33707618713379
spoofing_handbrake,604,0.05020904541015625,50.20904541015625
spoofing_handbrake,604,0.029217958450317383,29.217958450317383
spoofing_handbrake,604,0.021116971969604492,21.116971969604492
spoofing_handbrake,604,0.05015301704406738,50.15301704406738
spoofing_handbrake,604,0.050187110900878906,50.187110900878906
spoofing_handbrake,604,0.05019092559814453,50.19092559814453
spoofing_handbrake,604,0.03644108772277832,36.44108772277832
spoofing_handbrake,604,0.013890981674194336,13.890981674194336
spoofing_handbrake,604,0.05035400390625,50.35400390625
spoofing_handbrake,604,0.05024385452270508,50.24385452270508
spoofing_handbrake,604,0.05036306381225586,50.36306381225586
spoofing_handbrake,604,0.0440669059753418,44.0669059753418
spoofing_handbrake,604,0.006292104721069336,6.292104721069336
spoofing_handbrake,604,0.05035996437072754,50.35996437072754
spoofing_handbrake,604,0.0503079891204834,50.3079891204834
spoofing_handbrake,604,0.050364017486572266,50.364017486572266
spoofing_handbrake,604,0.04963207244873047,49.63207244873047
spoofing_handbrake,604,0.0007309913635253906,0.7309913635253906
spoofing_handbrake,604,0.05032205581665039,50.32205581665039
spoofing_handbrake,604,0.05036783218383789,50.36783218383789
spoofing_handbrake,604,0.05032014846801758,50.32014846801758
spoofing_handbrake,604,0.050316810607910156,50.316810607910156
spoofing_handbrake,604,0.005950212478637695,5.950212478637695
spoofing_handbrake,604,0.04441189765930176,44.41189765930176
spoofing_handbrake,604,0.05032610893249512,50.32610893249512
spoofing_handbrake,604,0.05019497871398926,50.19497871398926
spoofing_handbrake,604,0.05025982856750488,50.25982856750488
spoofing_handbrake,604,0.012832164764404297,12.832164764404297
spoofing_handbrake,604,0.03735089302062988,37.35089302062988
spoofing_handbrake,604,0.05018305778503418,50.18305778503418
spoofing_handbrake,604,0.050193071365356445,50.193071365356445
spoofing_handbrake,604,0.05031585693359375,50.31585693359375
spoofing_handbrake,604,0.019930124282836914,19.930124282836914
spoofing_handbrake,604,0.030293941497802734,30.293941497802734
spoofing_handbrake,604,0.0502018928527832,50.2018928527832
spoofing_handbrake,604,0.05023813247680664,50.23813247680664
spoofing_handbrake,604,0.05027294158935547,50.27294158935547
spoofing_handbrake,604,0.028017044067382812,28.017044067382812
spoofing_handbrake,604,0.0222320556640625,22.2320556640625
spoofing_handbrake,604,0.050225019454956055,50.225019454956055
spoofing_handbrake,604,0.05023193359375,50.23193359375
spoofing_handbrake,604,0.05020284652709961,50.20284652709961
spoofing_handbrake,604,0.03409910202026367,34.09910202026367
spoofing_handbrake,604,0.016211986541748047,16.211986541748047
spoofing_handbrake,604,0.050184011459350586,50.184011459350586
spoofing_handbrake,604,0.050221920013427734,50.221920013427734
spoofing_handbrake,604,0.050225019454956055,50.225019454956055
spoofing_handbrake,604,0.041116952896118164,41.116952896118164
spoofing_handbrake,604,0.00917816162109375,9.17816162109375
spoofing_handbrake,604,0.0503389835357666,50.3389835357666
spoofing_handbrake,604,0.05024290084838867,50.24290084838867
spoofing_handbrake,604,0.05029010772705078,50.29010772705078
spoofing_handbrake,604,0.04797005653381348,47.97005653381348
spoofing_handbrake,604,0.00232696533203125,2.32696533203125
spoofing_handbrake,604,0.05025601387023926,50.25601387023926
spoofing_handbrake,604,0.05020499229431152,50.20499229431152
spoofing_handbrake,604,0.05035996437072754,50.35996437072754
spoofing_handbrake,604,0.050241947174072266,50.241947174072266
spoofing_handbrake,604,0.004586935043334961,4.586935043334961
spoofing_handbrake,604,0.04562211036682129,45.62211036682129
spoofing_handbrake,604,0.05033397674560547,50.33397674560547
spoofing_handbrake,604,0.05031895637512207,50.31895637512207
spoofing_handbrake,604,0.05019092559814453,50.19092559814453
spoofing_handbrake,604,0.012525081634521484,12.525081634521484
spoofing_handbrake,604,0.0378110408782959,37.8110408782959
spoofing_handbrake,604,0.05024409294128418,50.24409294128418
spoofing_handbrake,604,0.050334930419921875,50.334930419921875
spoofing_handbrake,604,0.05029487609863281,50.29487609863281
spoofing_handbrake,604,0.018342018127441406,18.342018127441406
spoofing_handbrake,604,0.2079460620880127,207.9460620880127
spoofing_handbrake,604,0.20806598663330078,208.06598663330078
spoofing_handbrake,604,0.20798492431640625,207.98492431640625
spoofing_handbrake,604,0.20900821685791016,209.00821685791016
spoofing_handbrake,604,0.20694684982299805,206.94684982299805
spoofing_handbrake,604,0.2080399990081787,208.0399990081787
spoofing_handbrake,604,0.20795893669128418,207.95893669128418
spoofing_handbrake,604,0.20798611640930176,207.98611640930176
spoofing_handbrake,604,0.2090599536895752,209.0599536895752
spoofing_handbrake,606,0.5119521617889404,511.95216178894043
spoofing_handbrake,606,0.5120389461517334,512.0389461517334
spoofing_handbrake,606,0.5119590759277344,511.9590759277344
spoofing_handbrake,606,0.5120799541473389,512.0799541473389
spoofing_handbrake,606,0.5119328498840332,511.9328498840332
spoofing_handbrake,606,0.5119571685791016,511.95716857910156
spoofing_handbrake,606,0.5120480060577393,512.0480060577393
spoofing_handbrake,606,0.5120668411254883,512.0668411254883
spoofing_handbrake,606,0.5119290351867676,511.9290351867676
spoofing_handbrake,606,0.5119810104370117,511.9810104370117
spoofing_handbrake,606,0.5120470523834229,512.0470523834229
spoofing_handbrake,606,0.5119369029998779,511.93690299987793
spoofing_handbrake,606,0.5119900703430176,511.9900703430176
spoofing_handbrake,606,0.5120069980621338,512.0069980621338
spoofing_handbrake,606,0.5119810104370117,511.9810104370117
spoofing_handbrake,606,0.5120270252227783,512.0270252227783
spoofing_handbrake,606,0.5119810104370117,511.9810104370117
spoofing_handbrake,606,0.512017011642456,512.017011642456
spoofing_handbrake,606,0.5119528770446777,511.95287704467773
spoofing_handbrake,606,0.511970043182373,511.97004318237305
spoofing_handbrake,606,0.5121030807495117,512.1030807495117
spoofing_handbrake,606,0.5119278430938721,511.92784309387207
spoofing_handbrake,606,0.5119681358337402,511.96813583374023
spoofing_handbrake,606,0.5120270252227783,512.0270252227783
spoofing_handbrake,606,0.5120179653167725,512.0179653167725
spoofing_handbrake,606,0.5129549503326416,512.9549503326416
spoofing_handbrake,606,0.5109889507293701,510.9889507293701
spoofing_handbrake,606,0.5130751132965088,513.0751132965088
spoofing_handbrake,606,0.5109200477600098,510.92004776000977
spoofing_handbrake,606,0.5130188465118408,513.0188465118408
spoofing_handbrake,606,0.5109481811523438,510.94818115234375
spoofing_handbrake,606,0.5130808353424072,513.0808353424072
spoofing_handbrake,606,0.5109059810638428,510.9059810638428
spoofing_handbrake,606,0.5130670070648193,513.0670070648193
spoofing_handbrake,606,0.5109450817108154,510.94508171081543
spoofing_handbrake,606,0.5129959583282471,512.9959583282471
spoofing_handbrake,606,0.5109801292419434,510.98012924194336
spoofing_handbrake,606,0.5130410194396973,513.0410194396973
spoofing_handbrake,606,0.5110468864440918,511.0468864440918
spoofing_handbrake,606,0.5129320621490479,512.9320621490479
spoofing_handbrake,606,0.5109460353851318,510.94603538513184
spoofing_handbrake,606,0.5130369663238525,513.0369663238525
spoofing_handbrake,606,0.5109739303588867,510.9739303588867
spoofing_handbrake,606,0.5120029449462891,512.0029449462891
spoofing_handbrake,606,0.5119819641113281,511.9819641113281
spoofing_handbrake,606,0.5120542049407959,512.0542049407959
spoofing_handbrake,606,0.5119907855987549,511.9907855987549
spoofing_handbrake,606,0.5120100975036621,512.0100975036621
spoofing_handbrake,606,0.5119280815124512,511.9280815124512
spoofing_handbrake,606,0.5119879245758057,511.98792457580566
spoofing_handbrake,606,0.5119950771331787,511.9950771331787
spoofing_handbrake,606,0.5119960308074951,511.9960308074951
spoofing_handbrake,606,0.5120539665222168,512.0539665222168
spoofing_handbrake,606,0.5119359493255615,511.9359493255615
spoofing_handbrake,606,0.5119879245758057,511.98792457580566
spoofing_handbrake,606,0.5119831562042236,511.98315620422363
spoofing_handbrake,606,0.5120558738708496,512.0558738708496
spoofing_handbrake,606,0.5120069980621338,512.0069980621338
spoofing_handbrake,606,0.5119419097900391,511.94190979003906
spoofing_handbrake,606,0.5120620727539062,512.0620727539062
spoofing_handbrake,606,0.5119080543518066,511.90805435180664
spoofing_handbrake,606,0.5120220184326172,512.0220184326172
spoofing_handbrake,606,0.511991024017334,511.991024017334
spoofing_handbrake,606,0.5119869709014893,511.98697090148926
spoofing_handbrake,606,0.5120010375976562,512.0010375976562
spoofing_handbrake,606,0.5120358467102051,512.0358467102051
spoofing_handbrake,606,0.5120019912719727,512.0019912719727
spoofing_handbrake,606,0.5119271278381348,511.92712783813477
spoofing_handbrake,606,0.5130839347839355,513.0839347839355
spoofing_handbrake,606,0.5109660625457764,510.96606254577637
spoofing_handbrake,606,0.5129480361938477,512.9480361938477
spoofing_handbrake,606,0.5110018253326416,511.0018253326416
spoofing_handbrake,606,0.5130641460418701,513.0641460418701
spoofing_handbrake,606,0.5111730098724365,511.1730098724365
spoofing_handbrake,606,0.5127439498901367,512.7439498901367
spoofing_handbrake,606,0.5109820365905762,510.9820365905762
spoofing_handbrake,606,0.5130300521850586,513.0300521850586
spoofing_handbrake,606,0.5109999179840088,510.9999179840088
spoofing_handbrake,606,0.5129818916320801,512.9818916320801
spoofing_handbrake,606,0.511005163192749,511.005163192749
spoofing_handbrake,606,0.5130219459533691,513.0219459533691
spoofing_handbrake,606,0.510948896408081,510.94889640808105
spoofing_handbrake,606,0.5129671096801758,512.9671096801758
spoofing_handbrake,606,0.5120139122009277,512.0139122009277
spoofing_handbrake,606,0.5120370388031006,512.0370388031006
spoofing_handbrake,606,0.5120279788970947,512.0279788970947
spoofing_handbrake,606,0.5119011402130127,511.9011402130127
spoofing_handbrake,606,0.5122618675231934,512.2618675231934
spoofing_handbrake,606,0.5117621421813965,511.7621421813965
spoofing_handbrake,606,0.511976957321167,511.976957321167
spoofing_handbrake,606,0.5120298862457275,512.0298862457275
spoofing_handbrake,606,0.511972188949585,511.97218894958496
spoofing_handbrake,606,0.5119798183441162,511.9798183441162
spoofing_handbrake,606,0.5120360851287842,512.0360851287842
spoofing_handbrake,606,0.5122718811035156,512.2718811035156
spoofing_handbrake,606,0.5116710662841797,511.6710662841797
spoofing_handbrake,606,0.5119929313659668,511.9929313659668
spoofing_handbrake,606,0.5119969844818115,511.9969844818115
spoofing_handbrake,606,0.5120241641998291,512.0241641998291
spoofing_handbrake,606,0.5119760036468506,511.9760036468506
spoofing_handbrake,606,0.5119888782501221,511.98887825012207
spoofing_handbrake,606,0.512078046798706,512.078046798706
spoofing_handbrake,606,0.5119221210479736,511.92212104797363
spoofing_handbrake,606,0.5119669437408447,511.9669437408447
spoofing_handbrake,606,0.5120639801025391,512.0639801025391
spoofing_handbrake,606,0.5119478702545166,511.9478702545166
spoofing_handbrake,606,0.511998176574707,511.99817657470703
spoofing_handbrake,606,0.5120029449462891,512.0029449462891
spoofing_handbrake,606,0.5120699405670166,512.0699405670166
spoofing_handbrake,606,0.5128920078277588,512.8920078277588
spoofing_handbrake,606,0.5109879970550537,510.9879970550537
spoofing_handbrake,606,0.5130541324615479,513.0541324615479
spoofing_handbrake,606,0.5109319686889648,510.93196868896484
spoofing_handbrake,606,0.5130748748779297,513.0748748779297
spoofing_handbrake,606,0.5109641551971436,510.96415519714355
spoofing_handbrake,606,0.5130507946014404,513.0507946014404
spoofing_handbrake,606,0.5109522342681885,510.9522342681885
spoofing_handbrake,606,0.5129859447479248,512.9859447479248
spoofing_handbrake,606,0.5109670162200928,510.9670162200928
spoofing_handbrake,606,0.512984037399292,512.984037399292
spoofing_handbrake,606,0.511023998260498,511.02399826049805
spoofing_handbrake,606,0.5129728317260742,512.9728317260742
spoofing_handbrake,606,0.5110440254211426,511.0440254211426
spoofing_handbrake,606,0.5129990577697754,512.9990577697754
spoofing_handbrake,606,0.5110008716583252,511.0008716583252
spoofing_handbrake,606,0.5119411945343018,511.94119453430176
spoofing_handbrake,606,0.5120468139648438,512.0468139648438
spoofing_handbrake,606,0.5119380950927734,511.93809509277344
spoofing_handbrake,606,0.5120360851287842,512.0360851287842
spoofing_handbrake,606,0.5120108127593994,512.0108127593994
spoofing_handbrake,606,0.5119810104370117,511.9810104370117
spoofing_handbrake,606,0.5120060443878174,512.0060443878174
spoofing_handbrake,606,0.5119569301605225,511.95693016052246
spoofing_handbrake,606,0.5120420455932617,512.0420455932617
spoofing_handbrake,606,0.5119249820709229,511.92498207092285
spoofing_handbrake,606,0.5120160579681396,512.0160579681396
spoofing_handbrake,606,0.5120820999145508,512.0820999145508
spoofing_handbrake,606,0.5119278430938721,511.92784309387207
spoofing_handbrake,606,0.5120301246643066,512.0301246643066
spoofing_handbrake,606,0.5119400024414062,511.94000244140625
spoofing_handbrake,606,0.5120260715484619,512.0260715484619
spoofing_handbrake,606,0.5119409561157227,511.94095611572266
spoofing_handbrake,606,0.5120198726654053,512.0198726654053
spoofing_handbrake,606,0.5121281147003174,512.1281147003174
spoofing_handbrake,606,0.511821985244751,511.821985244751
spoofing_handbrake,606,0.5119969844818115,511.9969844818115
spoofing_handbrake,606,0.5120139122009277,512.0139122009277
spoofing_handbrake,606,0.5119860172271729,511.98601722717285
spoofing_handbrake,606,0.5120401382446289,512.0401382446289
spoofing_handbrake,606,0.5119528770446777,511.95287704467773
spoofing_handbrake,606,0.5131230354309082,513.1230354309082
spoofing_handbrake,606,0.5108559131622314,510.85591316223145
spoofing_handbrake,606,0.5130071640014648,513.0071640014648
spoofing_handbrake,606,0.5109930038452148,510.99300384521484
spoofing_handbrake,606,0.5129837989807129,512.9837989807129
spoofing_handbrake,606,0.5109951496124268,510.99514961242676
spoofing_handbrake,606,0.5130128860473633,513.0128860473633
spoofing_handbrake,606,0.5110781192779541,511.0781192779541
spoofing_handbrake,606,0.5129179954528809,512.9179954528809
spoofing_handbrake,606,0.5109660625457764,510.96606254577637
spoofing_handbrake,606,0.5130369663238525,513.0369663238525
spoofing_handbrake,606,0.510948896408081,510.94889640808105
spoofing_handbrake,606,0.5130369663238525,513.0369663238525
spoofing_handbrake,606,0.511052131652832,511.05213165283203
spoofing_handbrake,606,0.5129790306091309,512.9790306091309
spoofing_handbrake,606,0.5109670162200928,510.9670162200928
spoofing_handbrake,606,0.5129280090332031,512.9280090332031
spoofing_handbrake,606,0.5110127925872803,511.0127925872803
spoofing_handbrake,606,0.5120611190795898,512.0611190795898
spoofing_handbrake,606,0.5119650363922119,511.9650363922119
spoofing_handbrake,607,0.20801401138305664,208.01401138305664
spoofing_handbrake,607,0.2080390453338623,208.0390453338623
spoofing_handbrake,607,0.2089529037475586,208.9529037475586
spoofing_handbrake,607,0.2069859504699707,206.9859504699707
spoofing_handbrake,607,0.2080090045928955,208.0090045928955
spoofing_handbrake,607,0.20798802375793457,207.98802375793457
spoofing_handbrake,607,0.20801401138305664,208.01401138305664
spoofing_handbrake,607,0.2089519500732422,208.9519500732422
spoofing_handbrake,607,0.20705914497375488,207.05914497375488
spoofing_handbrake,607,0.20800304412841797,208.00304412841797
spoofing_handbrake,607,0.20802092552185059,208.0209255218506
spoofing_handbrake,607,0.2079451084136963,207.9451084136963
spoofing_handbrake,607,0.2089979648590088,208.9979648590088
spoofing_handbrake,607,0.2069859504699707,206.9859504699707
spoofing_handbrake,607,0.20804286003112793,208.04286003112793
spoofing_handbrake,607,0.2079920768737793,207.9920768737793
spoofing_handbrake,607,0.20798707008361816,207.98707008361816
spoofing_handbrake,607,0.2089848518371582,208.9848518371582
spoofing_handbrake,607,0.20699405670166016,206.99405670166016
spoofing_handbrake,607,0.2079920768737793,207.9920768737793
spoofing_handbrake,607,0.20807886123657227,208.07886123657227
spoofing_handbrake,607,0.20791912078857422,207.91912078857422
spoofing_handbrake,607,0.2080380916595459,208.0380916595459
spoofing_handbrake,607,0.20798397064208984,207.98397064208984
spoofing_handbrake,607,0.20805096626281738,208.05096626281738
spoofing_handbrake,607,0.20792102813720703,207.92102813720703
spoofing_handbrake,607,0.2090129852294922,209.0129852294922
spoofing_handbrake,607,0.20698904991149902,206.98904991149902
spoofing_handbrake,607,0.2079918384552002,207.9918384552002
spoofing_handbrake,607,0.20804214477539062,208.04214477539062
spoofing_handbrake,607,0.20795989036560059,207.9598903656006
spoofing_handbrake,607,0.2090320587158203,209.0320587158203
spoofing_handbrake,607,0.2069840431213379,206.9840431213379
spoofing_handbrake,607,0.20798301696777344,207.98301696777344
spoofing_handbrake,607,0.20804190635681152,208.04190635681152
spoofing_handbrake,607,0.20790696144104004,207.90696144104004
spoofing_handbrake,607,0.20911502838134766,209.11502838134766
spoofing_handbrake,607,0.2069399356842041,206.9399356842041
spoofing_handbrake,607,0.2080240249633789,208.0240249633789
spoofing_handbrake,607,0.20795607566833496,207.95607566833496
spoofing_handbrake,607,0.20808100700378418,208.08100700378418
spoofing_handbrake,607,0.20890402793884277,208.90402793884277
spoofing_handbrake,607,0.2069849967956543,206.9849967956543
spoofing_handbrake,607,0.20804405212402344,208.04405212402344
spoofing_handbrake,607,0.20798683166503906,207.98683166503906
spoofing_handbrake,607,0.2079629898071289,207.9629898071289
spoofing_handbrake,607,0.2090439796447754,209.0439796447754
spoofing_handbrake,607,0.20700716972351074,207.00716972351074
spoofing_handbrake,607,0.20798587799072266,207.98587799072266
spoofing_handbrake,607,0.20795512199401855,207.95512199401855
spoofing_handbrake,607,0.20908689498901367,209.08689498901367
spoofing_handbrake,607,0.20695209503173828,206.95209503173828
spoofing_handbrake,607,0.20803499221801758,208.03499221801758
spoofing_handbrake,607,0.20798683166503906,207.98683166503906
spoofing_handbrake,607,0.2079160213470459,207.9160213470459
spoofing_handbrake,607,0.2090291976928711,209.0291976928711
spoofing_handbrake,607,0.2070319652557373,207.0319652557373
spoofing_handbrake,607,0.20798182487487793,207.98182487487793
spoofing_handbrake,607,0.20797300338745117,207.97300338745117
spoofing_handbrake,607,0.20801615715026855,208.01615715026855
spoofing_handbrake,607,0.20900583267211914,209.00583267211914
spoofing_handbrake,607,0.20702719688415527,207.02719688415527
spoofing_handbrake,607,0.20797300338745117,207.97300338745117
spoofing_handbrake,607,0.2080059051513672,208.0059051513672
spoofing_handbrake,607,0.20804810523986816,208.04810523986816
spoofing_handbrake,607,0.208967924118042,208.967924118042
spoofing_handbrake,607,0.20697903633117676,206.97903633117676
spoofing_handbrake,607,0.20801687240600586,208.01687240600586
spoofing_handbrake,607,0.20798015594482422,207.98015594482422
spoofing_handbrake,607,0.2079939842224121,207.9939842224121
spoofing_handbrake,607,0.20896196365356445,208.96196365356445
spoofing_handbrake,607,0.20707988739013672,207.07988739013672
spoofing_handbrake,607,0.20790815353393555,207.90815353393555
spoofing_handbrake,607,0.20800280570983887,208.00280570983887
spoofing_handbrake,607,0.2090160846710205,209.0160846710205
spoofing_handbrake,607,0.20702314376831055,207.02314376831055
spoofing_handbrake,607,0.2079479694366455,207.9479694366455
spoofing_handbrake,607,0.20801591873168945,208.01591873168945
spoofing_handbrake,607,0.20805096626281738,208.05096626281738
spoofing_handbrake,607,0.20895004272460938,208.95004272460938
spoofing_handbrake,607,0.2070009708404541,207.0009708404541
spoofing_handbrake,607,0.20818400382995605,208.18400382995605
spoofing_handbrake,607,0.2078080177307129,207.8080177307129
spoofing_handbrake,607,0.20804905891418457,208.04905891418457
spoofing_handbrake,607,0.20897197723388672,208.97197723388672
spoofing_handbrake,607,0.20739006996154785,207.39006996154785
spoofing_handbrake,607,0.20757293701171875,207.57293701171875
spoofing_handbrake,607,0.20801687240600586,208.01687240600586
spoofing_handbrake,607,0.20798897743225098,207.98897743225098
spoofing_handbrake,607,0.20901918411254883,209.01918411254883
spoofing_handbrake,607,0.2070329189300537,207.0329189300537
spoofing_handbrake,607,0.20793795585632324,207.93795585632324
spoofing_handbrake,607,0.20805001258850098,208.05001258850098
spoofing_handbrake,607,0.20794200897216797,207.94200897216797
spoofing_handbrake,607,0.20901012420654297,209.01012420654297
spoofing_handbrake,607,0.2069718837738037,206.9718837738037
spoofing_handbrake,607,0.20801305770874023,208.01305770874023
spoofing_handbrake,607,0.20799899101257324,207.99899101257324
spoofing_handbrake,607,0.20899701118469238,208.99701118469238
spoofing_handbrake,607,0.20702695846557617,207.02695846557617
spoofing_handbrake,607,0.20796704292297363,207.96704292297363
spoofing_handbrake,607,0.20803403854370117,208.03403854370117
spoofing_handbrake,607,0.20797181129455566,207.97181129455566
spoofing_handbrake,607,0.20904016494750977,209.04016494750977
spoofing_handbrake,607,0.20694184303283691,206.9418430328369
spoofing_handbrake,607,0.20798611640930176,207.98611640930176
spoofing_handbrake,607,0.20806097984313965,208.06097984313965
spoofing_handbrake,607,0.2079479694366455,207.9479694366455
spoofing_handbrake,607,0.209089994430542,209.089994430542
spoofing_handbrake,607,0.20696306228637695,206.96306228637695
spoofing_handbrake,607,0.2079448699951172,207.9448699951172
spoofing_handbrake,607,0.2080080509185791,208.0080509185791
spoofing_handbrake,607,0.20798015594482422,207.98015594482422
spoofing_handbrake,607,0.20909786224365234,209.09786224365234
spoofing_handbrake,607,0.20689606666564941,206.8960666656494
spoofing_handbrake,607,0.2080080509185791,208.0080509185791
spoofing_handbrake,607,0.20801782608032227,208.01782608032227
spoofing_handbrake,607,0.20802617073059082,208.02617073059082
spoofing_handbrake,607,0.20895099639892578,208.95099639892578
spoofing_handbrake,607,0.20696401596069336,206.96401596069336
spoofing_handbrake,607,0.208082914352417,208.082914352417
spoofing_handbrake,607,0.20793890953063965,207.93890953063965
spoofing_handbrake,607,0.20900917053222656,209.00917053222656
spoofing_handbrake,607,0.20699596405029297,206.99596405029297
spoofing_handbrake,607,0.2079789638519287,207.9789638519287
spoofing_handbrake,607,0.2080059051513672,208.0059051513672
spoofing_handbrake,607,0.2079761028289795,207.9761028289795
spoofing_handbrake,607,0.2090470790863037,209.0470790863037
spoofing_handbrake,607,0.20702099800109863,207.02099800109863
spoofing_handbrake,607,0.20795392990112305,207.95392990112305
spoofing_handbrake,607,0.20798587799072266,207.98587799072266
spoofing_handbrake,607,0.2080671787261963,208.0671787261963
spoofing_handbrake,607,0.20894193649291992,208.94193649291992
spoofing_handbrake,607,0.20698904991149902,206.98904991149902
spoofing_handbrake,607,0.20812582969665527,208.12582969665527
spoofing_handbrake,607,0.20789813995361328,207.89813995361328
spoofing_handbrake,607,0.20799684524536133,207.99684524536133
spoofing_handbrake,607,0.2090291976928711,209.0291976928711
spoofing_handbrake,607,0.20694494247436523,206.94494247436523
spoofing_handbrake,607,0.2080368995666504,208.0368995666504
spoofing_handbrake,607,0.2079460620880127,207.9460620880127
spoofing_handbrake,607,0.20804905891418457,208.04905891418457
spoofing_handbrake,607,0.209014892578125,209.014892578125
spoofing_handbrake,607,0.20697402954101562,206.97402954101562
spoofing_handbrake,607,0.20795607566833496,207.95607566833496
spoofing_handbrake,607,0.2079939842224121,207.9939842224121
spoofing_handbrake,607,0.20800495147705078,208.00495147705078
spoofing_handbrake,607,0.20799803733825684,207.99803733825684
spoofing_handbrake,607,0.20804095268249512,208.04095268249512
spoofing_handbrake,607,0.20801591873168945,208.01591873168945
spoofing_handbrake,607,0.20796513557434082,207.96513557434082
spoofing_handbrake,607,0.20900201797485352,209.00201797485352
spoofing_handbrake,607,0.2069568634033203,206.9568634033203
spoofing_handbrake,607,0.20799708366394043,207.99708366394043
spoofing_handbrake,607,0.20797395706176758,207.97395706176758
spoofing_handbrake,607,0.2080700397491455,208.0700397491455
spoofing_handbrake,607,0.20897793769836426,208.97793769836426
spoofing_handbrake,607,0.20696401596069336,206.96401596069336
spoofing_handbrake,607,0.2080070972442627,208.0070972442627
spoofing_handbrake,607,0.20801186561584473,208.01186561584473
spoofing_handbrake,607,0.20804810523986816,208.04810523986816
spoofing_handbrake,607,0.208906888961792,208.906888961792
spoofing_handbrake,607,0.20705318450927734,207.05318450927734
spoofing_handbrake,607,0.20800089836120605,208.00089836120605
spoofing_handbrake,607,0.20799493789672852,207.99493789672852
spoofing_handbrake,607,0.20798611640930176,207.98611640930176
spoofing_handbrake,607,0.2089860439300537,208.9860439300537
spoofing_handbrake,607,0.20702385902404785,207.02385902404785
spoofing_handbrake,607,0.20796608924865723,207.96608924865723
spoofing_handbrake,607,0.20803189277648926,208.03189277648926
spoofing_handbrake,607,0.20804500579833984,208.04500579833984
spoofing_handbrake,607,0.20893597602844238,208.93597602844238
spoofing_handbrake,607,0.20699810981750488,206.99810981750488
spoofing_handbrake,607,0.20795202255249023,207.95202255249023
spoofing_handbrake,607,0.20800089836120605,208.00089836120605
spoofing_handbrake,607,0.20899105072021484,208.99105072021484
spoofing_handbrake,607,0.20714592933654785,207.14592933654785
spoofing_handbrake,607,0.20784997940063477,207.84997940063477
spoofing_handbrake,607,0.2080240249633789,208.0240249633789
spoofing_handbrake,607,0.20801115036010742,208.01115036010742
spoofing_handbrake,607,0.2090468406677246,209.0468406677246
spoofing_handbrake,607,0.20696806907653809,206.9680690765381
spoofing_handbrake,607,0.20801591873168945,208.01591873168945
spoofing_handbrake,607,0.20804715156555176,208.04715156555176
spoofing_handbrake,607,0.20795488357543945,207.95488357543945
spoofing_handbrake,607,0.20894408226013184,208.94408226013184
spoofing_handbrake,607,0.2070019245147705,207.0019245147705
spoofing_handbrake,607,0.20798802375793457,207.98802375793457
spoofing_handbrake,607,0.2081460952758789,208.1460952758789
spoofing_handbrake,607,0.20788192749023438,207.88192749023438
spoofing_handbrake,607,0.20900297164916992,209.00297164916992
spoofing_handbrake,607,0.20702195167541504,207.02195167541504
spoofing_handbrake,607,0.20795512199401855,207.95512199401855
spoofing_handbrake,607,0.20797991752624512,207.97991752624512
spoofing_handbrake,607,0.20803093910217285,208.03093910217285
spoofing_handbrake,607,0.2089982032775879,208.9982032775879
spoofing_handbrake,607,0.20694184303283691,206.9418430328369
spoofing_handbrake,607,0.20808911323547363,208.08911323547363
spoofing_handbrake,607,0.20794200897216797,207.94200897216797
spoofing_handbrake,607,0.20906686782836914,209.06686782836914
spoofing_handbrake,607,0.20694613456726074,206.94613456726074
spoofing_handbrake,607,0.20795893669128418,207.95893669128418
spoofing_handbrake,607,0.20802092552185059,208.0209255218506
spoofing_handbrake,607,0.20801997184753418,208.01997184753418
spoofing_handbrake,607,0.2090001106262207,209.0001106262207
spoofing_handbrake,607,0.20700693130493164,207.00693130493164
spoofing_handbrake,607,0.2089850902557373,208.9850902557373
spoofing_handbrake,607,0.20802688598632812,208.02688598632812
spoofing_handbrake,607,0.20795106887817383,207.95106887817383
spoofing_handbrake,607,0.2090449333190918,209.0449333190918
spoofing_handbrake,607,0.2069251537322998,206.9251537322998
spoofing_handbrake,607,0.20807981491088867,208.07981491088867
spoofing_handbrake,607,0.20798921585083008,207.98921585083008
spoofing_handbrake,607,0.20793986320495605,207.93986320495605
spoofing_handbrake,607,0.20900797843933105,209.00797843933105
spoofing_handbrake,607,0.2070150375366211,207.0150375366211
spoofing_handbrake,607,0.20795702934265137,207.95702934265137
spoofing_handbrake,607,0.20801901817321777,208.01901817321777
spoofing_handbrake,607,0.20803308486938477,208.03308486938477
spoofing_handbrake,607,0.2089519500732422,208.9519500732422
spoofing_handbrake,607,0.20702695846557617,207.02695846557617
spoofing_handbrake,607,0.20805001258850098,208.05001258850098
spoofing_handbrake,607,0.20791292190551758,207.91292190551758
spoofing_handbrake,607,0.20903992652893066,209.03992652893066
spoofing_handbrake,607,0.20696020126342773,206.96020126342773
spoofing_handbrake,607,0.20806503295898438,208.06503295898438
spoofing_handbrake,607,0.20801687240600586,208.01687240600586
spoofing_handbrake,607,0.20794892311096191,207.9489231109619
spoofing_handbrake,607,0.20901203155517578,209.01203155517578
spoofing_handbrake,607,0.20695114135742188,206.95114135742188
spoofing_handbrake,607,0.20806193351745605,208.06193351745605
spoofing_handbrake,607,0.2079179286956787,207.9179286956787
spoofing_handbrake,607,0.20807409286499023,208.07409286499023
spoofing_handbrake,607,0.20896387100219727,208.96387100219727
spoofing_handbrake,607,0.20746707916259766,207.46707916259766
spoofing_handbrake,607,0.20752596855163574,207.52596855163574
spoofing_handbrake,607,0.20801711082458496,208.01711082458496
spoofing_handbrake,607,0.20795488357543945,207.95488357543945
spoofing_handbrake,607,0.20901894569396973,209.01894569396973
spoofing_handbrake,607,0.20703721046447754,207.03721046447754
spoofing_handbrake,607,0.20793581008911133,207.93581008911133
spoofing_handbrake,607,0.20801401138305664,208.01401138305664
spoofing_handbrake,607,0.2080070972442627,208.0070972442627
spoofing_handbrake,607,0.20898008346557617,208.98008346557617
spoofing_handbrake,607,0.20699095726013184,206.99095726013184
spoofing_handbrake,607,0.2080550193786621,208.0550193786621
spoofing_handbrake,607,0.20806097984313965,208.06097984313965
spoofing_handbrake,607,0.2089238166809082,208.9238166809082
spoofing_handbrake,607,0.20697617530822754,206.97617530822754
spoofing_handbrake,607,0.20795583724975586,207.95583724975586
spoofing_handbrake,607,0.20807719230651855,208.07719230651855
spoofing_handbrake,607,0.20792198181152344,207.92198181152344
spoofing_handbrake,607,0.209028959274292,209.028959274292
spoofing_handbrake,607,0.20703601837158203,207.03601837158203
spoofing_handbrake,607,0.2079448699951172,207.9448699951172
spoofing_handbrake,607,0.2080080509185791,208.0080509185791
spoofing_handbrake,607,0.2080230712890625,208.0230712890625
spoofing_handbrake,607,0.20896005630493164,208.96005630493164
spoofing_handbrake,607,0.20710182189941406,207.10182189941406
spoofing_handbrake,607,0.2079300880432129,207.9300880432129
spoofing_handbrake,607,0.20799899101257324,207.99899101257324
spoofing_handbrake,607,0.2079620361328125,207.9620361328125
spoofing_handbrake,607,0.20899701118469238,208.99701118469238
spoofing_handbrake,607,0.2070469856262207,207.0469856262207
spoofing_handbrake,607,0.2079770565032959,207.9770565032959
spoofing_handbrake,607,0.20801091194152832,208.01091194152832
spoofing_handbrake,607,0.20794296264648438,207.94296264648438
spoofing_handbrake,607,0.2090470790863037,209.0470790863037
spoofing_handbrake,607,0.2069549560546875,206.9549560546875
spoofing_handbrake,607,0.20801091194152832,208.01091194152832
spoofing_handbrake,607,0.2080671787261963,208.0671787261963
spoofing_handbrake,607,0.20793700218200684,207.93700218200684
spoofing_handbrake,607,0.20797991752624512,207.97991752624512
spoofing_handbrake,607,0.20801997184753418,208.01997184753418
spoofing_handbrake,607,0.2080080509185791,208.0080509185791
spoofing_handbrake,607,0.20796608924865723,207.96608924865723
spoofing_handbrake,607,0.2090167999267578,209.0167999267578
spoofing_handbrake,607,0.20702004432678223,207.02004432678223
spoofing_handbrake,607,0.2080230712890625,208.0230712890625
spoofing_handbrake,607,0.2079319953918457,207.9319953918457
spoofing_handbrake,607,0.20800495147705078,208.00495147705078
spoofing_handbrake,607,0.2090129852294922,209.0129852294922
spoofing_handbrake,607,0.20702505111694336,207.02505111694336
spoofing_handbrake,607,0.20799589157104492,207.99589157104492
spoofing_handbrake,607,0.20799708366394043,207.99708366394043
spoofing_handbrake,607,0.20796799659729004,207.96799659729004
spoofing_handbrake,607,0.20900392532348633,209.00392532348633
spoofing_handbrake,607,0.2069849967956543,206.9849967956543
spoofing_handbrake,607,0.20804500579833984,208.04500579833984
spoofing_handbrake,607,0.20801305770874023,208.01305770874023
spoofing_handbrake,607,0.2079629898071289,207.9629898071289
spoofing_handbrake,607,0.20895600318908691,208.9560031890869
spoofing_handbrake,607,0.2070150375366211,207.0150375366211
spoofing_handbrake,607,0.2080080509185791,208.0080509185791
spoofing_handbrake,607,0.20798683166503906,207.98683166503906
spoofing_handbrake,607,0.20804905891418457,208.04905891418457
spoofing_handbrake,607,0.20899295806884766,208.99295806884766
spoofing_handbrake,607,0.20706820487976074,207.06820487976074
spoofing_handbrake,607,0.20789194107055664,207.89194107055664
spoofing_handbrake,607,0.2080228328704834,208.0228328704834
spoofing_handbrake,607,0.2090001106262207,209.0001106262207
spoofing_handbrake,607,0.2069261074066162,206.9261074066162
spoofing_handbrake,607,0.20810890197753906,208.10890197753906
spoofing_handbrake,607,0.20793700218200684,207.93700218200684
spoofing_handbrake,607,0.20799803733825684,207.99803733825684
spoofing_handbrake,607,0.20899486541748047,208.99486541748047
spoofing_handbrake,607,0.20699000358581543,206.99000358581543
spoofing_handbrake,607,0.20801401138305664,208.01401138305664
spoofing_handbrake,607,0.20800399780273438,208.00399780273438
spoofing_handbrake,607,0.2080240249633789,208.0240249633789
spoofing_handbrake,607,0.20897507667541504,208.97507667541504
spoofing_handbrake,607,0.2070009708404541,207.0009708404541
spoofing_handbrake,607,0.20801997184753418,208.01997184753418
spoofing_handbrake,607,0.2079610824584961,207.9610824584961
spoofing_handbrake,607,0.20798587799072266,207.98587799072266
spoofing_handbrake,607,0.20907211303710938,209.07211303710938
spoofing_handbrake,607,0.2069859504699707,206.9859504699707
spoofing_handbrake,607,0.20791912078857422,207.91912078857422
spoofing_handbrake,607,0.20803499221801758,208.03499221801758
spoofing_handbrake,607,0.20796489715576172,207.96489715576172
spoofing_handbrake,607,0.20900511741638184,209.00511741638184
spoofing_handbrake,607,0.20702481269836426,207.02481269836426
spoofing_handbrake,607,0.20802998542785645,208.02998542785645
spoofing_handbrake,607,0.20796799659729004,207.96799659729004
spoofing_handbrake,607,0.20899415016174316,208.99415016174316
spoofing_handbrake,607,0.20699405670166016,206.99405670166016
spoofing_handbrake,607,0.2079927921295166,207.9927921295166
spoofing_handbrake,607,0.20795607566833496,207.95607566833496
spoofing_handbrake,607,0.2080230712890625,208.0230712890625
spoofing_handbrake,607,0.2089688777923584,208.9688777923584
spoofing_handbrake,607,0.20707201957702637,207.07201957702637
spoofing_handbrake,607,0.20795702934265137,207.95702934265137
spoofing_handbrake,607,0.20801210403442383,208.01210403442383
spoofing_handbrake,607,0.2079448699951172,207.9448699951172
spoofing_handbrake,607,0.2090160846710205,209.0160846710205
spoofing_handbrake,607,0.2070178985595703,207.0178985595703
spoofing_handbrake,607,0.2079629898071289,207.9629898071289
spoofing_handbrake,607,0.20812010765075684,208.12010765075684
spoofing_handbrake,607,0.20790791511535645,207.90791511535645
spoofing_handbrake,607,0.20904994010925293,209.04994010925293
spoofing_handbrake,607,0.20694804191589355,206.94804191589355
spoofing_handbrake,607,0.20798015594482422,207.98015594482422
spoofing_handbrake,607,0.20802092552185059,208.0209255218506
spoofing_handbrake,607,0.20799803733825684,207.99803733825684
spoofing_handbrake,607,0.20905303955078125,209.05303955078125
spoofing_handbrake,607,0.20692086219787598,206.92086219787598
spoofing_handbrake,607,0.20799612998962402,207.99612998962402
spoofing_handbrake,607,0.20802092552185059,208.0209255218506
spoofing_handbrake,607,0.20896196365356445,208.96196365356445
spoofing_handbrake,607,0.20704102516174316,207.04102516174316
spoofing_handbrake,607,0.20798802375793457,207.98802375793457
spoofing_handbrake,607,0.20801687240600586,208.01687240600586
spoofing_handbrake,607,0.2079761028289795,207.9761028289795
spoofing_handbrake,607,0.20904803276062012,209.04803276062012
spoofing_handbrake,607,0.2069380283355713,206.9380283355713
spoofing_handbrake,607,0.20798301696777344,207.98301696777344
spoofing_handbrake,607,0.2080848217010498,208.0848217010498
spoofing_handbrake,607,0.20792508125305176,207.92508125305176
spoofing_handbrake,607,0.2090449333190918,209.0449333190918
spoofing_handbrake,607,0.2069840431213379,206.9840431213379
spoofing_handbrake,607,0.20798897743225098,207.98897743225098
spoofing_handbrake,607,0.20801711082458496,208.01711082458496
spoofing_handbrake,607,0.2079479694366455,207.9479694366455
spoofing_handbrake,607,0.20900607109069824,209.00607109069824
spoofing_handbrake,607,0.20698881149291992,206.98881149291992
spoofing_handbrake,607,0.2080690860748291,208.0690860748291
spoofing_handbrake,607,0.20794892311096191,207.9489231109619
spoofing_handbrake,607,0.2079930305480957,207.9930305480957
spoofing_handbrake,607,0.2090001106262207,209.0001106262207
spoofing_handbrake,607,0.20698094367980957,206.98094367980957
spoofing_handbrake,607,0.20805001258850098,208.05001258850098
spoofing_handbrake,607,0.20798897743225098,207.98897743225098
spoofing_handbrake,607,0.2090590000152588,209.0590000152588
spoofing_handbrake,607,0.20690011978149414,206.90011978149414
spoofing_handbrake,607,0.20801782608032227,208.01782608032227
spoofing_handbrake,607,0.2079920768737793,207.9920768737793
spoofing_handbrake,607,0.2080059051513672,208.0059051513672
spoofing_handbrake,607,0.20900607109069824,209.00607109069824
spoofing_handbrake,607,0.20695710182189941,206.9571018218994
spoofing_handbrake,607,0.20806884765625,208.06884765625
spoofing_handbrake,607,0.20795011520385742,207.95011520385742
spoofing_handbrake,607,0.20801305770874023,208.01305770874023
spoofing_handbrake,607,0.20897579193115234,208.97579193115234
spoofing_handbrake,607,0.2070021629333496,207.0021629333496
spoofing_handbrake,607,0.20818400382995605,208.18400382995605
spoofing_handbrake,607,0.20777082443237305,207.77082443237305
spoofing_handbrake,607,0.20810699462890625,208.10699462890625
spoofing_handbrake,607,0.2089531421661377,208.9531421661377
spoofing_handbrake,607,0.20695805549621582,206.95805549621582
spoofing_handbrake,607,0.20799684524536133,207.99684524536133
spoofing_handbrake,607,0.20800518989562988,208.00518989562988
spoofing_handbrake,607,0.20798683166503906,207.98683166503906
spoofing_handbrake,607,0.2090320587158203,209.0320587158203
spoofing_handbrake,607,0.20699191093444824,206.99191093444824
spoofing_handbrake,607,0.2079770565032959,207.9770565032959
spoofing_handbrake,607,0.2079930305480957,207.9930305480957
spoofing_handbrake,607,0.20800995826721191,208.0099582672119
spoofing_handbrake,607,0.20798301696777344,207.98301696777344
spoofing_handbrake,607,0.2080399990081787,208.0399990081787
spoofing_handbrake,607,0.20799612998962402,207.99612998962402
spoofing_handbrake,607,0.2080857753753662,208.0857753753662
spoofing_handbrake,607,0.20892715454101562,208.92715454101562
spoofing_handbrake,607,0.20695090293884277,206.95090293884277
spoofing_handbrake,607,0.2080070972442627,208.0070972442627
spoofing_handbrake,607,0.20804190635681152,208.04190635681152
spoofing_handbrake,607,0.20795512199401855,207.95512199401855
spoofing_handbrake,607,0.20902585983276367,209.02585983276367
spoofing_handbrake,607,0.20698809623718262,206.98809623718262
spoofing_handbrake,607,0.2079610824584961,207.9610824584961
spoofing_handbrake,607,0.20802998542785645,208.02998542785645
spoofing_handbrake,607,0.20796680450439453,207.96680450439453
spoofing_handbrake,607,0.20899105072021484,208.99105072021484
spoofing_handbrake,607,0.20702815055847168,207.02815055847168
spoofing_handbrake,607,0.2079448699951172,207.9448699951172
spoofing_handbrake,607,0.20806407928466797,208.06407928466797
spoofing_handbrake,607,0.20798897743225098,207.98897743225098
spoofing_handbrake,607,0.20900702476501465,209.00702476501465
spoofing_handbrake,607,0.20694589614868164,206.94589614868164
spoofing_handbrake,607,0.20804214477539062,208.04214477539062
spoofing_handbrake,607,0.20795798301696777,207.95798301696777
spoofing_handbrake,607,0.20798492431640625,207.98492431640625
spoofing_handbrake,607,0.2090590000152588,209.0590000152588
spoofing_reverse,600,0.11299014091491699,112.99014091491699
spoofing_reverse,600,0.11199688911437988,111.99688911437988
spoofing_reverse,600,0.11200213432312012,112.00213432312012
spoofing_reverse,600,0.11099481582641602,110.99481582641602
spoofing_reverse,600,0.11199307441711426,111.99307441711426
spoofing_reverse,600,0.11200904846191406,112.00904846191406
spoofing_reverse,600,0.11198806762695312,111.98806762695312
spoofing_reverse,600,0.1120150089263916,112.0150089263916
spoofing_reverse,600,0.1119840145111084,111.9840145111084
spoofing_reverse,600,0.11300396919250488,113.00396919250488
spoofing_reverse,600,0.11199283599853516,111.99283599853516
spoofing_reverse,600,0.11200404167175293,112.00404167175293
spoofing_reverse,600,0.11104702949523926,111.04702949523926
spoofing_reverse,600,0.1119680404663086,111.9680404663086
spoofing_reverse,600,0.11198806762695312,111.98806762695312
spoofing_reverse,600,0.11199092864990234,111.99092864990234
spoofing_reverse,600,0.11199498176574707,111.99498176574707
spoofing_reverse,600,0.11200904846191406,112.00904846191406
spoofing_reverse,600,0.11300086975097656,113.00086975097656
spoofing_reverse,600,0.11199498176574707,111.99498176574707
spoofing_reverse,600,0.11200714111328125,112.00714111328125
spoofing_reverse,600,0.11101508140563965,111.01508140563965
spoofing_reverse,600,0.11199092864990234,111.99092864990234
spoofing_reverse,600,0.11197805404663086,111.97805404663086
spoofing_reverse,600,0.11201190948486328,112.01190948486328
spoofing_reverse,600,0.11198902130126953,111.98902130126953
spoofing_reverse,600,0.11202502250671387,112.02502250671387
spoofing_reverse,600,0.1130678653717041,113.0678653717041
spoofing_reverse,600,0.11192703247070312,111.92703247070312
spoofing_reverse,600,0.11197113990783691,111.97113990783691
spoofing_reverse,600,0.1110069751739502,111.0069751739502
spoofing_reverse,600,0.11202597618103027,112.02597618103027
spoofing_reverse,600,0.11195993423461914,111.95993423461914
spoofing_reverse,600,0.11200094223022461,112.00094223022461
spoofing_reverse,600,0.11202096939086914,112.02096939086914
spoofing_reverse,600,0.11198115348815918,111.98115348815918
spoofing_reverse,600,0.11302304267883301,113.02304267883301
spoofing_reverse,600,0.11200690269470215,112.00690269470215
spoofing_reverse,600,0.11101198196411133,111.01198196411133
spoofing_reverse,600,0.11196208000183105,111.96208000183105
spoofing_reverse,600,0.11200284957885742,112.00284957885742
spoofing_reverse,600,0.11198902130126953,111.98902130126953
spoofing_reverse,600,0.11198616027832031,111.98616027832031
spoofing_reverse,600,0.11200785636901855,112.00785636901855
spoofing_reverse,600,0.11206316947937012,112.06316947937012
spoofing_reverse,600,0.1129298210144043,112.9298210144043
spoofing_reverse,600,0.11201715469360352,112.01715469360352
spoofing_reverse,600,0.11098003387451172,110.98003387451172
spoofing_reverse,600,0.11205577850341797,112.05577850341797
spoofing_reverse,600,0.11197113990783691,111.97113990783691
spoofing_reverse,600,0.1119999885559082,111.9999885559082
spoofing_reverse,600,0.1119699478149414,111.9699478149414
spoofing_reverse,600,0.11204314231872559,112.04314231872559
spoofing_reverse,600,0.1129918098449707,112.9918098449707
spoofing_reverse,600,0.11197519302368164,111.97519302368164
spoofing_reverse,600,0.11199688911437988,111.99688911437988
spoofing_reverse,600,0.11101293563842773,111.01293563842773
spoofing_reverse,600,0.11200809478759766,112.00809478759766
spoofing_reverse,600,0.1119680404663086,111.9680404663086
spoofing_reverse,600,0.11204099655151367,112.04099655151367
spoofing_reverse,600,0.11198186874389648,111.98186874389648
spoofing_reverse,600,0.11197400093078613,111.97400093078613
spoofing_reverse,600,0.11300015449523926,113.00015449523926
spoofing_reverse,600,0.11200690269470215,112.00690269470215
spoofing_reverse,600,0.1119840145111084,111.9840145111084
spoofing_reverse,600,0.11101293563842773,111.01293563842773
spoofing_reverse,600,0.11198902130126953,111.98902130126953
spoofing_reverse,600,0.11203503608703613,112.03503608703613
spoofing_reverse,600,0.11195206642150879,111.95206642150879
spoofing_reverse,600,0.11200594902038574,112.00594902038574
spoofing_reverse,600,0.11200690269470215,112.00690269470215
spoofing_reverse,600,0.11300015449523926,113.00015449523926
spoofing_reverse,600,0.11199498176574707,111.99498176574707
spoofing_reverse,600,0.11200594902038574,112.00594902038574
spoofing_reverse,600,0.11100387573242188,111.00387573242188
spoofing_reverse,600,0.11199212074279785,111.99212074279785
spoofing_reverse,600,0.11199402809143066,111.99402809143066
spoofing_reverse,600,0.11202096939086914,112.02096939086914
spoofing_reverse,600,0.11200690269470215,112.00690269470215
spoofing_reverse,600,0.11197113990783691,111.97113990783691
spoofing_reverse,600,0.11300992965698242,113.00992965698242
spoofing_reverse,600,0.11198711395263672,111.98711395263672
spoofing_reverse,600,0.11200881004333496,112.00881004333496
spoofing_reverse,600,0.11098504066467285,110.98504066467285
spoofing_reverse,600,0.11201715469360352,112.01715469360352
spoofing_reverse,600,0.11200189590454102,112.00189590454102
spoofing_reverse,600,0.11198806762695312,111.98806762695312
spoofing_reverse,600,0.11199402809143066,111.99402809143066
spoofing_reverse,600,0.11200690269470215,112.00690269470215
spoofing_reverse,600,0.11298704147338867,112.98704147338867
spoofing_reverse,600,0.11208796501159668,112.08796501159668
spoofing_reverse,600,0.11192893981933594,111.92893981933594
spoofing_reverse,600,0.11097598075866699,110.97598075866699
spoofing_reverse,600,0.11201715469360352,112.01715469360352
spoofing_reverse,600,0.11200094223022461,112.00094223022461
spoofing_reverse,600,0.11202001571655273,112.02001571655273
spoofing_reverse,600,0.11198902130126953,111.98902130126953
spoofing_reverse,600,0.11198902130126953,111.98902130126953
spoofing_reverse,600,0.11298489570617676,112.98489570617676
spoofing_reverse,600,0.11202096939086914,112.02096939086914
spoofing_reverse,600,0.11197400093078613,111.97400093078613
spoofing_reverse,600,0.11099696159362793,110.99696159362793
spoofing_reverse,600,0.11201119422912598,112.01119422912598
spoofing_reverse,600,0.11198782920837402,111.98782920837402
spoofing_reverse,600,0.1119990348815918,111.9990348815918
spoofing_reverse,600,0.11201095581054688,112.01095581054688
spoofing_reverse,600,0.1119999885559082,111.9999885559082
spoofing_reverse,600,0.11301302909851074,113.01302909851074
spoofing_reverse,600,0.1119680404663086,111.9680404663086
spoofing_reverse,600,0.11201906204223633,112.01906204223633
spoofing_reverse,600,0.11099100112915039,110.99100112915039
spoofing_reverse,600,0.11199188232421875,111.99188232421875
spoofing_reverse,600,0.11202311515808105,112.02311515808105
spoofing_reverse,600,0.11198186874389648,111.98186874389648
spoofing_reverse,600,0.11200404167175293,112.00404167175293
spoofing_reverse,600,0.11206698417663574,112.06698417663574
spoofing_reverse,600,0.1129150390625,112.9150390625
spoofing_reverse,600,0.11200809478759766,112.00809478759766
spoofing_reverse,600,0.11203193664550781,112.03193664550781
spoofing_reverse,600,0.11100101470947266,111.00101470947266
spoofing_reverse,600,0.11194586753845215,111.94586753845215
spoofing_reverse,600,0.1120290756225586,112.0290756225586
spoofing_reverse,600,0.11200308799743652,112.00308799743652
spoofing_reverse,600,0.11202788352966309,112.02788352966309
spoofing_reverse,600,0.11194109916687012,111.94109916687012
spoofing_reverse,600,0.11300802230834961,113.00802230834961
spoofing_reverse,600,0.11216497421264648,112.16497421264648
spoofing_reverse,600,0.11185503005981445,111.85503005981445
spoofing_reverse,600,0.11098289489746094,110.98289489746094
spoofing_reverse,600,0.11198806762695312,111.98806762695312
spoofing_reverse,600,0.11201691627502441,112.01691627502441
spoofing_reverse,600,0.11198616027832031,111.98616027832031
spoofing_reverse,600,0.11199498176574707,111.99498176574707
spoofing_reverse,600,0.11203193664550781,112.03193664550781
spoofing_reverse,600,0.11303591728210449,113.03591728210449
spoofing_reverse,600,0.11192703247070312,111.92703247070312
spoofing_reverse,600,0.11199092864990234,111.99092864990234
spoofing_reverse,600,0.11101222038269043,111.01222038269043
spoofing_reverse,600,0.11201286315917969,112.01286315917969
spoofing_reverse,600,0.11202502250671387,112.02502250671387
spoofing_reverse,600,0.111968994140625,111.968994140625
spoofing_reverse,600,0.11197710037231445,111.97710037231445
spoofing_reverse,600,0.11200094223022461,112.00094223022461
spoofing_reverse,600,0.11301994323730469,113.01994323730469
spoofing_reverse,600,0.11198091506958008,111.98091506958008
spoofing_reverse,600,0.11199522018432617,111.99522018432617
spoofing_reverse,600,0.11101698875427246,111.01698875427246
spoofing_reverse,600,0.11197996139526367,111.97996139526367
spoofing_reverse,600,0.1120140552520752,112.0140552520752
spoofing_reverse,600,0.11197876930236816,111.97876930236816
spoofing_reverse,600,0.11207318305969238,112.07318305969238
spoofing_reverse,600,0.11193990707397461,111.93990707397461
spoofing_reverse,600,0.11299490928649902,112.99490928649902
spoofing_reverse,600,0.11203408241271973,112.03408241271973
spoofing_reverse,600,0.11202192306518555,112.02192306518555
spoofing_reverse,600,0.11092519760131836,110.92519760131836
spoofing_reverse,600,0.11200594902038574,112.00594902038574
spoofing_reverse,600,0.1120140552520752,112.0140552520752
spoofing_reverse,600,0.11201882362365723,112.01882362365723
spoofing_reverse,600,0.11199212074279785,111.99212074279785
spoofing_reverse,600,0.11197304725646973,111.97304725646973
spoofing_reverse,600,0.11300086975097656,113.00086975097656
spoofing_reverse,600,0.11198711395263672,111.98711395263672
spoofing_reverse,600,0.11103081703186035,111.03081703186035
spoofing_reverse,600,0.11200213432312012,112.00213432312012
spoofing_reverse,600,0.11202192306518555,112.02192306518555
spoofing_reverse,600,0.11200714111328125,112.00714111328125
spoofing_reverse,600,0.11199688911437988,111.99688911437988
spoofing_reverse,600,0.11194896697998047,111.94896697998047
spoofing_reverse,600,0.1119999885559082,111.9999885559082
spoofing_reverse,600,0.11302804946899414,113.02804946899414
spoofing_reverse,600,0.11198902130126953,111.98902130126953
spoofing_reverse,600,0.11097598075866699,110.97598075866699
spoofing_reverse,600,0.11205911636352539,112.05911636352539
spoofing_reverse,600,0.11194801330566406,111.94801330566406
spoofing_reverse,600,0.11198091506958008,111.98091506958008
spoofing_reverse,600,0.11200785636901855,112.00785636901855
spoofing_reverse,600,0.11200523376464844,112.00523376464844
spoofing_reverse,600,0.11299300193786621,112.99300193786621
spoofing_reverse,600,0.11200189590454102,112.00189590454102
spoofing_reverse,600,0.11199688911437988,111.99688911437988
spoofing_reverse,600,0.11100506782531738,111.00506782531738
spoofing_reverse,600,0.11198592185974121,111.98592185974121
spoofing_reverse,600,0.11204314231872559,112.04314231872559
spoofing_reverse,600,0.11199808120727539,111.99808120727539
spoofing_reverse,600,0.11199092864990234,111.99092864990234
spoofing_reverse,600,0.11198687553405762,111.98687553405762
spoofing_reverse,600,0.11297607421875,112.97607421875
spoofing_reverse,600,0.11200308799743652,112.00308799743652
spoofing_reverse,600,0.11200094223022461,112.00094223022461
spoofing_reverse,600,0.11105203628540039,111.05203628540039
spoofing_reverse,600,0.11194300651550293,111.94300651550293
spoofing_reverse,600,0.11201000213623047,112.01000213623047
spoofing_reverse,600,0.11201691627502441,112.01691627502441
spoofing_reverse,600,0.11197090148925781,111.97090148925781
spoofing_reverse,600,0.11199212074279785,111.99212074279785
spoofing_reverse,600,0.11300802230834961,113.00802230834961
spoofing_reverse,600,0.11200404167175293,112.00404167175293
spoofing_reverse,600,0.11201596260070801,112.01596260070801
spoofing_reverse,600,0.11098694801330566,110.98694801330566
spoofing_reverse,600,0.11197900772094727,111.97900772094727
spoofing_reverse,600,0.1120150089263916,112.0150089263916
spoofing_reverse,600,0.11207199096679688,112.07199096679688
spoofing_reverse,600,0.11193203926086426,111.93203926086426
spoofing_reverse,600,0.11198806762695312,111.98806762695312
spoofing_reverse,600,0.11299490928649902,112.99490928649902
spoofing_reverse,600,0.11200904846191406,112.00904846191406
spoofing_reverse,600,0.11199688911437988,111.99688911437988
spoofing_reverse,600,0.11099410057067871,110.99410057067871
spoofing_reverse,600,0.11201286315917969,112.01286315917969
spoofing_reverse,600,0.11202311515808105,112.02311515808105
spoofing_reverse,600,0.11196303367614746,111.96303367614746
spoofing_reverse,600,0.11201190948486328,112.01190948486328
spoofing_reverse,600,0.11201310157775879,112.01310157775879
spoofing_reverse,600,0.11299300193786621,112.99300193786621
spoofing_reverse,600,0.11197495460510254,111.97495460510254
spoofing_reverse,600,0.11200904846191406,112.00904846191406
spoofing_reverse,600,0.1110239028930664,111.0239028930664
spoofing_reverse,600,0.1119840145111084,111.9840145111084
spoofing_reverse,600,0.11200904846191406,112.00904846191406
spoofing_reverse,600,0.11197090148925781,111.97090148925781
spoofing_reverse,600,0.11206817626953125,112.06817626953125
spoofing_reverse,600,0.11196589469909668,111.96589469909668
spoofing_reverse,600,0.11300802230834961,113.00802230834961
spoofing_reverse,600,0.11197304725646973,111.97304725646973
spoofing_reverse,600,0.11197590827941895,111.97590827941895
spoofing_reverse,600,0.11102700233459473,111.02700233459473
spoofing_reverse,600,0.11196708679199219,111.96708679199219
spoofing_reverse,600,0.11202192306518555,112.02192306518555
spoofing_reverse,600,0.11196708679199219,111.96708679199219
spoofing_reverse,600,0.11208891868591309,112.08891868591309
spoofing_reverse,600,0.11191987991333008,111.91987991333008
spoofing_reverse,600,0.11299920082092285,112.99920082092285
spoofing_reverse,600,0.11200189590454102,112.00189590454102
spoofing_reverse,600,0.11206912994384766,112.06912994384766
spoofing_reverse,600,0.11097598075866699,110.97598075866699
spoofing_reverse,600,0.11197495460510254,111.97495460510254
spoofing_reverse,600,0.1119530200958252,111.9530200958252
spoofing_reverse,600,0.11211299896240234,112.11299896240234
spoofing_reverse,600,0.1119089126586914,111.9089126586914
spoofing_reverse,600,0.1119990348815918,111.9990348815918
spoofing_reverse,600,0.11300086975097656,113.00086975097656
spoofing_reverse,600,0.11201214790344238,112.01214790344238
spoofing_reverse,600,0.11200404167175293,112.00404167175293
spoofing_reverse,600,0.11097598075866699,110.97598075866699
spoofing_reverse,600,0.11202788352966309,112.02788352966309
spoofing_reverse,600,0.11197304725646973,111.97304725646973
spoofing_reverse,600,0.11199808120727539,111.99808120727539
spoofing_reverse,600,0.11199283599853516,111.99283599853516
spoofing_reverse,600,0.11201119422912598,112.01119422912598
spoofing_reverse,600,0.11299681663513184,112.99681663513184
spoofing_reverse,600,0.1120150089263916,112.0150089263916
spoofing_reverse,600,0.11197614669799805,111.97614669799805
spoofing_reverse,600,0.11101484298706055,111.01484298706055
spoofing_reverse,600,0.11198711395263672,111.98711395263672
spoofing_reverse,600,0.11198902130126953,111.98902130126953
spoofing_reverse,600,0.11204791069030762,112.04791069030762
spoofing_reverse,600,0.11197113990783691,111.97113990783691
spoofing_reverse,600,0.11198592185974121,111.98592185974121
spoofing_reverse,600,0.1130208969116211,113.0208969116211
spoofing_reverse,600,0.11200404167175293,112.00404167175293
spoofing_reverse,600,0.11208295822143555,112.08295822143555
spoofing_reverse,600,0.1108860969543457,110.8860969543457
spoofing_reverse,600,0.11199808120727539,111.99808120727539
spoofing_reverse,600,0.11200594902038574,112.00594902038574
spoofing_reverse,600,0.1120150089263916,112.0150089263916
spoofing_reverse,600,0.11197304725646973,111.97304725646973
spoofing_reverse,600,0.11201190948486328,112.01190948486328
spoofing_reverse,600,0.11299896240234375,112.99896240234375
spoofing_reverse,600,0.11198091506958008,111.98091506958008
spoofing_reverse,600,0.11201310157775879,112.01310157775879
spoofing_reverse,600,0.11099410057067871,110.99410057067871
spoofing_reverse,600,0.11199402809143066,111.99402809143066
spoofing_reverse,600,0.1119987964630127,111.9987964630127
spoofing_reverse,600,0.1119990348815918,111.9990348815918
spoofing_reverse,600,0.11199402809143066,111.99402809143066
spoofing_reverse,600,0.11201906204223633,112.01906204223633
spoofing_reverse,600,0.11297988891601562,112.97988891601562
spoofing_reverse,600,0.11200904846191406,112.00904846191406
spoofing_reverse,600,0.1119849681854248,111.9849681854248
spoofing_reverse,600,0.11101412773132324,111.01412773132324
spoofing_reverse,600,0.11200189590454102,112.00189590454102
spoofing_reverse,600,0.1119999885559082,111.9999885559082
spoofing_reverse,600,0.11198306083679199,111.98306083679199
spoofing_reverse,600,0.11200904846191406,112.00904846191406
spoofing_reverse,600,0.11199402809143066,111.99402809143066
spoofing_reverse,600,0.11300182342529297,113.00182342529297
spoofing_reverse,600,0.11199307441711426,111.99307441711426
spoofing_reverse,600,0.11100411415100098,111.00411415100098
spoofing_reverse,600,0.11202383041381836,112.02383041381836
spoofing_reverse,600,0.11199712753295898,111.99712753295898
spoofing_reverse,600,0.11197495460510254,111.97495460510254
spoofing_reverse,600,0.1119840145111084,111.9840145111084
spoofing_reverse,600,0.11201095581054688,112.01095581054688
spoofing_reverse,600,0.11200404167175293,112.00404167175293
spoofing_reverse,600,0.11301803588867188,113.01803588867188
spoofing_reverse,600,0.11207985877990723,112.07985877990723
spoofing_reverse,600,0.11091113090515137,110.91113090515137
spoofing_reverse,600,0.11200189590454102,112.00189590454102
spoofing_reverse,600,0.11197495460510254,111.97495460510254
spoofing_reverse,600,0.1119999885559082,111.9999885559082
spoofing_reverse,600,0.11200499534606934,112.00499534606934
spoofing_reverse,600,0.11200618743896484,112.00618743896484
spoofing_reverse,600,0.1129918098449707,112.9918098449707
spoofing_reverse,600,0.1120450496673584,112.0450496673584
spoofing_reverse,600,0.11193203926086426,111.93203926086426
spoofing_reverse,600,0.11102104187011719,111.02104187011719
spoofing_reverse,600,0.1120290756225586,112.0290756225586
spoofing_reverse,600,0.11202192306518555,112.02192306518555
spoofing_reverse,600,0.11193299293518066,111.93299293518066
spoofing_reverse,600,0.11200809478759766,112.00809478759766
spoofing_reverse,600,0.11199283599853516,111.99283599853516
spoofing_reverse,600,0.11300516128540039,113.00516128540039
spoofing_reverse,600,0.11200284957885742,112.00284957885742
spoofing_reverse,600,0.11199402809143066,111.99402809143066
spoofing_reverse,600,0.1110239028930664,111.0239028930664
spoofing_reverse,600,0.11198902130126953,111.98902130126953
spoofing_reverse,600,0.11200618743896484,112.00618743896484
spoofing_reverse,600,0.11197185516357422,111.97185516357422
spoofing_reverse,600,0.11200094223022461,112.00094223022461
spoofing_reverse,600,0.11201000213623047,112.01000213623047
spoofing_reverse,600,0.11300015449523926,113.00015449523926
spoofing_reverse,600,0.11197590827941895,111.97590827941895
spoofing_reverse,600,0.1120460033416748,112.0460033416748
spoofing_reverse,600,0.11097002029418945,110.97002029418945
spoofing_reverse,600,0.11205291748046875,112.05291748046875
spoofing_reverse,600,0.11194014549255371,111.94014549255371
spoofing_reverse,600,0.11200094223022461,112.00094223022461
spoofing_reverse,600,0.1119990348815918,111.9990348815918
spoofing_reverse,600,0.11200904846191406,112.00904846191406
spoofing_reverse,600,0.11297988891601562,112.97988891601562
spoofing_reverse,600,0.11199593544006348,111.99593544006348
spoofing_reverse,600,0.11204004287719727,112.04004287719727
spoofing_reverse,600,0.1110069751739502,111.0069751739502
spoofing_reverse,600,0.11196208000183105,111.96208000183105
spoofing_reverse,600,0.11200499534606934,112.00499534606934
spoofing_reverse,600,0.11199212074279785,111.99212074279785
spoofing_reverse,600,0.11205291748046875,112.05291748046875
spoofing_reverse,600,0.11198186874389648,111.98186874389648
spoofing_reverse,600,0.11295700073242188,112.95700073242188
spoofing_reverse,600,0.1120140552520752,112.0140552520752
spoofing_reverse,600,0.11200809478759766,112.00809478759766
spoofing_reverse,600,0.11099886894226074,110.99886894226074
spoofing_reverse,600,0.1119840145111084,111.9840145111084
spoofing_reverse,600,0.11200809478759766,112.00809478759766
spoofing_reverse,600,0.11200404167175293,112.00404167175293
spoofing_reverse,600,0.1120309829711914,112.0309829711914
spoofing_reverse,600,0.11194396018981934,111.94396018981934
spoofing_reverse,600,0.11299610137939453,112.99610137939453
spoofing_reverse,600,0.11203479766845703,112.03479766845703
spoofing_reverse,600,0.11200118064880371,112.00118064880371
spoofing_reverse,600,0.11096501350402832,110.96501350402832
spoofing_reverse,600,0.11199188232421875,111.99188232421875
spoofing_reverse,600,0.11201190948486328,112.01190948486328
spoofing_reverse,600,0.11200809478759766,112.00809478759766
spoofing_reverse,600,0.11200594902038574,112.00594902038574
spoofing_reverse,600,0.11198997497558594,111.98997497558594
spoofing_reverse,600,0.11298203468322754,112.98203468322754
spoofing_reverse,600,0.11200714111328125,112.00714111328125
spoofing_reverse,600,0.11201691627502441,112.01691627502441
spoofing_reverse,600,0.11101388931274414,111.01388931274414
spoofing_reverse,600,0.11195611953735352,111.95611953735352
spoofing_reverse,600,0.1119990348815918,111.9990348815918
spoofing_reverse,600,0.11201286315917969,112.01286315917969
spoofing_reverse,600,0.11206316947937012,112.06316947937012
spoofing_reverse,600,0.11191582679748535,111.91582679748535
spoofing_reverse,600,0.11301612854003906,113.01612854003906
spoofing_reverse,600,0.11198997497558594,111.98997497558594
spoofing_reverse,600,0.11200308799743652,112.00308799743652
spoofing_reverse,600,0.1109919548034668,110.9919548034668
spoofing_reverse,600,0.11198997497558594,111.98997497558594
spoofing_reverse,600,0.11200904846191406,112.00904846191406
spoofing_reverse,600,0.11198902130126953,111.98902130126953
spoofing_reverse,600,0.11201286315917969,112.01286315917969
spoofing_reverse,600,0.11205506324768066,112.05506324768066
spoofing_reverse,600,0.11297106742858887,112.97106742858887
spoofing_reverse,600,0.11200594902038574,112.00594902038574
spoofing_reverse,600,0.1119530200958252,111.9530200958252
spoofing_reverse,600,0.11100602149963379,111.00602149963379
spoofing_reverse,600,0.11199784278869629,111.99784278869629
spoofing_reverse,600,0.11201810836791992,112.01810836791992
spoofing_reverse,600,0.11199498176574707,111.99498176574707
spoofing_reverse,600,0.11198210716247559,111.98210716247559
spoofing_reverse,600,0.11200094223022461,112.00094223022461
spoofing_reverse,600,0.1130068302154541,113.0068302154541
spoofing_reverse,600,0.11199808120727539,111.99808120727539
spoofing_reverse,600,0.11201906204223633,112.01906204223633
spoofing_reverse,600,0.1109628677368164,110.9628677368164
spoofing_reverse,600,0.11199808120727539,111.99808120727539
spoofing_reverse,600,0.11198806762695312,111.98806762695312
spoofing_reverse,600,0.11200284957885742,112.00284957885742
spoofing_reverse,600,0.11201119422912598,112.01119422912598
spoofing_reverse,600,0.11202096939086914,112.02096939086914
spoofing_reverse,600,0.11297082901000977,112.97082901000977
spoofing_reverse,600,0.11202406883239746,112.02406883239746
spoofing_reverse,600,0.11197996139526367,111.97996139526367
spoofing_reverse,600,0.11101007461547852,111.01007461547852
spoofing_reverse,600,0.11198210716247559,111.98210716247559
spoofing_reverse,600,0.11200189590454102,112.00189590454102
spoofing_reverse,600,0.11200404167175293,112.00404167175293
spoofing_reverse,600,0.11200094223022461,112.00094223022461
spoofing_reverse,600,0.11201310157775879,112.01310157775879
spoofing_reverse,600,0.11298179626464844,112.98179626464844
spoofing_reverse,600,0.1120002269744873,112.0002269744873
spoofing_reverse,600,0.11202478408813477,112.02478408813477
spoofing_reverse,600,0.11097216606140137,110.97216606140137
spoofing_reverse,600,0.11205792427062988,112.05792427062988
spoofing_reverse,600,0.11194801330566406,111.94801330566406
spoofing_reverse,600,0.1119849681854248,111.9849681854248
spoofing_reverse,600,0.11201596260070801,112.01596260070801
spoofing_reverse,600,0.11202597618103027,112.02597618103027
spoofing_reverse,600,0.11298108100891113,112.98108100891113
spoofing_reverse,600,0.11197900772094727,111.97900772094727
spoofing_reverse,600,0.11099791526794434,110.99791526794434
spoofing_reverse,600,0.11200499534606934,112.00499534606934
spoofing_reverse,600,0.11199808120727539,111.99808120727539
spoofing_reverse,600,0.11202812194824219,112.02812194824219
spoofing_reverse,600,0.1119527816772461,111.9527816772461
spoofing_reverse,600,0.11206507682800293,112.06507682800293
spoofing_reverse,600,0.11199212074279785,111.99212074279785
spoofing_reverse,600,0.11298084259033203,112.98084259033203
spoofing_reverse,600,0.11198902130126953,111.98902130126953
spoofing_reverse,600,0.11100196838378906,111.00196838378906
spoofing_reverse,600,0.11202597618103027,112.02597618103027
spoofing_reverse,600,0.11194205284118652,111.94205284118652
spoofing_reverse,600,0.11200213432312012,112.00213432312012
spoofing_reverse,600,0.11200594902038574,112.00594902038574
spoofing_reverse,600,0.11224198341369629,112.24198341369629
spoofing_reverse,600,0.11276388168334961,112.76388168334961
spoofing_reverse,600,0.11198210716247559,111.98210716247559
spoofing_reverse,600,0.11202192306518555,112.02192306518555
spoofing_reverse,600,0.11103296279907227,111.03296279907227
spoofing_reverse,600,0.11194705963134766,111.94705963134766
spoofing_reverse,600,0.11198997497558594,111.98997497558594
spoofing_reverse,600,0.11201214790344238,112.01214790344238
spoofing_reverse,600,0.11202001571655273,112.02001571655273
spoofing_reverse,600,0.11197781562805176,111.97781562805176
spoofing_reverse,600,0.11299610137939453,112.99610137939453
spoofing_reverse,600,0.1119999885559082,111.9999885559082
spoofing_reverse,600,0.112030029296875,112.030029296875
spoofing_reverse,600,0.11096405982971191,110.96405982971191
spoofing_reverse,600,0.11200189590454102,112.00189590454102
spoofing_reverse,600,0.11201190948486328,112.01190948486328
spoofing_reverse,600,0.11200618743896484,112.00618743896484
spoofing_reverse,600,0.11197900772094727,111.97900772094727
spoofing_reverse,600,0.112030029296875,112.030029296875
spoofing_reverse,600,0.11296892166137695,112.96892166137695
spoofing_reverse,600,0.11199402809143066,111.99402809143066
spoofing_reverse,600,0.11199402809143066,111.99402809143066
spoofing_reverse,600,0.1110379695892334,111.0379695892334
spoofing_reverse,600,0.11196589469909668,111.96589469909668
spoofing_reverse,600,0.11199593544006348,111.99593544006348
spoofing_reverse,600,0.11200308799743652,112.00308799743652
spoofing_reverse,600,0.11203408241271973,112.03408241271973
spoofing_reverse,600,0.11195683479309082,111.95683479309082
spoofing_reverse,600,0.11300206184387207,113.00206184387207
spoofing_reverse,600,0.11201715469360352,112.01715469360352
spoofing_reverse,600,0.11200881004333496,112.00881004333496
spoofing_reverse,600,0.11097502708435059,110.97502708435059
spoofing_reverse,600,0.11201810836791992,112.01810836791992
spoofing_reverse,600,0.11201095581054688,112.01095581054688
spoofing_reverse,600,0.11195993423461914,111.95993423461914
spoofing_reverse,600,0.11202716827392578,112.02716827392578
spoofing_reverse,600,0.11197090148925781,111.97090148925781
spoofing_reverse,600,0.11305499076843262,113.05499076843262
spoofing_reverse,600,0.11196398735046387,111.96398735046387
spoofing_reverse,600,0.11204791069030762,112.04791069030762
spoofing_reverse,600,0.11094999313354492,110.94999313354492
spoofing_reverse,600,0.11198210716247559,111.98210716247559
spoofing_reverse,600,0.1120290756225586,112.0290756225586
spoofing_reverse,600,0.11196303367614746,111.96303367614746
spoofing_reverse,600,0.11202883720397949,112.02883720397949
spoofing_reverse,600,0.11198806762695312,111.98806762695312
spoofing_reverse,600,0.11297988891601562,112.97988891601562
spoofing_reverse,600,0.11198711395263672,111.98711395263672
spoofing_reverse,600,0.11205601692199707,112.05601692199707
spoofing_reverse,600,0.11094093322753906,110.94093322753906
spoofing_reverse,600,0.11201190948486328,112.01190948486328
spoofing_reverse,600,0.11200118064880371,112.00118064880371
spoofing_reverse,600,0.11200904846191406,112.00904846191406
spoofing_reverse,600,0.11198592185974121,111.98592185974121
spoofing_reverse,600,0.11203694343566895,112.03694343566895
spoofing_reverse,600,0.11296796798706055,112.96796798706055
spoofing_reverse,600,0.11201596260070801,112.01596260070801
spoofing_reverse,600,0.11197710037231445,111.97710037231445
spoofing_reverse,600,0.11100387573242188,111.00387573242188
spoofing_reverse,600,0.11199808120727539,111.99808120727539
spoofing_reverse,600,0.11199307441711426,111.99307441711426
spoofing_reverse,600,0.11205506324768066,112.05506324768066
spoofing_reverse,600,0.11201190948486328,112.01190948486328
spoofing_reverse,600,0.11193203926086426,111.93203926086426
spoofing_reverse,600,0.11302685737609863,113.02685737609863
spoofing_reverse,600,0.11197710037231445,111.97710037231445
spoofing_reverse,600,0.1119840145111084,111.9840145111084
spoofing_reverse,600,0.1110079288482666,111.0079288482666
spoofing_reverse,600,0.11198997497558594,111.98997497558594
spoofing_reverse,600,0.11201310157775879,112.01310157775879
spoofing_reverse,600,0.11199808120727539,111.99808120727539
spoofing_reverse,600,0.11200189590454102,112.00189590454102
spoofing_reverse,600,0.11199307441711426,111.99307441711426
spoofing_reverse,600,0.11298394203186035,112.98394203186035
spoofing_reverse,600,0.1120150089263916,112.0150089263916
spoofing_reverse,600,0.11199402809143066,111.99402809143066
spoofing_reverse,600,0.11101603507995605,111.01603507995605
spoofing_reverse,600,0.11197900772094727,111.97900772094727
spoofing_reverse,600,0.11202192306518555,112.02192306518555
spoofing_reverse,600,0.11200785636901855,112.00785636901855
spoofing_reverse,600,0.11199307441711426,111.99307441711426
spoofing_reverse,600,0.1119990348815918,111.9990348815918
spoofing_reverse,600,0.11298799514770508,112.98799514770508
spoofing_reverse,600,0.11198806762695312,111.98806762695312
spoofing_reverse,600,0.11203503608703613,112.03503608703613
spoofing_reverse,600,0.11102485656738281,111.02485656738281
spoofing_reverse,600,0.11192798614501953,111.92798614501953
spoofing_reverse,600,0.11200594902038574,112.00594902038574
spoofing_reverse,600,0.1120150089263916,112.0150089263916
spoofing_reverse,600,0.11197018623352051,111.97018623352051
spoofing_reverse,600,0.11202287673950195,112.02287673950195
spoofing_reverse,600,0.11299705505371094,112.99705505371094
spoofing_reverse,600,0.11199402809143066,111.99402809143066
spoofing_reverse,600,0.11201095581054688,112.01095581054688
spoofing_reverse,600,0.11098504066467285,110.98504066467285
spoofing_reverse,600,0.1120450496673584,112.0450496673584
spoofing_reverse,600,0.11195898056030273,111.95898056030273
spoofing_reverse,600,0.11199402809143066,111.99402809143066
spoofing_reverse,600,0.11199092864990234,111.99092864990234
spoofing_reverse,600,0.11202788352966309,112.02788352966309
spoofing_reverse,600,0.1129770278930664,112.9770278930664
spoofing_reverse,600,0.11198210716247559,111.98210716247559
spoofing_reverse,600,0.11202001571655273,112.02001571655273
spoofing_reverse,600,0.11101889610290527,111.01889610290527
spoofing_reverse,600,0.1119680404663086,111.9680404663086
spoofing_reverse,600,0.11201000213623047,112.01000213623047
spoofing_reverse,600,0.11200308799743652,112.00308799743652
spoofing_reverse,600,0.11200499534606934,112.00499534606934
spoofing_reverse,600,0.11198782920837402,111.98782920837402
spoofing_reverse,600,0.1129920482635498,112.9920482635498
spoofing_reverse,600,0.11200308799743652,112.00308799743652
spoofing_reverse,600,0.1110079288482666,111.0079288482666
spoofing_reverse,600,0.11197304725646973,111.97304725646973
spoofing_reverse,600,0.11200594902038574,112.00594902038574
spoofing_reverse,600,0.11200308799743652,112.00308799743652
spoofing_reverse,600,0.11201691627502441,112.01691627502441
spoofing_reverse,600,0.11198306083679199,111.98306083679199
spoofing_reverse,600,0.11202406883239746,112.02406883239746
spoofing_reverse,600,0.1129767894744873,112.9767894744873
spoofing_reverse,600,0.11200213432312012,112.00213432312012
spoofing_reverse,600,0.11099004745483398,110.99004745483398
spoofing_reverse,600,0.11206197738647461,112.06197738647461
spoofing_reverse,600,0.1119389533996582,111.9389533996582
spoofing_reverse,600,0.11199593544006348,111.99593544006348
spoofing_reverse,600,0.11201715469360352,112.01715469360352
spoofing_reverse,600,0.11204886436462402,112.04886436462402
spoofing_reverse,600,0.11295008659362793,112.95008659362793
spoofing_reverse,600,0.11197686195373535,111.97686195373535
spoofing_reverse,600,0.11201715469360352,112.01715469360352
spoofing_reverse,600,0.11101603507995605,111.01603507995605
spoofing_reverse,600,0.11197495460510254,111.97495460510254
spoofing_reverse,600,0.11199498176574707,111.99498176574707
spoofing_reverse,600,0.11199402809143066,111.99402809143066
spoofing_reverse,600,0.11200785636901855,112.00785636901855
spoofing_reverse,600,0.11203598976135254,112.03598976135254
spoofing_reverse,600,0.11295509338378906,112.95509338378906
spoofing_reverse,600,0.11199808120727539,111.99808120727539
spoofing_reverse,600,0.11200881004333496,112.00881004333496
spoofing_reverse,600,0.11103200912475586,111.03200912475586
spoofing_reverse,600,0.11197900772094727,111.97900772094727
spoofing_reverse,600,0.11200118064880371,112.00118064880371
spoofing_reverse,600,0.11197090148925781,111.97090148925781
spoofing_reverse,600,0.11200594902038574,112.00594902038574
spoofing_reverse,600,0.11200904846191406,112.00904846191406
spoofing_reverse,600,0.11298990249633789,112.98990249633789
spoofing_reverse,600,0.11198806762695312,111.98806762695312
spoofing_reverse,600,0.11203813552856445,112.03813552856445
spoofing_reverse,600,0.11098599433898926,110.98599433898926
spoofing_reverse,600,0.11201286315917969,112.01286315917969
spoofing_reverse,600,0.11198711395263672,111.98711395263672
spoofing_reverse,600,0.1119680404663086,111.9680404663086
spoofing_reverse,600,0.11200690269470215,112.00690269470215
spoofing_reverse,600,0.11201000213623047,112.01000213623047
spoofing_reverse,600,0.1129920482635498,112.9920482635498
spoofing_reverse,600,0.11200904846191406,112.00904846191406
spoofing_reverse,600,0.11197900772094727,111.97900772094727
spoofing_reverse,600,0.1110079288482666,111.0079288482666
spoofing_reverse,600,0.11200094223022461,112.00094223022461
spoofing_reverse,600,0.11199307441711426,111.99307441711426
spoofing_reverse,600,0.11200189590454102,112.00189590454102
spoofing_reverse,600,0.11199712753295898,111.99712753295898
spoofing_reverse,600,0.11200189590454102,112.00189590454102
spoofing_reverse,600,0.11300206184387207,113.00206184387207
spoofing_reverse,600,0.1120140552520752,112.0140552520752
spoofing_reverse,600,0.1119849681854248,111.9849681854248
spoofing_reverse,600,0.11099982261657715,110.99982261657715
spoofing_reverse,600,0.1119840145111084,111.9840145111084
spoofing_reverse,600,0.11203217506408691,112.03217506408691
spoofing_reverse,600,0.11197590827941895,111.97590827941895
spoofing_reverse,600,0.11200904846191406,112.00904846191406
spoofing_reverse,600,0.11200594902038574,112.00594902038574
spoofing_reverse,600,0.11299300193786621,112.99300193786621
spoofing_reverse,600,0.11199092864990234,111.99092864990234
spoofing_reverse,600,0.11200213432312012,112.00213432312012
spoofing_reverse,600,0.11100196838378906,111.00196838378906
spoofing_reverse,600,0.11200308799743652,112.00308799743652
spoofing_reverse,600,0.1119849681854248,111.9849681854248
spoofing_reverse,600,0.11209392547607422,112.09392547607422
spoofing_reverse,600,0.1119539737701416,111.9539737701416
spoofing_reverse,600,0.11197113990783691,111.97113990783691
spoofing_reverse,600,0.1130058765411377,113.0058765411377
spoofing_reverse,600,0.1119699478149414,111.9699478149414
spoofing_reverse,600,0.11201810836791992,112.01810836791992
spoofing_reverse,600,0.11097192764282227,110.97192764282227
spoofing_reverse,600,0.11208510398864746,112.08510398864746
spoofing_reverse,600,0.11192584037780762,111.92584037780762
spoofing_reverse,600,0.1120140552520752,112.0140552520752
spoofing_reverse,600,0.11197304725646973,111.97304725646973
spoofing_reverse,600,0.11206793785095215,112.06793785095215
spoofing_reverse,600,0.1129460334777832,112.9460334777832
spoofing_reverse,600,0.11197900772094727,111.97900772094727
spoofing_reverse,600,0.11203908920288086,112.03908920288086
spoofing_reverse,600,0.11095380783081055,110.95380783081055
spoofing_reverse,600,0.1120140552520752,112.0140552520752
spoofing_reverse,600,0.1119840145111084,111.9840145111084
spoofing_reverse,600,0.11202502250671387,112.02502250671387
spoofing_reverse,600,0.11197590827941895,111.97590827941895
spoofing_reverse,600,0.11205720901489258,112.05720901489258
spoofing_reverse,600,0.11298990249633789,112.98990249633789
spoofing_reverse,600,0.11195111274719238,111.95111274719238
spoofing_reverse,600,0.11200690269470215,112.00690269470215
spoofing_reverse,600,0.11100196838378906,111.00196838378906
spoofing_reverse,600,0.11202001571655273,112.02001571655273
spoofing_reverse,600,0.11196303367614746,111.96303367614746
spoofing_reverse,600,0.11200785636901855,112.00785636901855
spoofing_reverse,600,0.11199712753295898,111.99712753295898
spoofing_reverse,600,0.11199688911437988,111.99688911437988
spoofing_reverse,601,0.11299300193786621,112.99300193786621
spoofing_reverse,601,0.11199283599853516,111.99283599853516
spoofing_reverse,601,0.11200308799743652,112.00308799743652
spoofing_reverse,601,0.1109919548034668,110.9919548034668
spoofing_reverse,601,0.11199307441711426,111.99307441711426
spoofing_reverse,601,0.11201095581054688,112.01095581054688
spoofing_reverse,601,0.11198210716247559,111.98210716247559
spoofing_reverse,601,0.11202287673950195,112.02287673950195
spoofing_reverse,601,0.11197710037231445,111.97710037231445
spoofing_reverse,601,0.11300897598266602,113.00897598266602
spoofing_reverse,601,0.11199092864990234,111.99092864990234
spoofing_reverse,601,0.11200499534606934,112.00499534606934
spoofing_reverse,601,0.1110539436340332,111.0539436340332
spoofing_reverse,601,0.11196112632751465,111.96112632751465
spoofing_reverse,601,0.11198902130126953,111.98902130126953
spoofing_reverse,601,0.11198902130126953,111.98902130126953
spoofing_reverse,601,0.11199498176574707,111.99498176574707
spoofing_reverse,601,0.11201190948486328,112.01190948486328
spoofing_reverse,601,0.11299991607666016,112.99991607666016
spoofing_reverse,601,0.11199307441711426,111.99307441711426
spoofing_reverse,601,0.11201000213623047,112.01000213623047
spoofing_reverse,601,0.11101508140563965,111.01508140563965
spoofing_reverse,601,0.11199402809143066,111.99402809143066
spoofing_reverse,601,0.11197090148925781,111.97090148925781
spoofing_reverse,601,0.11202001571655273,112.02001571655273
spoofing_reverse,601,0.11198306083679199,111.98306083679199
spoofing_reverse,601,0.11202788352966309,112.02788352966309
spoofing_reverse,601,0.11307406425476074,113.07406425476074
spoofing_reverse,601,0.11191987991333008,111.91987991333008
spoofing_reverse,601,0.11196708679199219,111.96708679199219
spoofing_reverse,601,0.11100912094116211,111.00912094116211
spoofing_reverse,601,0.11203598976135254,112.03598976135254
spoofing_reverse,601,0.11194586753845215,111.94586753845215
spoofing_reverse,601,0.11200213432312012,112.00213432312012
spoofing_reverse,601,0.11202383041381836,112.02383041381836
spoofing_reverse,601,0.11198616027832031,111.98616027832031
spoofing_reverse,601,0.1130208969116211,113.0208969116211
spoofing_reverse,601,0.11200690269470215,112.00690269470215
spoofing_reverse,601,0.11101508140563965,111.01508140563965
spoofing_reverse,601,0.11195898056030273,111.95898056030273
spoofing_reverse,601,0.11200499534606934,112.00499534606934
spoofing_reverse,601,0.11198902130126953,111.98902130126953
spoofing_reverse,601,0.11197996139526367,111.97996139526367
spoofing_reverse,601,0.11201214790344238,112.01214790344238
spoofing_reverse,601,0.11206483840942383,112.06483840942383
spoofing_reverse,601,0.11292219161987305,112.92219161987305
spoofing_reverse,601,0.11202096939086914,112.02096939086914
spoofing_reverse,601,0.1109778881072998,110.9778881072998
spoofing_reverse,601,0.11208701133728027,112.08701133728027
spoofing_reverse,601,0.11194014549255371,111.94014549255371
spoofing_reverse,601,0.11200594902038574,112.00594902038574
spoofing_reverse,601,0.11196184158325195,111.96184158325195
spoofing_reverse,601,0.11205315589904785,112.05315589904785
spoofing_reverse,601,0.1129908561706543,112.9908561706543
spoofing_reverse,601,0.11197400093078613,111.97400093078613
spoofing_reverse,601,0.11199498176574707,111.99498176574707
spoofing_reverse,601,0.11101508140563965,111.01508140563965
spoofing_reverse,601,0.11201190948486328,112.01190948486328
spoofing_reverse,601,0.11195611953735352,111.95611953735352
spoofing_reverse,601,0.11205387115478516,112.05387115478516
spoofing_reverse,601,0.11197113990783691,111.97113990783691
spoofing_reverse,601,0.11197996139526367,111.97996139526367
spoofing_reverse,601,0.11299490928649902,112.99490928649902
spoofing_reverse,601,0.11201214790344238,112.01214790344238
spoofing_reverse,601,0.11197805404663086,111.97805404663086
spoofing_reverse,601,0.11101794242858887,111.01794242858887
spoofing_reverse,601,0.11198592185974121,111.98592185974121
spoofing_reverse,601,0.1120450496673584,112.0450496673584
spoofing_reverse,601,0.1119389533996582,111.9389533996582
spoofing_reverse,601,0.11200904846191406,112.00904846191406
spoofing_reverse,601,0.11200904846191406,112.00904846191406
spoofing_reverse,601,0.11299896240234375,112.99896240234375
spoofing_reverse,601,0.11199092864990234,111.99092864990234
spoofing_reverse,601,0.11200809478759766,112.00809478759766
spoofing_reverse,601,0.1110079288482666,111.0079288482666
spoofing_reverse,601,0.11199212074279785,111.99212074279785
spoofing_reverse,601,0.11199283599853516,111.99283599853516
spoofing_reverse,601,0.11201810836791992,112.01810836791992
spoofing_reverse,601,0.1120150089263916,112.0150089263916
spoofing_reverse,601,0.111968994140625,111.968994140625
spoofing_reverse,601,0.11301088333129883,113.01088333129883
spoofing_reverse,601,0.11198115348815918,111.98115348815918
spoofing_reverse,601,0.11201095581054688,112.01095581054688
spoofing_reverse,601,0.11098599433898926,110.98599433898926
spoofing_reverse,601,0.11201190948486328,112.01190948486328
spoofing_reverse,601,0.11200594902038574,112.00594902038574
spoofing_reverse,601,0.1119852066040039,111.9852066040039
spoofing_reverse,601,0.11199784278869629,111.99784278869629
spoofing_reverse,601,0.11200499534606934,112.00499534606934
spoofing_reverse,601,0.11298513412475586,112.98513412475586
spoofing_reverse,601,0.11209988594055176,112.09988594055176
spoofing_reverse,601,0.11192011833190918,111.92011833190918
spoofing_reverse,601,0.11097598075866699,110.97598075866699
spoofing_reverse,601,0.11201691627502441,112.01691627502441
spoofing_reverse,601,0.11199593544006348,111.99593544006348
spoofing_reverse,601,0.11202812194824219,112.02812194824219
spoofing_reverse,601,0.11198592185974121,111.98592185974121
spoofing_reverse,601,0.1119849681854248,111.9849681854248
spoofing_reverse,601,0.11298799514770508,112.98799514770508
spoofing_reverse,601,0.11202001571655273,112.02001571655273
spoofing_reverse,601,0.11197209358215332,111.97209358215332
spoofing_reverse,601,0.11099791526794434,110.99791526794434
spoofing_reverse,601,0.11201310157775879,112.01310157775879
spoofing_reverse,601,0.1119849681854248,111.9849681854248
spoofing_reverse,601,0.1119999885559082,111.9999885559082
spoofing_reverse,601,0.11201691627502441,112.01691627502441
spoofing_reverse,601,0.1119990348815918,111.9990348815918
spoofing_reverse,601,0.11301112174987793,113.01112174987793
spoofing_reverse,601,0.1119680404663086,111.9680404663086
spoofing_reverse,601,0.11201977729797363,112.01977729797363
spoofing_reverse,601,0.11098623275756836,110.98623275756836
spoofing_reverse,601,0.11199784278869629,111.99784278869629
spoofing_reverse,601,0.11201906204223633,112.01906204223633
spoofing_reverse,601,0.1119849681854248,111.9849681854248
spoofing_reverse,601,0.11200404167175293,112.00404167175293
spoofing_reverse,601,0.11207103729248047,112.07103729248047
spoofing_reverse,601,0.11290884017944336,112.90884017944336
spoofing_reverse,601,0.11201214790344238,112.01214790344238
spoofing_reverse,601,0.11203789710998535,112.03789710998535
spoofing_reverse,601,0.11099505424499512,110.99505424499512
spoofing_reverse,601,0.1119379997253418,111.9379997253418
spoofing_reverse,601,0.11203694343566895,112.03694343566895
spoofing_reverse,601,0.11200404167175293,112.00404167175293
spoofing_reverse,601,0.11202192306518555,112.02192306518555
spoofing_reverse,601,0.11194300651550293,111.94300651550293
spoofing_reverse,601,0.11300301551818848,113.00301551818848
spoofing_reverse,601,0.11217904090881348,112.17904090881348
spoofing_reverse,601,0.1118459701538086,111.8459701538086
spoofing_reverse,601,0.11098194122314453,110.98194122314453
spoofing_reverse,601,0.11198306083679199,111.98306083679199
spoofing_reverse,601,0.11202311515808105,112.02311515808105
spoofing_reverse,601,0.11198782920837402,111.98782920837402
spoofing_reverse,601,0.11198902130126953,111.98902130126953
spoofing_reverse,601,0.11203908920288086,112.03908920288086
spoofing_reverse,601,0.11304092407226562,113.04092407226562
spoofing_reverse,601,0.11191916465759277,111.91916465759277
spoofing_reverse,601,0.1119849681854248,111.9849681854248
spoofing_reverse,601,0.11101984977722168,111.01984977722168
spoofing_reverse,601,0.11200904846191406,112.00904846191406
spoofing_reverse,601,0.1120309829711914,112.0309829711914
spoofing_reverse,601,0.11196208000183105,111.96208000183105
spoofing_reverse,601,0.11197304725646973,111.97304725646973
spoofing_reverse,601,0.11200284957885742,112.00284957885742
spoofing_reverse,601,0.11302614212036133,113.02614212036133
spoofing_reverse,601,0.11197805404663086,111.97805404663086
spoofing_reverse,601,0.11199283599853516,111.99283599853516
spoofing_reverse,601,0.11102008819580078,111.02008819580078
spoofing_reverse,601,0.11197686195373535,111.97686195373535
spoofing_reverse,601,0.11201810836791992,112.01810836791992
spoofing_reverse,601,0.11197304725646973,111.97304725646973
spoofing_reverse,601,0.11207985877990723,112.07985877990723
spoofing_reverse,601,0.11193418502807617,111.93418502807617
spoofing_reverse,601,0.11299991607666016,112.99991607666016
spoofing_reverse,601,0.11203908920288086,112.03908920288086
spoofing_reverse,601,0.11201882362365723,112.01882362365723
spoofing_reverse,601,0.1109170913696289,110.9170913696289
spoofing_reverse,601,0.11200904846191406,112.00904846191406
spoofing_reverse,601,0.11201596260070801,112.01596260070801
spoofing_reverse,601,0.11202287673950195,112.02287673950195
spoofing_reverse,601,0.1119840145111084,111.9840145111084
spoofing_reverse,601,0.11197519302368164,111.97519302368164
spoofing_reverse,601,0.11300396919250488,113.00396919250488
spoofing_reverse,601,0.11198091506958008,111.98091506958008
spoofing_reverse,601,0.11104011535644531,111.04011535644531
spoofing_reverse,601,0.11199688911437988,111.99688911437988
spoofing_reverse,601,0.11202692985534668,112.02692985534668
spoofing_reverse,601,0.11200594902038574,112.00594902038574
spoofing_reverse,601,0.11199808120727539,111.99808120727539
spoofing_reverse,601,0.11194205284118652,111.94205284118652
spoofing_reverse,601,0.11200189590454102,112.00189590454102
spoofing_reverse,601,0.11303210258483887,113.03210258483887
spoofing_reverse,601,0.11198902130126953,111.98902130126953
spoofing_reverse,601,0.11097002029418945,110.97002029418945
spoofing_reverse,601,0.11206388473510742,112.06388473510742
spoofing_reverse,601,0.11195015907287598,111.95015907287598
spoofing_reverse,601,0.11197280883789062,111.97280883789062
spoofing_reverse,601,0.11201214790344238,112.01214790344238
spoofing_reverse,601,0.11200284957885742,112.00284957885742
spoofing_reverse,601,0.11299300193786621,112.99300193786621
spoofing_reverse,601,0.11200404167175293,112.00404167175293
spoofing_reverse,601,0.11199498176574707,111.99498176574707
spoofing_reverse,601,0.11100506782531738,111.00506782531738
spoofing_reverse,601,0.1119840145111084,111.9840145111084
spoofing_reverse,601,0.11204695701599121,112.04695701599121
spoofing_reverse,601,0.11199808120727539,111.99808120727539
spoofing_reverse,601,0.11199283599853516,111.99283599853516
spoofing_reverse,601,0.11198806762695312,111.98806762695312
spoofing_reverse,601,0.11297011375427246,112.97011375427246
spoofing_reverse,601,0.11200189590454102,112.00189590454102
spoofing_reverse,601,0.11200499534606934,112.00499534606934
spoofing_reverse,601,0.11105203628540039,111.05203628540039
spoofing_reverse,601,0.11194205284118652,111.94205284118652
spoofing_reverse,601,0.11201095581054688,112.01095581054688
spoofing_reverse,601,0.11202597618103027,112.02597618103027
spoofing_reverse,601,0.11195802688598633,111.95802688598633
spoofing_reverse,601,0.11199307441711426,111.99307441711426
spoofing_reverse,601,0.1130068302154541,113.0068302154541
spoofing_reverse,601,0.11201000213623047,112.01000213623047
spoofing_reverse,601,0.1120150089263916,112.0150089263916
spoofing_reverse,601,0.11098217964172363,110.98217964172363
spoofing_reverse,601,0.1119849681854248,111.9849681854248
spoofing_reverse,601,0.11201000213623047,112.01000213623047
spoofing_reverse,601,0.11207985877990723,112.07985877990723
spoofing_reverse,601,0.11192512512207031,111.92512512207031
spoofing_reverse,601,0.11199092864990234,111.99092864990234
spoofing_reverse,601,0.11299300193786621,112.99300193786621
spoofing_reverse,601,0.11201310157775879,112.01310157775879
spoofing_reverse,601,0.11199498176574707,111.99498176574707
spoofing_reverse,601,0.1109929084777832,110.9929084777832
spoofing_reverse,601,0.11201190948486328,112.01190948486328
spoofing_reverse,601,0.11202716827392578,112.02716827392578
spoofing_reverse,601,0.11196303367614746,111.96303367614746
spoofing_reverse,601,0.11201095581054688,112.01095581054688
spoofing_reverse,601,0.1120140552520752,112.0140552520752
spoofing_reverse,601,0.1129908561706543,112.9908561706543
spoofing_reverse,601,0.11197710037231445,111.97710037231445
spoofing_reverse,601,0.11200404167175293,112.00404167175293
spoofing_reverse,601,0.11103391647338867,111.03391647338867
spoofing_reverse,601,0.11197900772094727,111.97900772094727
spoofing_reverse,601,0.11201095581054688,112.01095581054688
spoofing_reverse,601,0.11196613311767578,111.96613311767578
spoofing_reverse,601,0.11207795143127441,112.07795143127441
spoofing_reverse,601,0.11195993423461914,111.95993423461914
spoofing_reverse,601,0.11302304267883301,113.02304267883301
spoofing_reverse,601,0.11195802688598633,111.95802688598633
spoofing_reverse,601,0.11197590827941895,111.97590827941895
spoofing_reverse,601,0.11102795600891113,111.02795600891113
spoofing_reverse,601,0.11195802688598633,111.95802688598633
spoofing_reverse,601,0.11202692985534668,112.02692985534668
spoofing_reverse,601,0.11196017265319824,111.96017265319824
spoofing_reverse,601,0.11211490631103516,112.11490631103516
spoofing_reverse,601,0.11190009117126465,111.90009117126465
spoofing_reverse,601,0.11299991607666016,112.99991607666016
spoofing_reverse,601,0.11199402809143066,111.99402809143066
spoofing_reverse,601,0.11209487915039062,112.09487915039062
spoofing_reverse,601,0.1109611988067627,110.9611988067627
spoofing_reverse,601,0.11197280883789062,111.97280883789062
spoofing_reverse,601,0.11194419860839844,111.94419860839844
spoofing_reverse,601,0.11214780807495117,112.14780807495117
spoofing_reverse,601,0.11188316345214844,111.88316345214844
spoofing_reverse,601,0.11199402809143066,111.99402809143066
spoofing_reverse,601,0.11300396919250488,113.00396919250488
spoofing_reverse,601,0.11200690269470215,112.00690269470215
spoofing_reverse,601,0.11200809478759766,112.00809478759766
spoofing_reverse,601,0.11097502708435059,110.97502708435059
spoofing_reverse,601,0.11203789710998535,112.03789710998535
spoofing_reverse,601,0.11196494102478027,111.96494102478027
spoofing_reverse,601,0.11199712753295898,111.99712753295898
spoofing_reverse,601,0.11199498176574707,111.99498176574707
spoofing_reverse,601,0.11201786994934082,112.01786994934082
spoofing_reverse,601,0.1129910945892334,112.9910945892334
spoofing_reverse,601,0.11201310157775879,112.01310157775879
spoofing_reverse,601,0.11197590827941895,111.97590827941895
spoofing_reverse,601,0.11101388931274414,111.01388931274414
spoofing_reverse,601,0.11199307441711426,111.99307441711426
spoofing_reverse,601,0.11198091506958008,111.98091506958008
spoofing_reverse,601,0.11205720901489258,112.05720901489258
spoofing_reverse,601,0.11196589469909668,111.96589469909668
spoofing_reverse,601,0.11198592185974121,111.98592185974121
spoofing_reverse,601,0.11301898956298828,113.01898956298828
spoofing_reverse,601,0.11200618743896484,112.00618743896484
spoofing_reverse,601,0.11209392547607422,112.09392547607422
spoofing_reverse,601,0.11087703704833984,110.87703704833984
spoofing_reverse,601,0.1119990348815918,111.9990348815918
spoofing_reverse,601,0.11200284957885742,112.00284957885742
spoofing_reverse,601,0.11201596260070801,112.01596260070801
spoofing_reverse,601,0.11196303367614746,111.96303367614746
spoofing_reverse,601,0.11202502250671387,112.02502250671387
spoofing_reverse,601,0.1129910945892334,112.9910945892334
spoofing_reverse,601,0.11198091506958008,111.98091506958008
spoofing_reverse,601,0.11201691627502441,112.01691627502441
spoofing_reverse,601,0.11099410057067871,110.99410057067871
spoofing_reverse,601,0.11199307441711426,111.99307441711426
spoofing_reverse,601,0.1119990348815918,111.9990348815918
spoofing_reverse,601,0.1119987964630127,111.9987964630127
spoofing_reverse,601,0.11199617385864258,111.99617385864258
spoofing_reverse,601,0.11201882362365723,112.01882362365723
spoofing_reverse,601,0.11297607421875,112.97607421875
spoofing_reverse,601,0.11201095581054688,112.01095581054688
spoofing_reverse,601,0.1119840145111084,111.9840145111084
spoofing_reverse,601,0.11101698875427246,111.01698875427246
spoofing_reverse,601,0.1119990348815918,111.9990348815918
spoofing_reverse,601,0.11200308799743652,112.00308799743652
spoofing_reverse,601,0.11197900772094727,111.97900772094727
spoofing_reverse,601,0.1120150089263916,112.0150089263916
spoofing_reverse,601,0.11198902130126953,111.98902130126953
spoofing_reverse,601,0.11300492286682129,113.00492286682129
spoofing_reverse,601,0.11199307441711426,111.99307441711426
spoofing_reverse,601,0.11100387573242188,111.00387573242188
spoofing_reverse,601,0.11202406883239746,112.02406883239746
spoofing_reverse,601,0.11199808120727539,111.99808120727539
spoofing_reverse,601,0.11197185516357422,111.97185516357422
spoofing_reverse,601,0.11197805404663086,111.97805404663086
spoofing_reverse,601,0.11202001571655273,112.02001571655273
spoofing_reverse,601,0.1119999885559082,111.9999885559082
spoofing_reverse,601,0.11301994323730469,113.01994323730469
spoofing_reverse,601,0.11208796501159668,112.08796501159668
spoofing_reverse,601,0.11091017723083496,110.91017723083496
spoofing_reverse,601,0.11199378967285156,111.99378967285156
spoofing_reverse,601,0.11197614669799805,111.97614669799805
spoofing_reverse,601,0.1119999885559082,111.9999885559082
spoofing_reverse,601,0.11200094223022461,112.00094223022461
spoofing_reverse,601,0.11201095581054688,112.01095581054688
spoofing_reverse,601,0.1129920482635498,112.9920482635498
spoofing_reverse,601,0.1120460033416748,112.0460033416748
spoofing_reverse,601,0.11192202568054199,111.92202568054199
spoofing_reverse,601,0.11103010177612305,111.03010177612305
spoofing_reverse,601,0.11202692985534668,112.02692985534668
spoofing_reverse,601,0.11202788352966309,112.02788352966309
spoofing_reverse,601,0.11193013191223145,111.93013191223145
spoofing_reverse,601,0.11208200454711914,112.08200454711914
spoofing_reverse,601,0.11191296577453613,111.91296577453613
spoofing_reverse,601,0.1130070686340332,113.0070686340332
spoofing_reverse,601,0.11200594902038574,112.00594902038574
spoofing_reverse,601,0.11199498176574707,111.99498176574707
spoofing_reverse,601,0.11102294921875,111.02294921875
spoofing_reverse,601,0.11198902130126953,111.98902130126953
spoofing_reverse,601,0.11201000213623047,112.01000213623047
spoofing_reverse,601,0.11196208000183105,111.96208000183105
spoofing_reverse,601,0.11201286315917969,112.01286315917969
spoofing_reverse,601,0.11200118064880371,112.00118064880371
spoofing_reverse,601,0.11300277709960938,113.00277709960938
spoofing_reverse,601,0.11197018623352051,111.97018623352051
spoofing_reverse,601,0.11205101013183594,112.05101013183594
spoofing_reverse,601,0.11096501350402832,110.96501350402832
spoofing_reverse,601,0.1120607852935791,112.0607852935791
spoofing_reverse,601,0.11193513870239258,111.93513870239258
spoofing_reverse,601,0.11200189590454102,112.00189590454102
spoofing_reverse,601,0.1119999885559082,111.9999885559082
spoofing_reverse,601,0.11200308799743652,112.00308799743652
spoofing_reverse,601,0.11298298835754395,112.98298835754395
spoofing_reverse,601,0.11199593544006348,111.99593544006348
spoofing_reverse,601,0.1120460033416748,112.0460033416748
spoofing_reverse,601,0.11101198196411133,111.01198196411133
spoofing_reverse,601,0.11195611953735352,111.95611953735352
spoofing_reverse,601,0.11200308799743652,112.00308799743652
spoofing_reverse,601,0.11199378967285156,111.99378967285156
spoofing_reverse,601,0.11205506324768066,112.05506324768066
spoofing_reverse,601,0.11197614669799805,111.97614669799805
spoofing_reverse,601,0.11295700073242188,112.95700073242188
spoofing_reverse,601,0.11201786994934082,112.01786994934082
spoofing_reverse,601,0.11200904846191406,112.00904846191406
spoofing_reverse,601,0.11099600791931152,110.99600791931152
spoofing_reverse,601,0.11197996139526367,111.97996139526367
spoofing_reverse,601,0.11201000213623047,112.01000213623047
spoofing_reverse,601,0.11200904846191406,112.00904846191406
spoofing_reverse,601,0.11204385757446289,112.04385757446289
spoofing_reverse,601,0.11192607879638672,111.92607879638672
spoofing_reverse,601,0.11299490928649902,112.99490928649902
spoofing_reverse,601,0.11203908920288086,112.03908920288086
spoofing_reverse,601,0.1119999885559082,111.9999885559082
spoofing_reverse,601,0.11096405982971191,110.96405982971191
spoofing_reverse,601,0.11199092864990234,111.99092864990234
spoofing_reverse,601,0.11201596260070801,112.01596260070801
spoofing_reverse,601,0.11200904846191406,112.00904846191406
spoofing_reverse,601,0.11200594902038574,112.00594902038574
spoofing_reverse,601,0.11198616027832031,111.98616027832031
spoofing_reverse,601,0.11297893524169922,112.97893524169922
spoofing_reverse,601,0.11201286315917969,112.01286315917969
spoofing_reverse,601,0.11202311515808105,112.02311515808105
spoofing_reverse,601,0.11100888252258301,111.00888252258301
spoofing_reverse,601,0.11195015907287598,111.95015907287598
spoofing_reverse,601,0.11200094223022461,112.00094223022461
spoofing_reverse,601,0.11201000213623047,112.01000213623047
spoofing_reverse,601,0.11207294464111328,112.07294464111328
spoofing_reverse,601,0.11190414428710938,111.90414428710938
spoofing_reverse,601,0.11302304267883301,113.02304267883301
spoofing_reverse,601,0.11198997497558594,111.98997497558594
spoofing_reverse,601,0.11200189590454102,112.00189590454102
spoofing_reverse,601,0.11099100112915039,110.99100112915039
spoofing_reverse,601,0.11198306083679199,111.98306083679199
spoofing_reverse,601,0.11201691627502441,112.01691627502441
spoofing_reverse,601,0.11198306083679199,111.98306083679199
spoofing_reverse,601,0.11202001571655273,112.02001571655273
spoofing_reverse,601,0.1120748519897461,112.0748519897461
spoofing_reverse,601,0.11295199394226074,112.95199394226074
spoofing_reverse,601,0.1120002269744873,112.0002269744873
spoofing_reverse,601,0.11195588111877441,111.95588111877441
spoofing_reverse,601,0.11100602149963379,111.00602149963379
spoofing_reverse,601,0.11199808120727539,111.99808120727539
spoofing_reverse,601,0.11201691627502441,112.01691627502441
spoofing_reverse,601,0.11199307441711426,111.99307441711426
spoofing_reverse,601,0.1119849681854248,111.9849681854248
spoofing_reverse,601,0.1119990348815918,111.9990348815918
spoofing_reverse,601,0.11300992965698242,113.00992965698242
spoofing_reverse,601,0.11199402809143066,111.99402809143066
spoofing_reverse,601,0.112030029296875,112.030029296875
spoofing_reverse,601,0.11095285415649414,110.95285415649414
spoofing_reverse,601,0.11199712753295898,111.99712753295898
spoofing_reverse,601,0.11198282241821289,111.98282241821289
spoofing_reverse,601,0.11200714111328125,112.00714111328125
spoofing_reverse,601,0.11201596260070801,112.01596260070801
spoofing_reverse,601,0.11202406883239746,112.02406883239746
spoofing_reverse,601,0.11296391487121582,112.96391487121582
spoofing_reverse,601,0.1120309829711914,112.0309829711914
spoofing_reverse,601,0.11197614669799805,111.97614669799805
spoofing_reverse,601,0.11100482940673828,111.00482940673828
spoofing_reverse,601,0.11198210716247559,111.98210716247559
spoofing_reverse,601,0.11200594902038574,112.00594902038574
spoofing_reverse,601,0.11200904846191406,112.00904846191406
spoofing_reverse,601,0.11199593544006348,111.99593544006348
spoofing_reverse,601,0.11201906204223633,112.01906204223633
spoofing_reverse,601,0.11297798156738281,112.97798156738281
spoofing_reverse,601,0.1119990348815918,111.9990348815918
spoofing_reverse,601,0.11203289031982422,112.03289031982422
spoofing_reverse,601,0.11096596717834473,110.96596717834473
spoofing_reverse,601,0.1120610237121582,112.0610237121582
spoofing_reverse,601,0.11194396018981934,111.94396018981934
spoofing_reverse,601,0.11198902130126953,111.98902130126953
spoofing_reverse,601,0.11200904846191406,112.00904846191406
spoofing_reverse,601,0.11203193664550781,112.03193664550781
spoofing_reverse,601,0.1129770278930664,112.9770278930664
spoofing_reverse,601,0.1119840145111084,111.9840145111084
spoofing_reverse,601,0.1109931468963623,110.9931468963623
spoofing_reverse,601,0.11200594902038574,112.00594902038574
spoofing_reverse,601,0.11199593544006348,111.99593544006348
spoofing_reverse,601,0.11203503608703613,112.03503608703613
spoofing_reverse,601,0.11194491386413574,111.94491386413574
spoofing_reverse,601,0.11207818984985352,112.07818984985352
spoofing_reverse,601,0.11201596260070801,112.01596260070801
spoofing_reverse,601,0.11294984817504883,112.94984817504883
spoofing_reverse,601,0.11199307441711426,111.99307441711426
spoofing_reverse,601,0.11099505424499512,110.99505424499512
spoofing_reverse,601,0.11202883720397949,112.02883720397949
spoofing_reverse,601,0.11193299293518066,111.93299293518066
spoofing_reverse,601,0.11200618743896484,112.00618743896484
spoofing_reverse,601,0.11200690269470215,112.00690269470215
spoofing_reverse,601,0.11226511001586914,112.26511001586914
spoofing_reverse,601,0.11274194717407227,112.74194717407227
spoofing_reverse,601,0.11197686195373535,111.97686195373535
spoofing_reverse,601,0.11202812194824219,112.02812194824219
spoofing_reverse,601,0.11103487014770508,111.03487014770508
spoofing_reverse,601,0.11194300651550293,111.94300651550293
spoofing_reverse,601,0.11198711395263672,111.98711395263672
spoofing_reverse,601,0.11201691627502441,112.01691627502441
spoofing_reverse,601,0.11201596260070801,112.01596260070801
spoofing_reverse,601,0.11198019981384277,111.98019981384277
spoofing_reverse,601,0.11299300193786621,112.99300193786621
spoofing_reverse,601,0.11200380325317383,112.00380325317383
spoofing_reverse,601,0.112030029296875,112.030029296875
spoofing_reverse,601,0.1109621524810791,110.9621524810791
spoofing_reverse,601,0.11200284957885742,112.00284957885742
spoofing_reverse,601,0.1120150089263916,112.0150089263916
spoofing_reverse,601,0.11200308799743652,112.00308799743652
spoofing_reverse,601,0.11197900772094727,111.97900772094727
spoofing_reverse,601,0.11203789710998535,112.03789710998535
spoofing_reverse,601,0.11296415328979492,112.96415328979492
spoofing_reverse,601,0.11199402809143066,111.99402809143066
spoofing_reverse,601,0.1119849681854248,111.9849681854248
spoofing_reverse,601,0.11104702949523926,111.04702949523926
spoofing_reverse,601,0.11195588111877441,111.95588111877441
spoofing_reverse,601,0.11200308799743652,112.00308799743652
spoofing_reverse,601,0.11200189590454102,112.00189590454102
spoofing_reverse,601,0.11204695701599121,112.04695701599121
spoofing_reverse,601,0.11194109916687012,111.94109916687012
spoofing_reverse,601,0.11300492286682129,113.00492286682129
spoofing_reverse,601,0.11201810836791992,112.01810836791992
spoofing_reverse,601,0.11201286315917969,112.01286315917969
spoofing_reverse,601,0.11097216606140137,110.97216606140137
spoofing_reverse,601,0.11202096939086914,112.02096939086914
spoofing_reverse,601,0.11200499534606934,112.00499534606934
spoofing_reverse,601,0.11195683479309082,111.95683479309082
spoofing_reverse,601,0.11203122138977051,112.03122138977051
spoofing_reverse,601,0.11196684837341309,111.96684837341309
spoofing_reverse,601,0.11306905746459961,113.06905746459961
spoofing_reverse,601,0.11195898056030273,111.95898056030273
spoofing_reverse,601,0.11204195022583008,112.04195022583008
spoofing_reverse,601,0.11095404624938965,110.95404624938965
spoofing_reverse,601,0.11197900772094727,111.97900772094727
spoofing_reverse,601,0.11203598976135254,112.03598976135254
spoofing_reverse,601,0.11195707321166992,111.95707321166992
spoofing_reverse,601,0.11203384399414062,112.03384399414062
spoofing_reverse,601,0.11198019981384277,111.98019981384277
spoofing_reverse,601,0.11298298835754395,112.98298835754395
spoofing_reverse,601,0.11197900772094727,111.97900772094727
spoofing_reverse,601,0.11206698417663574,112.06698417663574
spoofing_reverse,601,0.11092996597290039,110.92996597290039
spoofing_reverse,601,0.11202001571655273,112.02001571655273
spoofing_reverse,601,0.11199688911437988,111.99688911437988
spoofing_reverse,601,0.11201310157775879,112.01310157775879
spoofing_reverse,601,0.11198306083679199,111.98306083679199
spoofing_reverse,601,0.11204290390014648,112.04290390014648
spoofing_reverse,601,0.11296892166137695,112.96892166137695
spoofing_reverse,601,0.11201310157775879,112.01310157775879
spoofing_reverse,601,0.11197304725646973,111.97304725646973
spoofing_reverse,601,0.11100888252258301,111.00888252258301
spoofing_reverse,601,0.11199712753295898,111.99712753295898
spoofing_reverse,601,0.1119849681854248,111.9849681854248
spoofing_reverse,601,0.11206984519958496,112.06984519958496
spoofing_reverse,601,0.11200499534606934,112.00499534606934
spoofing_reverse,601,0.11193013191223145,111.93013191223145
spoofing_reverse,601,0.11303091049194336,113.03091049194336
spoofing_reverse,601,0.11197400093078613,111.97400093078613
spoofing_reverse,601,0.11197996139526367,111.97996139526367
spoofing_reverse,601,0.1110069751739502,111.0069751739502
spoofing_reverse,601,0.11199021339416504,111.99021339416504
spoofing_reverse,601,0.11201882362365723,112.01882362365723
spoofing_reverse,601,0.11199712753295898,111.99712753295898
spoofing_reverse,601,0.11200094223022461,112.00094223022461
spoofing_reverse,601,0.11199498176574707,111.99498176574707
spoofing_reverse,601,0.1129751205444336,112.9751205444336
spoofing_reverse,601,0.11202287673950195,112.02287673950195
spoofing_reverse,601,0.11198711395263672,111.98711395263672
spoofing_reverse,601,0.1110239028930664,111.0239028930664
spoofing_reverse,601,0.11197900772094727,111.97900772094727
spoofing_reverse,601,0.11202096939086914,112.02096939086914
spoofing_reverse,601,0.11200594902038574,112.00594902038574
spoofing_reverse,601,0.11199307441711426,111.99307441711426
spoofing_reverse,601,0.11200094223022461,112.00094223022461
spoofing_reverse,601,0.11298704147338867,112.98704147338867
spoofing_reverse,601,0.11198806762695312,111.98806762695312
spoofing_reverse,601,0.11204004287719727,112.04004287719727
spoofing_reverse,601,0.1110239028930664,111.0239028930664
spoofing_reverse,601,0.11191797256469727,111.91797256469727
spoofing_reverse,601,0.11201310157775879,112.01310157775879
spoofing_reverse,601,0.11200904846191406,112.00904846191406
spoofing_reverse,601,0.111968994140625,111.968994140625
spoofing_reverse,601,0.1120309829711914,112.0309829711914
spoofing_reverse,601,0.11299800872802734,112.99800872802734
spoofing_reverse,601,0.11198997497558594,111.98997497558594
spoofing_reverse,601,0.11201286315917969,112.01286315917969
spoofing_reverse,601,0.11098313331604004,110.98313331604004
spoofing_reverse,601,0.11204886436462402,112.04886436462402
spoofing_reverse,601,0.11195611953735352,111.95611953735352
spoofing_reverse,601,0.11199092864990234,111.99092864990234
spoofing_reverse,601,0.11198902130126953,111.98902130126953
spoofing_reverse,601,0.112030029296875,112.030029296875
spoofing_reverse,601,0.11297798156738281,112.97798156738281
spoofing_reverse,601,0.11197710037231445,111.97710037231445
spoofing_reverse,601,0.11202478408813477,112.02478408813477
spoofing_reverse,601,0.11102604866027832,111.02604866027832
spoofing_reverse,601,0.11196398735046387,111.96398735046387
spoofing_reverse,601,0.11200904846191406,112.00904846191406
spoofing_reverse,601,0.11200094223022461,112.00094223022461
spoofing_reverse,601,0.11200904846191406,112.00904846191406
spoofing_reverse,601,0.1119849681854248,111.9849681854248
spoofing_reverse,601,0.11299300193786621,112.99300193786621
spoofing_reverse,601,0.11200213432312012,112.00213432312012
spoofing_reverse,601,0.11101198196411133,111.01198196411133
spoofing_reverse,601,0.11196398735046387,111.96398735046387
spoofing_reverse,601,0.11200904846191406,112.00904846191406
spoofing_reverse,601,0.11200284957885742,112.00284957885742
spoofing_reverse,601,0.11202216148376465,112.02216148376465
spoofing_reverse,601,0.11197900772094727,111.97900772094727
spoofing_reverse,601,0.11202883720397949,112.02883720397949
spoofing_reverse,601,0.11297416687011719,112.97416687011719
spoofing_reverse,601,0.11200094223022461,112.00094223022461
spoofing_reverse,601,0.11099004745483398,110.99004745483398
spoofing_reverse,601,0.11206984519958496,112.06984519958496
spoofing_reverse,601,0.11193203926086426,111.93203926086426
spoofing_reverse,601,0.11199402809143066,111.99402809143066
spoofing_reverse,601,0.11202096939086914,112.02096939086914
spoofing_reverse,601,0.11204910278320312,112.04910278320312
spoofing_reverse,601,0.11295199394226074,112.95199394226074
spoofing_reverse,601,0.11197090148925781,111.97090148925781
spoofing_reverse,601,0.11202001571655273,112.02001571655273
spoofing_reverse,601,0.11101698875427246,111.01698875427246
spoofing_reverse,601,0.11197400093078613,111.97400093078613
spoofing_reverse,601,0.11199593544006348,111.99593544006348
spoofing_reverse,601,0.11199116706848145,111.99116706848145
spoofing_reverse,601,0.11200881004333496,112.00881004333496
spoofing_reverse,601,0.11204409599304199,112.04409599304199
spoofing_reverse,601,0.1129460334777832,112.9460334777832
spoofing_reverse,601,0.1119990348815918,111.9990348815918
spoofing_reverse,601,0.11200904846191406,112.00904846191406
spoofing_reverse,601,0.11102986335754395,111.02986335754395
spoofing_reverse,601,0.1119849681854248,111.9849681854248
spoofing_reverse,601,0.11199498176574707,111.99498176574707
spoofing_reverse,601,0.11197113990783691,111.97113990783691
spoofing_reverse,601,0.11200785636901855,112.00785636901855
spoofing_reverse,601,0.11201000213623047,112.01000213623047
spoofing_reverse,601,0.11298704147338867,112.98704147338867
spoofing_reverse,601,0.11198711395263672,111.98711395263672
spoofing_reverse,601,0.11204385757446289,112.04385757446289
spoofing_reverse,601,0.11098814010620117,110.98814010620117
spoofing_reverse,601,0.11200881004333496,112.00881004333496
spoofing_reverse,601,0.11198711395263672,111.98711395263672
spoofing_reverse,601,0.11196589469909668,111.96589469909668
spoofing_reverse,601,0.11200308799743652,112.00308799743652
spoofing_reverse,601,0.11201810836791992,112.01810836791992
spoofing_reverse,601,0.11298489570617676,112.98489570617676
spoofing_reverse,601,0.1120150089263916,112.0150089263916
spoofing_reverse,601,0.11197495460510254,111.97495460510254
spoofing_reverse,601,0.11101007461547852,111.01007461547852
spoofing_reverse,601,0.11200094223022461,112.00094223022461
spoofing_reverse,601,0.11198902130126953,111.98902130126953
spoofing_reverse,601,0.11200594902038574,112.00594902038574
spoofing_reverse,601,0.11199617385864258,111.99617385864258
spoofing_reverse,601,0.11200189590454102,112.00189590454102
spoofing_reverse,601,0.11300301551818848,113.00301551818848
spoofing_reverse,601,0.1120150089263916,112.0150089263916
spoofing_reverse,601,0.11198306083679199,111.98306083679199
spoofing_reverse,601,0.11100196838378906,111.00196838378906
spoofing_reverse,601,0.11197781562805176,111.97781562805176
spoofing_reverse,601,0.11203718185424805,112.03718185424805
spoofing_reverse,601,0.11197590827941895,111.97590827941895
spoofing_reverse,601,0.11201190948486328,112.01190948486328
spoofing_reverse,601,0.11200618743896484,112.00618743896484
spoofing_reverse,601,0.1129908561706543,112.9908561706543
spoofing_reverse,601,0.11199307441711426,111.99307441711426
spoofing_reverse,601,0.11200308799743652,112.00308799743652
spoofing_reverse,601,0.11099886894226074,110.99886894226074
spoofing_reverse,601,0.11200404167175293,112.00404167175293
spoofing_reverse,601,0.11198210716247559,111.98210716247559
spoofing_reverse,601,0.11209988594055176,112.09988594055176
spoofing_reverse,601,0.1119539737701416,111.9539737701416
spoofing_reverse,601,0.1119680404663086,111.9680404663086
spoofing_reverse,601,0.11300492286682129,113.00492286682129
spoofing_reverse,601,0.11196708679199219,111.96708679199219
spoofing_reverse,601,0.11201906204223633,112.01906204223633
spoofing_reverse,601,0.11097288131713867,110.97288131713867
spoofing_reverse,601,0.112091064453125,112.091064453125
spoofing_reverse,601,0.11191797256469727,111.91797256469727
spoofing_reverse,601,0.11201906204223633,112.01906204223633
spoofing_reverse,601,0.1119699478149414,111.9699478149414
spoofing_reverse,601,0.11205697059631348,112.05697059631348
spoofing_reverse,601,0.11295890808105469,112.95890808105469
spoofing_reverse,601,0.11197209358215332,111.97209358215332
spoofing_reverse,601,0.11205101013183594,112.05101013183594
spoofing_reverse,601,0.11094093322753906,110.94093322753906
spoofing_reverse,601,0.11201810836791992,112.01810836791992
spoofing_reverse,601,0.11198091506958008,111.98091506958008
spoofing_reverse,601,0.11203408241271973,112.03408241271973
spoofing_reverse,601,0.11197185516357422,111.97185516357422
spoofing_reverse,601,0.11207008361816406,112.07008361816406
spoofing_reverse,601,0.11298012733459473,112.98012733459473
spoofing_reverse,601,0.11194682121276855,111.94682121276855
spoofing_reverse,601,0.11200618743896484,112.00618743896484
spoofing_reverse,601,0.11100292205810547,111.00292205810547
spoofing_reverse,601,0.11202192306518555,112.02192306518555
spoofing_reverse,601,0.11195707321166992,111.95707321166992
spoofing_reverse,601,0.11201190948486328,112.01190948486328
spoofing_reverse,601,0.11199307441711426,111.99307441711426
spoofing_reverse,601,0.11200189590454102,112.00189590454102
spoofing_reverse,602,0.11299300193786621,112.99300193786621
spoofing_reverse,602,0.11199402809143066,111.99402809143066
spoofing_reverse,602,0.11200189590454102,112.00189590454102
spoofing_reverse,602,0.11099100112915039,110.99100112915039
spoofing_reverse,602,0.11199307441711426,111.99307441711426
spoofing_reverse,602,0.11201190948486328,112.01190948486328
spoofing_reverse,602,0.11197996139526367,111.97996139526367
spoofing_reverse,602,0.11202716827392578,112.02716827392578
spoofing_reverse,602,0.11197495460510254,111.97495460510254
spoofing_reverse,602,0.11300802230834961,113.00802230834961
spoofing_reverse,602,0.11199188232421875,111.99188232421875
spoofing_reverse,602,0.11200404167175293,112.00404167175293
spoofing_reverse,602,0.1110539436340332,111.0539436340332
spoofing_reverse,602,0.11196208000183105,111.96208000183105
spoofing_reverse,602,0.11198902130126953,111.98902130126953
spoofing_reverse,602,0.11198902130126953,111.98902130126953
spoofing_reverse,602,0.11199402809143066,111.99402809143066
spoofing_reverse,602,0.11201286315917969,112.01286315917969
spoofing_reverse,602,0.11299896240234375,112.99896240234375
spoofing_reverse,602,0.11199617385864258,111.99617385864258
spoofing_reverse,602,0.11200785636901855,112.00785636901855
spoofing_reverse,602,0.11101508140563965,111.01508140563965
spoofing_reverse,602,0.11199498176574707,111.99498176574707
spoofing_reverse,602,0.1119680404663086,111.9680404663086
spoofing_reverse,602,0.11202192306518555,112.02192306518555
spoofing_reverse,602,0.1119840145111084,111.9840145111084
spoofing_reverse,602,0.11202692985534668,112.02692985534668
spoofing_reverse,602,0.11307716369628906,113.07716369628906
spoofing_reverse,602,0.11191892623901367,111.91892623901367
spoofing_reverse,602,0.11196494102478027,111.96494102478027
spoofing_reverse,602,0.11100912094116211,111.00912094116211
spoofing_reverse,602,0.1120460033416748,112.0460033416748
spoofing_reverse,602,0.11193299293518066,111.93299293518066
spoofing_reverse,602,0.11200404167175293,112.00404167175293
spoofing_reverse,602,0.11202478408813477,112.02478408813477
spoofing_reverse,602,0.11198616027832031,111.98616027832031
spoofing_reverse,602,0.11302399635314941,113.02399635314941
spoofing_reverse,602,0.11200499534606934,112.00499534606934
spoofing_reverse,602,0.11101388931274414,111.01388931274414
spoofing_reverse,602,0.11196112632751465,111.96112632751465
spoofing_reverse,602,0.11200189590454102,112.00189590454102
spoofing_reverse,602,0.11199092864990234,111.99092864990234
spoofing_reverse,602,0.11197805404663086,111.97805404663086
spoofing_reverse,602,0.1120140552520752,112.0140552520752
spoofing_reverse,602,0.11206603050231934,112.06603050231934
spoofing_reverse,602,0.11291885375976562,112.91885375976562
spoofing_reverse,602,0.11202216148376465,112.02216148376465
spoofing_reverse,602,0.11097598075866699,110.97598075866699
spoofing_reverse,602,0.1120920181274414,112.0920181274414
spoofing_reverse,602,0.11193585395812988,111.93585395812988
spoofing_reverse,602,0.11200714111328125,112.00714111328125
spoofing_reverse,602,0.11196088790893555,111.96088790893555
spoofing_reverse,602,0.11205410957336426,112.05410957336426
spoofing_reverse,602,0.1129920482635498,112.9920482635498
spoofing_reverse,602,0.11197400093078613,111.97400093078613
spoofing_reverse,602,0.11199498176574707,111.99498176574707
spoofing_reverse,602,0.11101388931274414,111.01388931274414
spoofing_reverse,602,0.11201310157775879,112.01310157775879
spoofing_reverse,602,0.1119539737701416,111.9539737701416
spoofing_reverse,602,0.11205792427062988,112.05792427062988
spoofing_reverse,602,0.11196708679199219,111.96708679199219
spoofing_reverse,602,0.11198306083679199,111.98306083679199
spoofing_reverse,602,0.1129918098449707,112.9918098449707
spoofing_reverse,602,0.1120140552520752,112.0140552520752
spoofing_reverse,602,0.11197805404663086,111.97805404663086
spoofing_reverse,602,0.11101794242858887,111.01794242858887
spoofing_reverse,602,0.1119840145111084,111.9840145111084
spoofing_reverse,602,0.11204791069030762,112.04791069030762
spoofing_reverse,602,0.11193609237670898,111.93609237670898
spoofing_reverse,602,0.11200904846191406,112.00904846191406
spoofing_reverse,602,0.11201000213623047,112.01000213623047
spoofing_reverse,602,0.11299991607666016,112.99991607666016
spoofing_reverse,602,0.11199212074279785,111.99212074279785
spoofing_reverse,602,0.11200594902038574,112.00594902038574
spoofing_reverse,602,0.1110079288482666,111.0079288482666
spoofing_reverse,602,0.11199212074279785,111.99212074279785
spoofing_reverse,602,0.11199188232421875,111.99188232421875
spoofing_reverse,602,0.11201810836791992,112.01810836791992
spoofing_reverse,602,0.11201786994934082,112.01786994934082
spoofing_reverse,602,0.11196708679199219,111.96708679199219
spoofing_reverse,602,0.11301088333129883,113.01088333129883
spoofing_reverse,602,0.11198019981384277,111.98019981384277
spoofing_reverse,602,0.11201095581054688,112.01095581054688
spoofing_reverse,602,0.11098504066467285,110.98504066467285
spoofing_reverse,602,0.1120138168334961,112.0138168334961
spoofing_reverse,602,0.11200499534606934,112.00499534606934
spoofing_reverse,602,0.1119840145111084,111.9840145111084
spoofing_reverse,602,0.11200118064880371,112.00118064880371
spoofing_reverse,602,0.11200380325317383,112.00380325317383
spoofing_reverse,602,0.11298418045043945,112.98418045043945
spoofing_reverse,602,0.11210298538208008,112.10298538208008
spoofing_reverse,602,0.11191701889038086,111.91701889038086
spoofing_reverse,602,0.11097502708435059,110.97502708435059
spoofing_reverse,602,0.11201691627502441,112.01691627502441
spoofing_reverse,602,0.11199688911437988,111.99688911437988
spoofing_reverse,602,0.112030029296875,112.030029296875
spoofing_reverse,602,0.1119849681854248,111.9849681854248
spoofing_reverse,602,0.11198306083679199,111.98306083679199
spoofing_reverse,602,0.11298894882202148,112.98894882202148
spoofing_reverse,602,0.11202001571655273,112.02001571655273
spoofing_reverse,602,0.11197113990783691,111.97113990783691
spoofing_reverse,602,0.11099982261657715,110.99982261657715
spoofing_reverse,602,0.11201214790344238,112.01214790344238
spoofing_reverse,602,0.1119849681854248,111.9849681854248
spoofing_reverse,602,0.1119999885559082,111.9999885559082
spoofing_reverse,602,0.11201786994934082,112.01786994934082
spoofing_reverse,602,0.11200118064880371,112.00118064880371
spoofing_reverse,602,0.11300897598266602,113.00897598266602
spoofing_reverse,602,0.11196684837341309,111.96684837341309
spoofing_reverse,602,0.11202216148376465,112.02216148376465
spoofing_reverse,602,0.11098504066467285,110.98504066467285
spoofing_reverse,602,0.11199688911437988,111.99688911437988
spoofing_reverse,602,0.11202096939086914,112.02096939086914
spoofing_reverse,602,0.11198616027832031,111.98616027832031
spoofing_reverse,602,0.11200189590454102,112.00189590454102
spoofing_reverse,602,0.11207389831542969,112.07389831542969
spoofing_reverse,602,0.11290812492370605,112.90812492370605
spoofing_reverse,602,0.11201190948486328,112.01190948486328
spoofing_reverse,602,0.11203598976135254,112.03598976135254
spoofing_reverse,602,0.11099600791931152,110.99600791931152
spoofing_reverse,602,0.1119379997253418,111.9379997253418
spoofing_reverse,602,0.11203598976135254,112.03598976135254
spoofing_reverse,602,0.11200499534606934,112.00499534606934
spoofing_reverse,602,0.11202096939086914,112.02096939086914
spoofing_reverse,602,0.11194205284118652,111.94205284118652
spoofing_reverse,602,0.11300206184387207,113.00206184387207
spoofing_reverse,602,0.1121819019317627,112.1819019317627
spoofing_reverse,602,0.11184406280517578,111.84406280517578
spoofing_reverse,602,0.11098194122314453,110.98194122314453
spoofing_reverse,602,0.11198306083679199,111.98306083679199
spoofing_reverse,602,0.11202502250671387,112.02502250671387
spoofing_reverse,602,0.11198711395263672,111.98711395263672
spoofing_reverse,602,0.11198878288269043,111.98878288269043
spoofing_reverse,602,0.11203908920288086,112.03908920288086
spoofing_reverse,602,0.11304092407226562,113.04092407226562
spoofing_reverse,602,0.11191916465759277,111.91916465759277
spoofing_reverse,602,0.11198186874389648,111.98186874389648
spoofing_reverse,602,0.11102294921875,111.02294921875
spoofing_reverse,602,0.11200714111328125,112.00714111328125
spoofing_reverse,602,0.11203289031982422,112.03289031982422
spoofing_reverse,602,0.11196112632751465,111.96112632751465
spoofing_reverse,602,0.11197304725646973,111.97304725646973
spoofing_reverse,602,0.11200189590454102,112.00189590454102
spoofing_reverse,602,0.11302709579467773,113.02709579467773
spoofing_reverse,602,0.11197686195373535,111.97686195373535
spoofing_reverse,602,0.11199402809143066,111.99402809143066
spoofing_reverse,602,0.11102008819580078,111.02008819580078
spoofing_reverse,602,0.11197590827941895,111.97590827941895
spoofing_reverse,602,0.11202001571655273,112.02001571655273
spoofing_reverse,602,0.1119699478149414,111.9699478149414
spoofing_reverse,602,0.11208295822143555,112.08295822143555
spoofing_reverse,602,0.11193299293518066,111.93299293518066
spoofing_reverse,602,0.11300015449523926,113.00015449523926
spoofing_reverse,602,0.11204099655151367,112.04099655151367
spoofing_reverse,602,0.11201906204223633,112.01906204223633
spoofing_reverse,602,0.11091399192810059,110.91399192810059
spoofing_reverse,602,0.11201000213623047,112.01000213623047
spoofing_reverse,602,0.11201596260070801,112.01596260070801
spoofing_reverse,602,0.11202287673950195,112.02287673950195
spoofing_reverse,602,0.11198616027832031,111.98616027832031
spoofing_reverse,602,0.11197400093078613,111.97400093078613
spoofing_reverse,602,0.11300396919250488,113.00396919250488
spoofing_reverse,602,0.11197900772094727,111.97900772094727
spoofing_reverse,602,0.11104202270507812,111.04202270507812
spoofing_reverse,602,0.11199784278869629,111.99784278869629
spoofing_reverse,602,0.11202597618103027,112.02597618103027
spoofing_reverse,602,0.11200499534606934,112.00499534606934
spoofing_reverse,602,0.1119999885559082,111.9999885559082
spoofing_reverse,602,0.11194014549255371,111.94014549255371
spoofing_reverse,602,0.11200284957885742,112.00284957885742
spoofing_reverse,602,0.11303114891052246,113.03114891052246
spoofing_reverse,602,0.11198902130126953,111.98902130126953
spoofing_reverse,602,0.11097097396850586,110.97097396850586
spoofing_reverse,602,0.11206388473510742,112.06388473510742
spoofing_reverse,602,0.11195111274719238,111.95111274719238
spoofing_reverse,602,0.11197090148925781,111.97090148925781
spoofing_reverse,602,0.11201310157775879,112.01310157775879
spoofing_reverse,602,0.11200284957885742,112.00284957885742
spoofing_reverse,602,0.1129920482635498,112.9920482635498
spoofing_reverse,602,0.11200404167175293,112.00404167175293
spoofing_reverse,602,0.11199498176574707,111.99498176574707
spoofing_reverse,602,0.11100602149963379,111.00602149963379
spoofing_reverse,602,0.11198306083679199,111.98306083679199
spoofing_reverse,602,0.11204791069030762,112.04791069030762
spoofing_reverse,602,0.11199808120727539,111.99808120727539
spoofing_reverse,602,0.11199498176574707,111.99498176574707
spoofing_reverse,602,0.11198592185974121,111.98592185974121
spoofing_reverse,602,0.11296796798706055,112.96796798706055
spoofing_reverse,602,0.11200118064880371,112.00118064880371
spoofing_reverse,602,0.11200690269470215,112.00690269470215
spoofing_reverse,602,0.11105108261108398,111.05108261108398
spoofing_reverse,602,0.11194300651550293,111.94300651550293
spoofing_reverse,602,0.11201000213623047,112.01000213623047
spoofing_reverse,602,0.11202788352966309,112.02788352966309
spoofing_reverse,602,0.11195707321166992,111.95707321166992
spoofing_reverse,602,0.11199307441711426,111.99307441711426
spoofing_reverse,602,0.1130058765411377,113.0058765411377
spoofing_reverse,602,0.11201190948486328,112.01190948486328
spoofing_reverse,602,0.1120150089263916,112.0150089263916
spoofing_reverse,602,0.11098098754882812,110.98098754882812
spoofing_reverse,602,0.1119852066040039,111.9852066040039
spoofing_reverse,602,0.11201095581054688,112.01095581054688
spoofing_reverse,602,0.11208105087280273,112.08105087280273
spoofing_reverse,602,0.1119239330291748,111.9239330291748
spoofing_reverse,602,0.11199092864990234,111.99092864990234
spoofing_reverse,602,0.1129920482635498,112.9920482635498
spoofing_reverse,602,0.11201310157775879,112.01310157775879
spoofing_reverse,602,0.11199593544006348,111.99593544006348
spoofing_reverse,602,0.1109919548034668,110.9919548034668
spoofing_reverse,602,0.11201190948486328,112.01190948486328
spoofing_reverse,602,0.11202812194824219,112.02812194824219
spoofing_reverse,602,0.11196303367614746,111.96303367614746
spoofing_reverse,602,0.11201095581054688,112.01095581054688
spoofing_reverse,602,0.1120150089263916,112.0150089263916
spoofing_reverse,602,0.11298894882202148,112.98894882202148
spoofing_reverse,602,0.11197710037231445,111.97710037231445
spoofing_reverse,602,0.11200380325317383,112.00380325317383
spoofing_reverse,602,0.11103606224060059,111.03606224060059
spoofing_reverse,602,0.11197805404663086,111.97805404663086
spoofing_reverse,602,0.11201000213623047,112.01000213623047
spoofing_reverse,602,0.11196589469909668,111.96589469909668
spoofing_reverse,602,0.11207818984985352,112.07818984985352
spoofing_reverse,602,0.11195898056030273,111.95898056030273
spoofing_reverse,602,0.11303997039794922,113.03997039794922
spoofing_reverse,602,0.11194205284118652,111.94205284118652
spoofing_reverse,602,0.11197686195373535,111.97686195373535
spoofing_reverse,602,0.11102795600891113,111.02795600891113
spoofing_reverse,602,0.11195611953735352,111.95611953735352
spoofing_reverse,602,0.11202788352966309,112.02788352966309
spoofing_reverse,602,0.11196017265319824,111.96017265319824
spoofing_reverse,602,0.11211490631103516,112.11490631103516
spoofing_reverse,602,0.11190009117126465,111.90009117126465
spoofing_reverse,602,0.11299991607666016,112.99991607666016
spoofing_reverse,602,0.11199307441711426,111.99307441711426
spoofing_reverse,602,0.11211180686950684,112.11180686950684
spoofing_reverse,602,0.1109471321105957,110.9471321105957
spoofing_reverse,602,0.11197090148925781,111.97090148925781
spoofing_reverse,602,0.11194300651550293,111.94300651550293
spoofing_reverse,602,0.11216902732849121,112.16902732849121
spoofing_reverse,602,0.11186408996582031,111.86408996582031
spoofing_reverse,602,0.11199307441711426,111.99307441711426
spoofing_reverse,602,0.11300396919250488,113.00396919250488
spoofing_reverse,602,0.11200785636901855,112.00785636901855
spoofing_reverse,602,0.11200904846191406,112.00904846191406
spoofing_reverse,602,0.11097311973571777,110.97311973571777
spoofing_reverse,602,0.11203980445861816,112.03980445861816
spoofing_reverse,602,0.11197614669799805,111.97614669799805
spoofing_reverse,602,0.1119840145111084,111.9840145111084
spoofing_reverse,602,0.11200189590454102,112.00189590454102
spoofing_reverse,602,0.11201214790344238,112.01214790344238
spoofing_reverse,602,0.1129918098449707,112.9918098449707
spoofing_reverse,602,0.11201095581054688,112.01095581054688
spoofing_reverse,602,0.11197710037231445,111.97710037231445
spoofing_reverse,602,0.11101293563842773,111.01293563842773
spoofing_reverse,602,0.11199402809143066,111.99402809143066
spoofing_reverse,602,0.11198210716247559,111.98210716247559
spoofing_reverse,602,0.11205601692199707,112.05601692199707
spoofing_reverse,602,0.11196494102478027,111.96494102478027
spoofing_reverse,602,0.11198592185974121,111.98592185974121
spoofing_reverse,602,0.11302018165588379,113.02018165588379
spoofing_reverse,602,0.11200499534606934,112.00499534606934
spoofing_reverse,602,0.11209583282470703,112.09583282470703
spoofing_reverse,602,0.11087512969970703,110.87512969970703
spoofing_reverse,602,0.1119990348815918,111.9990348815918
spoofing_reverse,602,0.11200284957885742,112.00284957885742
spoofing_reverse,602,0.11201810836791992,112.01810836791992
spoofing_reverse,602,0.11195993423461914,111.95993423461914
spoofing_reverse,602,0.11202692985534668,112.02692985534668
spoofing_reverse,602,0.11298918724060059,112.98918724060059
spoofing_reverse,602,0.11198186874389648,111.98186874389648
spoofing_reverse,602,0.11201691627502441,112.01691627502441
spoofing_reverse,602,0.11099505424499512,110.99505424499512
spoofing_reverse,602,0.11199212074279785,111.99212074279785
spoofing_reverse,602,0.11200094223022461,112.00094223022461
spoofing_reverse,602,0.11199808120727539,111.99808120727539
spoofing_reverse,602,0.11199378967285156,111.99378967285156
spoofing_reverse,602,0.11202120780944824,112.02120780944824
spoofing_reverse,602,0.11297488212585449,112.97488212585449
spoofing_reverse,602,0.11201190948486328,112.01190948486328
spoofing_reverse,602,0.11198306083679199,111.98306083679199
spoofing_reverse,602,0.11101698875427246,111.01698875427246
spoofing_reverse,602,0.1119990348815918,111.9990348815918
spoofing_reverse,602,0.11200404167175293,112.00404167175293
spoofing_reverse,602,0.11197590827941895,111.97590827941895
spoofing_reverse,602,0.11201810836791992,112.01810836791992
spoofing_reverse,602,0.11198902130126953,111.98902130126953
spoofing_reverse,602,0.11300396919250488,113.00396919250488
spoofing_reverse,602,0.11199307441711426,111.99307441711426
spoofing_reverse,602,0.11100387573242188,111.00387573242188
spoofing_reverse,602,0.11202406883239746,112.02406883239746
spoofing_reverse,602,0.1119999885559082,111.9999885559082
spoofing_reverse,602,0.11197090148925781,111.97090148925781
spoofing_reverse,602,0.11197710037231445,111.97710037231445
spoofing_reverse,602,0.11202096939086914,112.02096939086914
spoofing_reverse,602,0.1119999885559082,111.9999885559082
spoofing_reverse,602,0.11301994323730469,113.01994323730469
spoofing_reverse,602,0.11208915710449219,112.08915710449219
spoofing_reverse,602,0.11090898513793945,110.90898513793945
spoofing_reverse,602,0.11199283599853516,111.99283599853516
spoofing_reverse,602,0.11197710037231445,111.97710037231445
spoofing_reverse,602,0.11199808120727539,111.99808120727539
spoofing_reverse,602,0.11200284957885742,112.00284957885742
spoofing_reverse,602,0.11201000213623047,112.01000213623047
spoofing_reverse,602,0.1129920482635498,112.9920482635498
spoofing_reverse,602,0.11204695701599121,112.04695701599121
spoofing_reverse,602,0.11192011833190918,111.92011833190918
spoofing_reverse,602,0.11102986335754395,111.02986335754395
spoofing_reverse,602,0.1120290756225586,112.0290756225586
spoofing_reverse,602,0.11202788352966309,112.02788352966309
spoofing_reverse,602,0.11193013191223145,111.93013191223145
spoofing_reverse,602,0.11208486557006836,112.08486557006836
spoofing_reverse,602,0.11191105842590332,111.91105842590332
spoofing_reverse,602,0.1130061149597168,113.0061149597168
spoofing_reverse,602,0.11200594902038574,112.00594902038574
spoofing_reverse,602,0.11199498176574707,111.99498176574707
spoofing_reverse,602,0.11102294921875,111.02294921875
spoofing_reverse,602,0.11198711395263672,111.98711395263672
spoofing_reverse,602,0.1120140552520752,112.0140552520752
spoofing_reverse,602,0.11195898056030273,111.95898056030273
spoofing_reverse,602,0.11201691627502441,112.01691627502441
spoofing_reverse,602,0.11199688911437988,111.99688911437988
spoofing_reverse,602,0.11300301551818848,113.00301551818848
spoofing_reverse,602,0.11197018623352051,111.97018623352051
spoofing_reverse,602,0.11205196380615234,112.05196380615234
spoofing_reverse,602,0.11096382141113281,110.96382141113281
spoofing_reverse,602,0.11206316947937012,112.06316947937012
spoofing_reverse,602,0.11193394660949707,111.93394660949707
spoofing_reverse,602,0.11200094223022461,112.00094223022461
spoofing_reverse,602,0.11200094223022461,112.00094223022461
spoofing_reverse,602,0.11200213432312012,112.00213432312012
spoofing_reverse,602,0.11298203468322754,112.98203468322754
spoofing_reverse,602,0.11199593544006348,111.99593544006348
spoofing_reverse,602,0.11204791069030762,112.04791069030762
spoofing_reverse,602,0.11101198196411133,111.01198196411133
spoofing_reverse,602,0.1119542121887207,111.9542121887207
spoofing_reverse,602,0.11200380325317383,112.00380325317383
spoofing_reverse,602,0.11199522018432617,111.99522018432617
spoofing_reverse,602,0.11205482482910156,112.05482482910156
spoofing_reverse,602,0.11197614669799805,111.97614669799805
spoofing_reverse,602,0.11295580863952637,112.95580863952637
spoofing_reverse,602,0.11201810836791992,112.01810836791992
spoofing_reverse,602,0.11201000213623047,112.01000213623047
spoofing_reverse,602,0.11099505424499512,110.99505424499512
spoofing_reverse,602,0.11197996139526367,111.97996139526367
spoofing_reverse,602,0.11201000213623047,112.01000213623047
spoofing_reverse,602,0.11200904846191406,112.00904846191406
spoofing_reverse,602,0.11206483840942383,112.06483840942383
spoofing_reverse,602,0.11190509796142578,111.90509796142578
spoofing_reverse,602,0.11299490928649902,112.99490928649902
spoofing_reverse,602,0.11203908920288086,112.03908920288086
spoofing_reverse,602,0.1119999885559082,111.9999885559082
spoofing_reverse,602,0.11096405982971191,110.96405982971191
spoofing_reverse,602,0.11198997497558594,111.98997497558594
spoofing_reverse,602,0.11201786994934082,112.01786994934082
spoofing_reverse,602,0.11200809478759766,112.00809478759766
spoofing_reverse,602,0.11200690269470215,112.00690269470215
spoofing_reverse,602,0.11198616027832031,111.98616027832031
spoofing_reverse,602,0.11297798156738281,112.97798156738281
spoofing_reverse,602,0.1120140552520752,112.0140552520752
spoofing_reverse,602,0.11202192306518555,112.02192306518555
spoofing_reverse,602,0.11101102828979492,111.01102828979492
spoofing_reverse,602,0.11194705963134766,111.94705963134766
spoofing_reverse,602,0.11200094223022461,112.00094223022461
spoofing_reverse,602,0.11201000213623047,112.01000213623047
spoofing_reverse,602,0.11207699775695801,112.07699775695801
spoofing_reverse,602,0.11189985275268555,111.89985275268555
spoofing_reverse,602,0.11302399635314941,113.02399635314941
spoofing_reverse,602,0.11199021339416504,111.99021339416504
spoofing_reverse,602,0.11200284957885742,112.00284957885742
spoofing_reverse,602,0.11099100112915039,110.99100112915039
spoofing_reverse,602,0.11198115348815918,111.98115348815918
spoofing_reverse,602,0.11201977729797363,112.01977729797363
spoofing_reverse,602,0.11198019981384277,111.98019981384277
spoofing_reverse,602,0.11202192306518555,112.02192306518555
spoofing_reverse,602,0.11208891868591309,112.08891868591309
spoofing_reverse,602,0.11293911933898926,112.93911933898926
spoofing_reverse,602,0.11199784278869629,111.99784278869629
spoofing_reverse,602,0.11195707321166992,111.95707321166992
spoofing_reverse,602,0.11100411415100098,111.00411415100098
spoofing_reverse,602,0.1119999885559082,111.9999885559082
spoofing_reverse,602,0.11201786994934082,112.01786994934082
spoofing_reverse,602,0.11199116706848145,111.99116706848145
spoofing_reverse,602,0.1119849681854248,111.9849681854248
spoofing_reverse,602,0.11199784278869629,111.99784278869629
spoofing_reverse,602,0.11301112174987793,113.01112174987793
spoofing_reverse,602,0.11199498176574707,111.99498176574707
spoofing_reverse,602,0.1120309829711914,112.0309829711914
spoofing_reverse,602,0.11095190048217773,110.95190048217773
spoofing_reverse,602,0.11199498176574707,111.99498176574707
spoofing_reverse,602,0.11198306083679199,111.98306083679199
spoofing_reverse,602,0.11200904846191406,112.00904846191406
spoofing_reverse,602,0.11201596260070801,112.01596260070801
spoofing_reverse,602,0.11202502250671387,112.02502250671387
spoofing_reverse,602,0.11296296119689941,112.96296119689941
spoofing_reverse,602,0.1120309829711914,112.0309829711914
spoofing_reverse,602,0.11197495460510254,111.97495460510254
spoofing_reverse,602,0.11100506782531738,111.00506782531738
spoofing_reverse,602,0.11198210716247559,111.98210716247559
spoofing_reverse,602,0.11200594902038574,112.00594902038574
spoofing_reverse,602,0.11201000213623047,112.01000213623047
spoofing_reverse,602,0.11199498176574707,111.99498176574707
spoofing_reverse,602,0.11202001571655273,112.02001571655273
spoofing_reverse,602,0.1129770278930664,112.9770278930664
spoofing_reverse,602,0.1119990348815918,111.9990348815918
spoofing_reverse,602,0.11203885078430176,112.03885078430176
spoofing_reverse,602,0.1109609603881836,110.9609603881836
spoofing_reverse,602,0.1120610237121582,112.0610237121582
spoofing_reverse,602,0.11194515228271484,111.94515228271484
spoofing_reverse,602,0.11198687553405762,111.98687553405762
spoofing_reverse,602,0.11201000213623047,112.01000213623047
spoofing_reverse,602,0.11203217506408691,112.03217506408691
spoofing_reverse,602,0.1129758358001709,112.9758358001709
spoofing_reverse,602,0.1119840145111084,111.9840145111084
spoofing_reverse,602,0.1109931468963623,110.9931468963623
spoofing_reverse,602,0.11200594902038574,112.00594902038574
spoofing_reverse,602,0.11199593544006348,111.99593544006348
spoofing_reverse,602,0.11203598976135254,112.03598976135254
spoofing_reverse,602,0.11194300651550293,111.94300651550293
spoofing_reverse,602,0.11208200454711914,112.08200454711914
spoofing_reverse,602,0.11202692985534668,112.02692985534668
spoofing_reverse,602,0.11293601989746094,112.93601989746094
spoofing_reverse,602,0.11199617385864258,111.99617385864258
spoofing_reverse,602,0.1109929084777832,110.9929084777832
spoofing_reverse,602,0.11202788352966309,112.02788352966309
spoofing_reverse,602,0.11193108558654785,111.93108558654785
spoofing_reverse,602,0.11200809478759766,112.00809478759766
spoofing_reverse,602,0.11200785636901855,112.00785636901855
spoofing_reverse,602,0.112274169921875,112.274169921875
spoofing_reverse,602,0.11273193359375,112.73193359375
spoofing_reverse,602,0.11197686195373535,111.97686195373535
spoofing_reverse,602,0.11202812194824219,112.02812194824219
spoofing_reverse,602,0.11103701591491699,111.03701591491699
spoofing_reverse,602,0.11194086074829102,111.94086074829102
spoofing_reverse,602,0.11198806762695312,111.98806762695312
spoofing_reverse,602,0.11201691627502441,112.01691627502441
spoofing_reverse,602,0.1120140552520752,112.0140552520752
spoofing_reverse,602,0.11198210716247559,111.98210716247559
spoofing_reverse,602,0.1129908561706543,112.9908561706543
spoofing_reverse,602,0.11200618743896484,112.00618743896484
spoofing_reverse,602,0.11202883720397949,112.02883720397949
spoofing_reverse,602,0.1109609603881836,110.9609603881836
spoofing_reverse,602,0.11200308799743652,112.00308799743652
spoofing_reverse,602,0.11201906204223633,112.01906204223633
spoofing_reverse,602,0.1119990348815918,111.9990348815918
spoofing_reverse,602,0.11197996139526367,111.97996139526367
spoofing_reverse,602,0.11203885078430176,112.03885078430176
spoofing_reverse,602,0.11296510696411133,112.96510696411133
spoofing_reverse,602,0.11199188232421875,111.99188232421875
spoofing_reverse,602,0.1119840145111084,111.9840145111084
spoofing_reverse,602,0.11104917526245117,111.04917526245117
spoofing_reverse,602,0.11195492744445801,111.95492744445801
spoofing_reverse,602,0.11200308799743652,112.00308799743652
spoofing_reverse,602,0.11200189590454102,112.00189590454102
spoofing_reverse,602,0.11204910278320312,112.04910278320312
spoofing_reverse,602,0.1119379997253418,111.9379997253418
spoofing_reverse,602,0.1130058765411377,113.0058765411377
spoofing_reverse,602,0.11201906204223633,112.01906204223633
spoofing_reverse,602,0.11201190948486328,112.01190948486328
spoofing_reverse,602,0.11097216606140137,110.97216606140137
spoofing_reverse,602,0.11202383041381836,112.02383041381836
spoofing_reverse,602,0.11200213432312012,112.00213432312012
spoofing_reverse,602,0.11195492744445801,111.95492744445801
spoofing_reverse,602,0.11203408241271973,112.03408241271973
spoofing_reverse,602,0.11196589469909668,111.96589469909668
spoofing_reverse,602,0.11307406425476074,113.07406425476074
spoofing_reverse,602,0.11195492744445801,111.95492744445801
spoofing_reverse,602,0.11204099655151367,112.04099655151367
spoofing_reverse,602,0.11095499992370605,110.95499992370605
spoofing_reverse,602,0.11197805404663086,111.97805404663086
spoofing_reverse,602,0.11203789710998535,112.03789710998535
spoofing_reverse,602,0.11195516586303711,111.95516586303711
spoofing_reverse,602,0.11203503608703613,112.03503608703613
spoofing_reverse,602,0.11197781562805176,111.97781562805176
spoofing_reverse,602,0.11298298835754395,112.98298835754395
spoofing_reverse,602,0.11197805404663086,111.97805404663086
spoofing_reverse,602,0.11207008361816406,112.07008361816406
spoofing_reverse,602,0.11092686653137207,110.92686653137207
spoofing_reverse,602,0.11202216148376465,112.02216148376465
spoofing_reverse,602,0.11199688911437988,111.99688911437988
spoofing_reverse,602,0.1120140552520752,112.0140552520752
spoofing_reverse,602,0.11198186874389648,111.98186874389648
spoofing_reverse,602,0.11204409599304199,112.04409599304199
spoofing_reverse,602,0.11296796798706055,112.96796798706055
spoofing_reverse,602,0.11201310157775879,112.01310157775879
spoofing_reverse,602,0.11197400093078613,111.97400093078613
spoofing_reverse,602,0.11101102828979492,111.01102828979492
spoofing_reverse,602,0.11199498176574707,111.99498176574707
spoofing_reverse,602,0.1119840145111084,111.9840145111084
spoofing_reverse,602,0.11207199096679688,112.07199096679688
spoofing_reverse,602,0.11200785636901855,112.00785636901855
spoofing_reverse,602,0.11192607879638672,111.92607879638672
spoofing_reverse,602,0.11302995681762695,113.02995681762695
spoofing_reverse,602,0.11197495460510254,111.97495460510254
spoofing_reverse,602,0.11197996139526367,111.97996139526367
spoofing_reverse,602,0.11100506782531738,111.00506782531738
spoofing_reverse,602,0.11199092864990234,111.99092864990234
spoofing_reverse,602,0.11201906204223633,112.01906204223633
spoofing_reverse,602,0.11199712753295898,111.99712753295898
spoofing_reverse,602,0.11200094223022461,112.00094223022461
spoofing_reverse,602,0.11199688911437988,111.99688911437988
spoofing_reverse,602,0.11297202110290527,112.97202110290527
spoofing_reverse,602,0.11202406883239746,112.02406883239746
spoofing_reverse,602,0.11198711395263672,111.98711395263672
spoofing_reverse,602,0.11102485656738281,111.02485656738281
spoofing_reverse,602,0.11197805404663086,111.97805404663086
spoofing_reverse,602,0.11202096939086914,112.02096939086914
spoofing_reverse,602,0.11200690269470215,112.00690269470215
spoofing_reverse,602,0.11199307441711426,111.99307441711426
spoofing_reverse,602,0.11200094223022461,112.00094223022461
spoofing_reverse,602,0.11298704147338867,112.98704147338867
spoofing_reverse,602,0.11198806762695312,111.98806762695312
spoofing_reverse,602,0.11204004287719727,112.04004287719727
spoofing_reverse,602,0.11102485656738281,111.02485656738281
spoofing_reverse,602,0.11191415786743164,111.91415786743164
spoofing_reverse,602,0.1120138168334961,112.0138168334961
spoofing_reverse,602,0.11201000213623047,112.01000213623047
spoofing_reverse,602,0.1119680404663086,111.9680404663086
spoofing_reverse,602,0.11203217506408691,112.03217506408691
spoofing_reverse,602,0.11299896240234375,112.99896240234375
spoofing_reverse,602,0.11198997497558594,111.98997497558594
spoofing_reverse,602,0.11201286315917969,112.01286315917969
spoofing_reverse,602,0.11098217964172363,110.98217964172363
spoofing_reverse,602,0.11204791069030762,112.04791069030762
spoofing_reverse,602,0.11195707321166992,111.95707321166992
spoofing_reverse,602,0.11199188232421875,111.99188232421875
spoofing_reverse,602,0.11198806762695312,111.98806762695312
spoofing_reverse,602,0.1120290756225586,112.0290756225586
spoofing_reverse,602,0.11297798156738281,112.97798156738281
spoofing_reverse,602,0.11197495460510254,111.97495460510254
spoofing_reverse,602,0.11202788352966309,112.02788352966309
spoofing_reverse,602,0.11102819442749023,111.02819442749023
spoofing_reverse,602,0.11196494102478027,111.96494102478027
spoofing_reverse,602,0.11200594902038574,112.00594902038574
spoofing_reverse,602,0.11200094223022461,112.00094223022461
spoofing_reverse,602,0.11201000213623047,112.01000213623047
spoofing_reverse,602,0.1119840145111084,111.9840145111084
spoofing_reverse,602,0.11299300193786621,112.99300193786621
spoofing_reverse,602,0.11200404167175293,112.00404167175293
spoofing_reverse,602,0.11101102828979492,111.01102828979492
spoofing_reverse,602,0.11196208000183105,111.96208000183105
spoofing_reverse,602,0.11200881004333496,112.00881004333496
spoofing_reverse,602,0.11200404167175293,112.00404167175293
spoofing_reverse,602,0.11202192306518555,112.02192306518555
spoofing_reverse,602,0.11197900772094727,111.97900772094727
spoofing_reverse,602,0.112030029296875,112.030029296875
spoofing_reverse,602,0.11297202110290527,112.97202110290527
spoofing_reverse,602,0.11200213432312012,112.00213432312012
spoofing_reverse,602,0.11098980903625488,110.98980903625488
spoofing_reverse,602,0.11207103729248047,112.07103729248047
spoofing_reverse,602,0.11193108558654785,111.93108558654785
spoofing_reverse,602,0.11199402809143066,111.99402809143066
spoofing_reverse,602,0.11202096939086914,112.02096939086914
spoofing_reverse,602,0.11205410957336426,112.05410957336426
spoofing_reverse,602,0.11294794082641602,112.94794082641602
spoofing_reverse,602,0.1119699478149414,111.9699478149414
spoofing_reverse,602,0.11202001571655273,112.02001571655273
spoofing_reverse,602,0.11101698875427246,111.01698875427246
spoofing_reverse,602,0.11197304725646973,111.97304725646973
spoofing_reverse,602,0.11199784278869629,111.99784278869629
spoofing_reverse,602,0.11199116706848145,111.99116706848145
spoofing_reverse,602,0.11200690269470215,112.00690269470215
spoofing_reverse,602,0.1120460033416748,112.0460033416748
spoofing_reverse,602,0.1129450798034668,112.9450798034668
spoofing_reverse,602,0.1119999885559082,111.9999885559082
spoofing_reverse,602,0.11200785636901855,112.00785636901855
spoofing_reverse,602,0.11102914810180664,111.02914810180664
spoofing_reverse,602,0.11198687553405762,111.98687553405762
spoofing_reverse,602,0.11199402809143066,111.99402809143066
spoofing_reverse,602,0.11197113990783691,111.97113990783691
spoofing_reverse,602,0.11200785636901855,112.00785636901855
spoofing_reverse,602,0.11201000213623047,112.01000213623047
spoofing_reverse,602,0.11298608779907227,112.98608779907227
spoofing_reverse,602,0.11198806762695312,111.98806762695312
spoofing_reverse,602,0.1120448112487793,112.0448112487793
spoofing_reverse,602,0.11098909378051758,110.98909378051758
spoofing_reverse,602,0.11200904846191406,112.00904846191406
spoofing_reverse,602,0.11198592185974121,111.98592185974121
spoofing_reverse,602,0.11196494102478027,111.96494102478027
spoofing_reverse,602,0.11200404167175293,112.00404167175293
spoofing_reverse,602,0.11201906204223633,112.01906204223633
spoofing_reverse,602,0.11298298835754395,112.98298835754395
spoofing_reverse,602,0.11201596260070801,112.01596260070801
spoofing_reverse,602,0.11197400093078613,111.97400093078613
spoofing_reverse,602,0.11101102828979492,111.01102828979492
spoofing_reverse,602,0.1119999885559082,111.9999885559082
spoofing_reverse,602,0.11198806762695312,111.98806762695312
spoofing_reverse,602,0.11200594902038574,112.00594902038574
spoofing_reverse,602,0.11199688911437988,111.99688911437988
spoofing_reverse,602,0.11200118064880371,112.00118064880371
spoofing_reverse,602,0.11300396919250488,113.00396919250488
spoofing_reverse,602,0.1120150089263916,112.0150089263916
spoofing_reverse,602,0.11198186874389648,111.98186874389648
spoofing_reverse,602,0.11100411415100098,111.00411415100098
spoofing_reverse,602,0.11197590827941895,111.97590827941895
spoofing_reverse,602,0.11203694343566895,112.03694343566895
spoofing_reverse,602,0.11197614669799805,111.97614669799805
spoofing_reverse,602,0.11201286315917969,112.01286315917969
spoofing_reverse,602,0.11200618743896484,112.00618743896484
spoofing_reverse,602,0.1129918098449707,112.9918098449707
spoofing_reverse,602,0.11199307441711426,111.99307441711426
spoofing_reverse,602,0.11200213432312012,112.00213432312012
spoofing_reverse,602,0.11099886894226074,110.99886894226074
spoofing_reverse,602,0.11200499534606934,112.00499534606934
spoofing_reverse,602,0.11198091506958008,111.98091506958008
spoofing_reverse,602,0.11210203170776367,112.10203170776367
spoofing_reverse,602,0.1119539737701416,111.9539737701416
spoofing_reverse,602,0.1119680404663086,111.9680404663086
spoofing_reverse,602,0.11300396919250488,113.00396919250488
spoofing_reverse,602,0.11196613311767578,111.96613311767578
spoofing_reverse,602,0.11201786994934082,112.01786994934082
spoofing_reverse,602,0.11097407341003418,110.97407341003418
spoofing_reverse,602,0.112091064453125,112.091064453125
spoofing_reverse,602,0.11191797256469727,111.91797256469727
spoofing_reverse,602,0.11202001571655273,112.02001571655273
spoofing_reverse,602,0.111968994140625,111.968994140625
spoofing_reverse,602,0.11205697059631348,112.05697059631348
spoofing_reverse,602,0.1129601001739502,112.9601001739502
spoofing_reverse,602,0.1119699478149414,111.9699478149414
spoofing_reverse,602,0.11205387115478516,112.05387115478516
spoofing_reverse,602,0.11093902587890625,110.93902587890625
spoofing_reverse,602,0.11201810836791992,112.01810836791992
spoofing_reverse,602,0.11198091506958008,111.98091506958008
spoofing_reverse,602,0.11203503608703613,112.03503608703613
spoofing_reverse,602,0.11197090148925781,111.97090148925781
spoofing_reverse,602,0.11208701133728027,112.08701133728027
spoofing_reverse,602,0.11296415328979492,112.96415328979492
spoofing_reverse,602,0.11194586753845215,111.94586753845215
spoofing_reverse,602,0.11200594902038574,112.00594902038574
spoofing_reverse,602,0.11100411415100098,111.00411415100098
spoofing_reverse,602,0.11202096939086914,112.02096939086914
spoofing_reverse,602,0.11195611953735352,111.95611953735352
spoofing_reverse,602,0.11201286315917969,112.01286315917969
spoofing_reverse,602,0.11199212074279785,111.99212074279785
spoofing_reverse,602,0.11200284957885742,112.00284957885742
spoofing_reverse,603,0.20897293090820312,208.97293090820312
spoofing_reverse,603,0.20798802375793457,207.98802375793457
spoofing_reverse,603,0.20705604553222656,207.05604553222656
spoofing_reverse,603,0.20795392990112305,207.95392990112305
spoofing_reverse,603,0.2080059051513672,208.0059051513672
spoofing_reverse,603,0.20899510383605957,208.99510383605957
spoofing_reverse,603,0.20697808265686035,206.97808265686035
spoofing_reverse,603,0.20799779891967773,207.99779891967773
spoofing_reverse,603,0.20799612998962402,207.99612998962402
spoofing_reverse,603,0.20807194709777832,208.07194709777832
spoofing_reverse,603,0.20895600318908691,208.9560031890869
spoofing_reverse,603,0.20699501037597656,206.99501037597656
spoofing_reverse,603,0.20801210403442383,208.01210403442383
spoofing_reverse,603,0.20795989036560059,207.9598903656006
spoofing_reverse,603,0.2090439796447754,209.0439796447754
spoofing_reverse,603,0.20797395706176758,207.97395706176758
spoofing_reverse,603,0.20704197883605957,207.04197883605957
spoofing_reverse,603,0.20793819427490234,207.93819427490234
spoofing_reverse,603,0.20800185203552246,208.00185203552246
spoofing_reverse,603,0.20899009704589844,208.99009704589844
spoofing_reverse,603,0.20800089836120605,208.00089836120605
spoofing_reverse,603,0.20699405670166016,206.99405670166016
spoofing_reverse,603,0.20802593231201172,208.02593231201172
spoofing_reverse,603,0.20803594589233398,208.03594589233398
spoofing_reverse,603,0.20893502235412598,208.93502235412598
spoofing_reverse,603,0.2080090045928955,208.0090045928955
spoofing_reverse,603,0.2069861888885498,206.9861888885498
spoofing_reverse,603,0.20801091194152832,208.01091194152832
spoofing_reverse,603,0.20802593231201172,208.02593231201172
spoofing_reverse,603,0.20897603034973145,208.97603034973145
spoofing_reverse,603,0.2070610523223877,207.0610523223877
spoofing_reverse,603,0.20795607566833496,207.95607566833496
spoofing_reverse,603,0.20799994468688965,207.99994468688965
spoofing_reverse,603,0.20795798301696777,207.95798301696777
spoofing_reverse,603,0.209028959274292,209.028959274292
spoofing_reverse,603,0.20697808265686035,206.97808265686035
spoofing_reverse,603,0.20798492431640625,207.98492431640625
spoofing_reverse,603,0.20805001258850098,208.05001258850098
spoofing_reverse,603,0.2089700698852539,208.9700698852539
spoofing_reverse,603,0.20797300338745117,207.97300338745117
spoofing_reverse,603,0.20703387260437012,207.03387260437012
spoofing_reverse,603,0.20795798301696777,207.95798301696777
spoofing_reverse,603,0.2079939842224121,207.9939842224121
spoofing_reverse,603,0.20900797843933105,209.00797843933105
spoofing_reverse,603,0.2080671787261963,208.0671787261963
spoofing_reverse,603,0.20696282386779785,206.96282386779785
spoofing_reverse,603,0.2079920768737793,207.9920768737793
spoofing_reverse,603,0.20796895027160645,207.96895027160645
spoofing_reverse,603,0.20902299880981445,209.02299880981445
spoofing_reverse,603,0.2079789638519287,207.9789638519287
spoofing_reverse,603,0.20697712898254395,206.97712898254395
spoofing_reverse,603,0.2081129550933838,208.1129550933838
spoofing_reverse,603,0.20789194107055664,207.89194107055664
spoofing_reverse,603,0.2090151309967041,209.0151309967041
spoofing_reverse,603,0.20698904991149902,206.98904991149902
spoofing_reverse,603,0.20801496505737305,208.01496505737305
spoofing_reverse,603,0.2079770565032959,207.9770565032959
spoofing_reverse,603,0.20799493789672852,207.99493789672852
spoofing_reverse,603,0.20905590057373047,209.05590057373047
spoofing_reverse,603,0.20695209503173828,206.95209503173828
spoofing_reverse,603,0.20798993110656738,207.98993110656738
spoofing_reverse,603,0.20798897743225098,207.98897743225098
spoofing_reverse,603,0.20803594589233398,208.03594589233398
spoofing_reverse,603,0.20896315574645996,208.96315574645996
spoofing_reverse,603,0.20700693130493164,207.00693130493164
spoofing_reverse,603,0.20807695388793945,208.07695388793945
spoofing_reverse,603,0.20792508125305176,207.92508125305176
spoofing_reverse,603,0.209014892578125,209.014892578125
spoofing_reverse,603,0.20804309844970703,208.04309844970703
spoofing_reverse,603,0.20695090293884277,206.95090293884277
spoofing_reverse,603,0.20797109603881836,207.97109603881836
spoofing_reverse,603,0.20798301696777344,207.98301696777344
spoofing_reverse,603,0.20915508270263672,209.15508270263672
spoofing_reverse,603,0.20789790153503418,207.89790153503418
spoofing_reverse,603,0.2069559097290039,206.9559097290039
spoofing_reverse,603,0.2079939842224121,207.9939842224121
spoofing_reverse,603,0.20799708366394043,207.99708366394043
spoofing_reverse,603,0.20899605751037598,208.99605751037598
spoofing_reverse,603,0.20700502395629883,207.00502395629883
spoofing_reverse,603,0.20804500579833984,208.04500579833984
spoofing_reverse,603,0.20794892311096191,207.9489231109619
spoofing_reverse,603,0.20800399780273438,208.00399780273438
spoofing_reverse,603,0.2090001106262207,209.0001106262207
spoofing_reverse,603,0.20700597763061523,207.00597763061523
spoofing_reverse,603,0.20798993110656738,207.98993110656738
spoofing_reverse,603,0.20798087120056152,207.98087120056152
spoofing_reverse,603,0.20806002616882324,208.06002616882324
spoofing_reverse,603,0.20897817611694336,208.97817611694336
spoofing_reverse,603,0.20701289176940918,207.01289176940918
spoofing_reverse,603,0.2079460620880127,207.9460620880127
spoofing_reverse,603,0.20802903175354004,208.02903175354004
spoofing_reverse,603,0.208967924118042,208.967924118042
spoofing_reverse,603,0.2080090045928955,208.0090045928955
spoofing_reverse,603,0.20710992813110352,207.10992813110352
spoofing_reverse,603,0.20789003372192383,207.89003372192383
spoofing_reverse,603,0.2080390453338623,208.0390453338623
spoofing_reverse,603,0.20894408226013184,208.94408226013184
spoofing_reverse,603,0.20802998542785645,208.02998542785645
spoofing_reverse,603,0.20696496963500977,206.96496963500977
spoofing_reverse,603,0.20801186561584473,208.01186561584473
spoofing_reverse,603,0.20806312561035156,208.06312561035156
spoofing_reverse,603,0.20894503593444824,208.94503593444824
spoofing_reverse,603,0.20801782608032227,208.01782608032227
spoofing_reverse,603,0.20696520805358887,206.96520805358887
spoofing_reverse,603,0.20798897743225098,207.98897743225098
spoofing_reverse,603,0.2079939842224121,207.9939842224121
spoofing_reverse,603,0.20899701118469238,208.99701118469238
spoofing_reverse,603,0.20706391334533691,207.0639133453369
spoofing_reverse,603,0.20793509483337402,207.93509483337402
spoofing_reverse,603,0.2079939842224121,207.9939842224121
spoofing_reverse,603,0.20808982849121094,208.08982849121094
spoofing_reverse,603,0.2089221477508545,208.9221477508545
spoofing_reverse,603,0.20701289176940918,207.01289176940918
spoofing_reverse,603,0.20798015594482422,207.98015594482422
spoofing_reverse,603,0.20806598663330078,208.06598663330078
spoofing_reverse,603,0.20893001556396484,208.93001556396484
spoofing_reverse,603,0.20798587799072266,207.98587799072266
spoofing_reverse,603,0.20700693130493164,207.00693130493164
spoofing_reverse,603,0.20803117752075195,208.03117752075195
spoofing_reverse,603,0.20795893669128418,207.95893669128418
spoofing_reverse,603,0.20900392532348633,209.00392532348633
spoofing_reverse,603,0.20806097984313965,208.06097984313965
spoofing_reverse,603,0.20693111419677734,206.93111419677734
spoofing_reverse,603,0.20799684524536133,207.99684524536133
spoofing_reverse,603,0.20802998542785645,208.02998542785645
spoofing_reverse,603,0.20896100997924805,208.96100997924805
spoofing_reverse,603,0.20801210403442383,208.01210403442383
spoofing_reverse,603,0.20698094367980957,206.98094367980957
spoofing_reverse,603,0.2082200050354004,208.2200050354004
spoofing_reverse,603,0.20780110359191895,207.80110359191895
spoofing_reverse,603,0.20900201797485352,209.00201797485352
spoofing_reverse,603,0.2069840431213379,206.9840431213379
spoofing_reverse,603,0.2080068588256836,208.0068588256836
spoofing_reverse,603,0.2079770565032959,207.9770565032959
spoofing_reverse,603,0.20800995826721191,208.0099582672119
spoofing_reverse,603,0.20906901359558105,209.06901359558105
spoofing_reverse,603,0.20693111419677734,206.93111419677734
spoofing_reverse,603,0.20800995826721191,208.0099582672119
spoofing_reverse,603,0.20797300338745117,207.97300338745117
spoofing_reverse,603,0.209000825881958,209.000825881958
spoofing_reverse,603,0.2080211639404297,208.0211639404297
spoofing_reverse,603,0.20699787139892578,206.99787139892578
spoofing_reverse,603,0.2080380916595459,208.0380916595459
spoofing_reverse,603,0.20792508125305176,207.92508125305176
spoofing_reverse,603,0.2090158462524414,209.0158462524414
spoofing_reverse,603,0.2080090045928955,208.0090045928955
spoofing_reverse,603,0.2070019245147705,207.0019245147705
spoofing_reverse,603,0.2079620361328125,207.9620361328125
spoofing_reverse,603,0.20801115036010742,208.01115036010742
spoofing_reverse,603,0.2090439796447754,209.0439796447754
spoofing_reverse,603,0.2079939842224121,207.9939842224121
spoofing_reverse,603,0.20701003074645996,207.01003074645996
spoofing_reverse,603,0.20795392990112305,207.95392990112305
spoofing_reverse,603,0.2080070972442627,208.0070972442627
spoofing_reverse,603,0.208967924118042,208.967924118042
spoofing_reverse,603,0.20709609985351562,207.09609985351562
spoofing_reverse,603,0.2079939842224121,207.9939842224121
spoofing_reverse,603,0.20791387557983398,207.91387557983398
spoofing_reverse,603,0.20800113677978516,208.00113677978516
spoofing_reverse,603,0.2089979648590088,208.9979648590088
spoofing_reverse,603,0.20703792572021484,207.03792572021484
spoofing_reverse,603,0.2079620361328125,207.9620361328125
spoofing_reverse,603,0.20797300338745117,207.97300338745117
spoofing_reverse,603,0.2090749740600586,209.0749740600586
spoofing_reverse,603,0.20794010162353516,207.94010162353516
spoofing_reverse,603,0.20699787139892578,206.99787139892578
spoofing_reverse,603,0.20798206329345703,207.98206329345703
spoofing_reverse,603,0.2080860137939453,208.0860137939453
spoofing_reverse,603,0.2089078426361084,208.9078426361084
spoofing_reverse,603,0.20801711082458496,208.01711082458496
spoofing_reverse,603,0.20706486701965332,207.06486701965332
spoofing_reverse,603,0.2079310417175293,207.9310417175293
spoofing_reverse,603,0.20804715156555176,208.04715156555176
spoofing_reverse,603,0.2089400291442871,208.9400291442871
spoofing_reverse,603,0.20801877975463867,208.01877975463867
spoofing_reverse,603,0.20700812339782715,207.00812339782715
spoofing_reverse,603,0.20795297622680664,207.95297622680664
spoofing_reverse,603,0.20807790756225586,208.07790756225586
spoofing_reverse,603,0.20896315574645996,208.96315574645996
spoofing_reverse,603,0.20697999000549316,206.97999000549316
spoofing_reverse,603,0.20798802375793457,207.98802375793457
spoofing_reverse,603,0.2080228328704834,208.0228328704834
spoofing_reverse,603,0.20797109603881836,207.97109603881836
spoofing_reverse,603,0.20900511741638184,209.00511741638184
spoofing_reverse,603,0.20707178115844727,207.07178115844727
spoofing_reverse,603,0.20791411399841309,207.9141139984131
spoofing_reverse,603,0.2080090045928955,208.0090045928955
spoofing_reverse,603,0.20798993110656738,207.98993110656738
spoofing_reverse,603,0.2089979648590088,208.9979648590088
spoofing_reverse,603,0.2070000171661377,207.0000171661377
spoofing_reverse,603,0.2079939842224121,207.9939842224121
spoofing_reverse,603,0.2080850601196289,208.0850601196289
spoofing_reverse,603,0.2089390754699707,208.9390754699707
spoofing_reverse,603,0.20797085762023926,207.97085762023926
spoofing_reverse,603,0.20698809623718262,206.98809623718262
spoofing_reverse,603,0.20799708366394043,207.99708366394043
spoofing_reverse,603,0.20799684524536133,207.99684524536133
spoofing_reverse,603,0.2090160846710205,209.0160846710205
spoofing_reverse,603,0.20805597305297852,208.05597305297852
spoofing_reverse,603,0.2069411277770996,206.9411277770996
spoofing_reverse,603,0.20799589157104492,207.99589157104492
spoofing_reverse,603,0.2079930305480957,207.9930305480957
spoofing_reverse,603,0.2089979648590088,208.9979648590088
spoofing_reverse,603,0.2070178985595703,207.0178985595703
spoofing_reverse,603,0.20797204971313477,207.97204971313477
spoofing_reverse,603,0.20807099342346191,208.0709934234619
spoofing_reverse,603,0.20794105529785156,207.94105529785156
spoofing_reverse,603,0.2089829444885254,208.9829444885254
spoofing_reverse,603,0.2070021629333496,207.0021629333496
spoofing_reverse,603,0.20799589157104492,207.99589157104492
spoofing_reverse,603,0.2079911231994629,207.9911231994629
spoofing_reverse,603,0.20799493789672852,207.99493789672852
spoofing_reverse,603,0.20908689498901367,209.08689498901367
spoofing_reverse,603,0.2069530487060547,206.9530487060547
spoofing_reverse,603,0.20799589157104492,207.99589157104492
spoofing_reverse,603,0.20805716514587402,208.05716514587402
spoofing_reverse,603,0.20895004272460938,208.95004272460938
spoofing_reverse,603,0.2079617977142334,207.9617977142334
spoofing_reverse,603,0.20699810981750488,206.99810981750488
spoofing_reverse,603,0.20805692672729492,208.05692672729492
spoofing_reverse,603,0.20795011520385742,207.95011520385742
spoofing_reverse,603,0.20897388458251953,208.97388458251953
spoofing_reverse,603,0.2080080509185791,208.0080509185791
spoofing_reverse,603,0.20699405670166016,206.99405670166016
spoofing_reverse,603,0.20798707008361816,207.98707008361816
spoofing_reverse,603,0.20799779891967773,207.99779891967773
spoofing_reverse,603,0.20909714698791504,209.09714698791504
spoofing_reverse,603,0.20790386199951172,207.90386199951172
spoofing_reverse,603,0.20703411102294922,207.03411102294922
spoofing_reverse,603,0.20798897743225098,207.98897743225098
spoofing_reverse,603,0.2079780101776123,207.9780101776123
spoofing_reverse,603,0.20899009704589844,208.99009704589844
spoofing_reverse,603,0.20700383186340332,207.00383186340332
spoofing_reverse,603,0.20804405212402344,208.04405212402344
spoofing_reverse,603,0.20794296264648438,207.94296264648438
spoofing_reverse,603,0.20804309844970703,208.04309844970703
spoofing_reverse,603,0.20899701118469238,208.99701118469238
spoofing_reverse,603,0.2069540023803711,206.9540023803711
spoofing_reverse,603,0.20799994468688965,207.99994468688965
spoofing_reverse,603,0.20798993110656738,207.98993110656738
spoofing_reverse,603,0.20907998085021973,209.07998085021973
spoofing_reverse,603,0.20794010162353516,207.94010162353516
spoofing_reverse,603,0.2070009708404541,207.0009708404541
spoofing_reverse,603,0.20798397064208984,207.98397064208984
spoofing_reverse,603,0.2079911231994629,207.9911231994629
spoofing_reverse,603,0.20899391174316406,208.99391174316406
spoofing_reverse,603,0.20803308486938477,208.03308486938477
spoofing_reverse,603,0.20705890655517578,207.05890655517578
spoofing_reverse,603,0.2079179286956787,207.9179286956787
spoofing_reverse,603,0.20798707008361816,207.98707008361816
spoofing_reverse,603,0.20899605751037598,208.99605751037598
spoofing_reverse,603,0.2080228328704834,208.0228328704834
spoofing_reverse,603,0.20697903633117676,206.97903633117676
spoofing_reverse,603,0.2080080509185791,208.0080509185791
spoofing_reverse,603,0.2080540657043457,208.0540657043457
spoofing_reverse,603,0.2089390754699707,208.9390754699707
spoofing_reverse,603,0.20700478553771973,207.00478553771973
spoofing_reverse,603,0.20798420906066895,207.98420906066895
spoofing_reverse,603,0.20802593231201172,208.02593231201172
spoofing_reverse,603,0.20797491073608398,207.97491073608398
spoofing_reverse,603,0.20900201797485352,209.00201797485352
spoofing_reverse,603,0.20705294609069824,207.05294609069824
spoofing_reverse,603,0.20794200897216797,207.94200897216797
spoofing_reverse,603,0.20801806449890137,208.01806449890137
spoofing_reverse,603,0.20901107788085938,209.01107788085938
spoofing_reverse,603,0.20798397064208984,207.98397064208984
spoofing_reverse,603,0.20696306228637695,206.96306228637695
spoofing_reverse,603,0.20798897743225098,207.98897743225098
spoofing_reverse,603,0.20807480812072754,208.07480812072754
spoofing_reverse,603,0.20894122123718262,208.94122123718262
spoofing_reverse,603,0.20799899101257324,207.99899101257324
spoofing_reverse,603,0.20699691772460938,206.99691772460938
spoofing_reverse,603,0.20804691314697266,208.04691314697266
spoofing_reverse,603,0.2079610824584961,207.9610824584961
spoofing_reverse,603,0.2090010643005371,209.0010643005371
spoofing_reverse,603,0.20807480812072754,208.07480812072754
spoofing_reverse,603,0.20690011978149414,206.90011978149414
spoofing_reverse,603,0.20799994468688965,207.99994468688965
spoofing_reverse,603,0.2079930305480957,207.9930305480957
spoofing_reverse,603,0.20906305313110352,209.06305313110352
spoofing_reverse,603,0.20696806907653809,206.9680690765381
spoofing_reverse,603,0.2079758644104004,207.9758644104004
spoofing_reverse,603,0.20804309844970703,208.04309844970703
spoofing_reverse,603,0.20795893669128418,207.95893669128418
spoofing_reverse,603,0.20904803276062012,209.04803276062012
spoofing_reverse,603,0.20693707466125488,206.93707466125488
spoofing_reverse,603,0.20801186561584473,208.01186561584473
spoofing_reverse,603,0.20799612998962402,207.99612998962402
spoofing_reverse,603,0.20902490615844727,209.02490615844727
spoofing_reverse,603,0.20801496505737305,208.01496505737305
spoofing_reverse,603,0.20692896842956543,206.92896842956543
spoofing_reverse,603,0.2080211639404297,208.0211639404297
spoofing_reverse,603,0.2079927921295166,207.9927921295166
spoofing_reverse,603,0.20898199081420898,208.98199081420898
spoofing_reverse,603,0.2080380916595459,208.0380916595459
spoofing_reverse,603,0.20696210861206055,206.96210861206055
spoofing_reverse,603,0.20804882049560547,208.04882049560547
spoofing_reverse,603,0.2079620361328125,207.9620361328125
spoofing_reverse,603,0.20900511741638184,209.00511741638184
spoofing_reverse,603,0.20801091194152832,208.01091194152832
spoofing_reverse,603,0.2070629596710205,207.0629596710205
spoofing_reverse,603,0.20790600776672363,207.90600776672363
spoofing_reverse,603,0.20798802375793457,207.98802375793457
spoofing_reverse,603,0.20905494689941406,209.05494689941406
spoofing_reverse,603,0.20694303512573242,206.94303512573242
spoofing_reverse,603,0.20800495147705078,208.00495147705078
spoofing_reverse,603,0.2079939842224121,207.9939842224121
spoofing_reverse,603,0.2079911231994629,207.9911231994629
spoofing_reverse,603,0.20900487899780273,209.00487899780273
spoofing_reverse,603,0.20699405670166016,206.99405670166016
spoofing_reverse,603,0.20808005332946777,208.08005332946777
spoofing_reverse,603,0.20792698860168457,207.92698860168457
spoofing_reverse,603,0.20800995826721191,208.0099582672119
spoofing_reverse,603,0.2089991569519043,208.9991569519043
spoofing_reverse,603,0.20700597763061523,207.00597763061523
spoofing_reverse,603,0.20798492431640625,207.98492431640625
spoofing_reverse,603,0.2080380916595459,208.0380916595459
spoofing_reverse,603,0.209000825881958,209.000825881958
spoofing_reverse,603,0.20800209045410156,208.00209045410156
spoofing_reverse,603,0.20693302154541016,206.93302154541016
spoofing_reverse,603,0.20801186561584473,208.01186561584473
spoofing_reverse,603,0.20799612998962402,207.99612998962402
spoofing_reverse,603,0.2089979648590088,208.9979648590088
spoofing_reverse,603,0.20799803733825684,207.99803733825684
spoofing_reverse,603,0.2070620059967041,207.0620059967041
spoofing_reverse,603,0.2079470157623291,207.9470157623291
spoofing_reverse,603,0.20801496505737305,208.01496505737305
spoofing_reverse,603,0.20898890495300293,208.98890495300293
spoofing_reverse,603,0.20698213577270508,206.98213577270508
spoofing_reverse,603,0.20798683166503906,207.98683166503906
spoofing_reverse,603,0.20800518989562988,208.00518989562988
spoofing_reverse,603,0.20809698104858398,208.09698104858398
spoofing_reverse,603,0.2089099884033203,208.9099884033203
spoofing_reverse,603,0.20697593688964844,206.97593688964844
spoofing_reverse,603,0.2080090045928955,208.0090045928955
spoofing_reverse,603,0.20798492431640625,207.98492431640625
spoofing_reverse,603,0.20800018310546875,208.00018310546875
spoofing_reverse,603,0.2089829444885254,208.9829444885254
spoofing_reverse,603,0.20707106590270996,207.07106590270996
spoofing_reverse,603,0.20793890953063965,207.93890953063965
spoofing_reverse,603,0.20802593231201172,208.02593231201172
spoofing_reverse,604,0.20896697044372559,208.9669704437256
spoofing_reverse,604,0.20798397064208984,207.98397064208984
spoofing_reverse,604,0.2070460319519043,207.0460319519043
spoofing_reverse,604,0.20796990394592285,207.96990394592285
spoofing_reverse,604,0.20800518989562988,208.00518989562988
spoofing_reverse,604,0.2089979648590088,208.9979648590088
spoofing_reverse,604,0.2069709300994873,206.9709300994873
spoofing_reverse,604,0.20799803733825684,207.99803733825684
spoofing_reverse,604,0.2079930305480957,207.9930305480957
spoofing_reverse,604,0.20806503295898438,208.06503295898438
spoofing_reverse,604,0.208967924118042,208.967924118042
spoofing_reverse,604,0.20699501037597656,206.99501037597656
spoofing_reverse,604,0.20801186561584473,208.01186561584473
spoofing_reverse,604,0.20795702934265137,207.95702934265137
spoofing_reverse,604,0.2090470790863037,209.0470790863037
spoofing_reverse,604,0.20797300338745117,207.97300338745117
spoofing_reverse,604,0.2070310115814209,207.0310115814209
spoofing_reverse,604,0.20794892311096191,207.9489231109619
spoofing_reverse,604,0.20800495147705078,208.00495147705078
spoofing_reverse,604,0.20898914337158203,208.98914337158203
spoofing_reverse,604,0.20799994468688965,207.99994468688965
spoofing_reverse,604,0.20698904991149902,206.98904991149902
spoofing_reverse,604,0.20802998542785645,208.02998542785645
spoofing_reverse,604,0.20802688598632812,208.02688598632812
spoofing_reverse,604,0.20894718170166016,208.94718170166016
spoofing_reverse,604,0.20801091194152832,208.01091194152832
spoofing_reverse,604,0.2069849967956543,206.9849967956543
spoofing_reverse,604,0.2080090045928955,208.0090045928955
spoofing_reverse,604,0.2080249786376953,208.0249786376953
spoofing_reverse,604,0.20897603034973145,208.97603034973145
spoofing_reverse,604,0.20705008506774902,207.05008506774902
spoofing_reverse,604,0.20797181129455566,207.97181129455566
spoofing_reverse,604,0.20800113677978516,208.00113677978516
spoofing_reverse,604,0.20795297622680664,207.95297622680664
spoofing_reverse,604,0.20902800559997559,209.0280055999756
spoofing_reverse,604,0.20697593688964844,206.97593688964844
spoofing_reverse,604,0.20798206329345703,207.98206329345703
spoofing_reverse,604,0.20804405212402344,208.04405212402344
spoofing_reverse,604,0.2089860439300537,208.9860439300537
spoofing_reverse,604,0.20797085762023926,207.97085762023926
spoofing_reverse,604,0.20703697204589844,207.03697204589844
spoofing_reverse,604,0.20795416831970215,207.95416831970215
spoofing_reverse,604,0.20798683166503906,207.98683166503906
spoofing_reverse,604,0.20901107788085938,209.01107788085938
spoofing_reverse,604,0.20805692672729492,208.05692672729492
spoofing_reverse,604,0.20698308944702148,206.98308944702148
spoofing_reverse,604,0.2079908847808838,207.9908847808838
spoofing_reverse,604,0.20796418190002441,207.9641819000244
spoofing_reverse,604,0.20902085304260254,209.02085304260254
spoofing_reverse,604,0.2079789638519287,207.9789638519287
spoofing_reverse,604,0.2069699764251709,206.9699764251709
spoofing_reverse,604,0.20810914039611816,208.10914039611816
spoofing_reverse,604,0.2079029083251953,207.9029083251953
spoofing_reverse,604,0.2090129852294922,209.0129852294922
spoofing_reverse,604,0.20698904991149902,206.98904991149902
spoofing_reverse,604,0.20801806449890137,208.01806449890137
spoofing_reverse,604,0.20797491073608398,207.97491073608398
spoofing_reverse,604,0.2079930305480957,207.9930305480957
spoofing_reverse,604,0.2090461254119873,209.0461254119873
spoofing_reverse,604,0.20696687698364258,206.96687698364258
spoofing_reverse,604,0.20798993110656738,207.98993110656738
spoofing_reverse,604,0.20798397064208984,207.98397064208984
spoofing_reverse,604,0.20804500579833984,208.04500579833984
spoofing_reverse,604,0.2089531421661377,208.9531421661377
spoofing_reverse,604,0.20700907707214355,207.00907707214355
spoofing_reverse,604,0.2080678939819336,208.0678939819336
spoofing_reverse,604,0.20794105529785156,207.94105529785156
spoofing_reverse,604,0.20901203155517578,209.01203155517578
spoofing_reverse,604,0.20804882049560547,208.04882049560547
spoofing_reverse,604,0.20694398880004883,206.94398880004883
spoofing_reverse,604,0.20796799659729004,207.96799659729004
spoofing_reverse,604,0.20798015594482422,207.98015594482422
spoofing_reverse,604,0.20914793014526367,209.14793014526367
spoofing_reverse,604,0.2079179286956787,207.9179286956787
spoofing_reverse,604,0.20694804191589355,206.94804191589355
spoofing_reverse,604,0.2079939842224121,207.9939842224121
spoofing_reverse,604,0.20799612998962402,207.99612998962402
spoofing_reverse,604,0.20899295806884766,208.99295806884766
spoofing_reverse,604,0.20700502395629883,207.00502395629883
spoofing_reverse,604,0.2080368995666504,208.0368995666504
spoofing_reverse,604,0.2079610824584961,207.9610824584961
spoofing_reverse,604,0.2080068588256836,208.0068588256836
spoofing_reverse,604,0.20900201797485352,209.00201797485352
spoofing_reverse,604,0.20700502395629883,207.00502395629883
spoofing_reverse,604,0.20798611640930176,207.98611640930176
spoofing_reverse,604,0.2079758644104004,207.9758644104004
spoofing_reverse,604,0.2080540657043457,208.0540657043457
spoofing_reverse,604,0.20899105072021484,208.99105072021484
spoofing_reverse,604,0.20701885223388672,207.01885223388672
spoofing_reverse,604,0.20793700218200684,207.93700218200684
spoofing_reverse,604,0.20803213119506836,208.03213119506836
spoofing_reverse,604,0.20896506309509277,208.96506309509277
spoofing_reverse,604,0.2080068588256836,208.0068588256836
spoofing_reverse,604,0.20710206031799316,207.10206031799316
spoofing_reverse,604,0.2079019546508789,207.9019546508789
spoofing_reverse,604,0.20804715156555176,208.04715156555176
spoofing_reverse,604,0.20893478393554688,208.93478393554688
spoofing_reverse,604,0.20803213119506836,208.03213119506836
spoofing_reverse,604,0.20696306228637695,206.96306228637695
spoofing_reverse,604,0.2080090045928955,208.0090045928955
spoofing_reverse,604,0.2080538272857666,208.0538272857666
spoofing_reverse,604,0.20898199081420898,208.98199081420898
spoofing_reverse,604,0.20799708366394043,207.99708366394043
spoofing_reverse,604,0.20696091651916504,206.96091651916504
spoofing_reverse,604,0.20798897743225098,207.98897743225098
spoofing_reverse,604,0.2079930305480957,207.9930305480957
spoofing_reverse,604,0.20899319648742676,208.99319648742676
spoofing_reverse,604,0.20705795288085938,207.05795288085938
spoofing_reverse,604,0.2079479694366455,207.9479694366455
spoofing_reverse,604,0.2079920768737793,207.9920768737793
spoofing_reverse,604,0.20809483528137207,208.09483528137207
spoofing_reverse,604,0.20892000198364258,208.92000198364258
spoofing_reverse,604,0.20701313018798828,207.01313018798828
spoofing_reverse,604,0.2079758644104004,207.9758644104004
spoofing_reverse,604,0.2080540657043457,208.0540657043457
spoofing_reverse,604,0.20894598960876465,208.94598960876465
spoofing_reverse,604,0.20798397064208984,207.98397064208984
spoofing_reverse,604,0.20700812339782715,207.00812339782715
spoofing_reverse,604,0.20803594589233398,208.03594589233398
spoofing_reverse,604,0.20795106887817383,207.95106887817383
spoofing_reverse,604,0.20900297164916992,209.00297164916992
spoofing_reverse,604,0.2080519199371338,208.0519199371338
spoofing_reverse,604,0.20694494247436523,206.94494247436523
spoofing_reverse,604,0.20799708366394043,207.99708366394043
spoofing_reverse,604,0.20802903175354004,208.02903175354004
spoofing_reverse,604,0.20895791053771973,208.95791053771973
spoofing_reverse,604,0.20801711082458496,208.01711082458496
spoofing_reverse,604,0.2069718837738037,206.9718837738037
spoofing_reverse,604,0.20823001861572266,208.23001861572266
spoofing_reverse,604,0.20779895782470703,207.79895782470703
spoofing_reverse,604,0.2090010643005371,209.0010643005371
spoofing_reverse,604,0.20698308944702148,206.98308944702148
spoofing_reverse,604,0.2080078125,208.0078125
spoofing_reverse,604,0.20797514915466309,207.9751491546631
spoofing_reverse,604,0.2080059051513672,208.0059051513672
spoofing_reverse,604,0.2090611457824707,209.0611457824707
spoofing_reverse,604,0.20694398880004883,206.94398880004883
spoofing_reverse,604,0.20801591873168945,208.01591873168945
spoofing_reverse,604,0.20796799659729004,207.96799659729004
spoofing_reverse,604,0.2090010643005371,209.0010643005371
spoofing_reverse,604,0.20801901817321777,208.01901817321777
spoofing_reverse,604,0.2069988250732422,206.9988250732422
spoofing_reverse,604,0.2080240249633789,208.0240249633789
spoofing_reverse,604,0.20793795585632324,207.93795585632324
spoofing_reverse,604,0.20901703834533691,209.0170383453369
spoofing_reverse,604,0.20801305770874023,208.01305770874023
spoofing_reverse,604,0.20700311660766602,207.00311660766602
spoofing_reverse,604,0.20795679092407227,207.95679092407227
spoofing_reverse,604,0.20800518989562988,208.00518989562988
spoofing_reverse,604,0.20903587341308594,209.03587341308594
spoofing_reverse,604,0.20801091194152832,208.01091194152832
spoofing_reverse,604,0.2070140838623047,207.0140838623047
spoofing_reverse,604,0.2079470157623291,207.9470157623291
spoofing_reverse,604,0.20801091194152832,208.01091194152832
spoofing_reverse,604,0.20896315574645996,208.96315574645996
spoofing_reverse,604,0.20711803436279297,207.11803436279297
spoofing_reverse,604,0.207960844039917,207.960844039917
spoofing_reverse,604,0.20792603492736816,207.92603492736816
spoofing_reverse,604,0.20800113677978516,208.00113677978516
spoofing_reverse,604,0.2089998722076416,208.9998722076416
spoofing_reverse,604,0.20727300643920898,207.27300643920898
spoofing_reverse,604,0.20772910118103027,207.72910118103027
spoofing_reverse,604,0.207960844039917,207.960844039917
spoofing_reverse,604,0.20906901359558105,209.06901359558105
spoofing_reverse,604,0.20795607566833496,207.95607566833496
spoofing_reverse,604,0.20699596405029297,206.99596405029297
spoofing_reverse,604,0.20797991752624512,207.97991752624512
spoofing_reverse,604,0.20811200141906738,208.11200141906738
spoofing_reverse,604,0.20888018608093262,208.88018608093262
spoofing_reverse,604,0.20801591873168945,208.01591873168945
spoofing_reverse,604,0.20705699920654297,207.05699920654297
spoofing_reverse,604,0.2079460620880127,207.9460620880127
spoofing_reverse,604,0.2080528736114502,208.0528736114502
spoofing_reverse,604,0.20893096923828125,208.93096923828125
spoofing_reverse,604,0.20802021026611328,208.02021026611328
spoofing_reverse,604,0.20701193809509277,207.01193809509277
spoofing_reverse,604,0.20794296264648438,207.94296264648438
spoofing_reverse,604,0.20807099342346191,208.0709934234619
spoofing_reverse,604,0.20898199081420898,208.98199081420898
spoofing_reverse,604,0.20697593688964844,206.97593688964844
spoofing_reverse,604,0.20798802375793457,207.98802375793457
spoofing_reverse,604,0.20802092552185059,208.0209255218506
spoofing_reverse,604,0.20797204971313477,207.97204971313477
spoofing_reverse,604,0.2089991569519043,208.9991569519043
spoofing_reverse,604,0.20706486701965332,207.06486701965332
spoofing_reverse,604,0.20792508125305176,207.92508125305176
spoofing_reverse,604,0.20801186561584473,208.01186561584473
spoofing_reverse,604,0.2079911231994629,207.9911231994629
spoofing_reverse,604,0.20899486541748047,208.99486541748047
spoofing_reverse,604,0.20699620246887207,206.99620246887207
spoofing_reverse,604,0.2079927921295166,207.9927921295166
spoofing_reverse,604,0.20807600021362305,208.07600021362305
spoofing_reverse,604,0.20895719528198242,208.95719528198242
spoofing_reverse,604,0.20796990394592285,207.96990394592285
spoofing_reverse,604,0.20698189735412598,206.98189735412598
spoofing_reverse,604,0.20799708366394043,207.99708366394043
spoofing_reverse,604,0.20799803733825684,207.99803733825684
spoofing_reverse,604,0.2090160846710205,209.0160846710205
spoofing_reverse,604,0.20804595947265625,208.04595947265625
spoofing_reverse,604,0.2069549560546875,206.9549560546875
spoofing_reverse,604,0.20799708366394043,207.99708366394043
spoofing_reverse,604,0.2079908847808838,207.9908847808838
spoofing_reverse,604,0.2089989185333252,208.9989185333252
spoofing_reverse,604,0.20701909065246582,207.01909065246582
spoofing_reverse,604,0.20796489715576172,207.96489715576172
spoofing_reverse,604,0.20806217193603516,208.06217193603516
spoofing_reverse,604,0.20795488357543945,207.95488357543945
spoofing_reverse,604,0.20898199081420898,208.98199081420898
spoofing_reverse,604,0.2070009708404541,207.0009708404541
spoofing_reverse,604,0.20799899101257324,207.99899101257324
spoofing_reverse,604,0.20798707008361816,207.98707008361816
spoofing_reverse,604,0.20798897743225098,207.98897743225098
spoofing_reverse,604,0.20908308029174805,209.08308029174805
spoofing_reverse,604,0.2069718837738037,206.9718837738037
spoofing_reverse,604,0.20799612998962402,207.99612998962402
spoofing_reverse,604,0.2080540657043457,208.0540657043457
spoofing_reverse,604,0.2089548110961914,208.9548110961914
spoofing_reverse,604,0.20795106887817383,207.95106887817383
spoofing_reverse,604,0.2070009708404541,207.0009708404541
spoofing_reverse,604,0.20804309844970703,208.04309844970703
spoofing_reverse,604,0.20797085762023926,207.97085762023926
spoofing_reverse,604,0.20896315574645996,208.96315574645996
spoofing_reverse,604,0.20801496505737305,208.01496505737305
spoofing_reverse,604,0.20699000358581543,206.99000358581543
spoofing_reverse,604,0.20798397064208984,207.98397064208984
spoofing_reverse,604,0.20799493789672852,207.99493789672852
spoofing_reverse,604,0.20908904075622559,209.0890407562256
spoofing_reverse,604,0.20792007446289062,207.92007446289062
spoofing_reverse,604,0.2070329189300537,207.0329189300537
spoofing_reverse,604,0.2079911231994629,207.9911231994629
spoofing_reverse,604,0.20797395706176758,207.97395706176758
spoofing_reverse,604,0.2089860439300537,208.9860439300537
spoofing_reverse,604,0.20700788497924805,207.00788497924805
spoofing_reverse,604,0.20803093910217285,208.03093910217285
spoofing_reverse,604,0.20795607566833496,207.95607566833496
spoofing_reverse,604,0.20805001258850098,208.05001258850098
spoofing_reverse,604,0.20899510383605957,208.99510383605957
spoofing_reverse,604,0.20694684982299805,206.94684982299805
spoofing_reverse,604,0.20800113677978516,208.00113677978516
spoofing_reverse,604,0.20798683166503906,207.98683166503906
spoofing_reverse,604,0.2090749740600586,209.0749740600586
spoofing_reverse,604,0.20795106887817383,207.95106887817383
spoofing_reverse,604,0.2070019245147705,207.0019245147705
spoofing_reverse,604,0.20798301696777344,207.98301696777344
spoofing_reverse,604,0.20798611640930176,207.98611640930176
spoofing_reverse,604,0.20899605751037598,208.99605751037598
spoofing_reverse,604,0.20803093910217285,208.03093910217285
spoofing_reverse,604,0.20704889297485352,207.04889297485352
spoofing_reverse,604,0.20793414115905762,207.93414115905762
spoofing_reverse,604,0.20798492431640625,207.98492431640625
spoofing_reverse,604,0.20899510383605957,208.99510383605957
spoofing_reverse,604,0.2080249786376953,208.0249786376953
spoofing_reverse,604,0.20697593688964844,206.97593688964844
spoofing_reverse,604,0.2080080509185791,208.0080509185791
spoofing_reverse,604,0.20804095268249512,208.04095268249512
spoofing_reverse,604,0.2089550495147705,208.9550495147705
spoofing_reverse,604,0.20700502395629883,207.00502395629883
spoofing_reverse,604,0.20798301696777344,207.98301696777344
spoofing_reverse,604,0.20802593231201172,208.02593231201172
spoofing_reverse,604,0.20797491073608398,207.97491073608398
spoofing_reverse,604,0.2090001106262207,209.0001106262207
spoofing_reverse,604,0.20704102516174316,207.04102516174316
spoofing_reverse,604,0.20795702934265137,207.95702934265137
spoofing_reverse,604,0.20801687240600586,208.01687240600586
spoofing_reverse,604,0.20900797843933105,209.00797843933105
spoofing_reverse,604,0.20798802375793457,207.98802375793457
spoofing_reverse,604,0.20695710182189941,206.9571018218994
spoofing_reverse,604,0.20798683166503906,207.98683166503906
spoofing_reverse,604,0.2080681324005127,208.0681324005127
spoofing_reverse,604,0.20895600318908691,208.9560031890869
spoofing_reverse,604,0.20799899101257324,207.99899101257324
spoofing_reverse,604,0.20699596405029297,206.99596405029297
spoofing_reverse,604,0.20804691314697266,208.04691314697266
spoofing_reverse,604,0.20795917510986328,207.95917510986328
spoofing_reverse,604,0.209000825881958,209.000825881958
spoofing_reverse,604,0.20806503295898438,208.06503295898438
spoofing_reverse,604,0.20691299438476562,206.91299438476562
spoofing_reverse,604,0.20799994468688965,207.99994468688965
spoofing_reverse,604,0.20798921585083008,207.98921585083008
spoofing_reverse,604,0.20906782150268555,209.06782150268555
spoofing_reverse,604,0.20696711540222168,206.96711540222168
spoofing_reverse,604,0.20797204971313477,207.97204971313477
spoofing_reverse,604,0.20803189277648926,208.03189277648926
spoofing_reverse,604,0.20797395706176758,207.97395706176758
spoofing_reverse,604,0.20904898643493652,209.04898643493652
spoofing_reverse,604,0.20692896842956543,206.92896842956543
spoofing_reverse,604,0.20801806449890137,208.01806449890137
spoofing_reverse,604,0.20799493789672852,207.99493789672852
spoofing_reverse,604,0.20902705192565918,209.02705192565918
spoofing_reverse,604,0.20800209045410156,208.00209045410156
spoofing_reverse,604,0.20693707466125488,206.93707466125488
spoofing_reverse,604,0.20802783966064453,208.02783966064453
spoofing_reverse,604,0.2079920768737793,207.9920768737793
spoofing_reverse,604,0.20897507667541504,208.97507667541504
spoofing_reverse,604,0.20804595947265625,208.04595947265625
spoofing_reverse,604,0.2069549560546875,206.9549560546875
spoofing_reverse,604,0.2080390453338623,208.0390453338623
spoofing_reverse,604,0.20797491073608398,207.97491073608398
spoofing_reverse,604,0.20900893211364746,209.00893211364746
spoofing_reverse,604,0.20801115036010742,208.01115036010742
spoofing_reverse,604,0.20706582069396973,207.06582069396973
spoofing_reverse,604,0.20789813995361328,207.89813995361328
spoofing_reverse,604,0.20798587799072266,207.98587799072266
spoofing_reverse,604,0.2090470790863037,209.0470790863037
spoofing_reverse,604,0.2069530487060547,206.9530487060547
spoofing_reverse,604,0.2080068588256836,208.0068588256836
spoofing_reverse,604,0.2079930305480957,207.9930305480957
spoofing_reverse,604,0.20799016952514648,207.99016952514648
spoofing_reverse,604,0.20900392532348633,209.00392532348633
spoofing_reverse,604,0.20699286460876465,206.99286460876465
spoofing_reverse,604,0.20807123184204102,208.07123184204102
spoofing_reverse,604,0.20793890953063965,207.93890953063965
spoofing_reverse,604,0.20801401138305664,208.01401138305664
spoofing_reverse,604,0.20899605751037598,208.99605751037598
spoofing_reverse,604,0.20700693130493164,207.00693130493164
spoofing_reverse,604,0.20797991752624512,207.97991752624512
spoofing_reverse,604,0.20804715156555176,208.04715156555176
spoofing_reverse,604,0.20898199081420898,208.98199081420898
spoofing_reverse,604,0.208021879196167,208.021879196167
spoofing_reverse,604,0.20692706108093262,206.92706108093262
spoofing_reverse,604,0.20800995826721191,208.0099582672119
spoofing_reverse,604,0.20799612998962402,207.99612998962402
spoofing_reverse,604,0.2089979648590088,208.9979648590088
spoofing_reverse,604,0.20799803733825684,207.99803733825684
spoofing_reverse,604,0.20704984664916992,207.04984664916992
spoofing_reverse,604,0.2079629898071289,207.9629898071289
spoofing_reverse,604,0.2080249786376953,208.0249786376953
spoofing_reverse,604,0.20898103713989258,208.98103713989258
spoofing_reverse,604,0.20698094367980957,206.98094367980957
spoofing_reverse,604,0.20798110961914062,207.98110961914062
spoofing_reverse,604,0.20800304412841797,208.00304412841797
spoofing_reverse,604,0.20808792114257812,208.08792114257812
spoofing_reverse,604,0.2089240550994873,208.9240550994873
spoofing_reverse,604,0.20697498321533203,206.97498321533203
spoofing_reverse,604,0.20801091194152832,208.01091194152832
spoofing_reverse,604,0.20798301696777344,207.98301696777344
spoofing_reverse,604,0.20800113677978516,208.00113677978516
spoofing_reverse,604,0.20897603034973145,208.97603034973145
spoofing_reverse,604,0.20706486701965332,207.06486701965332
spoofing_reverse,604,0.20795607566833496,207.95607566833496
spoofing_reverse,604,0.20802688598632812,208.02688598632812
spoofing_reverse,606,0.5120210647583008,512.0210647583008
spoofing_reverse,606,0.5119709968566895,511.97099685668945
spoofing_reverse,606,0.5120160579681396,512.0160579681396
spoofing_reverse,606,0.5130019187927246,513.0019187927246
spoofing_reverse,606,0.5110599994659424,511.0599994659424
spoofing_reverse,606,0.5129289627075195,512.9289627075195
spoofing_reverse,606,0.5109820365905762,510.9820365905762
spoofing_reverse,606,0.5129849910736084,512.9849910736084
spoofing_reverse,606,0.5109951496124268,510.99514961242676
spoofing_reverse,606,0.5130429267883301,513.0429267883301
spoofing_reverse,606,0.5109639167785645,510.96391677856445
spoofing_reverse,606,0.5130541324615479,513.0541324615479
spoofing_reverse,606,0.5109269618988037,510.9269618988037
spoofing_reverse,606,0.5130109786987305,513.0109786987305
spoofing_reverse,606,0.5109729766845703,510.9729766845703
spoofing_reverse,606,0.5130190849304199,513.0190849304199
spoofing_reverse,606,0.5109708309173584,510.9708309173584
spoofing_reverse,606,0.5129990577697754,512.9990577697754
spoofing_reverse,606,0.5110549926757812,511.05499267578125
spoofing_reverse,606,0.5129289627075195,512.9289627075195
spoofing_reverse,606,0.5110061168670654,511.00611686706543
spoofing_reverse,606,0.5130388736724854,513.0388736724854
spoofing_reverse,606,0.5109801292419434,510.98012924194336
spoofing_reverse,606,0.5129549503326416,512.9549503326416
spoofing_reverse,606,0.5109961032867432,510.99610328674316
spoofing_reverse,606,0.5131089687347412,513.1089687347412
spoofing_reverse,606,0.5108749866485596,510.87498664855957
spoofing_reverse,606,0.5130140781402588,513.0140781402588
spoofing_reverse,606,0.510983943939209,510.983943939209
spoofing_reverse,606,0.512009859085083,512.009859085083
spoofing_reverse,606,0.5119919776916504,511.9919776916504
spoofing_reverse,606,0.5119891166687012,511.9891166687012
spoofing_reverse,606,0.5121150016784668,512.1150016784668
spoofing_reverse,606,0.5118639469146729,511.86394691467285
spoofing_reverse,606,0.512019157409668,512.019157409668
spoofing_reverse,606,0.5120699405670166,512.0699405670166
spoofing_reverse,606,0.51190185546875,511.90185546875
spoofing_reverse,606,0.5120341777801514,512.0341777801514
spoofing_reverse,606,0.5119550228118896,511.95502281188965
spoofing_reverse,606,0.5120389461517334,512.0389461517334
spoofing_reverse,606,0.5119638442993164,511.9638442993164
spoofing_reverse,606,0.5119831562042236,511.98315620422363
spoofing_reverse,606,0.5119979381561279,511.99793815612793
spoofing_reverse,606,0.5120010375976562,512.0010375976562
spoofing_reverse,606,0.5129809379577637,512.9809379577637
spoofing_reverse,606,0.5110220909118652,511.02209091186523
spoofing_reverse,606,0.5130529403686523,513.0529403686523
spoofing_reverse,606,0.5109798908233643,510.97989082336426
spoofing_reverse,606,0.5129711627960205,512.9711627960205
spoofing_reverse,606,0.5109579563140869,510.9579563140869
spoofing_reverse,606,0.5130069255828857,513.0069255828857
spoofing_reverse,606,0.5109710693359375,510.9710693359375
spoofing_reverse,606,0.5130019187927246,513.0019187927246
spoofing_reverse,606,0.5110681056976318,511.06810569763184
spoofing_reverse,606,0.5129280090332031,512.9280090332031
spoofing_reverse,606,0.5109758377075195,510.97583770751953
spoofing_reverse,606,0.5130271911621094,513.0271911621094
spoofing_reverse,606,0.510977029800415,510.97702980041504
spoofing_reverse,606,0.5130178928375244,513.0178928375244
spoofing_reverse,606,0.5109570026397705,510.9570026397705
spoofing_reverse,606,0.5130689144134521,513.0689144134521
spoofing_reverse,606,0.5109860897064209,510.9860897064209
spoofing_reverse,606,0.5129311084747314,512.9311084747314
spoofing_reverse,606,0.5110077857971191,511.00778579711914
spoofing_reverse,606,0.5130670070648193,513.0670070648193
spoofing_reverse,606,0.5109450817108154,510.94508171081543
spoofing_reverse,606,0.5129890441894531,512.9890441894531
spoofing_reverse,606,0.5111160278320312,511.11602783203125
spoofing_reverse,606,0.5128519535064697,512.8519535064697
spoofing_reverse,606,0.5110750198364258,511.0750198364258
spoofing_reverse,606,0.511909008026123,511.90900802612305
spoofing_reverse,606,0.5120210647583008,512.0210647583008
spoofing_reverse,606,0.5119719505310059,511.97195053100586
spoofing_reverse,606,0.5120079517364502,512.0079517364502
spoofing_reverse,606,0.5120940208435059,512.0940208435059
spoofing_reverse,606,0.5118908882141113,511.8908882141113
spoofing_reverse,606,0.5120060443878174,512.0060443878174
spoofing_reverse,606,0.5119850635528564,511.98506355285645
spoofing_reverse,606,0.5120210647583008,512.0210647583008
spoofing_reverse,606,0.5119798183441162,511.9798183441162
spoofing_reverse,606,0.5119690895080566,511.96908950805664
spoofing_reverse,606,0.5121719837188721,512.1719837188721
spoofing_reverse,606,0.511829137802124,511.829137802124
spoofing_reverse,606,0.5119879245758057,511.98792457580566
spoofing_reverse,606,0.5119979381561279,511.99793815612793
spoofing_reverse,606,0.5130660533905029,513.0660533905029
spoofing_reverse,606,0.510936975479126,510.936975479126
spoofing_reverse,606,0.5130770206451416,513.0770206451416
spoofing_reverse,606,0.5110249519348145,511.02495193481445
spoofing_reverse,606,0.5128700733184814,512.8700733184814
spoofing_reverse,606,0.510977029800415,510.97702980041504
spoofing_reverse,606,0.5130128860473633,513.0128860473633
spoofing_reverse,606,0.5109901428222656,510.9901428222656
spoofing_reverse,606,0.5130348205566406,513.0348205566406
spoofing_reverse,606,0.5110189914703369,511.0189914703369
spoofing_reverse,606,0.5129971504211426,512.9971504211426
spoofing_reverse,606,0.5109260082244873,510.9260082244873
spoofing_reverse,606,0.5130209922790527,513.0209922790527
spoofing_reverse,606,0.5109658241271973,510.96582412719727
spoofing_reverse,606,0.512998104095459,512.998104095459
spoofing_reverse,606,0.5110499858856201,511.0499858856201
spoofing_reverse,606,0.5129411220550537,512.9411220550537
spoofing_reverse,606,0.5110518932342529,511.05189323425293
spoofing_reverse,606,0.5129780769348145,512.9780769348145
spoofing_reverse,606,0.5109519958496094,510.9519958496094
spoofing_reverse,606,0.5130050182342529,513.0050182342529
spoofing_reverse,606,0.5109939575195312,510.99395751953125
spoofing_reverse,606,0.5130178928375244,513.0178928375244
spoofing_reverse,606,0.5109751224517822,510.9751224517822
spoofing_reverse,606,0.5130348205566406,513.0348205566406
spoofing_reverse,606,0.5109500885009766,510.95008850097656
spoofing_reverse,606,0.5129969120025635,512.9969120025635
spoofing_reverse,606,0.5110070705413818,511.00707054138184
spoofing_reverse,606,0.512052059173584,512.052059173584
spoofing_reverse,606,0.511929988861084,511.929988861084
spoofing_reverse,606,0.5120060443878174,512.0060443878174
spoofing_reverse,606,0.5120508670806885,512.0508670806885
spoofing_reverse,606,0.5119190216064453,511.9190216064453
spoofing_reverse,606,0.5119941234588623,511.9941234588623
spoofing_reverse,606,0.512009859085083,512.009859085083
spoofing_reverse,606,0.5119881629943848,511.98816299438477
spoofing_reverse,606,0.5119860172271729,511.98601722717285
spoofing_reverse,606,0.5120339393615723,512.0339393615723
spoofing_reverse,606,0.5120408535003662,512.0408535003662
spoofing_reverse,606,0.5119051933288574,511.9051933288574
spoofing_reverse,606,0.5120048522949219,512.0048522949219
spoofing_reverse,606,0.5120580196380615,512.0580196380615
spoofing_reverse,606,0.5119271278381348,511.92712783813477
spoofing_reverse,606,0.5130078792572021,513.0078792572021
spoofing_reverse,606,0.5109901428222656,510.9901428222656
spoofing_reverse,606,0.5130629539489746,513.0629539489746
spoofing_reverse,606,0.5109469890594482,510.94698905944824
spoofing_reverse,606,0.5129799842834473,512.9799842834473
spoofing_reverse,606,0.5109999179840088,510.9999179840088
spoofing_reverse,606,0.5130090713500977,513.0090713500977
spoofing_reverse,606,0.5109610557556152,510.96105575561523
spoofing_reverse,606,0.5129988193511963,512.9988193511963
spoofing_reverse,606,0.5110352039337158,511.0352039337158
spoofing_reverse,607,0.20896506309509277,208.96506309509277
spoofing_reverse,607,0.20798397064208984,207.98397064208984
spoofing_reverse,607,0.20704197883605957,207.04197883605957
spoofing_reverse,607,0.20797395706176758,207.97395706176758
spoofing_reverse,607,0.2080061435699463,208.0061435699463
spoofing_reverse,607,0.2089989185333252,208.9989185333252
spoofing_reverse,607,0.20696806907653809,206.9680690765381
spoofing_reverse,607,0.20799803733825684,207.99803733825684
spoofing_reverse,607,0.2079939842224121,207.9939842224121
spoofing_reverse,607,0.20806193351745605,208.06193351745605
spoofing_reverse,607,0.20897197723388672,208.97197723388672
spoofing_reverse,607,0.20699596405029297,206.99596405029297
spoofing_reverse,607,0.20801115036010742,208.01115036010742
spoofing_reverse,607,0.20795488357543945,207.95488357543945
spoofing_reverse,607,0.20904898643493652,209.04898643493652
spoofing_reverse,607,0.20797300338745117,207.97300338745117
spoofing_reverse,607,0.1904139518737793,190.4139518737793
spoofing_reverse,607,0.016614198684692383,16.614198684692383
spoofing_reverse,607,0.0335688591003418,33.5688591003418
spoofing_reverse,607,0.05019402503967285,50.19402503967285
spoofing_reverse,607,0.050163984298706055,50.163984298706055
spoofing_reverse,607,0.05029296875,50.29296875
spoofing_reverse,607,0.023730993270874023,23.730993270874023
spoofing_reverse,607,0.02650308609008789,26.50308609008789
spoofing_reverse,607,0.05035805702209473,50.35805702209473
spoofing_reverse,607,0.050286054611206055,50.286054611206055
spoofing_reverse,607,0.050180912017822266,50.180912017822266
spoofing_reverse,607,0.03067803382873535,30.67803382873535
spoofing_reverse,607,0.019487857818603516,19.487857818603516
spoofing_reverse,607,0.0501711368560791,50.1711368560791
spoofing_reverse,607,0.05030083656311035,50.30083656311035
spoofing_reverse,607,0.050184011459350586,50.184011459350586
spoofing_reverse,607,0.03884410858154297,38.84410858154297
spoofing_reverse,607,0.011328935623168945,11.328935623168945
spoofing_reverse,607,0.05015397071838379,50.15397071838379
spoofing_reverse,607,0.05026507377624512,50.26507377624512
spoofing_reverse,607,0.05022406578063965,50.22406578063965
spoofing_reverse,607,0.046028852462768555,46.028852462768555
spoofing_reverse,607,0.004127979278564453,4.127979278564453
spoofing_reverse,607,0.05021405220031738,50.21405220031738
spoofing_reverse,607,0.05025911331176758,50.25911331176758
spoofing_reverse,607,0.05017900466918945,50.17900466918945
spoofing_reverse,607,0.05028104782104492,50.28104782104492
spoofing_reverse,607,0.0019268989562988281,1.9268989562988281
spoofing_reverse,607,0.048278093338012695,48.278093338012695
spoofing_reverse,607,0.05016779899597168,50.16779899597168
spoofing_reverse,607,0.05028104782104492,50.28104782104492
spoofing_reverse,607,0.05027413368225098,50.27413368225098
spoofing_reverse,607,0.009030818939208984,9.030818939208984
spoofing_reverse,607,0.04116106033325195,41.16106033325195
spoofing_reverse,607,0.05028796195983887,50.28796195983887
spoofing_reverse,607,0.05031609535217285,50.31609535217285
spoofing_reverse,607,0.050286054611206055,50.286054611206055
spoofing_reverse,607,0.015970945358276367,15.970945358276367
spoofing_reverse,607,0.03425288200378418,34.25288200378418
spoofing_reverse,607,0.05020308494567871,50.20308494567871
spoofing_reverse,607,0.050195932388305664,50.195932388305664
spoofing_reverse,607,0.050263166427612305,50.263166427612305
spoofing_reverse,607,0.02405095100402832,24.05095100402832
spoofing_reverse,607,0.026252031326293945,26.252031326293945
spoofing_reverse,607,0.05016684532165527,50.16684532165527
spoofing_reverse,607,0.05015707015991211,50.15707015991211
spoofing_reverse,607,0.05023598670959473,50.23598670959473
spoofing_reverse,607,0.031183958053588867,31.183958053588867
spoofing_reverse,607,0.019095182418823242,19.095182418823242
spoofing_reverse,607,0.05028200149536133,50.28200149536133
spoofing_reverse,607,0.050180912017822266,50.180912017822266
spoofing_reverse,607,0.05022406578063965,50.22406578063965
spoofing_reverse,607,0.03720283508300781,37.20283508300781
spoofing_reverse,607,0.012940168380737305,12.940168380737305
spoofing_reverse,607,0.050184011459350586,50.184011459350586
spoofing_reverse,607,0.05014801025390625,50.14801025390625
spoofing_reverse,607,0.05014777183532715,50.14777183532715
spoofing_reverse,607,0.04458808898925781,44.58808898925781
spoofing_reverse,607,0.005599021911621094,5.599021911621094
spoofing_reverse,607,0.05015993118286133,50.15993118286133
spoofing_reverse,607,0.05020618438720703,50.20618438720703
spoofing_reverse,607,0.05033397674560547,50.33397674560547
spoofing_reverse,607,0.05021381378173828,50.21381378173828
spoofing_reverse,607,0.001516103744506836,1.516103744506836
spoofing_reverse,607,0.04868292808532715,48.68292808532715
spoofing_reverse,607,0.05025815963745117,50.25815963745117
spoofing_reverse,607,0.05019187927246094,50.19187927246094
spoofing_reverse,607,0.050221920013427734,50.221920013427734
spoofing_reverse,607,0.009618043899536133,9.618043899536133
spoofing_reverse,607,0.040570974349975586,40.570974349975586
spoofing_reverse,607,0.0502171516418457,50.2171516418457
spoofing_reverse,607,0.05017995834350586,50.17995834350586
spoofing_reverse,607,0.05018305778503418,50.18305778503418
spoofing_reverse,607,0.015897035598754883,15.897035598754883
spoofing_reverse,607,0.034279823303222656,34.279823303222656
spoofing_reverse,607,0.050208091735839844,50.208091735839844
spoofing_reverse,607,0.05019187927246094,50.19187927246094
spoofing_reverse,607,0.05020499229431152,50.20499229431152
spoofing_reverse,607,0.023090124130249023,23.090124130249023
spoofing_reverse,607,0.027101993560791016,27.101993560791016
spoofing_reverse,607,0.05016589164733887,50.16589164733887
spoofing_reverse,607,0.05018806457519531,50.18806457519531
spoofing_reverse,607,0.0502169132232666,50.2169132232666
spoofing_reverse,607,0.030329227447509766,30.329227447509766
spoofing_reverse,607,0.019868850708007812,19.868850708007812
spoofing_reverse,607,0.05034208297729492,50.34208297729492
spoofing_reverse,607,0.05018305778503418,50.18305778503418
spoofing_reverse,607,0.05029797554016113,50.29797554016113
spoofing_reverse,607,0.03725790977478027,37.25790977478027
spoofing_reverse,607,0.012984037399291992,12.984037399291992
spoofing_reverse,607,0.05035591125488281,50.35591125488281
spoofing_reverse,607,0.05015397071838379,50.15397071838379
spoofing_reverse,607,0.05017399787902832,50.17399787902832
spoofing_reverse,607,0.045361995697021484,45.361995697021484
spoofing_reverse,607,0.004904985427856445,4.904985427856445
spoofing_reverse,607,0.050272226333618164,50.272226333618164
spoofing_reverse,607,0.05015993118286133,50.15993118286133
spoofing_reverse,607,0.05016493797302246,50.16493797302246
spoofing_reverse,607,0.05011105537414551,50.11105537414551
spoofing_reverse,607,0.001361846923828125,1.361846923828125
spoofing_reverse,607,0.04883122444152832,48.83122444152832
spoofing_reverse,607,0.05027198791503906,50.27198791503906
spoofing_reverse,607,0.050160884857177734,50.160884857177734
spoofing_reverse,607,0.05016493797302246,50.16493797302246
spoofing_reverse,607,0.008556127548217773,8.556127548217773
spoofing_reverse,607,0.041723012924194336,41.723012924194336
spoofing_reverse,607,0.05026698112487793,50.26698112487793
spoofing_reverse,607,0.05020284652709961,50.20284652709961
spoofing_reverse,607,0.05015921592712402,50.15921592712402
spoofing_reverse,607,0.015684843063354492,15.684843063354492
spoofing_reverse,607,0.03447413444519043,34.47413444519043
spoofing_reverse,607,0.05020284652709961,50.20284652709961
spoofing_reverse,607,0.05028414726257324,50.28414726257324
spoofing_reverse,607,0.05028486251831055,50.28486251831055
spoofing_reverse,607,0.023745059967041016,23.745059967041016
spoofing_reverse,607,0.026526927947998047,26.526927947998047
spoofing_reverse,607,0.05025911331176758,50.25911331176758
spoofing_reverse,607,0.050158023834228516,50.158023834228516
spoofing_reverse,607,0.050279855728149414,50.279855728149414
spoofing_reverse,607,0.03074502944946289,30.74502944946289
spoofing_reverse,607,0.019444942474365234,19.444942474365234
spoofing_reverse,607,0.05019402503967285,50.19402503967285
spoofing_reverse,607,0.050280094146728516,50.280094146728516
spoofing_reverse,607,0.05028104782104492,50.28104782104492
spoofing_reverse,607,0.03683900833129883,36.83900833129883
spoofing_reverse,607,0.01331186294555664,13.31186294555664
spoofing_reverse,607,0.05025196075439453,50.25196075439453
spoofing_reverse,607,0.05020022392272949,50.20022392272949
spoofing_reverse,607,0.050276994705200195,50.276994705200195
spoofing_reverse,607,0.043913841247558594,43.913841247558594
spoofing_reverse,607,0.0063130855560302734,6.313085556030273
spoofing_reverse,607,0.05029487609863281,50.29487609863281
spoofing_reverse,607,0.05027318000793457,50.27318000793457
spoofing_reverse,607,0.05030179023742676,50.30179023742676
spoofing_reverse,607,0.05017209053039551,50.17209053039551
spoofing_reverse,607,0.0006289482116699219,0.6289482116699219
spoofing_reverse,607,0.049645185470581055,49.645185470581055
spoofing_reverse,607,0.05019998550415039,50.19998550415039
spoofing_reverse,607,0.05027484893798828,50.27484893798828
spoofing_reverse,607,0.05023002624511719,50.23002624511719
spoofing_reverse,607,0.008661031723022461,8.661031723022461
spoofing_reverse,607,0.04149508476257324,41.49508476257324
spoofing_reverse,607,0.05026888847351074,50.26888847351074
spoofing_reverse,607,0.05015707015991211,50.15707015991211
spoofing_reverse,607,0.05027198791503906,50.27198791503906
spoofing_reverse,607,0.01586008071899414,15.86008071899414
spoofing_reverse,607,0.03441882133483887,34.41882133483887
spoofing_reverse,607,0.05028796195983887,50.28796195983887
spoofing_reverse,607,0.050280094146728516,50.280094146728516
spoofing_reverse,607,0.05032992362976074,50.32992362976074
spoofing_reverse,607,0.021673202514648438,21.673202514648438
spoofing_reverse,607,0.0289919376373291,28.9919376373291
spoofing_reverse,607,0.050318002700805664,50.318002700805664
spoofing_reverse,607,0.05017685890197754,50.17685890197754
spoofing_reverse,607,0.05019712448120117,50.19712448120117
spoofing_reverse,607,0.028308868408203125,28.308868408203125
spoofing_reverse,607,0.021857023239135742,21.857023239135742
spoofing_reverse,607,0.050230979919433594,50.230979919433594
spoofing_reverse,607,0.05022406578063965,50.22406578063965
spoofing_reverse,607,0.05021309852600098,50.21309852600098
spoofing_reverse,607,0.03543400764465332,35.43400764465332
spoofing_reverse,607,0.014729976654052734,14.729976654052734
spoofing_reverse,607,0.05015087127685547,50.15087127685547
spoofing_reverse,607,0.050282955169677734,50.282955169677734
spoofing_reverse,607,0.0501561164855957,50.1561164855957
spoofing_reverse,607,0.0437009334564209,43.7009334564209
spoofing_reverse,607,0.00649714469909668,6.49714469909668
spoofing_reverse,607,0.05022597312927246,50.22597312927246
spoofing_reverse,607,0.05019688606262207,50.19688606262207
spoofing_reverse,607,0.05027604103088379,50.27604103088379
spoofing_reverse,607,0.05015397071838379,50.15397071838379
spoofing_reverse,607,0.0006289482116699219,0.6289482116699219
spoofing_reverse,607,0.0495600700378418,49.5600700378418
spoofing_reverse,607,0.05018305778503418,50.18305778503418
spoofing_reverse,607,0.05019998550415039,50.19998550415039
spoofing_reverse,607,0.05026888847351074,50.26888847351074
spoofing_reverse,607,0.0067560672760009766,6.756067276000977
spoofing_reverse,607,0.043508052825927734,43.508052825927734
spoofing_reverse,607,0.050173044204711914,50.173044204711914
spoofing_reverse,607,0.0502009391784668,50.2009391784668
spoofing_reverse,607,0.050189971923828125,50.189971923828125
spoofing_reverse,607,0.0140380859375,14.0380859375
spoofing_reverse,607,0.03619384765625,36.19384765625
spoofing_reverse,607,0.05029797554016113,50.29797554016113
spoofing_reverse,607,0.0502011775970459,50.2011775970459
spoofing_reverse,607,0.05029797554016113,50.29797554016113
spoofing_reverse,607,0.02091193199157715,20.91193199157715
spoofing_reverse,607,0.029259920120239258,29.259920120239258
spoofing_reverse,607,0.050260066986083984,50.260066986083984
spoofing_reverse,607,0.050158023834228516,50.158023834228516
spoofing_reverse,607,0.05019211769104004,50.19211769104004
spoofing_reverse,607,0.029143810272216797,29.143810272216797
spoofing_reverse,607,0.02115797996520996,21.15797996520996
spoofing_reverse,607,0.05017900466918945,50.17900466918945
spoofing_reverse,607,0.05020499229431152,50.20499229431152
spoofing_reverse,607,0.05027318000793457,50.27318000793457
spoofing_reverse,607,0.03517484664916992,35.17484664916992
spoofing_reverse,607,0.015096187591552734,15.096187591552734
spoofing_reverse,607,0.0502779483795166,50.2779483795166
spoofing_reverse,607,0.05019998550415039,50.19998550415039
spoofing_reverse,607,0.0501558780670166,50.1558780670166
spoofing_reverse,607,0.04228806495666504,42.28806495666504
spoofing_reverse,607,0.007899045944213867,7.899045944213867
spoofing_reverse,607,0.05028486251831055,50.28486251831055
spoofing_reverse,607,0.05032706260681152,50.32706260681152
spoofing_reverse,607,0.05033111572265625,50.33111572265625
spoofing_reverse,607,0.04914283752441406,49.14283752441406
spoofing_reverse,607,0.0010700225830078125,1.0700225830078125
spoofing_reverse,607,0.050196170806884766,50.196170806884766
spoofing_reverse,607,0.05014801025390625,50.14801025390625
spoofing_reverse,607,0.050184011459350586,50.184011459350586
spoofing_reverse,607,0.05027580261230469,50.27580261230469
spoofing_reverse,607,0.00610804557800293,6.10804557800293
spoofing_reverse,607,0.04406309127807617,44.06309127807617
spoofing_reverse,607,0.05021500587463379,50.21500587463379
spoofing_reverse,607,0.05016684532165527,50.16684532165527
spoofing_reverse,607,0.05027318000793457,50.27318000793457
spoofing_reverse,607,0.01432490348815918,14.32490348815918
spoofing_reverse,607,0.035835981369018555,35.835981369018555
spoofing_reverse,607,0.050208091735839844,50.208091735839844
spoofing_reverse,607,0.05015897750854492,50.15897750854492
spoofing_reverse,607,0.05017995834350586,50.17995834350586
spoofing_reverse,607,0.020589113235473633,20.589113235473633
spoofing_reverse,607,0.02975177764892578,29.75177764892578
spoofing_reverse,607,0.05028820037841797,50.28820037841797
spoofing_reverse,607,0.05026388168334961,50.26388168334961
spoofing_reverse,607,0.050154924392700195,50.154924392700195
spoofing_reverse,607,0.027531147003173828,27.531147003173828
spoofing_reverse,607,0.022630929946899414,22.630929946899414
spoofing_reverse,607,0.05016207695007324,50.16207695007324
spoofing_reverse,607,0.05019783973693848,50.19783973693848
spoofing_reverse,607,0.05021214485168457,50.21214485168457
spoofing_reverse,607,0.03478097915649414,34.78097915649414
spoofing_reverse,607,0.01538705825805664,15.38705825805664
spoofing_reverse,607,0.05016684532165527,50.16684532165527
spoofing_reverse,607,0.05022311210632324,50.22311210632324
spoofing_reverse,607,0.050189971923828125,50.189971923828125
spoofing_reverse,607,0.04207801818847656,42.07801818847656
spoofing_reverse,607,0.008112907409667969,8.112907409667969
spoofing_reverse,607,0.0502321720123291,50.2321720123291
spoofing_reverse,607,0.05019378662109375,50.19378662109375
spoofing_reverse,607,0.05018019676208496,50.18019676208496
spoofing_reverse,607,0.050137996673583984,50.137996673583984
spoofing_reverse,607,9.393692016601562e-05,0.09393692016601562
spoofing_reverse,607,0.05002593994140625,50.02593994140625
spoofing_reverse,607,0.0502779483795166,50.2779483795166
spoofing_reverse,607,0.050167083740234375,50.167083740234375
spoofing_reverse,607,0.050180912017822266,50.180912017822266
spoofing_reverse,607,0.0063571929931640625,6.3571929931640625
spoofing_reverse,607,0.043852806091308594,43.852806091308594
spoofing_reverse,607,0.05017709732055664,50.17709732055664
spoofing_reverse,607,0.05024600028991699,50.24600028991699
spoofing_reverse,607,0.050234079360961914,50.234079360961914
spoofing_reverse,607,0.01355600357055664,13.55600357055664
spoofing_reverse,607,0.03664898872375488,36.64898872375488
spoofing_reverse,607,0.05019402503967285,50.19402503967285
spoofing_reverse,607,0.050209999084472656,50.209999084472656
spoofing_reverse,607,0.050192832946777344,50.192832946777344
spoofing_reverse,607,0.02069711685180664,20.69711685180664
spoofing_reverse,607,0.0294649600982666,29.4649600982666
spoofing_reverse,607,0.05015397071838379,50.15397071838379
spoofing_reverse,607,0.05028104782104492,50.28104782104492
spoofing_reverse,607,0.050158023834228516,50.158023834228516
spoofing_reverse,607,0.028954029083251953,28.954029083251953
spoofing_reverse,607,0.02132582664489746,21.32582664489746
spoofing_reverse,607,0.050158023834228516,50.158023834228516
spoofing_reverse,607,0.05020713806152344,50.20713806152344
spoofing_reverse,607,0.050160884857177734,50.160884857177734
spoofing_reverse,607,0.03619694709777832,36.19694709777832
spoofing_reverse,607,0.014010190963745117,14.010190963745117
spoofing_reverse,607,0.05019688606262207,50.19688606262207
spoofing_reverse,607,0.05015897750854492,50.15897750854492
spoofing_reverse,607,0.05015206336975098,50.15206336975098
spoofing_reverse,607,0.042424917221069336,42.424917221069336
spoofing_reverse,607,0.0077800750732421875,7.7800750732421875
spoofing_reverse,607,0.05020904541015625,50.20904541015625
spoofing_reverse,607,0.050238847732543945,50.238847732543945
spoofing_reverse,607,0.05021810531616211,50.21810531616211
spoofing_reverse,607,0.049523115158081055,49.523115158081055
spoofing_reverse,607,0.0006737709045410156,0.6737709045410156
spoofing_reverse,607,0.05021405220031738,50.21405220031738
spoofing_reverse,607,0.05026602745056152,50.26602745056152
spoofing_reverse,607,0.05019402503967285,50.19402503967285
spoofing_reverse,607,0.05017209053039551,50.17209053039551
spoofing_reverse,607,0.00645899772644043,6.45899772644043
spoofing_reverse,607,0.04372096061706543,43.72096061706543
spoofing_reverse,607,0.05020499229431152,50.20499229431152
spoofing_reverse,607,0.050232887268066406,50.232887268066406
spoofing_reverse,607,0.05018305778503418,50.18305778503418
spoofing_reverse,607,0.014806985855102539,14.806985855102539
spoofing_reverse,607,0.035388946533203125,35.388946533203125
spoofing_reverse,607,0.050209999084472656,50.209999084472656
spoofing_reverse,607,0.0502932071685791,50.2932071685791
spoofing_reverse,607,0.05025982856750488,50.25982856750488
spoofing_reverse,607,0.02176809310913086,21.76809310913086
spoofing_reverse,607,0.028445959091186523,28.445959091186523
spoofing_reverse,607,0.050187110900878906,50.187110900878906
spoofing_reverse,607,0.050273895263671875,50.273895263671875
spoofing_reverse,607,0.05019998550415039,50.19998550415039
spoofing_reverse,607,0.027838945388793945,27.838945388793945
spoofing_reverse,607,0.022367000579833984,22.367000579833984
spoofing_reverse,607,0.05026102066040039,50.26102066040039
spoofing_reverse,607,0.05016493797302246,50.16493797302246
spoofing_reverse,607,0.05016899108886719,50.16899108886719
spoofing_reverse,607,0.035032033920288086,35.032033920288086
spoofing_reverse,607,0.015170097351074219,15.170097351074219
spoofing_reverse,607,0.05020308494567871,50.20308494567871
spoofing_reverse,607,0.05016279220581055,50.16279220581055
spoofing_reverse,607,0.050161123275756836,50.161123275756836
spoofing_reverse,607,0.042298078536987305,42.298078536987305
spoofing_reverse,607,0.007869958877563477,7.869958877563477
spoofing_reverse,607,0.050273895263671875,50.273895263671875
spoofing_reverse,607,0.05028104782104492,50.28104782104492
spoofing_reverse,607,0.05020308494567871,50.20308494567871
spoofing_reverse,607,0.05018782615661621,50.18782615661621
spoofing_reverse,607,0.00017905235290527344,0.17905235290527344
spoofing_reverse,607,0.04997897148132324,49.97897148132324
spoofing_reverse,607,0.05029797554016113,50.29797554016113
spoofing_reverse,607,0.0501861572265625,50.1861572265625
spoofing_reverse,607,0.05020904541015625,50.20904541015625
spoofing_reverse,607,0.006331920623779297,6.331920623779297
spoofing_reverse,607,0.04392290115356445,43.92290115356445
spoofing_reverse,607,0.05020403861999512,50.20403861999512
spoofing_reverse,607,0.05026698112487793,50.26698112487793
spoofing_reverse,607,0.05028104782104492,50.28104782104492
spoofing_reverse,607,0.013360023498535156,13.360023498535156
spoofing_reverse,607,0.036910057067871094,36.910057067871094
spoofing_reverse,607,0.05028891563415527,50.28891563415527
spoofing_reverse,607,0.0501708984375,50.1708984375
spoofing_reverse,607,0.05028820037841797,50.28820037841797
spoofing_reverse,607,0.02030491828918457,20.30491828918457
spoofing_reverse,607,0.029989004135131836,29.989004135131836
spoofing_reverse,607,0.050292015075683594,50.292015075683594
spoofing_reverse,607,0.05015707015991211,50.15707015991211
spoofing_reverse,607,0.050169944763183594,50.169944763183594
spoofing_reverse,607,0.027399063110351562,27.399063110351562
spoofing_reverse,607,0.02275991439819336,22.75991439819336
spoofing_reverse,607,0.05014204978942871,50.14204978942871
spoofing_reverse,607,0.05028390884399414,50.28390884399414
spoofing_reverse,607,0.050202131271362305,50.202131271362305
spoofing_reverse,607,0.035614967346191406,35.614967346191406
spoofing_reverse,607,0.014551877975463867,14.551877975463867
spoofing_reverse,607,0.050169944763183594,50.169944763183594
spoofing_reverse,607,0.05019712448120117,50.19712448120117
spoofing_reverse,607,0.05016207695007324,50.16207695007324
spoofing_reverse,607,0.041922807693481445,41.922807693481445
spoofing_reverse,607,0.00834512710571289,8.34512710571289
spoofing_reverse,607,0.050271034240722656,50.271034240722656
spoofing_reverse,607,0.05019783973693848,50.19783973693848
spoofing_reverse,607,0.05016016960144043,50.16016960144043
spoofing_reverse,607,0.049011945724487305,49.011945724487305
spoofing_reverse,607,0.0012569427490234375,1.2569427490234375
spoofing_reverse,607,0.050280094146728516,50.280094146728516
spoofing_reverse,607,0.05016589164733887,50.16589164733887
spoofing_reverse,607,0.05021214485168457,50.21214485168457
spoofing_reverse,607,0.05026888847351074,50.26888847351074
spoofing_reverse,607,0.0057909488677978516,5.790948867797852
spoofing_reverse,607,0.044435977935791016,44.435977935791016
spoofing_reverse,607,0.050225019454956055,50.225019454956055
spoofing_reverse,607,0.05016803741455078,50.16803741455078
spoofing_reverse,607,0.050269126892089844,50.269126892089844
spoofing_reverse,607,0.012954950332641602,12.954950332641602
spoofing_reverse,607,0.037323951721191406,37.323951721191406
spoofing_reverse,607,0.050273895263671875,50.273895263671875
spoofing_reverse,607,0.05020713806152344,50.20713806152344
spoofing_reverse,607,0.05016803741455078,50.16803741455078
spoofing_reverse,607,0.021019935607910156,21.019935607910156
spoofing_reverse,607,0.029252052307128906,29.252052307128906
spoofing_reverse,607,0.050279855728149414,50.279855728149414
spoofing_reverse,607,0.050269126892089844,50.269126892089844
spoofing_reverse,607,0.050180912017822266,50.180912017822266
spoofing_reverse,607,0.027055025100708008,27.055025100708008
spoofing_reverse,607,0.023250102996826172,23.250102996826172
spoofing_reverse,607,0.050169944763183594,50.169944763183594
spoofing_reverse,607,0.05017900466918945,50.17900466918945
spoofing_reverse,607,0.0501708984375,50.1708984375
spoofing_reverse,607,0.03414797782897949,34.14797782897949
spoofing_reverse,607,0.0161440372467041,16.1440372467041
spoofing_reverse,607,0.050222158432006836,50.222158432006836
spoofing_reverse,607,0.05013585090637207,50.13585090637207
spoofing_reverse,607,0.05014514923095703,50.14514923095703
spoofing_reverse,607,0.04138898849487305,41.38898849487305
spoofing_reverse,607,0.008976936340332031,8.976936340332031
spoofing_reverse,607,0.0502779483795166,50.2779483795166
spoofing_reverse,607,0.05017709732055664,50.17709732055664
spoofing_reverse,607,0.05021500587463379,50.21500587463379
spoofing_reverse,607,0.049314022064208984,49.314022064208984
spoofing_reverse,607,0.0009438991546630859,0.9438991546630859
spoofing_reverse,607,0.05026388168334961,50.26388168334961
spoofing_reverse,607,0.05017209053039551,50.17209053039551
spoofing_reverse,607,0.05021190643310547,50.21190643310547
spoofing_reverse,607,0.05020022392272949,50.20022392272949
spoofing_reverse,607,0.00621485710144043,6.21485710144043
spoofing_reverse,607,0.04411196708679199,44.11196708679199
spoofing_reverse,607,0.050202131271362305,50.202131271362305
spoofing_reverse,607,0.05017590522766113,50.17590522766113
spoofing_reverse,607,0.05017209053039551,50.17209053039551
spoofing_reverse,607,0.01243901252746582,12.43901252746582
spoofing_reverse,607,0.03784489631652832,37.84489631652832
spoofing_reverse,607,0.05017399787902832,50.17399787902832
spoofing_reverse,607,0.0501859188079834,50.1859188079834
spoofing_reverse,607,0.05017399787902832,50.17399787902832
spoofing_reverse,607,0.01952505111694336,19.52505111694336
spoofing_reverse,607,0.03063797950744629,30.63797950744629
spoofing_reverse,607,0.05022597312927246,50.22597312927246
spoofing_reverse,607,0.05020713806152344,50.20713806152344
spoofing_reverse,607,0.05028796195983887,50.28796195983887
spoofing_reverse,607,0.026690006256103516,26.690006256103516
spoofing_reverse,607,0.02351999282836914,23.51999282836914
spoofing_reverse,607,0.0503389835357666,50.3389835357666
spoofing_reverse,607,0.050295114517211914,50.295114517211914
spoofing_reverse,607,0.05027484893798828,50.27484893798828
spoofing_reverse,607,0.03450417518615723,34.50417518615723
spoofing_reverse,607,0.01566791534423828,15.667915344238281
spoofing_reverse,607,0.050212860107421875,50.212860107421875
spoofing_reverse,607,0.050164222717285156,50.164222717285156
spoofing_reverse,607,0.050171852111816406,50.171852111816406
spoofing_reverse,607,0.041815996170043945,41.815996170043945
spoofing_reverse,607,0.008373022079467773,8.373022079467773
spoofing_reverse,607,0.05022597312927246,50.22597312927246
spoofing_reverse,607,0.05022096633911133,50.22096633911133
spoofing_reverse,607,0.05018019676208496,50.18019676208496
spoofing_reverse,607,0.04796195030212402,47.96195030212402
spoofing_reverse,607,0.002199888229370117,2.199888229370117
spoofing_reverse,607,0.050169944763183594,50.169944763183594
spoofing_reverse,607,0.05016803741455078,50.16803741455078
spoofing_reverse,607,0.05016613006591797,50.16613006591797
spoofing_reverse,607,0.050173044204711914,50.173044204711914
spoofing_reverse,607,0.005131959915161133,5.131959915161133
spoofing_reverse,607,0.04505801200866699,45.05801200866699
spoofing_reverse,607,0.0501859188079834,50.1859188079834
spoofing_reverse,607,0.050173044204711914,50.173044204711914
spoofing_reverse,607,0.050169944763183594,50.169944763183594
spoofing_reverse,607,0.012464046478271484,12.464046478271484
spoofing_reverse,607,0.03770589828491211,37.70589828491211
spoofing_reverse,607,0.05016803741455078,50.16803741455078
spoofing_reverse,607,0.0501711368560791,50.1711368560791
spoofing_reverse,607,0.050238847732543945,50.238847732543945
spoofing_reverse,607,0.020714998245239258,20.714998245239258
spoofing_reverse,607,0.029487133026123047,29.487133026123047
spoofing_reverse,607,0.050215959548950195,50.215959548950195
spoofing_reverse,607,0.05026102066040039,50.26102066040039
spoofing_reverse,607,0.050338029861450195,50.338029861450195
spoofing_reverse,607,0.027681827545166016,27.681827545166016
spoofing_reverse,607,0.022474050521850586,22.474050521850586
spoofing_reverse,607,0.05018806457519531,50.18806457519531
spoofing_reverse,607,0.05028486251831055,50.28486251831055
spoofing_reverse,607,0.05016016960144043,50.16016960144043
spoofing_reverse,607,0.03385186195373535,33.85186195373535
spoofing_reverse,607,0.016415119171142578,16.415119171142578
spoofing_reverse,607,0.05017685890197754,50.17685890197754
spoofing_reverse,607,0.05020904541015625,50.20904541015625
spoofing_reverse,607,0.05019497871398926,50.19497871398926
spoofing_reverse,607,0.04099416732788086,40.99416732788086
spoofing_reverse,607,0.009271860122680664,9.271860122680664
spoofing_reverse,607,0.0502779483795166,50.2779483795166
spoofing_reverse,607,0.05025911331176758,50.25911331176758
spoofing_reverse,607,0.051982879638671875,51.982879638671875
spoofing_reverse,607,0.04620099067687988,46.20099067687988
spoofing_reverse,607,0.0040590763092041016,4.059076309204102
spoofing_reverse,607,0.05026698112487793,50.26698112487793
spoofing_reverse,607,0.05016803741455078,50.16803741455078
spoofing_reverse,607,0.05017805099487305,50.17805099487305
spoofing_reverse,607,0.05015897750854492,50.15897750854492
spoofing_reverse,607,0.004160881042480469,4.160881042480469
spoofing_reverse,607,0.04602217674255371,46.02217674255371
spoofing_reverse,607,0.05015683174133301,50.15683174133301
spoofing_reverse,607,0.050163984298706055,50.163984298706055
spoofing_reverse,607,0.050161123275756836,50.161123275756836
spoofing_reverse,607,0.010554075241088867,10.554075241088867
spoofing_reverse,607,0.03968095779418945,39.68095779418945
spoofing_reverse,607,0.050180912017822266,50.180912017822266
spoofing_reverse,607,0.05030202865600586,50.30202865600586
spoofing_reverse,607,0.05028796195983887,50.28796195983887
spoofing_reverse,607,0.01749897003173828,17.49897003173828
spoofing_reverse,607,0.03265810012817383,32.65810012817383
spoofing_reverse,607,0.050206899642944336,50.206899642944336
spoofing_reverse,607,0.05029797554016113,50.29797554016113
spoofing_reverse,607,0.05028104782104492,50.28104782104492
spoofing_reverse,607,0.024547100067138672,24.547100067138672
spoofing_reverse,607,0.02561187744140625,25.61187744140625
spoofing_reverse,607,0.05017709732055664,50.17709732055664
spoofing_reverse,607,0.05019688606262207,50.19688606262207
spoofing_reverse,607,0.05017709732055664,50.17709732055664
spoofing_reverse,607,0.03193402290344238,31.934022903442383
spoofing_reverse,607,0.018244028091430664,18.244028091430664
spoofing_reverse,607,0.05016684532165527,50.16684532165527
spoofing_reverse,607,0.050211191177368164,50.211191177368164
spoofing_reverse,607,0.050215959548950195,50.215959548950195
spoofing_reverse,607,0.040081024169921875,40.081024169921875
spoofing_reverse,607,0.010143041610717773,10.143041610717773
spoofing_reverse,607,0.05022096633911133,50.22096633911133
spoofing_reverse,607,0.050189971923828125,50.189971923828125
spoofing_reverse,607,0.05018186569213867,50.18186569213867
spoofing_reverse,607,0.046276092529296875,46.276092529296875
spoofing_reverse,607,0.003910064697265625,3.910064697265625
spoofing_reverse,607,0.050180912017822266,50.180912017822266
spoofing_reverse,607,0.050187110900878906,50.187110900878906
spoofing_reverse,607,0.05019497871398926,50.19497871398926
spoofing_reverse,607,0.050192832946777344,50.192832946777344
spoofing_reverse,607,0.003309011459350586,3.309011459350586
spoofing_reverse,607,0.04686903953552246,46.86903953552246
spoofing_reverse,607,0.05017209053039551,50.17209053039551
spoofing_reverse,607,0.050184011459350586,50.184011459350586
spoofing_reverse,607,0.0501859188079834,50.1859188079834
spoofing_reverse,607,0.01063990592956543,10.63990592956543
spoofing_reverse,607,0.03953814506530762,39.53814506530762
spoofing_reverse,607,0.05023002624511719,50.23002624511719
spoofing_reverse,607,0.0502169132232666,50.2169132232666
spoofing_reverse,607,0.05029106140136719,50.29106140136719
spoofing_reverse,607,0.01867389678955078,18.67389678955078
spoofing_reverse,607,0.031484127044677734,31.484127044677734
spoofing_reverse,607,0.05015993118286133,50.15993118286133
spoofing_reverse,607,0.050199031829833984,50.199031829833984
spoofing_reverse,607,0.050267934799194336,50.267934799194336
spoofing_reverse,607,0.025871992111206055,25.871992111206055
spoofing_reverse,607,0.024357080459594727,24.357080459594727
spoofing_reverse,607,0.050169944763183594,50.169944763183594
spoofing_reverse,607,0.05014610290527344,50.14610290527344
spoofing_reverse,607,0.05030393600463867,50.30393600463867
spoofing_reverse,607,0.03203105926513672,32.03105926513672
spoofing_reverse,607,0.01823902130126953,18.23902130126953
spoofing_reverse,607,0.05023193359375,50.23193359375
spoofing_reverse,607,0.05017399787902832,50.17399787902832
spoofing_reverse,607,0.05022001266479492,50.22001266479492
spoofing_reverse,607,0.03917193412780762,39.17193412780762
spoofing_reverse,607,0.01104593276977539,11.04593276977539
spoofing_reverse,607,0.05027198791503906,50.27198791503906
spoofing_reverse,607,0.05015301704406738,50.15301704406738
spoofing_reverse,607,0.05028510093688965,50.28510093688965
spoofing_reverse,607,0.04619288444519043,46.19288444519043
spoofing_reverse,607,0.003965139389038086,3.965139389038086
spoofing_reverse,607,0.0502009391784668,50.2009391784668
spoofing_reverse,607,0.050199031829833984,50.199031829833984
spoofing_reverse,607,0.05016303062438965,50.16303062438965
spoofing_reverse,607,0.05016803741455078,50.16803741455078
spoofing_reverse,607,0.0043218135833740234,4.321813583374023
spoofing_reverse,607,0.0459752082824707,45.9752082824707
spoofing_reverse,607,0.05032682418823242,50.32682418823242
spoofing_reverse,607,0.05020308494567871,50.20308494567871
spoofing_reverse,607,0.0502018928527832,50.2018928527832
spoofing_reverse,607,0.01132822036743164,11.32822036743164
spoofing_reverse,607,0.03885293006896973,38.85293006896973
spoofing_reverse,607,0.05019092559814453,50.19092559814453
spoofing_reverse,607,0.050334930419921875,50.334930419921875
spoofing_reverse,607,0.050393104553222656,50.393104553222656
spoofing_reverse,607,0.017177104949951172,17.177104949951172
spoofing_reverse,607,0.03302884101867676,33.02884101867676
spoofing_reverse,607,0.0503230094909668,50.3230094909668
spoofing_reverse,607,0.05015397071838379,50.15397071838379
spoofing_reverse,607,0.0501551628112793,50.1551628112793
spoofing_reverse,607,0.02433490753173828,24.33490753173828
spoofing_reverse,607,0.025894880294799805,25.894880294799805
spoofing_reverse,607,0.0501561164855957,50.1561164855957
spoofing_reverse,607,0.05017495155334473,50.17495155334473
spoofing_reverse,607,0.0502779483795166,50.2779483795166
spoofing_reverse,607,0.0315251350402832,31.525135040283203
spoofing_reverse,607,0.018635034561157227,18.635034561157227
spoofing_reverse,607,0.050189971923828125,50.189971923828125
spoofing_reverse,607,0.05026602745056152,50.26602745056152
spoofing_reverse,607,0.05030488967895508,50.30488967895508
spoofing_reverse,607,0.03956198692321777,39.56198692321777
spoofing_reverse,607,0.01063394546508789,10.63394546508789
spoofing_reverse,607,0.05027914047241211,50.27914047241211
spoofing_reverse,607,0.050163984298706055,50.163984298706055
spoofing_reverse,607,0.05018901824951172,50.18901824951172
spoofing_reverse,607,0.04675102233886719,46.75102233886719
spoofing_reverse,607,0.0034580230712890625,3.4580230712890625
spoofing_reverse,607,0.05014681816101074,50.14681816101074
spoofing_reverse,607,0.05019521713256836,50.19521713256836
spoofing_reverse,607,0.05019783973693848,50.19783973693848
spoofing_reverse,607,0.05027413368225098,50.27413368225098
spoofing_reverse,607,0.0026998519897460938,2.6998519897460938
spoofing_reverse,607,0.04761505126953125,47.61505126953125
spoofing_reverse,607,0.05015707015991211,50.15707015991211
spoofing_reverse,607,0.05020284652709961,50.20284652709961
spoofing_reverse,607,0.050193071365356445,50.193071365356445
spoofing_reverse,607,0.010080099105834961,10.080099105834961
spoofing_reverse,607,0.04007697105407715,40.07697105407715
spoofing_reverse,607,0.05017805099487305,50.17805099487305
spoofing_reverse,607,0.05015683174133301,50.15683174133301
spoofing_reverse,607,0.05024313926696777,50.24313926696777
spoofing_reverse,607,0.017129898071289062,17.129898071289062
spoofing_reverse,607,0.0330660343170166,33.0660343170166
spoofing_reverse,607,0.0501859188079834,50.1859188079834
spoofing_reverse,607,0.05018115043640137,50.18115043640137
spoofing_reverse,607,0.05016803741455078,50.16803741455078
spoofing_reverse,607,0.02539682388305664,25.39682388305664
spoofing_reverse,607,0.02479410171508789,24.79410171508789
spoofing_reverse,607,0.0502779483795166,50.2779483795166
spoofing_reverse,607,0.050219058990478516,50.219058990478516
spoofing_reverse,607,0.050171852111816406,50.171852111816406
spoofing_reverse,607,0.031519174575805664,31.519174575805664
spoofing_reverse,607,0.018651962280273438,18.651962280273438
spoofing_reverse,607,0.0502009391784668,50.2009391784668
spoofing_reverse,607,0.050161123275756836,50.161123275756836
spoofing_reverse,607,0.05019497871398926,50.19497871398926
spoofing_reverse,607,0.03879880905151367,38.79880905151367
spoofing_reverse,607,0.011380195617675781,11.380195617675781
spoofing_reverse,607,0.05016589164733887,50.16589164733887
spoofing_reverse,607,0.05028796195983887,50.28796195983887
spoofing_reverse,607,0.05016517639160156,50.16517639160156
spoofing_reverse,607,0.0459749698638916,45.9749698638916
spoofing_reverse,607,0.004305839538574219,4.305839538574219
spoofing_reverse,607,0.05028510093688965,50.28510093688965
spoofing_reverse,607,0.05028104782104492,50.28104782104492
spoofing_reverse,607,0.050273895263671875,50.273895263671875
spoofing_reverse,607,0.05018901824951172,50.18901824951172
spoofing_reverse,607,0.0026710033416748047,2.6710033416748047
spoofing_reverse,607,0.047482967376708984,47.482967376708984
spoofing_reverse,607,0.05016899108886719,50.16899108886719
spoofing_reverse,607,0.05015206336975098,50.15206336975098
spoofing_reverse,607,0.05018305778503418,50.18305778503418
spoofing_reverse,607,0.011071920394897461,11.071920394897461
spoofing_reverse,607,0.03919792175292969,39.19792175292969
spoofing_reverse,607,0.05018305778503418,50.18305778503418
spoofing_reverse,607,0.050202131271362305,50.202131271362305
spoofing_reverse,607,0.05015897750854492,50.15897750854492
spoofing_reverse,607,0.017204999923706055,17.204999923706055
spoofing_reverse,607,0.03298783302307129,32.98783302307129
spoofing_reverse,607,0.05028414726257324,50.28414726257324
spoofing_reverse,607,0.050219058990478516,50.219058990478516
spoofing_reverse,607,0.050186872482299805,50.186872482299805
spoofing_reverse,607,0.024339914321899414,24.339914321899414
spoofing_reverse,607,0.025870084762573242,25.870084762573242
spoofing_reverse,607,0.050161123275756836,50.161123275756836
spoofing_reverse,607,0.050206899642944336,50.206899642944336
spoofing_reverse,607,0.05017995834350586,50.17995834350586
spoofing_reverse,607,0.03154802322387695,31.548023223876953
spoofing_reverse,607,0.018722057342529297,18.722057342529297
spoofing_reverse,607,0.050199031829833984,50.199031829833984
spoofing_reverse,607,0.050314903259277344,50.314903259277344
spoofing_reverse,607,0.05017590522766113,50.17590522766113
spoofing_reverse,607,0.03959012031555176,39.59012031555176
spoofing_reverse,607,0.010590076446533203,10.590076446533203
spoofing_reverse,607,0.05019092559814453,50.19092559814453
spoofing_reverse,607,0.05017209053039551,50.17209053039551
spoofing_reverse,607,0.05017900466918945,50.17900466918945
spoofing_reverse,607,0.04688692092895508,46.88692092895508
spoofing_reverse,607,0.0034189224243164062,3.4189224243164062
spoofing_reverse,607,0.050187110900878906,50.187110900878906
spoofing_reverse,607,0.05018901824951172,50.18901824951172
spoofing_reverse,607,0.05017995834350586,50.17995834350586
spoofing_reverse,607,0.05019497871398926,50.19497871398926
spoofing_reverse,607,0.002827882766723633,2.827882766723633
spoofing_reverse,607,0.047370195388793945,47.370195388793945
spoofing_reverse,607,0.050267934799194336,50.267934799194336
spoofing_reverse,607,0.05019092559814453,50.19092559814453
spoofing_reverse,607,0.0501861572265625,50.1861572265625
spoofing_reverse,607,0.010006904602050781,10.006904602050781
spoofing_reverse,607,0.04028201103210449,40.28201103210449
spoofing_reverse,607,0.050173044204711914,50.173044204711914
spoofing_reverse,607,0.050163984298706055,50.163984298706055
spoofing_reverse,607,0.05015897750854492,50.15897750854492
spoofing_reverse,607,0.017162084579467773,17.162084579467773
spoofing_reverse,607,0.03297686576843262,32.97686576843262
spoofing_reverse,607,0.05022692680358887,50.22692680358887
spoofing_reverse,607,0.05019402503967285,50.19402503967285
spoofing_reverse,607,0.050193071365356445,50.193071365356445
spoofing_reverse,607,0.02542710304260254,25.42710304260254
spoofing_reverse,607,0.02476978302001953,24.76978302001953
spoofing_reverse,607,0.050208091735839844,50.208091735839844
spoofing_reverse,607,0.050271034240722656,50.271034240722656
spoofing_reverse,607,0.05018305778503418,50.18305778503418
spoofing_reverse,607,0.03258085250854492,32.58085250854492
spoofing_reverse,607,0.017583131790161133,17.583131790161133
spoofing_reverse,607,0.05014300346374512,50.14300346374512
spoofing_reverse,607,0.050299882888793945,50.299882888793945
spoofing_reverse,607,0.05021214485168457,50.21214485168457
spoofing_reverse,607,0.03876495361328125,38.76495361328125
spoofing_reverse,607,0.01151585578918457,11.51585578918457
spoofing_reverse,607,0.05020308494567871,50.20308494567871
spoofing_reverse,607,0.05016613006591797,50.16613006591797
spoofing_reverse,607,0.050151824951171875,50.151824951171875
spoofing_reverse,607,0.04591798782348633,45.91798782348633
spoofing_reverse,607,0.004239082336425781,4.239082336425781
spoofing_reverse,607,0.05016899108886719,50.16899108886719
spoofing_reverse,607,0.05014991760253906,50.14991760253906
spoofing_reverse,607,0.05016517639160156,50.16517639160156
spoofing_reverse,607,0.05027890205383301,50.27890205383301
spoofing_reverse,607,0.0030031204223632812,3.0031204223632812
spoofing_reverse,607,0.04717898368835449,47.17898368835449
spoofing_reverse,607,0.050171852111816406,50.171852111816406
spoofing_reverse,607,0.05018305778503418,50.18305778503418
spoofing_reverse,607,0.05015206336975098,50.15206336975098
spoofing_reverse,607,0.01134800910949707,11.34800910949707
spoofing_reverse,607,0.03881502151489258,38.81502151489258
spoofing_reverse,607,0.0501708984375,50.1708984375
spoofing_reverse,607,0.05020403861999512,50.20403861999512
spoofing_reverse,607,0.05016684532165527,50.16684532165527
spoofing_reverse,607,0.01866006851196289,18.66006851196289
spoofing_reverse,607,0.031495094299316406,31.495094299316406
spoofing_reverse,607,0.05016493797302246,50.16493797302246
spoofing_reverse,607,0.05019998550415039,50.19998550415039
spoofing_reverse,607,0.05030512809753418,50.30512809753418
spoofing_reverse,607,0.024847984313964844,24.847984313964844
spoofing_reverse,607,0.025358915328979492,25.358915328979492
spoofing_reverse,607,0.05016899108886719,50.16899108886719
spoofing_reverse,607,0.050195932388305664,50.195932388305664
spoofing_reverse,607,0.05023598670959473,50.23598670959473
spoofing_reverse,607,0.0319981575012207,31.998157501220703
spoofing_reverse,607,0.018265962600708008,18.265962600708008
spoofing_reverse,607,0.05018305778503418,50.18305778503418
spoofing_reverse,607,0.05016303062438965,50.16303062438965
spoofing_reverse,607,0.05019187927246094,50.19187927246094
spoofing_reverse,607,0.03919410705566406,39.19410705566406
spoofing_reverse,607,0.011002779006958008,11.002779006958008
spoofing_reverse,607,0.050286054611206055,50.286054611206055
spoofing_reverse,607,0.05017495155334473,50.17495155334473
spoofing_reverse,607,0.05017805099487305,50.17805099487305
spoofing_reverse,607,0.04732108116149902,47.32108116149902
spoofing_reverse,607,0.0028510093688964844,2.8510093688964844
spoofing_reverse,607,0.05015993118286133,50.15993118286133
spoofing_reverse,607,0.050169944763183594,50.169944763183594
spoofing_reverse,607,0.05019021034240723,50.19021034240723
spoofing_reverse,607,0.05021977424621582,50.21977424621582
spoofing_reverse,607,0.0035440921783447266,3.5440921783447266
spoofing_reverse,607,0.04680299758911133,46.80299758911133
spoofing_reverse,607,0.05014491081237793,50.14491081237793
spoofing_reverse,607,0.05017709732055664,50.17709732055664
spoofing_reverse,607,0.05016589164733887,50.16589164733887
spoofing_reverse,607,0.010651111602783203,10.651111602783203
spoofing_reverse,607,0.039518117904663086,39.518117904663086
spoofing_reverse,607,0.05019783973693848,50.19783973693848
spoofing_reverse,607,0.0501861572265625,50.1861572265625
spoofing_reverse,607,0.05028891563415527,50.28891563415527
spoofing_reverse,607,0.017737865447998047,17.737865447998047
spoofing_reverse,607,0.03244519233703613,32.44519233703613
spoofing_reverse,607,0.05016779899597168,50.16779899597168
spoofing_reverse,607,0.0501551628112793,50.1551628112793
spoofing_reverse,607,0.050206899642944336,50.206899642944336
spoofing_reverse,607,0.02502608299255371,25.02608299255371
spoofing_reverse,607,0.025268077850341797,25.268077850341797
spoofing_reverse,607,0.050238847732543945,50.238847732543945
spoofing_reverse,607,0.05019211769104004,50.19211769104004
spoofing_reverse,607,0.05022382736206055,50.22382736206055
spoofing_reverse,607,0.03307604789733887,33.07604789733887
spoofing_reverse,607,0.017104148864746094,17.104148864746094
spoofing_reverse,607,0.050221920013427734,50.221920013427734
spoofing_reverse,607,0.050245046615600586,50.245046615600586
spoofing_reverse,607,0.05019998550415039,50.19998550415039
spoofing_reverse,607,0.0395050048828125,39.5050048828125
spoofing_reverse,607,0.010725975036621094,10.725975036621094
spoofing_reverse,607,0.05023598670959473,50.23598670959473
spoofing_reverse,607,0.05028104782104492,50.28104782104492
spoofing_reverse,607,0.05016684532165527,50.16684532165527
spoofing_reverse,607,0.046317100524902344,46.317100524902344
spoofing_reverse,607,0.0039560794830322266,3.9560794830322266
spoofing_reverse,607,0.05021500587463379,50.21500587463379
spoofing_reverse,607,0.05029702186584473,50.29702186584473
spoofing_reverse,607,0.05016899108886719,50.16899108886719
spoofing_reverse,607,0.05023384094238281,50.23384094238281
spoofing_reverse,607,0.003086090087890625,3.086090087890625
spoofing_reverse,607,0.04715085029602051,47.15085029602051
spoofing_reverse,607,0.050193071365356445,50.193071365356445
spoofing_reverse,607,0.05021309852600098,50.21309852600098
spoofing_reverse,607,0.05016183853149414,50.16183853149414
spoofing_reverse,607,0.01135110855102539,11.35110855102539
spoofing_reverse,607,0.03898000717163086,38.98000717163086
spoofing_reverse,607,0.050199031829833984,50.199031829833984
spoofing_reverse,607,0.050271034240722656,50.271034240722656
spoofing_reverse,607,0.05015301704406738,50.15301704406738
spoofing_reverse,607,0.018355846405029297,18.355846405029297
spoofing_reverse,607,0.03183603286743164,31.83603286743164
spoofing_reverse,607,0.05015301704406738,50.15301704406738
spoofing_reverse,607,0.05026698112487793,50.26698112487793
spoofing_reverse,607,0.05027008056640625,50.27008056640625
spoofing_reverse,607,0.02446889877319336,24.46889877319336
spoofing_reverse,607,0.02569103240966797,25.69103240966797
spoofing_reverse,607,0.05022597312927246,50.22597312927246
spoofing_reverse,607,0.05021309852600098,50.21309852600098
spoofing_reverse,607,0.05015897750854492,50.15897750854492
spoofing_reverse,607,0.03169107437133789,31.69107437133789
spoofing_reverse,607,0.018573999404907227,18.573999404907227
spoofing_reverse,607,0.050154924392700195,50.154924392700195
spoofing_reverse,607,0.0502009391784668,50.2009391784668
spoofing_reverse,607,0.050321102142333984,50.321102142333984
spoofing_reverse,607,0.038870811462402344,38.870811462402344
spoofing_reverse,607,0.01134800910949707,11.34800910949707
spoofing_reverse,607,0.05023002624511719,50.23002624511719
spoofing_reverse,607,0.05018115043640137,50.18115043640137
spoofing_reverse,607,0.05016803741455078,50.16803741455078
spoofing_reverse,607,0.04694390296936035,46.94390296936035
spoofing_reverse,607,0.0033190250396728516,3.3190250396728516
spoofing_reverse,607,0.05027484893798828,50.27484893798828
spoofing_reverse,607,0.05026507377624512,50.26507377624512
spoofing_reverse,607,0.05016613006591797,50.16613006591797
spoofing_reverse,607,0.050154924392700195,50.154924392700195
spoofing_reverse,607,0.003834962844848633,3.834962844848633
spoofing_reverse,607,0.046363115310668945,46.363115310668945
spoofing_reverse,607,0.050154924392700195,50.154924392700195
spoofing_reverse,607,0.050189971923828125,50.189971923828125
spoofing_reverse,607,0.05029606819152832,50.29606819152832
spoofing_reverse,607,0.010048866271972656,10.048866271972656
spoofing_reverse,607,0.04025602340698242,40.25602340698242
spoofing_reverse,607,0.050315141677856445,50.315141677856445
spoofing_reverse,607,0.05038785934448242,50.38785934448242
spoofing_reverse,607,0.05031299591064453,50.31299591064453
spoofing_reverse,607,0.0166780948638916,16.6780948638916
spoofing_reverse,607,0.03345298767089844,33.45298767089844
spoofing_reverse,607,0.050189971923828125,50.189971923828125
spoofing_reverse,607,0.050154924392700195,50.154924392700195
spoofing_reverse,607,0.050196170806884766,50.196170806884766
spoofing_reverse,607,0.024060964584350586,24.060964584350586
spoofing_reverse,607,0.026089906692504883,26.089906692504883
spoofing_reverse,607,0.05016493797302246,50.16493797302246
spoofing_reverse,607,0.050271034240722656,50.271034240722656
spoofing_reverse,607,0.050184011459350586,50.184011459350586
spoofing_reverse,607,0.03221917152404785,32.21917152404785
spoofing_reverse,607,0.017999887466430664,17.999887466430664
spoofing_reverse,607,0.05026888847351074,50.26888847351074
spoofing_reverse,607,0.05022001266479492,50.22001266479492
spoofing_reverse,607,0.05030107498168945,50.30107498168945
spoofing_reverse,607,0.0392301082611084,39.2301082611084
spoofing_reverse,607,0.011060953140258789,11.060953140258789
spoofing_reverse,607,0.050282955169677734,50.282955169677734
spoofing_reverse,607,0.05023789405822754,50.23789405822754
spoofing_reverse,607,0.05016207695007324,50.16207695007324
spoofing_reverse,607,0.04527091979980469,45.27091979980469
spoofing_reverse,607,0.0049211978912353516,4.921197891235352
spoofing_reverse,607,0.050154924392700195,50.154924392700195
spoofing_reverse,607,0.05020499229431152,50.20499229431152
spoofing_reverse,607,0.05020308494567871,50.20308494567871
spoofing_reverse,607,0.050148963928222656,50.148963928222656
spoofing_reverse,607,0.0023069381713867188,2.3069381713867188
spoofing_reverse,607,0.047846078872680664,47.846078872680664
spoofing_reverse,607,0.050192832946777344,50.192832946777344
spoofing_reverse,607,0.05023598670959473,50.23598670959473
spoofing_reverse,607,0.05028510093688965,50.28510093688965
spoofing_reverse,607,0.009506940841674805,9.506940841674805
spoofing_reverse,607,0.04065513610839844,40.65513610839844
spoofing_reverse,607,0.05018496513366699,50.18496513366699
spoofing_reverse,607,0.050206899642944336,50.206899642944336
spoofing_reverse,607,0.05019712448120117,50.19712448120117
spoofing_reverse,607,0.017744064331054688,17.744064331054688
spoofing_reverse,607,0.03244495391845703,32.44495391845703
spoofing_reverse,607,0.05029296875,50.29296875
spoofing_reverse,607,0.05019402503967285,50.19402503967285
spoofing_reverse,607,0.05026602745056152,50.26602745056152
spoofing_reverse,607,0.023777008056640625,23.777008056640625
spoofing_reverse,607,0.026501893997192383,26.501893997192383
spoofing_reverse,607,0.050163984298706055,50.163984298706055
spoofing_reverse,607,0.05018210411071777,50.18210411071777
spoofing_reverse,607,0.050177812576293945,50.177812576293945
spoofing_reverse,607,0.030961990356445312,30.961990356445312
spoofing_reverse,607,0.019228219985961914,19.228219985961914
spoofing_reverse,607,0.05019688606262207,50.19688606262207
spoofing_reverse,607,0.05019807815551758,50.19807815551758
spoofing_reverse,607,0.050186872482299805,50.186872482299805
spoofing_reverse,607,0.03821206092834473,38.21206092834473
spoofing_reverse,607,0.01198887825012207,11.98887825012207
spoofing_reverse,607,0.05022311210632324,50.22311210632324
spoofing_reverse,607,0.05032706260681152,50.32706260681152
spoofing_reverse,607,0.05026102066040039,50.26102066040039
spoofing_reverse,607,0.045169830322265625,45.169830322265625
spoofing_reverse,607,0.005110979080200195,5.110979080200195
spoofing_reverse,607,0.0502161979675293,50.2161979675293
spoofing_reverse,607,0.05022788047790527,50.22788047790527
spoofing_reverse,607,0.050276994705200195,50.276994705200195
spoofing_reverse,607,0.050289154052734375,50.289154052734375
spoofing_reverse,607,0.0028769969940185547,2.8769969940185547
spoofing_reverse,607,0.047406911849975586,47.406911849975586
spoofing_reverse,607,0.050206899642944336,50.206899642944336
spoofing_reverse,607,0.05027413368225098,50.27413368225098
spoofing_reverse,607,0.05028390884399414,50.28390884399414
spoofing_reverse,607,0.008903980255126953,8.903980255126953
spoofing_reverse,607,0.04131913185119629,41.31913185119629
spoofing_reverse,607,0.050206899642944336,50.206899642944336
spoofing_reverse,607,0.050260066986083984,50.260066986083984
spoofing_reverse,607,0.050279855728149414,50.279855728149414
spoofing_reverse,607,0.015848159790039062,15.848159790039062
spoofing_reverse,607,0.034323930740356445,34.323930740356445
spoofing_reverse,607,0.05015897750854492,50.15897750854492
spoofing_reverse,607,0.05015707015991211,50.15707015991211
spoofing_reverse,607,0.05015897750854492,50.15897750854492
spoofing_reverse,607,0.023214101791381836,23.214101791381836
spoofing_reverse,607,0.02699899673461914,26.99899673461914
spoofing_reverse,607,0.050218820571899414,50.218820571899414
spoofing_reverse,607,0.05022716522216797,50.22716522216797
spoofing_reverse,607,0.050184011459350586,50.184011459350586
spoofing_reverse,607,0.03036189079284668,30.36189079284668
spoofing_reverse,607,0.01991891860961914,19.91891860961914
spoofing_reverse,607,0.05018496513366699,50.18496513366699
spoofing_reverse,607,0.05022406578063965,50.22406578063965
spoofing_reverse,607,0.05017495155334473,50.17495155334473
spoofing_reverse,607,0.03849220275878906,38.49220275878906
spoofing_reverse,607,0.011681795120239258,11.681795120239258
spoofing_reverse,607,0.050176143646240234,50.176143646240234
spoofing_reverse,607,0.050245046615600586,50.245046615600586
spoofing_reverse,607,0.050215959548950195,50.215959548950195
spoofing_reverse,607,0.044677019119262695,44.677019119262695
spoofing_reverse,607,0.005496025085449219,5.496025085449219
spoofing_reverse,607,0.05016589164733887,50.16589164733887
spoofing_reverse,607,0.05017495155334473,50.17495155334473
spoofing_reverse,607,0.05022001266479492,50.22001266479492
spoofing_reverse,607,0.050167083740234375,50.167083740234375
spoofing_reverse,607,0.0017690658569335938,1.7690658569335938
spoofing_reverse,607,0.04839897155761719,48.39897155761719
spoofing_reverse,607,0.050169944763183594,50.169944763183594
spoofing_reverse,607,0.050273895263671875,50.273895263671875
spoofing_reverse,607,0.05020308494567871,50.20308494567871
spoofing_reverse,607,0.009027957916259766,9.027957916259766
spoofing_reverse,607,0.041253089904785156,41.253089904785156
spoofing_reverse,607,0.050328969955444336,50.328969955444336
spoofing_reverse,607,0.05017590522766113,50.17590522766113
spoofing_reverse,607,0.050225019454956055,50.225019454956055
spoofing_reverse,607,0.01697707176208496,16.97707176208496
spoofing_reverse,607,0.03322196006774902,33.22196006774902
spoofing_reverse,607,0.050271034240722656,50.271034240722656
spoofing_reverse,607,0.05019092559814453,50.19092559814453
spoofing_reverse,607,0.050234079360961914,50.234079360961914
spoofing_reverse,607,0.024051904678344727,24.051904678344727
spoofing_reverse,607,0.02614116668701172,26.14116668701172
spoofing_reverse,607,0.05029296875,50.29296875
spoofing_reverse,607,0.050180912017822266,50.180912017822266
spoofing_reverse,607,0.0501711368560791,50.1711368560791
spoofing_reverse,607,0.030193805694580078,30.193805694580078
spoofing_reverse,607,0.01999807357788086,19.99807357788086
spoofing_reverse,607,0.05019211769104004,50.19211769104004
spoofing_reverse,607,0.050195932388305664,50.195932388305664
spoofing_reverse,607,0.05013895034790039,50.13895034790039
spoofing_reverse,607,0.03747200965881348,37.47200965881348
spoofing_reverse,607,0.012712955474853516,12.712955474853516
spoofing_reverse,607,0.05029916763305664,50.29916763305664
spoofing_reverse,607,0.050206899642944336,50.206899642944336
spoofing_reverse,607,0.0502779483795166,50.2779483795166
spoofing_reverse,607,0.04450106620788574,44.50106620788574
spoofing_reverse,607,0.005673885345458984,5.673885345458984
spoofing_reverse,607,0.050315141677856445,50.315141677856445
spoofing_reverse,607,0.05019092559814453,50.19092559814453
spoofing_reverse,607,0.0501711368560791,50.1711368560791
spoofing_reverse,607,0.05018281936645508,50.18281936645508
spoofing_reverse,607,0.0024840831756591797,2.4840831756591797
spoofing_reverse,607,0.0476839542388916,47.6839542388916
spoofing_reverse,607,0.05016613006591797,50.16613006591797
spoofing_reverse,607,0.0502169132232666,50.2169132232666
spoofing_reverse,607,0.050247907638549805,50.247907638549805
spoofing_reverse,607,0.009728193283081055,9.728193283081055
spoofing_reverse,607,0.04056191444396973,40.56191444396973
spoofing_reverse,607,0.05019688606262207,50.19688606262207
spoofing_reverse,607,0.05020904541015625,50.20904541015625
spoofing_reverse,607,0.050154924392700195,50.154924392700195
spoofing_reverse,607,0.015835046768188477,15.835046768188477
spoofing_reverse,607,0.03436708450317383,34.36708450317383
spoofing_reverse,607,0.05019807815551758,50.19807815551758
spoofing_reverse,607,0.050154924392700195,50.154924392700195
spoofing_reverse,607,0.050158023834228516,50.158023834228516
spoofing_reverse,607,0.023118972778320312,23.118972778320312
spoofing_reverse,607,0.02708292007446289,27.08292007446289
spoofing_reverse,607,0.050167083740234375,50.167083740234375
spoofing_reverse,607,0.05028104782104492,50.28104782104492
spoofing_reverse,607,0.05027294158935547,50.27294158935547
spoofing_reverse,607,0.03018808364868164,30.18808364868164
spoofing_reverse,607,0.019979000091552734,19.979000091552734
spoofing_reverse,607,0.05016899108886719,50.16899108886719
spoofing_reverse,607,0.05020284652709961,50.20284652709961
spoofing_reverse,607,0.050282955169677734,50.282955169677734
spoofing_reverse,607,0.03836512565612793,38.36512565612793
spoofing_reverse,607,0.011794090270996094,11.794090270996094
spoofing_reverse,607,0.05021381378173828,50.21381378173828
spoofing_reverse,607,0.05029296875,50.29296875
spoofing_reverse,607,0.05028510093688965,50.28510093688965
spoofing_reverse,607,0.04443192481994629,44.43192481994629
spoofing_reverse,607,0.005832195281982422,5.832195281982422
spoofing_reverse,607,0.05017590522766113,50.17590522766113
spoofing_reverse,607,0.050167083740234375,50.167083740234375
spoofing_reverse,607,0.05017280578613281,50.17280578613281
spoofing_reverse,607,0.05015707015991211,50.15707015991211
spoofing_reverse,607,0.0014579296112060547,1.4579296112060547
spoofing_reverse,607,0.04870104789733887,48.70104789733887
spoofing_reverse,607,0.05016207695007324,50.16207695007324
spoofing_reverse,607,0.05019187927246094,50.19187927246094
spoofing_reverse,607,0.05020904541015625,50.20904541015625
spoofing_reverse,607,0.008795976638793945,8.795976638793945
spoofing_reverse,607,0.04148101806640625,41.48101806640625
spoofing_reverse,607,0.050176143646240234,50.176143646240234
spoofing_reverse,607,0.050203800201416016,50.203800201416016
spoofing_reverse,607,0.05027914047241211,50.27914047241211
spoofing_reverse,607,0.015819072723388672,15.819072723388672
spoofing_reverse,607,0.03444385528564453,34.44385528564453
spoofing_reverse,607,0.05033302307128906,50.33302307128906
spoofing_reverse,607,0.05024003982543945,50.24003982543945
spoofing_reverse,607,0.05028104782104492,50.28104782104492
spoofing_reverse,607,0.023682832717895508,23.682832717895508
spoofing_reverse,607,0.026604175567626953,26.604175567626953
spoofing_reverse,607,0.05015087127685547,50.15087127685547
spoofing_reverse,607,0.05019712448120117,50.19712448120117
spoofing_reverse,607,0.050163984298706055,50.163984298706055
spoofing_reverse,607,0.02988600730895996,29.88600730895996
spoofing_reverse,607,0.02025890350341797,20.25890350341797
spoofing_reverse,607,0.0501711368560791,50.1711368560791
spoofing_reverse,607,0.050340890884399414,50.340890884399414
spoofing_reverse,607,0.05021095275878906,50.21095275878906
spoofing_reverse,607,0.03701615333557129,37.01615333557129
spoofing_reverse,607,0.013175010681152344,13.175010681152344
spoofing_reverse,607,0.05015277862548828,50.15277862548828
spoofing_reverse,607,0.050150156021118164,50.150156021118164
spoofing_reverse,607,0.05018901824951172,50.18901824951172
spoofing_reverse,607,0.044319868087768555,44.319868087768555
spoofing_reverse,607,0.005845069885253906,5.845069885253906
spoofing_reverse,607,0.05018901824951172,50.18901824951172
spoofing_reverse,607,0.05015397071838379,50.15397071838379
spoofing_reverse,607,0.050195932388305664,50.195932388305664
spoofing_reverse,607,0.05027914047241211,50.27914047241211
spoofing_reverse,607,0.001325845718383789,1.325845718383789
spoofing_reverse,607,0.048829078674316406,48.829078674316406
spoofing_reverse,607,0.05019402503967285,50.19402503967285
spoofing_reverse,607,0.050306081771850586,50.306081771850586
spoofing_reverse,607,0.05028080940246582,50.28080940246582
spoofing_reverse,607,0.009469985961914062,9.469985961914062
spoofing_reverse,607,0.04069018363952637,40.69018363952637
spoofing_reverse,607,0.05016803741455078,50.16803741455078
spoofing_reverse,607,0.0502619743347168,50.2619743347168
spoofing_reverse,607,0.05019783973693848,50.19783973693848
spoofing_reverse,607,0.015659093856811523,15.659093856811523
spoofing_reverse,607,0.03454303741455078,34.54303741455078
spoofing_reverse,607,0.050271034240722656,50.271034240722656
spoofing_reverse,607,0.05018281936645508,50.18281936645508
spoofing_reverse,607,0.050321102142333984,50.321102142333984
spoofing_reverse,607,0.022677898406982422,22.677898406982422
spoofing_reverse,607,0.027671098709106445,27.671098709106445
spoofing_reverse,607,0.05022907257080078,50.22907257080078
spoofing_reverse,607,0.05022692680358887,50.22692680358887
spoofing_reverse,607,0.05024003982543945,50.24003982543945
spoofing_reverse,607,0.02968597412109375,29.68597412109375
spoofing_reverse,607,0.02061009407043457,20.61009407043457
spoofing_reverse,607,0.050209999084472656,50.209999084472656
spoofing_reverse,607,0.05024385452270508,50.24385452270508
spoofing_reverse,607,0.05022406578063965,50.22406578063965
spoofing_reverse,607,0.03768205642700195,37.68205642700195
spoofing_reverse,607,0.012655973434448242,12.655973434448242
spoofing_reverse,607,0.05030488967895508,50.30488967895508
spoofing_reverse,607,0.050219058990478516,50.219058990478516
spoofing_reverse,607,0.05023002624511719,50.23002624511719
spoofing_reverse,607,0.04452705383300781,44.52705383300781
spoofing_reverse,607,0.005658864974975586,5.658864974975586
spoofing_reverse,607,0.05018115043640137,50.18115043640137
spoofing_reverse,607,0.050221920013427734,50.221920013427734
spoofing_reverse,607,0.05019092559814453,50.19092559814453
spoofing_reverse,607,0.05021405220031738,50.21405220031738
spoofing_reverse,607,0.0005319118499755859,0.5319118499755859
spoofing_reverse,607,0.04964709281921387,49.64709281921387
spoofing_reverse,607,0.05019402503967285,50.19402503967285
spoofing_reverse,607,0.050225019454956055,50.225019454956055
spoofing_reverse,607,0.05026984214782715,50.26984214782715
spoofing_reverse,607,0.007709980010986328,7.709980010986328
spoofing_reverse,607,0.042533159255981445,42.533159255981445
spoofing_reverse,607,0.05019807815551758,50.19807815551758
spoofing_reverse,607,0.05023384094238281,50.23384094238281
spoofing_reverse,607,0.05022096633911133,50.22096633911133
spoofing_reverse,607,0.014784097671508789,14.784097671508789
spoofing_reverse,607,0.03544497489929199,35.44497489929199
spoofing_reverse,607,0.050225019454956055,50.225019454956055
spoofing_reverse,607,0.05023503303527832,50.23503303527832
spoofing_reverse,607,0.05019783973693848,50.19783973693848
spoofing_reverse,607,0.02285909652709961,22.85909652709961
spoofing_reverse,607,0.02732110023498535,27.32110023498535
spoofing_reverse,607,0.05024099349975586,50.24099349975586
spoofing_reverse,607,0.05019402503967285,50.19402503967285
spoofing_reverse,607,0.050189971923828125,50.189971923828125
spoofing_reverse,607,0.030067920684814453,30.067920684814453
spoofing_reverse,607,0.0201570987701416,20.1570987701416
spoofing_reverse,607,0.05024290084838867,50.24290084838867
spoofing_reverse,607,0.05030488967895508,50.30488967895508
spoofing_reverse,607,0.05018305778503418,50.18305778503418
spoofing_reverse,607,0.0361020565032959,36.1020565032959
spoofing_reverse,607,0.01411890983581543,14.11890983581543
spoofing_reverse,607,0.050260066986083984,50.260066986083984
spoofing_reverse,607,0.05032205581665039,50.32205581665039
spoofing_reverse,607,0.050193071365356445,50.193071365356445
spoofing_reverse,607,0.04308891296386719,43.08891296386719
spoofing_reverse,607,0.007130861282348633,7.130861282348633
spoofing_reverse,607,0.050385236740112305,50.385236740112305
spoofing_reverse,607,0.0502009391784668,50.2009391784668
spoofing_reverse,607,0.05020284652709961,50.20284652709961
spoofing_reverse,607,0.050074100494384766,50.074100494384766
spoofing_reverse,607,0.00011801719665527344,0.11801719665527344
spoofing_reverse,607,0.05017209053039551,50.17209053039551
spoofing_reverse,607,0.05021786689758301,50.21786689758301
spoofing_reverse,607,0.05021309852600098,50.21309852600098
spoofing_reverse,607,0.05022287368774414,50.22287368774414
spoofing_reverse,607,0.008144140243530273,8.144140243530273
spoofing_reverse,607,0.042050838470458984,42.050838470458984
spoofing_reverse,607,0.050208091735839844,50.208091735839844
spoofing_reverse,607,0.05030703544616699,50.30703544616699
spoofing_reverse,607,0.05020594596862793,50.20594596862793
spoofing_reverse,607,0.015151023864746094,15.151023864746094
spoofing_reverse,607,0.0350489616394043,35.0489616394043
spoofing_reverse,607,0.05027198791503906,50.27198791503906
spoofing_reverse,607,0.05020403861999512,50.20403861999512
spoofing_reverse,607,0.050232887268066406,50.232887268066406
spoofing_reverse,607,0.021277189254760742,21.277189254760742
spoofing_reverse,607,0.028947830200195312,28.947830200195312
spoofing_reverse,607,0.05021309852600098,50.21309852600098
spoofing_reverse,607,0.05022001266479492,50.22001266479492
spoofing_reverse,607,0.05023503303527832,50.23503303527832
spoofing_reverse,607,0.028373003005981445,28.373003005981445
spoofing_reverse,607,0.021802902221679688,21.802902221679688
spoofing_reverse,607,0.05018305778503418,50.18305778503418
spoofing_reverse,607,0.050169944763183594,50.169944763183594
spoofing_reverse,607,0.05017900466918945,50.17900466918945
spoofing_reverse,607,0.035639047622680664,35.639047622680664
spoofing_reverse,607,0.014750003814697266,14.750003814697266
spoofing_reverse,607,0.0502779483795166,50.2779483795166
spoofing_reverse,607,0.05016899108886719,50.16899108886719
spoofing_reverse,607,0.050315141677856445,50.315141677856445
spoofing_reverse,607,0.043473005294799805,43.473005294799805
spoofing_reverse,607,0.006841897964477539,6.841897964477539
spoofing_reverse,607,0.050184011459350586,50.184011459350586
spoofing_reverse,607,0.05028200149536133,50.28200149536133
spoofing_reverse,607,0.05022001266479492,50.22001266479492
spoofing_reverse,607,0.0494840145111084,49.4840145111084
spoofing_reverse,607,0.0006818771362304688,0.6818771362304688
spoofing_reverse,607,0.05018305778503418,50.18305778503418
spoofing_reverse,607,0.050208091735839844,50.208091735839844
spoofing_reverse,607,0.050186872482299805,50.186872482299805
spoofing_reverse,607,0.050241947174072266,50.241947174072266
spoofing_reverse,607,0.006520986557006836,6.520986557006836
spoofing_reverse,607,0.04364204406738281,43.64204406738281
spoofing_reverse,607,0.05015301704406738,50.15301704406738
spoofing_reverse,607,0.05018210411071777,50.18210411071777
spoofing_reverse,607,0.05019187927246094,50.19187927246094
spoofing_reverse,607,0.013792037963867188,13.792037963867188
spoofing_reverse,607,0.036499977111816406,36.499977111816406
spoofing_reverse,607,0.05022597312927246,50.22597312927246
spoofing_reverse,607,0.05028796195983887,50.28796195983887
spoofing_reverse,607,0.0502011775970459,50.2011775970459
spoofing_reverse,607,0.020838022232055664,20.838022232055664
spoofing_reverse,607,0.029440879821777344,29.440879821777344
spoofing_reverse,607,0.050126075744628906,50.126075744628906
spoofing_reverse,607,0.050163984298706055,50.163984298706055
spoofing_reverse,607,0.050299882888793945,50.299882888793945
spoofing_reverse,607,0.02896404266357422,28.96404266357422
spoofing_reverse,607,0.021311044692993164,21.311044692993164
spoofing_reverse,607,0.05019998550415039,50.19998550415039
spoofing_reverse,607,0.05015206336975098,50.15206336975098
spoofing_reverse,607,0.05014491081237793,50.14491081237793
spoofing_reverse,607,0.03513503074645996,35.13503074645996
spoofing_reverse,607,0.015062093734741211,15.062093734741211
spoofing_reverse,607,0.0502619743347168,50.2619743347168
spoofing_reverse,607,0.050215959548950195,50.215959548950195
spoofing_reverse,607,0.05022597312927246,50.22597312927246
spoofing_reverse,607,0.04223513603210449,42.23513603210449
spoofing_reverse,607,0.007970809936523438,7.9708099365234375
spoofing_reverse,607,0.05016303062438965,50.16303062438965
spoofing_reverse,607,0.050195932388305664,50.195932388305664
spoofing_reverse,607,0.05021214485168457,50.21214485168457
spoofing_reverse,607,0.04944491386413574,49.44491386413574
spoofing_reverse,607,0.0007469654083251953,0.7469654083251953
spoofing_reverse,607,0.050173044204711914,50.173044204711914
spoofing_reverse,607,0.05017209053039551,50.17209053039551
spoofing_reverse,607,0.05025601387023926,50.25601387023926
spoofing_reverse,607,0.05016589164733887,50.16589164733887
spoofing_reverse,607,0.007560014724731445,7.560014724731445
spoofing_reverse,607,0.04262995719909668,42.62995719909668
spoofing_reverse,607,0.05029916763305664,50.29916763305664
spoofing_reverse,607,0.05027198791503906,50.27198791503906
spoofing_reverse,607,0.0501708984375,50.1708984375
spoofing_reverse,607,0.014580965042114258,14.580965042114258
spoofing_reverse,607,0.03572797775268555,35.72797775268555
spoofing_reverse,607,0.05027198791503906,50.27198791503906
spoofing_reverse,607,0.05015301704406738,50.15301704406738
spoofing_reverse,607,0.05016613006591797,50.16613006591797
spoofing_reverse,607,0.020684003829956055,20.684003829956055
spoofing_reverse,607,0.029484987258911133,29.484987258911133
spoofing_reverse,607,0.05019187927246094,50.19187927246094
spoofing_reverse,607,0.0503230094909668,50.3230094909668
spoofing_reverse,607,0.05017399787902832,50.17399787902832
spoofing_reverse,607,0.02780914306640625,27.80914306640625
spoofing_reverse,607,0.022362947463989258,22.362947463989258
spoofing_reverse,607,0.050184011459350586,50.184011459350586
spoofing_reverse,607,0.05023503303527832,50.23503303527832
spoofing_reverse,607,0.05019402503967285,50.19402503967285
spoofing_reverse,607,0.035008907318115234,35.008907318115234
spoofing_reverse,607,0.015189886093139648,15.189886093139648
spoofing_reverse,607,0.050170183181762695,50.170183181762695
spoofing_reverse,607,0.05019783973693848,50.19783973693848
spoofing_reverse,607,0.05025315284729004,50.25315284729004
spoofing_reverse,607,0.04318499565124512,43.18499565124512
spoofing_reverse,607,0.007088899612426758,7.088899612426758
spoofing_reverse,607,0.05015397071838379,50.15397071838379
spoofing_reverse,607,0.05028414726257324,50.28414726257324
spoofing_reverse,607,0.050244808197021484,50.244808197021484
spoofing_reverse,607,0.050187110900878906,50.187110900878906
spoofing_reverse,607,7.200241088867188e-05,0.07200241088867188
spoofing_reverse,607,0.05011796951293945,50.11796951293945
spoofing_reverse,607,0.05018305778503418,50.18305778503418
spoofing_reverse,607,0.05021786689758301,50.21786689758301
spoofing_reverse,607,0.05024099349975586,50.24099349975586
spoofing_reverse,607,0.006285190582275391,6.285190582275391
spoofing_reverse,607,0.04394197463989258,43.94197463989258
spoofing_reverse,607,0.05022788047790527,50.22788047790527
spoofing_reverse,607,0.05020403861999512,50.20403861999512
spoofing_reverse,607,0.05020594596862793,50.20594596862793
spoofing_reverse,607,0.013374090194702148,13.374090194702148
spoofing_reverse,607,0.03684401512145996,36.84401512145996
spoofing_reverse,607,0.05018186569213867,50.18186569213867
spoofing_reverse,607,0.05019712448120117,50.19712448120117
spoofing_reverse,607,0.05029702186584473,50.29702186584473
spoofing_reverse,607,0.020448923110961914,20.448923110961914
spoofing_reverse,607,0.02976393699645996,29.76393699645996
spoofing_reverse,607,0.05015921592712402,50.15921592712402
spoofing_reverse,607,0.050209999084472656,50.209999084472656
spoofing_reverse,607,0.050328969955444336,50.328969955444336
spoofing_reverse,607,0.028533935546875,28.533935546875
spoofing_reverse,607,0.021637916564941406,21.637916564941406
spoofing_reverse,607,0.050158023834228516,50.158023834228516
spoofing_reverse,607,0.05015397071838379,50.15397071838379
spoofing_reverse,607,0.05031108856201172,50.31108856201172
spoofing_reverse,607,0.03576302528381348,35.76302528381348
spoofing_reverse,607,0.01450490951538086,14.50490951538086
spoofing_reverse,607,0.050176143646240234,50.176143646240234
spoofing_reverse,607,0.05017280578613281,50.17280578613281
spoofing_reverse,607,0.05017399787902832,50.17399787902832
spoofing_reverse,607,0.04194903373718262,41.94903373718262
spoofing_reverse,607,0.008214950561523438,8.214950561523438
spoofing_reverse,607,0.050222158432006836,50.222158432006836
spoofing_reverse,607,0.0502009391784668,50.2009391784668
spoofing_reverse,607,0.05012392997741699,50.12392997741699
spoofing_reverse,607,0.04924511909484863,49.24511909484863
spoofing_reverse,607,0.0009009838104248047,0.9009838104248047
spoofing_reverse,607,0.05029296875,50.29296875
spoofing_reverse,607,0.050189971923828125,50.189971923828125
spoofing_reverse,607,0.0503079891204834,50.3079891204834
spoofing_reverse,607,0.05027914047241211,50.27914047241211
spoofing_reverse,607,0.006066799163818359,6.066799163818359
spoofing_reverse,607,0.04415321350097656,44.15321350097656
spoofing_reverse,607,0.0501708984375,50.1708984375
spoofing_reverse,607,0.0501708984375,50.1708984375
spoofing_reverse,607,0.0501861572265625,50.1861572265625
spoofing_reverse,607,0.014277935028076172,14.277935028076172
spoofing_reverse,607,0.03591108322143555,35.91108322143555
spoofing_reverse,607,0.050180912017822266,50.180912017822266
spoofing_reverse,607,0.05017399787902832,50.17399787902832
spoofing_reverse,607,0.05018210411071777,50.18210411071777
spoofing_reverse,607,0.020556926727294922,20.556926727294922
spoofing_reverse,607,0.02970099449157715,29.70099449157715
spoofing_reverse,607,0.050189971923828125,50.189971923828125
spoofing_reverse,607,0.05019998550415039,50.19998550415039
spoofing_reverse,607,0.0502171516418457,50.2171516418457
spoofing_reverse,607,0.027673959732055664,27.673959732055664
spoofing_reverse,607,0.022500038146972656,22.500038146972656
spoofing_reverse,607,0.05030989646911621,50.30989646911621
spoofing_reverse,607,0.050306081771850586,50.306081771850586
spoofing_reverse,607,0.05028080940246582,50.28080940246582
spoofing_reverse,607,0.034629106521606445,34.629106521606445
spoofing_reverse,607,0.015552997589111328,15.552997589111328
spoofing_reverse,607,0.050189971923828125,50.189971923828125
spoofing_reverse,607,0.050280094146728516,50.280094146728516
spoofing_reverse,607,0.05028200149536133,50.28200149536133
spoofing_reverse,607,0.041671037673950195,41.671037673950195
spoofing_reverse,607,0.008496999740600586,8.496999740600586
spoofing_reverse,607,0.05169796943664551,51.69796943664551
spoofing_reverse,607,0.05027484893798828,50.27484893798828
spoofing_reverse,607,0.050161123275756836,50.161123275756836
spoofing_reverse,607,0.04836893081665039,48.36893081665039
spoofing_reverse,607,0.0017819404602050781,1.7819404602050781
spoofing_reverse,607,0.050263166427612305,50.263166427612305
spoofing_reverse,607,0.05029797554016113,50.29797554016113
spoofing_reverse,607,0.05015397071838379,50.15397071838379
spoofing_reverse,607,0.05017495155334473,50.17495155334473
spoofing_reverse,607,0.0043659210205078125,4.3659210205078125
spoofing_reverse,607,0.04580497741699219,45.80497741699219
spoofing_reverse,607,0.0501861572265625,50.1861572265625
spoofing_reverse,607,0.05017399787902832,50.17399787902832
spoofing_reverse,607,0.050206899642944336,50.206899642944336
spoofing_reverse,607,0.01158905029296875,11.58905029296875
spoofing_reverse,607,0.03857111930847168,38.57111930847168
spoofing_reverse,607,0.05015897750854492,50.15897750854492
spoofing_reverse,607,0.05016493797302246,50.16493797302246
spoofing_reverse,607,0.05021786689758301,50.21786689758301
spoofing_reverse,607,0.01890420913696289,18.90420913696289
spoofing_reverse,607,0.03128981590270996,31.28981590270996
spoofing_reverse,607,0.050184011459350586,50.184011459350586
spoofing_reverse,607,0.05015707015991211,50.15707015991211
spoofing_reverse,607,0.050163984298706055,50.163984298706055
spoofing_reverse,607,0.027211904525756836,27.211904525756836
spoofing_reverse,607,0.022942066192626953,22.942066192626953
spoofing_reverse,607,0.050163984298706055,50.163984298706055
spoofing_reverse,607,0.0501711368560791,50.1711368560791
spoofing_reverse,607,0.05015397071838379,50.15397071838379
spoofing_reverse,607,0.034555912017822266,34.555912017822266
spoofing_reverse,607,0.015655040740966797,15.655040740966797
spoofing_reverse,607,0.050158023834228516,50.158023834228516
spoofing_reverse,607,0.050154924392700195,50.154924392700195
spoofing_reverse,607,0.05017209053039551,50.17209053039551
spoofing_reverse,607,0.040814876556396484,40.814876556396484
spoofing_reverse,607,0.009334087371826172,9.334087371826172
spoofing_reverse,607,0.05018305778503418,50.18305778503418
spoofing_reverse,607,0.05020594596862793,50.20594596862793
spoofing_reverse,607,0.05015707015991211,50.15707015991211
spoofing_reverse,607,0.04810690879821777,48.10690879821777
spoofing_reverse,607,0.0021610260009765625,2.1610260009765625
spoofing_reverse,607,0.05016493797302246,50.16493797302246
spoofing_reverse,607,0.05018210411071777,50.18210411071777
spoofing_reverse,607,0.05029487609863281,50.29487609863281
spoofing_reverse,607,0.050263166427612305,50.263166427612305
spoofing_reverse,607,0.0050008296966552734,5.000829696655273
spoofing_reverse,607,0.045289039611816406,45.289039611816406
spoofing_reverse,607,0.05024313926696777,50.24313926696777
spoofing_reverse,607,0.05028486251831055,50.28486251831055
spoofing_reverse,607,0.05017995834350586,50.17995834350586
spoofing_reverse,607,0.012963056564331055,12.963056564331055
spoofing_reverse,607,0.03733396530151367,37.33396530151367
spoofing_reverse,607,0.05023002624511719,50.23002624511719
spoofing_reverse,607,0.05029296875,50.29296875
spoofing_reverse,607,0.05030512809753418,50.30512809753418
spoofing_reverse,607,0.019836902618408203,19.836902618408203
spoofing_reverse,607,0.03032708168029785,30.32708168029785
spoofing_reverse,607,0.050318002700805664,50.318002700805664
spoofing_reverse,607,0.0502779483795166,50.2779483795166
spoofing_reverse,607,0.0502009391784668,50.2009391784668
spoofing_reverse,607,0.02587294578552246,25.87294578552246
spoofing_reverse,607,0.024401187896728516,24.401187896728516
spoofing_reverse,607,0.05023503303527832,50.23503303527832
spoofing_reverse,607,0.0502779483795166,50.2779483795166
spoofing_reverse,607,0.050273895263671875,50.273895263671875
spoofing_reverse,607,0.03285813331604004,32.85813331604004
spoofing_reverse,607,0.017345905303955078,17.345905303955078
spoofing_reverse,607,0.050208091735839844,50.208091735839844
spoofing_reverse,607,0.05015897750854492,50.15897750854492
spoofing_reverse,607,0.05016899108886719,50.16899108886719
spoofing_reverse,607,0.04007601737976074,40.07601737976074
spoofing_reverse,607,0.010090827941894531,10.090827941894531
spoofing_reverse,607,0.05031108856201172,50.31108856201172
spoofing_reverse,607,0.05023312568664551,50.23312568664551
spoofing_reverse,607,0.050157785415649414,50.157785415649414
spoofing_reverse,607,0.048207998275756836,48.207998275756836
spoofing_reverse,607,0.0019431114196777344,1.9431114196777344
spoofing_reverse,607,0.050193071365356445,50.193071365356445
spoofing_reverse,607,0.05016684532165527,50.16684532165527
spoofing_reverse,607,0.050173044204711914,50.173044204711914
spoofing_reverse,607,0.05028510093688965,50.28510093688965
spoofing_reverse,607,0.005300045013427734,5.300045013427734
spoofing_reverse,607,0.04487895965576172,44.87895965576172
spoofing_reverse,607,0.05019402503967285,50.19402503967285
spoofing_reverse,607,0.0502009391784668,50.2009391784668
spoofing_reverse,607,0.05020785331726074,50.20785331726074
spoofing_reverse,607,0.011437177658081055,11.437177658081055
spoofing_reverse,607,0.03882002830505371,38.82002830505371
spoofing_reverse,607,0.05015683174133301,50.15683174133301
spoofing_reverse,607,0.050228118896484375,50.228118896484375
spoofing_reverse,607,0.050180912017822266,50.180912017822266
spoofing_reverse,607,0.018612146377563477,18.612146377563477
spoofing_reverse,607,0.03157496452331543,31.57496452331543
spoofing_reverse,607,0.050189971923828125,50.189971923828125
spoofing_reverse,607,0.05028104782104492,50.28104782104492
spoofing_reverse,607,0.050282955169677734,50.282955169677734
spoofing_reverse,607,0.025660037994384766,25.660037994384766
spoofing_reverse,607,0.024595975875854492,24.595975875854492
spoofing_reverse,607,0.050305843353271484,50.305843353271484
spoofing_reverse,607,0.0502932071685791,50.2932071685791
spoofing_reverse,607,0.050192832946777344,50.192832946777344
spoofing_reverse,607,0.03368210792541504,33.68210792541504
spoofing_reverse,607,0.01660895347595215,16.60895347595215
spoofing_reverse,607,0.05016303062438965,50.16303062438965
spoofing_reverse,607,0.05025196075439453,50.25196075439453
spoofing_reverse,607,0.05028891563415527,50.28891563415527
spoofing_reverse,607,0.03966808319091797,39.66808319091797
spoofing_reverse,607,0.010530948638916016,10.530948638916016
spoofing_reverse,607,0.05015707015991211,50.15707015991211
spoofing_reverse,607,0.05015301704406738,50.15301704406738
spoofing_reverse,607,0.0501708984375,50.1708984375
spoofing_reverse,607,0.04694414138793945,46.94414138793945
spoofing_reverse,607,0.00333404541015625,3.33404541015625
spoofing_reverse,607,0.050157785415649414,50.157785415649414
spoofing_reverse,607,0.050202131271362305,50.202131271362305
spoofing_reverse,607,0.05020904541015625,50.20904541015625
spoofing_reverse,607,0.05031394958496094,50.31394958496094
spoofing_reverse,607,0.003812074661254883,3.812074661254883
spoofing_reverse,607,0.04649782180786133,46.49782180786133
spoofing_reverse,607,0.05021214485168457,50.21214485168457
spoofing_reverse,607,0.05026102066040039,50.26102066040039
spoofing_reverse,607,0.05017399787902832,50.17399787902832
spoofing_reverse,607,0.010833978652954102,10.833978652954102
spoofing_reverse,607,0.039443016052246094,39.443016052246094
spoofing_reverse,607,0.05016684532165527,50.16684532165527
spoofing_reverse,607,0.05020713806152344,50.20713806152344
spoofing_reverse,607,0.050189971923828125,50.189971923828125
spoofing_reverse,607,0.019042015075683594,19.042015075683594
spoofing_reverse,607,0.031245946884155273,31.245946884155273
spoofing_reverse,607,0.050209999084472656,50.209999084472656
spoofing_reverse,607,0.05019211769104004,50.19211769104004
spoofing_reverse,607,0.05029582977294922,50.29582977294922
spoofing_reverse,607,0.024985074996948242,24.985074996948242
spoofing_reverse,607,0.025291919708251953,25.291919708251953
spoofing_reverse,607,0.05017805099487305,50.17805099487305
spoofing_reverse,607,0.05033707618713379,50.33707618713379
spoofing_reverse,607,0.05016493797302246,50.16493797302246
spoofing_reverse,607,0.03204607963562012,32.04607963562012
spoofing_reverse,607,0.01822185516357422,18.22185516357422
spoofing_reverse,607,0.05026698112487793,50.26698112487793
spoofing_reverse,607,0.05019998550415039,50.19998550415039
spoofing_reverse,607,0.05028104782104492,50.28104782104492
spoofing_reverse,607,0.03902316093444824,39.02316093444824
spoofing_reverse,607,0.011239767074584961,11.239767074584961
spoofing_reverse,607,0.05016517639160156,50.16517639160156
spoofing_reverse,607,0.05028700828552246,50.28700828552246
spoofing_reverse,607,0.05026602745056152,50.26602745056152
spoofing_reverse,607,0.04706883430480957,47.06883430480957
spoofing_reverse,607,0.003123044967651367,3.123044967651367
spoofing_reverse,607,0.05027914047241211,50.27914047241211
spoofing_reverse,607,0.05029177665710449,50.29177665710449
spoofing_reverse,607,0.05023813247680664,50.23813247680664
spoofing_reverse,607,0.05035400390625,50.35400390625
spoofing_reverse,607,0.0037140846252441406,3.7140846252441406
spoofing_reverse,607,0.046553850173950195,46.553850173950195
spoofing_reverse,607,0.05027604103088379,50.27604103088379
spoofing_reverse,607,0.050295114517211914,50.295114517211914
spoofing_reverse,607,0.05027484893798828,50.27484893798828
spoofing_reverse,607,0.009539127349853516,9.539127349853516
spoofing_reverse,607,0.04074382781982422,40.74382781982422
spoofing_reverse,607,0.050199031829833984,50.199031829833984
spoofing_reverse,607,0.05021309852600098,50.21309852600098
spoofing_reverse,607,0.0501708984375,50.1708984375
spoofing_reverse,607,0.016703128814697266,16.703128814697266
spoofing_reverse,607,0.033476829528808594,33.476829528808594
spoofing_reverse,607,0.05019998550415039,50.19998550415039
spoofing_reverse,607,0.05016016960144043,50.16016960144043
spoofing_reverse,607,0.05021190643310547,50.21190643310547
spoofing_reverse,607,0.023942947387695312,23.942947387695312
spoofing_reverse,607,0.026331186294555664,26.331186294555664
spoofing_reverse,607,0.05027198791503906,50.27198791503906
spoofing_reverse,607,0.05018901824951172,50.18901824951172
spoofing_reverse,607,0.05018496513366699,50.18496513366699
spoofing_reverse,607,0.03199481964111328,31.99481964111328
spoofing_reverse,607,0.01820516586303711,18.20516586303711
spoofing_reverse,607,0.050189971923828125,50.189971923828125
spoofing_reverse,607,0.050184011459350586,50.184011459350586
spoofing_reverse,607,0.05030703544616699,50.30703544616699
spoofing_reverse,607,0.03916192054748535,39.16192054748535
spoofing_reverse,607,0.011008024215698242,11.008024215698242
spoofing_reverse,607,0.05017900466918945,50.17900466918945
spoofing_reverse,607,0.05016803741455078,50.16803741455078
spoofing_reverse,607,0.05015897750854492,50.15897750854492
spoofing_reverse,607,0.04543900489807129,45.43900489807129
spoofing_reverse,607,0.004721879959106445,4.721879959106445
spoofing_reverse,607,0.050158023834228516,50.158023834228516
spoofing_reverse,607,0.05016613006591797,50.16613006591797
spoofing_reverse,607,0.050171852111816406,50.171852111816406
spoofing_reverse,607,0.05025601387023926,50.25601387023926
spoofing_reverse,607,0.0025620460510253906,2.5620460510253906
spoofing_reverse,607,0.0476229190826416,47.6229190826416
spoofing_reverse,607,0.05017399787902832,50.17399787902832
spoofing_reverse,607,0.05016613006591797,50.16613006591797
spoofing_reverse,607,0.05016684532165527,50.16684532165527
spoofing_reverse,607,0.009849071502685547,9.849071502685547
spoofing_reverse,607,0.040415048599243164,40.415048599243164
spoofing_reverse,607,0.050169944763183594,50.169944763183594
spoofing_reverse,607,0.05017900466918945,50.17900466918945
spoofing_reverse,607,0.05015301704406738,50.15301704406738
spoofing_reverse,607,0.01809406280517578,18.09406280517578
spoofing_reverse,607,0.03207802772521973,32.07802772521973
spoofing_reverse,607,0.05014300346374512,50.14300346374512
spoofing_reverse,607,0.05018901824951172,50.18901824951172
spoofing_reverse,607,0.050184011459350586,50.184011459350586
spoofing_reverse,607,0.025416851043701172,25.416851043701172
spoofing_reverse,607,0.024691104888916016,24.691104888916016
spoofing_reverse,607,0.050163984298706055,50.163984298706055
spoofing_reverse,607,0.0501708984375,50.1708984375
spoofing_reverse,607,0.05019497871398926,50.19497871398926
spoofing_reverse,607,0.031846046447753906,31.846046447753906
spoofing_reverse,607,0.018351078033447266,18.351078033447266
spoofing_reverse,607,0.05019402503967285,50.19402503967285
spoofing_reverse,607,0.050186872482299805,50.186872482299805
spoofing_reverse,607,0.05019712448120117,50.19712448120117
spoofing_reverse,607,0.03896594047546387,38.96594047546387
spoofing_reverse,607,0.011217117309570312,11.217117309570312
spoofing_reverse,607,0.05019497871398926,50.19497871398926
spoofing_reverse,607,0.050189971923828125,50.189971923828125
spoofing_reverse,607,0.05016803741455078,50.16803741455078
spoofing_reverse,607,0.04621481895446777,46.21481895446777
spoofing_reverse,607,0.003945112228393555,3.9451122283935547
spoofing_reverse,607,0.05015993118286133,50.15993118286133
spoofing_reverse,607,0.050187110900878906,50.187110900878906
spoofing_reverse,607,0.05018496513366699,50.18496513366699
spoofing_reverse,607,0.0501708984375,50.1708984375
spoofing_reverse,607,0.004395961761474609,4.395961761474609
spoofing_reverse,607,0.04581904411315918,45.81904411315918
spoofing_reverse,607,0.050230979919433594,50.230979919433594
spoofing_reverse,607,0.050193071365356445,50.193071365356445
spoofing_reverse,607,0.05016303062438965,50.16303062438965
spoofing_reverse,607,0.010550975799560547,10.550975799560547
spoofing_reverse,607,0.03960704803466797,39.60704803466797
spoofing_reverse,607,0.05017590522766113,50.17590522766113
spoofing_reverse,607,0.050173044204711914,50.173044204711914
spoofing_reverse,607,0.0501708984375,50.1708984375
spoofing_reverse,607,0.017878055572509766,17.878055572509766
spoofing_reverse,607,0.032295942306518555,32.295942306518555
spoofing_reverse,607,0.05016803741455078,50.16803741455078
spoofing_reverse,607,0.05016303062438965,50.16303062438965
spoofing_reverse,607,0.050163984298706055,50.163984298706055
spoofing_reverse,607,0.025203943252563477,25.203943252563477
spoofing_reverse,607,0.024966001510620117,24.966001510620117
spoofing_reverse,607,0.05016803741455078,50.16803741455078
spoofing_reverse,607,0.050167083740234375,50.167083740234375
spoofing_reverse,607,0.05016493797302246,50.16493797302246
spoofing_reverse,607,0.03252410888671875,32.52410888671875
spoofing_reverse,607,0.017632007598876953,17.632007598876953
spoofing_reverse,607,0.050122976303100586,50.122976303100586
spoofing_reverse,607,0.05016589164733887,50.16589164733887
spoofing_reverse,607,0.05016517639160156,50.16517639160156
spoofing_reverse,607,0.04091787338256836,40.91787338256836
spoofing_reverse,607,0.009248018264770508,9.248018264770508
spoofing_reverse,607,0.05016303062438965,50.16303062438965
spoofing_reverse,607,0.05027484893798828,50.27484893798828
spoofing_reverse,607,0.0501711368560791,50.1711368560791
spoofing_reverse,607,0.0471348762512207,47.1348762512207
spoofing_reverse,607,0.0030241012573242188,3.0241012573242188
spoofing_reverse,607,0.05015993118286133,50.15993118286133
spoofing_reverse,607,0.05017709732055664,50.17709732055664
spoofing_reverse,607,0.050171852111816406,50.171852111816406
spoofing_reverse,607,0.05018806457519531,50.18806457519531
spoofing_reverse,607,0.004348039627075195,4.348039627075195
spoofing_reverse,607,0.045825958251953125,45.825958251953125
spoofing_reverse,607,0.05018210411071777,50.18210411071777
spoofing_reverse,607,0.05018305778503418,50.18305778503418
spoofing_reverse,607,0.05018877983093262,50.18877983093262
spoofing_reverse,607,0.011562108993530273,11.562108993530273
spoofing_reverse,607,0.03861808776855469,38.61808776855469
spoofing_reverse,607,0.050163984298706055,50.163984298706055
spoofing_reverse,607,0.050189971923828125,50.189971923828125
spoofing_reverse,607,0.050314903259277344,50.314903259277344
spoofing_reverse,607,0.018743038177490234,18.743038177490234
spoofing_reverse,607,0.03142595291137695,31.425952911376953
spoofing_reverse,607,0.05016303062438965,50.16303062438965
spoofing_reverse,607,0.050132036209106445,50.132036209106445
spoofing_reverse,607,0.05017209053039551,50.17209053039551
spoofing_reverse,607,0.02708888053894043,27.08888053894043
spoofing_reverse,607,0.023077964782714844,23.077964782714844
spoofing_reverse,607,0.05016303062438965,50.16303062438965
spoofing_reverse,607,0.05017495155334473,50.17495155334473
spoofing_reverse,607,0.05018210411071777,50.18210411071777
spoofing_reverse,607,0.03340888023376465,33.40888023376465
spoofing_reverse,607,0.01672816276550293,16.72816276550293
spoofing_reverse,607,0.05015683174133301,50.15683174133301
spoofing_reverse,607,0.0501561164855957,50.1561164855957
spoofing_reverse,607,0.050158023834228516,50.158023834228516
spoofing_reverse,607,0.04077792167663574,40.77792167663574
spoofing_reverse,607,0.009428977966308594,9.428977966308594
spoofing_reverse,607,0.05019998550415039,50.19998550415039
spoofing_reverse,607,0.05019211769104004,50.19211769104004
spoofing_reverse,607,0.05017995834350586,50.17995834350586
spoofing_reverse,607,0.048048973083496094,48.048973083496094
spoofing_reverse,607,0.002135038375854492,2.135038375854492
spoofing_reverse,607,0.050180912017822266,50.180912017822266
spoofing_reverse,607,0.050167083740234375,50.167083740234375
spoofing_reverse,607,0.05018210411071777,50.18210411071777
spoofing_reverse,607,0.050299882888793945,50.299882888793945
spoofing_reverse,607,0.006011009216308594,6.011009216308594
spoofing_reverse,607,0.044187068939208984,44.187068939208984
spoofing_reverse,607,0.050180912017822266,50.180912017822266
spoofing_reverse,607,0.05014491081237793,50.14491081237793
spoofing_reverse,607,0.05019021034240723,50.19021034240723
spoofing_reverse,607,0.013324975967407227,13.324975967407227
spoofing_reverse,607,0.03682589530944824,36.82589530944824
spoofing_reverse,607,0.050276994705200195,50.276994705200195
spoofing_reverse,607,0.05016803741455078,50.16803741455078
spoofing_reverse,607,0.0501708984375,50.1708984375
spoofing_reverse,607,0.019482135772705078,19.482135772705078
spoofing_reverse,607,0.03086090087890625,30.86090087890625
spoofing_reverse,607,0.050150156021118164,50.150156021118164
spoofing_reverse,607,0.050256967544555664,50.256967544555664
spoofing_reverse,607,0.0502629280090332,50.2629280090332
spoofing_reverse,607,0.02647995948791504,26.47995948791504
spoofing_reverse,607,0.02373504638671875,23.73504638671875
spoofing_reverse,607,0.05018806457519531,50.18806457519531
spoofing_reverse,607,0.050189971923828125,50.189971923828125
spoofing_reverse,607,0.05018496513366699,50.18496513366699
spoofing_reverse,607,0.033698081970214844,33.698081970214844
spoofing_reverse,607,0.016501903533935547,16.501903533935547
spoofing_reverse,607,0.05016803741455078,50.16803741455078
spoofing_reverse,607,0.05018901824951172,50.18901824951172
spoofing_reverse,607,0.05017995834350586,50.17995834350586
spoofing_reverse,607,0.04195904731750488,41.95904731750488
spoofing_reverse,607,0.008270025253295898,8.270025253295898
spoofing_reverse,607,0.050195932388305664,50.195932388305664
spoofing_reverse,607,0.05018806457519531,50.18806457519531
spoofing_reverse,607,0.05018901824951172,50.18901824951172
spoofing_reverse,607,0.04915499687194824,49.15499687194824
spoofing_reverse,607,0.0010068416595458984,1.0068416595458984
spoofing_reverse,607,0.050163984298706055,50.163984298706055
spoofing_reverse,607,0.050161123275756836,50.161123275756836
spoofing_reverse,607,0.05017399787902832,50.17399787902832
spoofing_reverse,607,0.050180912017822266,50.180912017822266
spoofing_reverse,607,0.005360126495361328,5.360126495361328
spoofing_reverse,607,0.04482293128967285,44.82293128967285
spoofing_reverse,607,0.05015301704406738,50.15301704406738
spoofing_reverse,607,0.0501708984375,50.1708984375
spoofing_reverse,607,0.050189971923828125,50.189971923828125
spoofing_reverse,607,0.012630224227905273,12.630224227905273
spoofing_reverse,607,0.037544965744018555,37.544965744018555
spoofing_reverse,607,0.05017399787902832,50.17399787902832
spoofing_reverse,607,0.05017399787902832,50.17399787902832
spoofing_reverse,607,0.0501708984375,50.1708984375
spoofing_reverse,607,0.019968032836914062,19.968032836914062
spoofing_reverse,607,0.030193090438842773,30.193090438842773
spoofing_reverse,607,0.0501708984375,50.1708984375
spoofing_reverse,607,0.05017995834350586,50.17995834350586
spoofing_reverse,607,0.05019497871398926,50.19497871398926
spoofing_reverse,607,0.02823615074157715,28.23615074157715
spoofing_reverse,607,0.0219419002532959,21.9419002532959
spoofing_reverse,607,0.05015993118286133,50.15993118286133
spoofing_reverse,607,0.05018115043640137,50.18115043640137
spoofing_reverse,607,0.05025982856750488,50.25982856750488
spoofing_reverse,607,0.03443717956542969,34.43717956542969
spoofing_reverse,607,0.015755891799926758,15.755891799926758
spoofing_reverse,607,0.0501711368560791,50.1711368560791
spoofing_reverse,607,0.05019187927246094,50.19187927246094
spoofing_reverse,607,0.05017995834350586,50.17995834350586
spoofing_reverse,607,0.041680097579956055,41.680097579956055
spoofing_reverse,607,0.00848388671875,8.48388671875
spoofing_reverse,607,0.05018901824951172,50.18901824951172
spoofing_reverse,607,0.05019998550415039,50.19998550415039
spoofing_reverse,607,0.05018305778503418,50.18305778503418
spoofing_reverse,607,0.04894590377807617,48.94590377807617
spoofing_reverse,607,0.0012140274047851562,1.2140274047851562
spoofing_reverse,607,0.05016207695007324,50.16207695007324
spoofing_reverse,607,0.050167083740234375,50.167083740234375
spoofing_reverse,607,0.05016589164733887,50.16589164733887
spoofing_reverse,607,0.05017495155334473,50.17495155334473
spoofing_reverse,607,0.006201982498168945,6.201982498168945
spoofing_reverse,607,0.043981075286865234,43.981075286865234
spoofing_reverse,607,0.050169944763183594,50.169944763183594
spoofing_reverse,607,0.050187110900878906,50.187110900878906
spoofing_reverse,607,0.05018305778503418,50.18305778503418
spoofing_reverse,607,0.014406919479370117,14.406919479370117
spoofing_reverse,607,0.03584098815917969,35.84098815917969
spoofing_reverse,607,0.05021500587463379,50.21500587463379
spoofing_reverse,607,0.05022096633911133,50.22096633911133
spoofing_reverse,607,0.050221920013427734,50.221920013427734
spoofing_reverse,607,0.020478010177612305,20.478010177612305
spoofing_reverse,607,0.02984905242919922,29.84905242919922
spoofing_reverse,607,0.05017805099487305,50.17805099487305
spoofing_reverse,607,0.05023908615112305,50.23908615112305
spoofing_reverse,607,0.050229787826538086,50.229787826538086
spoofing_reverse,607,0.027514219284057617,27.514219284057617
spoofing_reverse,607,0.022706985473632812,22.706985473632812
spoofing_reverse,607,0.05016493797302246,50.16493797302246
spoofing_reverse,607,0.05024290084838867,50.24290084838867
spoofing_reverse,607,0.05018806457519531,50.18806457519531
spoofing_reverse,607,0.03467893600463867,34.67893600463867
spoofing_reverse,607,0.01553201675415039,15.53201675415039
spoofing_reverse,607,0.05017900466918945,50.17900466918945
spoofing_reverse,607,0.05021095275878906,50.21095275878906
spoofing_reverse,607,0.05018210411071777,50.18210411071777
spoofing_reverse,607,0.04189801216125488,41.89801216125488
spoofing_reverse,607,0.008313894271850586,8.313894271850586
spoofing_reverse,607,0.05020904541015625,50.20904541015625
spoofing_reverse,607,0.05020594596862793,50.20594596862793
spoofing_reverse,607,0.050150156021118164,50.150156021118164
spoofing_reverse,607,0.050093889236450195,50.093889236450195
spoofing_reverse,607,8.416175842285156e-05,0.08416175842285156
spoofing_reverse,607,0.050209999084472656,50.209999084472656
spoofing_reverse,607,0.050209999084472656,50.209999084472656
spoofing_reverse,607,0.050221920013427734,50.221920013427734
spoofing_reverse,607,0.050195932388305664,50.195932388305664
spoofing_reverse,607,0.006143093109130859,6.143093109130859
spoofing_reverse,607,0.04404592514038086,44.04592514038086
spoofing_reverse,607,0.050195932388305664,50.195932388305664
spoofing_reverse,607,0.05022001266479492,50.22001266479492
spoofing_reverse,607,0.0502011775970459,50.2011775970459
spoofing_reverse,607,0.013295888900756836,13.295888900756836
spoofing_reverse,607,0.03688502311706543,36.88502311706543
spoofing_reverse,607,0.05018496513366699,50.18496513366699
spoofing_reverse,607,0.05019998550415039,50.19998550415039
spoofing_reverse,607,0.050280094146728516,50.280094146728516
spoofing_reverse,607,0.0204770565032959,20.4770565032959
spoofing_reverse,607,0.029735803604125977,29.735803604125977
spoofing_reverse,607,0.05019211769104004,50.19211769104004
spoofing_reverse,607,0.0502619743347168,50.2619743347168
spoofing_reverse,60D,3.3759560585021973,3375.9560585021973
