(1779992629.860814) vcan0 710#00000000
(1779992629.860863) vcan0 712#7F000000
(1779992629.924806) vcan0 710#00000000
(1779992629.924860) vcan0 712#7F000000
(1779992629.956777) vcan0 711#00000000
(1779992629.956826) vcan0 714#00
(1779992629.956856) vcan0 604#00
(1779992629.956881) vcan0 713#00000000
(1779992629.988771) vcan0 710#00000000
(1779992629.988814) vcan0 712#7F000000
(1779992630.052791) vcan0 710#00000000
(1779992630.052838) vcan0 712#7F000000
(1779992630.100761) vcan0 606#00
(1779992630.117322) vcan0 710#00000000
(1779992630.117625) vcan0 712#7F000000
(1779992630.165292) vcan0 711#00000000
(1779992630.165528) vcan0 714#00
(1779992630.165749) vcan0 604#00
(1779992630.165894) vcan0 713#00000000
(1779992630.180836) vcan0 710#00000000
(1779992630.180889) vcan0 712#7F000000
(1779992630.244796) vcan0 710#00000000
(1779992630.244853) vcan0 712#7F000000
(1779992630.308822) vcan0 710#00000000
(1779992630.308868) vcan0 712#7F000000
(1779992630.372826) vcan0 710#00000000
(1779992630.372873) vcan0 711#00000000
(1779992630.372902) vcan0 712#7F000000
(1779992630.372926) vcan0 714#00
(1779992630.372948) vcan0 604#00
(1779992630.372968) vcan0 713#00000000
(1779992630.437443) vcan0 710#00000000
(1779992630.437741) vcan0 712#7F000000
(1779992630.500833) vcan0 710#00000000
(1779992630.500891) vcan0 712#7F000000
(1779992630.565817) vcan0 710#00000000
(1779992630.565866) vcan0 712#7F000000
(1779992630.581816) vcan0 711#00000000
(1779992630.581862) vcan0 714#00
(1779992630.581890) vcan0 604#00
(1779992630.581916) vcan0 713#00000000
(1779992630.613825) vcan0 606#00
(1779992630.629866) vcan0 710#00000000
(1779992630.629939) vcan0 712#7F000000
(1779992630.693800) vcan0 710#00000000
(1779992630.693850) vcan0 712#7F000000
(1779992630.757819) vcan0 710#00000000
(1779992630.757878) vcan0 712#7F000000
(1779992630.789825) vcan0 711#00000000
(1779992630.789869) vcan0 714#00
(1779992630.789896) vcan0 604#00
(1779992630.789919) vcan0 713#00000000
(1779992630.822343) vcan0 710#00000000
(1779992630.822610) vcan0 712#7F000000
(1779992630.884832) vcan0 710#00000000
(1779992630.884884) vcan0 712#7F000000
(1779992630.948808) vcan0 710#00000000
(1779992630.948857) vcan0 712#7F000000
(1779992630.996840) vcan0 711#00000000
(1779992630.996886) vcan0 714#00
(1779992630.996913) vcan0 604#00
(1779992630.996939) vcan0 713#00000000
(1779992631.012858) vcan0 710#00000000
(1779992631.012908) vcan0 712#7F000000
(1779992631.076827) vcan0 710#00000000
(1779992631.076875) vcan0 712#7F000000
(1779992631.124840) vcan0 606#00
(1779992631.140845) vcan0 710#00000000
(1779992631.140907) vcan0 712#7F000000
(1779992631.204848) vcan0 710#00000000
(1779992631.204897) vcan0 711#00000000
(1779992631.204929) vcan0 712#7F000000
(1779992631.204957) vcan0 714#00
(1779992631.204981) vcan0 604#00
(1779992631.205004) vcan0 713#00000000
(1779992631.268849) vcan0 710#00000000
(1779992631.268901) vcan0 712#7F000000
(1779992631.332824) vcan0 710#00000000
(1779992631.332873) vcan0 712#7F000000
(1779992631.396820) vcan0 710#00000000
(1779992631.396870) vcan0 712#7F000000
(1779992631.412824) vcan0 711#00000000
(1779992631.412866) vcan0 714#00
(1779992631.412894) vcan0 604#00
(1779992631.412919) vcan0 713#00000000
(1779992631.460831) vcan0 710#00000000
(1779992631.460882) vcan0 712#7F000000
(1779992631.524858) vcan0 710#00000000
(1779992631.524978) vcan0 712#7F000000
(1779992631.590333) vcan0 710#00000000
(1779992631.590670) vcan0 712#7F000000
(1779992631.621842) vcan0 711#00000000
(1779992631.621899) vcan0 714#00
(1779992631.621937) vcan0 604#00
(1779992631.621969) vcan0 713#00000000
(1779992631.637853) vcan0 606#00
(1779992631.653877) vcan0 710#00000000
(1779992631.653937) vcan0 712#7F000000
(1779992631.717901) vcan0 710#00000000
(1779992631.717961) vcan0 712#7F000000
(1779992631.781873) vcan0 710#00000000
(1779992631.781926) vcan0 712#7F000000
(1779992631.829856) vcan0 711#00000000
(1779992631.829909) vcan0 714#00
(1779992631.829939) vcan0 604#00
(1779992631.829965) vcan0 713#00000000
(1779992631.845896) vcan0 710#00000000
(1779992631.845948) vcan0 712#7F000000
(1779992631.908884) vcan0 710#00000000
(1779992631.908940) vcan0 712#7F000000
(1779992631.972905) vcan0 710#00000000
(1779992631.972968) vcan0 712#7F000000
(1779992632.036843) vcan0 710#00000000
(1779992632.036892) vcan0 711#00000000
(1779992632.036922) vcan0 712#7F000000
(1779992632.036954) vcan0 714#00
(1779992632.036979) vcan0 604#00
(1779992632.037002) vcan0 713#00000000
(1779992632.088207) vcan0 710#00000000
(1779992632.088259) vcan0 712#7F000000
(1779992632.148895) vcan0 710#00000000
(1779992632.148947) vcan0 712#7F000000
(1779992632.148978) vcan0 606#00
(1779992632.212900) vcan0 710#00000000
(1779992632.212958) vcan0 712#7F000000
(1779992632.244893) vcan0 711#00000000
(1779992632.244942) vcan0 714#00
(1779992632.244970) vcan0 604#00
(1779992632.244995) vcan0 713#00000000
(1779992632.276901) vcan0 710#00000000
(1779992632.276951) vcan0 712#7F000000
(1779992632.340859) vcan0 710#00000000
(1779992632.340907) vcan0 712#7F000000
(1779992632.404864) vcan0 710#00000000
(1779992632.404918) vcan0 712#7F000000
(1779992632.452922) vcan0 711#00000000
(1779992632.452988) vcan0 714#00
(1779992632.453026) vcan0 604#00
(1779992632.453058) vcan0 713#00000000
(1779992632.468884) vcan0 710#00000000
(1779992632.468930) vcan0 712#7F000000
(1779992632.532867) vcan0 710#00000000
(1779992632.532914) vcan0 712#7F000000
(1779992632.597870) vcan0 710#00000000
(1779992632.597925) vcan0 712#7F000000
(1779992632.661870) vcan0 710#00000000
(1779992632.661913) vcan0 711#00000000
(1779992632.661941) vcan0 712#7F000000
(1779992632.661965) vcan0 714#00
(1779992632.661986) vcan0 604#00
(1779992632.662006) vcan0 606#00
(1779992632.662026) vcan0 713#00000000
(1779992632.725980) vcan0 710#00000000
(1779992632.726049) vcan0 712#7F000000
(1779992632.789867) vcan0 710#00000000
(1779992632.789913) vcan0 712#7F000000
(1779992632.852910) vcan0 710#00000000
(1779992632.852971) vcan0 712#7F000000
(1779992632.868869) vcan0 711#00000000
(1779992632.868912) vcan0 714#00
(1779992632.868937) vcan0 604#00
(1779992632.868959) vcan0 713#00000000
(1779992632.916898) vcan0 710#00000000
(1779992632.916943) vcan0 712#7F000000
(1779992632.980939) vcan0 710#00000000
(1779992632.980995) vcan0 712#7F000000
(1779992633.045381) vcan0 710#00000000
(1779992633.045442) vcan0 712#7F000000
(1779992633.077437) vcan0 711#00000000
(1779992633.078148) vcan0 714#00
(1779992633.078638) vcan0 604#00
(1779992633.078922) vcan0 713#00000000
(1779992633.108903) vcan0 710#00000000
(1779992633.108952) vcan0 712#7F000000
(1779992633.173431) vcan0 710#00000000
(1779992633.173711) vcan0 712#7F000000
(1779992633.173888) vcan0 606#00
(1779992633.236977) vcan0 710#00000000
(1779992633.237066) vcan0 712#7F000000
(1779992633.284895) vcan0 711#00000000
(1779992633.284951) vcan0 714#00
(1779992633.284980) vcan0 604#00
(1779992633.285007) vcan0 713#00000000
(1779992633.300899) vcan0 710#00000000
(1779992633.300950) vcan0 712#7F000000
(1779992633.364916) vcan0 710#00000000
(1779992633.364969) vcan0 712#7F000000
(1779992633.428916) vcan0 710#00000000
(1779992633.428970) vcan0 712#7F000000
(1779992633.492953) vcan0 710#00000000
(1779992633.492999) vcan0 711#00000000
(1779992633.493029) vcan0 712#7F000000
(1779992633.493054) vcan0 714#00
(1779992633.493077) vcan0 604#00
(1779992633.493105) vcan0 713#00000000
(1779992633.558108) vcan0 710#00000000
(1779992633.558217) vcan0 712#7F000000
(1779992633.621924) vcan0 710#00000000
(1779992633.621971) vcan0 712#7F000000
(1779992633.685918) vcan0 710#00000000
(1779992633.685963) vcan0 712#7F000000
(1779992633.685991) vcan0 606#00
(1779992633.701932) vcan0 711#00000000
(1779992633.701975) vcan0 714#00
(1779992633.702000) vcan0 604#00
(1779992633.702021) vcan0 713#00000000
(1779992633.749936) vcan0 710#00000000
(1779992633.749982) vcan0 712#7F000000
(1779992633.814623) vcan0 710#00000000
(1779992633.814888) vcan0 712#7F000000
(1779992633.876931) vcan0 710#00000000
(1779992633.876991) vcan0 712#7F000000
(1779992633.909584) vcan0 711#00000000
(1779992633.909857) vcan0 714#00
(1779992633.910071) vcan0 604#00
(1779992633.910236) vcan0 713#00000000
(1779992633.941389) vcan0 710#00000000
(1779992633.941682) vcan0 712#7F000000
(1779992634.004950) vcan0 710#00000000
(1779992634.005008) vcan0 712#7F000000
(1779992634.069141) vcan0 710#00000000
(1779992634.069288) vcan0 712#7F000000
(1779992634.116984) vcan0 711#00000000
(1779992634.117039) vcan0 714#00
(1779992634.117072) vcan0 604#00
(1779992634.117100) vcan0 713#00000000
(1779992634.132961) vcan0 710#00000000
(1779992634.133013) vcan0 712#7F000000
(1779992634.196943) vcan0 710#00000000
(1779992634.196997) vcan0 712#7F000000
(1779992634.197029) vcan0 606#00
(1779992634.260944) vcan0 710#00000000
(1779992634.260996) vcan0 712#7F000000
(1779992634.324938) vcan0 710#00000000
(1779992634.324987) vcan0 711#00000000
(1779992634.325017) vcan0 712#7F000000
(1779992634.325044) vcan0 714#00
(1779992634.325068) vcan0 604#00
(1779992634.325091) vcan0 713#00000000
(1779992634.388937) vcan0 710#00000000
(1779992634.388988) vcan0 712#7F000000
(1779992634.452980) vcan0 710#00000000
(1779992634.453032) vcan0 712#7F000000
(1779992634.516941) vcan0 710#00000000
(1779992634.516987) vcan0 712#7F000000
(1779992634.532955) vcan0 711#00000000
(1779992634.533015) vcan0 714#00
(1779992634.533048) vcan0 604#00
(1779992634.533074) vcan0 713#00000000
(1779992634.582401) vcan0 710#00000000
(1779992634.582476) vcan0 712#7F000000
(1779992634.645928) vcan0 710#00000000
(1779992634.645991) vcan0 712#7F000000
(1779992634.709973) vcan0 710#00000000
(1779992634.710024) vcan0 712#7F000000
(1779992634.710053) vcan0 606#00
(1779992634.741932) vcan0 711#00000000
(1779992634.741982) vcan0 714#00
(1779992634.742012) vcan0 604#00
(1779992634.742038) vcan0 713#00000000
(1779992634.773936) vcan0 710#00000000
(1779992634.773982) vcan0 712#7F000000
(1779992634.837974) vcan0 710#00000000
(1779992634.838022) vcan0 712#7F000000
(1779992634.900951) vcan0 710#00000000
(1779992634.900999) vcan0 712#7F000000
(1779992634.949098) vcan0 711#00000000
(1779992634.949199) vcan0 714#00
(1779992634.949252) vcan0 604#00
(1779992634.949300) vcan0 713#00000000
(1779992634.964930) vcan0 710#00000000
(1779992634.964976) vcan0 712#7F000000
(1779992635.029011) vcan0 710#00000000
(1779992635.029075) vcan0 712#7F000000
(1779992635.093612) vcan0 710#00000000
(1779992635.093897) vcan0 712#7F000000
(1779992635.156984) vcan0 710#00000000
(1779992635.157032) vcan0 711#00000000
(1779992635.157064) vcan0 712#7F000000
(1779992635.157088) vcan0 714#00
(1779992635.157111) vcan0 604#00
(1779992635.157133) vcan0 713#00000000
(1779992635.220961) vcan0 710#00000000
(1779992635.221010) vcan0 712#7F000000
(1779992635.221040) vcan0 606#00
(1779992635.284964) vcan0 710#00000000
(1779992635.285015) vcan0 712#7F000000
(1779992635.348966) vcan0 710#00000000
(1779992635.349022) vcan0 712#7F000000
(1779992635.364935) vcan0 711#00000000
(1779992635.364986) vcan0 714#00
(1779992635.365015) vcan0 604#00
(1779992635.365042) vcan0 713#00000000
(1779992635.413646) vcan0 710#00000000
(1779992635.413909) vcan0 712#7F000000
(1779992635.476966) vcan0 710#00000000
(1779992635.477018) vcan0 712#7F000000
(1779992635.542587) vcan0 710#00000000
(1779992635.542897) vcan0 712#7F000000
(1779992635.573962) vcan0 711#00000000
(1779992635.574025) vcan0 714#00
(1779992635.574059) vcan0 604#00
(1779992635.574090) vcan0 713#00000000
(1779992635.606012) vcan0 710#00000000
(1779992635.606069) vcan0 712#7F000000
(1779992635.670291) vcan0 710#00000000
(1779992635.670350) vcan0 712#7F000000
(1779992635.734000) vcan0 710#00000000
(1779992635.734058) vcan0 712#7F000000
(1779992635.734091) vcan0 606#00
(1779992635.781970) vcan0 711#00000000
(1779992635.782018) vcan0 714#00
(1779992635.782047) vcan0 604#00
(1779992635.782074) vcan0 713#00000000
(1779992635.797992) vcan0 710#00000000
(1779992635.798046) vcan0 712#7F000000
(1779992635.860970) vcan0 710#00000000
(1779992635.861025) vcan0 712#7F000000
(1779992635.924997) vcan0 710#00000000
(1779992635.925052) vcan0 712#7F000000
(1779992635.989029) vcan0 710#00000000
(1779992635.989120) vcan0 711#00000000
(1779992635.989239) vcan0 712#7F000000
(1779992635.989302) vcan0 714#00
(1779992635.989333) vcan0 604#00
(1779992635.989362) vcan0 713#00000000
(1779992636.052990) vcan0 710#00000000
(1779992636.053045) vcan0 712#7F000000
(1779992636.116986) vcan0 710#00000000
(1779992636.117041) vcan0 712#7F000000
(1779992636.180996) vcan0 710#00000000
(1779992636.181045) vcan0 712#7F000000
(1779992636.197132) vcan0 711#00000000
(1779992636.197216) vcan0 714#00
(1779992636.197273) vcan0 604#00
(1779992636.197324) vcan0 713#00000000
(1779992636.245001) vcan0 710#00000000
(1779992636.245057) vcan0 712#7F000000
(1779992636.245096) vcan0 606#00
(1779992636.308968) vcan0 710#00000000
(1779992636.309016) vcan0 712#7F000000
(1779992636.373000) vcan0 710#00000000
(1779992636.373045) vcan0 712#7F000000
(1779992636.404974) vcan0 711#00000000
(1779992636.405016) vcan0 714#00
(1779992636.405042) vcan0 604#00
(1779992636.405065) vcan0 713#00000000
(1779992636.437027) vcan0 710#00000000
(1779992636.437105) vcan0 712#7F000000
(1779992636.501040) vcan0 710#00000000
(1779992636.501098) vcan0 712#7F000000
(1779992636.566108) vcan0 710#00000000
(1779992636.566175) vcan0 712#7F000000
(1779992636.614588) vcan0 711#00000000
(1779992636.614841) vcan0 714#00
(1779992636.615007) vcan0 604#00
(1779992636.615143) vcan0 713#00000000
(1779992636.629996) vcan0 710#00000000
(1779992636.630041) vcan0 712#7F000000
(1779992636.694009) vcan0 710#00000000
(1779992636.694059) vcan0 712#7F000000
(1779992636.758006) vcan0 710#00000000
(1779992636.758058) vcan0 712#7F000000
(1779992636.758091) vcan0 606#00
(1779992636.822028) vcan0 710#00000000
(1779992636.822077) vcan0 711#00000000
(1779992636.822109) vcan0 712#7F000000
(1779992636.822137) vcan0 714#00
(1779992636.822162) vcan0 604#00
(1779992636.822185) vcan0 713#00000000
(1779992636.885021) vcan0 710#00000000
(1779992636.885076) vcan0 712#7F000000
(1779992636.949018) vcan0 710#00000000
(1779992636.949071) vcan0 712#7F000000
(1779992637.013033) vcan0 710#00000000
(1779992637.013085) vcan0 712#7F000000
(1779992637.029095) vcan0 711#00000000
(1779992637.029167) vcan0 714#00
(1779992637.029220) vcan0 604#00
(1779992637.029271) vcan0 713#00000000
(1779992637.077026) vcan0 710#00000000
(1779992637.077078) vcan0 712#7F000000
(1779992637.141042) vcan0 710#00000000
(1779992637.141094) vcan0 712#7F000000
(1779992637.205047) vcan0 710#00000000
(1779992637.205095) vcan0 712#7F000000
(1779992637.237051) vcan0 711#00000000
(1779992637.237097) vcan0 714#00
(1779992637.237125) vcan0 604#00
(1779992637.237151) vcan0 713#00000000
(1779992637.268997) vcan0 710#00000000
(1779992637.269046) vcan0 712#7F000000
(1779992637.269075) vcan0 606#00
(1779992637.333073) vcan0 710#00000000
(1779992637.333144) vcan0 712#7F000000
(1779992637.397046) vcan0 710#00000000
(1779992637.397091) vcan0 712#7F000000
(1779992637.445015) vcan0 711#00000000
(1779992637.445059) vcan0 714#00
(1779992637.445085) vcan0 604#00
(1779992637.445107) vcan0 713#00000000
(1779992637.461057) vcan0 710#00000000
(1779992637.461107) vcan0 712#7F000000
(1779992637.525057) vcan0 710#00000000
(1779992637.525111) vcan0 712#7F000000
(1779992637.590011) vcan0 710#00000000
(1779992637.590064) vcan0 712#7F000000
(1779992637.654057) vcan0 710#00000000
(1779992637.654103) vcan0 711#00000000
(1779992637.654131) vcan0 712#7F000000
(1779992637.654154) vcan0 714#00
(1779992637.654175) vcan0 604#00
(1779992637.654196) vcan0 713#00000000
(1779992637.718034) vcan0 710#00000000
(1779992637.718076) vcan0 712#7F000000
(1779992637.782025) vcan0 710#00000000
(1779992637.782070) vcan0 712#7F000000
(1779992637.782096) vcan0 606#00
(1779992637.846486) vcan0 710#00000000
(1779992637.846748) vcan0 712#7F000000
(1779992637.861561) vcan0 711#00000000
(1779992637.861787) vcan0 714#00
(1779992637.861942) vcan0 604#00
(1779992637.862087) vcan0 713#00000000
(1779992637.909487) vcan0 710#00000000
(1779992637.909738) vcan0 712#7F000000
(1779992637.973054) vcan0 710#00000000
(1779992637.973101) vcan0 712#7F000000
(1779992638.037035) vcan0 710#00000000
(1779992638.037085) vcan0 712#7F000000
(1779992638.069048) vcan0 711#00000000
(1779992638.069093) vcan0 714#00
(1779992638.069121) vcan0 604#00
(1779992638.069146) vcan0 713#00000000
(1779992638.101064) vcan0 710#00000000
(1779992638.101113) vcan0 712#7F000000
(1779992638.165033) vcan0 710#00000000
(1779992638.165078) vcan0 712#7F000000
(1779992638.229052) vcan0 710#00000000
(1779992638.229101) vcan0 712#7F000000
(1779992638.277039) vcan0 711#00000000
(1779992638.277079) vcan0 714#00
(1779992638.277105) vcan0 604#00
(1779992638.277129) vcan0 713#00000000
(1779992638.293076) vcan0 710#00000000
(1779992638.293119) vcan0 712#7F000000
(1779992638.293146) vcan0 606#00
(1779992638.357046) vcan0 710#00000000
(1779992638.357110) vcan0 712#7F000000
(1779992638.421082) vcan0 710#00000000
(1779992638.421127) vcan0 712#7F000000
(1779992638.485075) vcan0 710#00000000
(1779992638.485119) vcan0 711#00000000
(1779992638.485146) vcan0 712#7F000000
(1779992638.485169) vcan0 714#00
(1779992638.485189) vcan0 604#00
(1779992638.485210) vcan0 713#00000000
(1779992638.550651) vcan0 710#00000000
(1779992638.550907) vcan0 712#7F000000
(1779992638.614090) vcan0 710#00000000
(1779992638.614155) vcan0 712#7F000000
(1779992638.678046) vcan0 710#00000000
(1779992638.678094) vcan0 712#7F000000
(1779992638.694025) vcan0 711#00000000
(1779992638.694059) vcan0 714#00
(1779992638.694082) vcan0 604#00
(1779992638.694106) vcan0 713#00000000
(1779992638.742098) vcan0 710#00000000
(1779992638.742152) vcan0 712#7F000000
(1779992638.806762) vcan0 710#00000000
(1779992638.807119) vcan0 712#7F000000
(1779992638.807318) vcan0 606#00
(1779992638.869085) vcan0 710#00000000
(1779992638.869139) vcan0 712#7F000000
(1779992638.901078) vcan0 711#00000000
(1779992638.901130) vcan0 714#00
(1779992638.901164) vcan0 604#00
(1779992638.901192) vcan0 713#00000000
(1779992638.933078) vcan0 710#00000000
(1779992638.933130) vcan0 712#7F000000
(1779992638.997125) vcan0 710#00000000
(1779992638.997178) vcan0 712#7F000000
(1779992639.061069) vcan0 710#00000000
(1779992639.061118) vcan0 712#7F000000
(1779992639.109155) vcan0 711#00000000
(1779992639.109203) vcan0 714#00
(1779992639.109231) vcan0 604#00
(1779992639.109255) vcan0 713#00000000
(1779992639.125090) vcan0 710#00000000
(1779992639.125136) vcan0 712#7F000000
(1779992639.189136) vcan0 710#00000000
(1779992639.189185) vcan0 712#7F000000
(1779992639.253124) vcan0 710#00000000
(1779992639.253173) vcan0 712#7F000000
(1779992639.317090) vcan0 710#00000000
(1779992639.317137) vcan0 711#00000000
(1779992639.317168) vcan0 712#7F000000
(1779992639.317194) vcan0 714#00
(1779992639.317217) vcan0 604#00
(1779992639.317236) vcan0 606#00
(1779992639.317256) vcan0 713#00000000
(1779992639.381089) vcan0 710#00000000
(1779992639.381146) vcan0 712#7F000000
(1779992639.445082) vcan0 710#00000000
(1779992639.445126) vcan0 712#7F000000
(1779992639.509147) vcan0 710#00000000
(1779992639.509212) vcan0 712#7F000000
(1779992639.525086) vcan0 711#00000000
(1779992639.525155) vcan0 714#00
(1779992639.525183) vcan0 604#00
(1779992639.525208) vcan0 713#00000000
(1779992639.574112) vcan0 710#00000000
(1779992639.574158) vcan0 712#7F000000
(1779992639.638100) vcan0 710#00000000
(1779992639.638148) vcan0 712#7F000000
(1779992639.702087) vcan0 710#00000000
(1779992639.702144) vcan0 712#7F000000
(1779992639.734647) vcan0 711#00000000
(1779992639.734898) vcan0 714#00
(1779992639.735068) vcan0 604#00
(1779992639.735213) vcan0 713#00000000
(1779992639.766119) vcan0 710#00000000
(1779992639.766167) vcan0 712#7F000000
(1779992639.830105) vcan0 710#00000000
(1779992639.830154) vcan0 712#7F000000
(1779992639.830185) vcan0 606#00
(1779992639.893124) vcan0 710#00000000
(1779992639.893171) vcan0 712#7F000000
(1779992639.941096) vcan0 711#00000000
(1779992639.941142) vcan0 714#00
(1779992639.941170) vcan0 604#00
(1779992639.941193) vcan0 713#00000000
(1779992639.957128) vcan0 710#00000000
(1779992639.957177) vcan0 712#7F000000
(1779992640.021098) vcan0 710#00000000
(1779992640.021141) vcan0 712#7F000000
(1779992640.085127) vcan0 710#00000000
(1779992640.085174) vcan0 712#7F000000
(1779992640.149125) vcan0 710#00000000
(1779992640.149168) vcan0 711#00000000
(1779992640.149195) vcan0 712#7F000000
(1779992640.149218) vcan0 714#00
(1779992640.149239) vcan0 604#00
(1779992640.149260) vcan0 713#00000000
(1779992640.213112) vcan0 710#00000000
(1779992640.213157) vcan0 712#7F000000
(1779992640.277729) vcan0 710#00000000
(1779992640.277990) vcan0 712#7F000000
(1779992640.341129) vcan0 710#00000000
(1779992640.341175) vcan0 712#7F000000
(1779992640.341201) vcan0 606#00
(1779992640.357121) vcan0 711#00000000
(1779992640.357170) vcan0 714#00
(1779992640.357200) vcan0 604#00
(1779992640.357223) vcan0 713#00000000
(1779992640.405116) vcan0 710#00000000
(1779992640.405161) vcan0 712#7F000000
(1779992640.469107) vcan0 710#00000000
(1779992640.469151) vcan0 712#7F000000
(1779992640.533152) vcan0 710#00000000
(1779992640.533198) vcan0 712#7F000000
(1779992640.566118) vcan0 711#00000000
(1779992640.566160) vcan0 714#00
(1779992640.566185) vcan0 604#00
(1779992640.566207) vcan0 713#00000000
(1779992640.598095) vcan0 710#00000000
(1779992640.598131) vcan0 712#7F000000
(1779992640.662134) vcan0 710#00000000
(1779992640.662181) vcan0 712#7F000000
(1779992640.726671) vcan0 710#00000000
(1779992640.726931) vcan0 712#7F000000
(1779992640.774151) vcan0 711#00000000
(1779992640.774197) vcan0 714#00
(1779992640.774224) vcan0 604#00
(1779992640.774250) vcan0 713#00000000
(1779992640.790615) vcan0 710#00000000
(1779992640.790842) vcan0 712#7F000000
(1779992640.853138) vcan0 710#00000000
(1779992640.853188) vcan0 712#7F000000
(1779992640.853218) vcan0 606#00
(1779992640.917233) vcan0 710#00000000
(1779992640.917302) vcan0 712#7F000000
(1779992640.981190) vcan0 710#00000000
(1779992640.981236) vcan0 711#00000000
(1779992640.981264) vcan0 712#7F000000
(1779992640.981288) vcan0 714#00
(1779992640.981311) vcan0 604#00
(1779992640.981332) vcan0 713#00000000
(1779992641.045174) vcan0 710#00000000
(1779992641.045245) vcan0 712#7F000000
(1779992641.109193) vcan0 710#00000000
(1779992641.109255) vcan0 712#7F000000
(1779992641.173179) vcan0 710#00000000
(1779992641.173227) vcan0 712#7F000000
(1779992641.189153) vcan0 711#00000000
(1779992641.189193) vcan0 714#00
(1779992641.189219) vcan0 604#00
(1779992641.189243) vcan0 713#00000000
(1779992641.237179) vcan0 710#00000000
(1779992641.237227) vcan0 712#7F000000
(1779992641.301151) vcan0 710#00000000
(1779992641.301194) vcan0 712#7F000000
(1779992641.365156) vcan0 710#00000000
(1779992641.365202) vcan0 712#7F000000
(1779992641.365230) vcan0 606#00
(1779992641.397150) vcan0 711#00000000
(1779992641.397190) vcan0 714#00
(1779992641.397214) vcan0 604#00
(1779992641.397237) vcan0 713#00000000
(1779992641.429124) vcan0 710#00000000
(1779992641.429168) vcan0 712#7F000000
(1779992641.493215) vcan0 710#00000000
(1779992641.493283) vcan0 712#7F000000
(1779992641.558159) vcan0 710#00000000
(1779992641.558204) vcan0 712#7F000000
(1779992641.606874) vcan0 711#00000000
(1779992641.607194) vcan0 714#00
(1779992641.607422) vcan0 604#00
(1779992641.607623) vcan0 713#00000000
(1779992641.622166) vcan0 710#00000000
(1779992641.622215) vcan0 712#7F000000
(1779992641.686208) vcan0 710#00000000
(1779992641.686254) vcan0 712#7F000000
(1779992641.750170) vcan0 710#00000000
(1779992641.750213) vcan0 712#7F000000
(1779992641.814225) vcan0 710#00000000
(1779992641.814290) vcan0 711#00000000
(1779992641.814338) vcan0 712#7F000000
(1779992641.814383) vcan0 714#00
(1779992641.814426) vcan0 604#00
(1779992641.814468) vcan0 713#00000000
(1779992641.877257) vcan0 710#00000000
(1779992641.877329) vcan0 712#7F000000
(1779992641.877380) vcan0 606#00
(1779992641.941196) vcan0 710#00000000
(1779992641.941240) vcan0 712#7F000000
(1779992642.006111) vcan0 710#00000000
(1779992642.006680) vcan0 712#7F000000
(1779992642.021199) vcan0 711#00000000
(1779992642.021246) vcan0 714#00
(1779992642.021271) vcan0 604#00
(1779992642.021294) vcan0 713#00000000
(1779992642.069209) vcan0 710#00000000
(1779992642.069263) vcan0 712#7F000000
(1779992642.133259) vcan0 710#00000000
(1779992642.133328) vcan0 712#7F000000
(1779992642.197190) vcan0 710#00000000
(1779992642.197236) vcan0 712#7F000000
(1779992642.229267) vcan0 711#00000000
(1779992642.229333) vcan0 714#00
(1779992642.229380) vcan0 604#00
(1779992642.229424) vcan0 713#00000000
(1779992642.261988) vcan0 710#00000000
(1779992642.262366) vcan0 712#7F000000
(1779992642.325259) vcan0 710#00000000
(1779992642.325389) vcan0 712#7F000000
(1779992642.389217) vcan0 710#00000000
(1779992642.389268) vcan0 712#7F000000
(1779992642.389297) vcan0 606#00
(1779992642.437312) vcan0 711#00000000
(1779992642.437384) vcan0 714#00
(1779992642.437433) vcan0 604#00
(1779992642.437478) vcan0 713#00000000
(1779992642.453207) vcan0 710#00000000
(1779992642.453259) vcan0 712#7F000000
(1779992642.517212) vcan0 710#00000000
(1779992642.517261) vcan0 712#7F000000
(1779992642.582204) vcan0 710#00000000
(1779992642.582251) vcan0 712#7F000000
(1779992642.646991) vcan0 710#00000000
(1779992642.647353) vcan0 711#00000000
(1779992642.647616) vcan0 712#7F000000
(1779992642.648336) vcan0 714#00
(1779992642.648833) vcan0 604#00
(1779992642.649128) vcan0 713#00000000
(1779992642.710868) vcan0 710#00000000
(1779992642.711125) vcan0 712#7F000000
(1779992642.774230) vcan0 710#00000000
(1779992642.774280) vcan0 712#7F000000
(1779992642.838191) vcan0 710#00000000
(1779992642.838242) vcan0 712#7F000000
(1779992642.854618) vcan0 711#00000000
(1779992642.854724) vcan0 714#00
(1779992642.854781) vcan0 604#00
(1779992642.854896) vcan0 713#00000000
(1779992642.901211) vcan0 710#00000000
(1779992642.901255) vcan0 712#7F000000
(1779992642.901284) vcan0 606#00
(1779992642.965227) vcan0 710#00000000
(1779992642.965276) vcan0 712#7F000000
(1779992643.029275) vcan0 710#00000000
(1779992643.029351) vcan0 712#7F000000
(1779992643.061858) vcan0 711#00000000
(1779992643.062117) vcan0 714#00
(1779992643.062293) vcan0 604#00
(1779992643.062441) vcan0 713#00000000
(1779992643.093241) vcan0 710#00000000
(1779992643.093287) vcan0 712#7F000000
(1779992643.157236) vcan0 710#00000000
(1779992643.157290) vcan0 712#7F000000
(1779992643.221262) vcan0 710#00000000
(1779992643.221314) vcan0 712#7F000000
(1779992643.269245) vcan0 711#00000000
(1779992643.269294) vcan0 714#00
(1779992643.269324) vcan0 604#00
(1779992643.269351) vcan0 713#00000000
(1779992643.285270) vcan0 710#00000000
(1779992643.285324) vcan0 712#7F000000
(1779992643.349221) vcan0 710#00000000
(1779992643.349272) vcan0 712#7F000000
(1779992643.413261) vcan0 710#00000000
(1779992643.413313) vcan0 712#7F000000
(1779992643.413344) vcan0 606#00
(1779992643.477298) vcan0 710#00000000
(1779992643.477365) vcan0 711#00000000
(1779992643.477417) vcan0 712#7F000000
(1779992643.477464) vcan0 714#00
(1779992643.477509) vcan0 604#00
(1779992643.477616) vcan0 713#00000000
(1779992643.542260) vcan0 710#00000000
(1779992643.542324) vcan0 712#7F000000
(1779992643.606297) vcan0 710#00000000
(1779992643.606369) vcan0 712#7F000000
(1779992643.670241) vcan0 710#00000000
(1779992643.670302) vcan0 712#7F000000
(1779992643.686240) vcan0 711#00000000
(1779992643.686290) vcan0 714#00
(1779992643.686318) vcan0 604#00
(1779992643.686342) vcan0 713#00000000
(1779992643.734252) vcan0 710#00000000
(1779992643.734301) vcan0 712#7F000000
(1779992643.798257) vcan0 710#00000000
(1779992643.798306) vcan0 712#7F000000
(1779992643.861238) vcan0 710#00000000
(1779992643.861286) vcan0 712#7F000000
(1779992643.895391) vcan0 711#00000000
(1779992643.895704) vcan0 714#00
(1779992643.895902) vcan0 604#00
(1779992643.896055) vcan0 713#00000000
(1779992643.925273) vcan0 710#00000000
(1779992643.925326) vcan0 712#7F000000
(1779992643.925357) vcan0 606#00
(1779992643.990905) vcan0 710#00000000
(1779992643.991562) vcan0 712#7F000000
(1779992644.053306) vcan0 710#00000000
(1779992644.053369) vcan0 712#7F000000
(1779992644.101288) vcan0 711#00000000
(1779992644.101344) vcan0 714#00
(1779992644.101375) vcan0 604#00
(1779992644.101401) vcan0 713#00000000
(1779992644.117276) vcan0 710#00000000
(1779992644.117327) vcan0 712#7F000000
(1779992644.181238) vcan0 710#00000000
(1779992644.181295) vcan0 712#7F000000
(1779992644.245320) vcan0 710#00000000
(1779992644.245390) vcan0 712#7F000000
(1779992644.309239) vcan0 710#00000000
(1779992644.309293) vcan0 711#00000000
(1779992644.309323) vcan0 712#7F000000
(1779992644.309348) vcan0 714#00
(1779992644.309370) vcan0 604#00
(1779992644.309390) vcan0 713#00000000
(1779992644.373262) vcan0 710#00000000
(1779992644.373308) vcan0 712#7F000000
(1779992644.437338) vcan0 710#00000000
(1779992644.437403) vcan0 712#7F000000
(1779992644.437451) vcan0 606#00
(1779992644.501335) vcan0 710#00000000
(1779992644.501427) vcan0 712#7F000000
(1779992644.517332) vcan0 711#00000000
(1779992644.517464) vcan0 714#00
(1779992644.517548) vcan0 604#00
(1779992644.517618) vcan0 713#00000000
(1779992644.567144) vcan0 710#00000000
(1779992644.567523) vcan0 712#7F000000
(1779992644.630272) vcan0 710#00000000
(1779992644.630324) vcan0 712#7F000000
(1779992644.694268) vcan0 710#00000000
(1779992644.694316) vcan0 712#7F000000
(1779992644.726288) vcan0 711#00000000
(1779992644.726398) vcan0 714#00
(1779992644.726443) vcan0 604#00
(1779992644.726473) vcan0 713#00000000
(1779992644.758266) vcan0 710#00000000
(1779992644.758310) vcan0 712#7F000000
(1779992644.822892) vcan0 710#00000000
(1779992644.822941) vcan0 712#7F000000
(1779992644.885259) vcan0 710#00000000
(1779992644.885305) vcan0 712#7F000000
(1779992644.933327) vcan0 711#00000000
(1779992644.933384) vcan0 714#00
(1779992644.933417) vcan0 604#00
(1779992644.933449) vcan0 713#00000000
(1779992644.949273) vcan0 710#00000000
(1779992644.949329) vcan0 712#7F000000
(1779992644.949357) vcan0 606#00
(1779992645.013287) vcan0 710#33000000
(1779992645.013340) vcan0 712#7F000000
(1779992645.077278) vcan0 710#99000000
(1779992645.077328) vcan0 712#7F000000
(1779992645.141344) vcan0 710#FF000000
(1779992645.141409) vcan0 711#00000000
(1779992645.141456) vcan0 712#7F000000
(1779992645.141499) vcan0 714#00
(1779992645.141548) vcan0 604#00
(1779992645.141590) vcan0 713#00000000
(1779992645.205297) vcan0 710#FF000000
(1779992645.205344) vcan0 712#7F000000
(1779992645.270014) vcan0 710#FF000000
(1779992645.270314) vcan0 712#7F000000
(1779992645.333331) vcan0 710#FF000000
(1779992645.333392) vcan0 712#7F000000
(1779992645.349286) vcan0 711#00000000
(1779992645.349324) vcan0 714#00
(1779992645.349347) vcan0 604#00
(1779992645.349368) vcan0 713#00000000
(1779992645.397312) vcan0 710#FF000000
(1779992645.397362) vcan0 712#7F000000
(1779992645.461331) vcan0 710#FF000000
(1779992645.461396) vcan0 712#7F000000
(1779992645.461443) vcan0 606#00
(1779992645.525358) vcan0 710#FF000000
(1779992645.525423) vcan0 712#7F000000
(1779992645.558335) vcan0 711#00000000
(1779992645.558379) vcan0 714#00
(1779992645.558404) vcan0 604#00
(1779992645.558426) vcan0 713#00000000
(1779992645.590331) vcan0 710#FF000000
(1779992645.590379) vcan0 712#7F000000
(1779992645.654270) vcan0 710#FF000000
(1779992645.654313) vcan0 712#7F000000
(1779992645.718291) vcan0 710#FF000000
(1779992645.718338) vcan0 712#7F000000
(1779992645.766317) vcan0 711#00000000
(1779992645.766366) vcan0 714#00
(1779992645.766391) vcan0 604#00
(1779992645.766414) vcan0 713#00000000
(1779992645.782359) vcan0 710#FF000000
(1779992645.782442) vcan0 712#7F000000
(1779992645.846282) vcan0 710#FF000000
(1779992645.846326) vcan0 712#7F000000
(1779992645.909335) vcan0 710#FF000000
(1779992645.909383) vcan0 712#7F000000
(1779992645.973362) vcan0 710#FF000000
(1779992645.973411) vcan0 711#00000000
(1779992645.973438) vcan0 712#7F000000
(1779992645.973461) vcan0 714#00
(1779992645.973481) vcan0 604#00
(1779992645.973499) vcan0 606#00
(1779992645.973519) vcan0 713#00000000
(1779992646.037373) vcan0 710#FF000000
(1779992646.037420) vcan0 712#7F000000
(1779992646.101387) vcan0 710#FF000000
(1779992646.101485) vcan0 712#7F000000
(1779992646.166258) vcan0 710#FF000000
(1779992646.166517) vcan0 712#7F000000
(1779992646.181958) vcan0 711#00000000
(1779992646.182205) vcan0 714#00
(1779992646.182361) vcan0 604#00
(1779992646.182507) vcan0 713#00000000
(1779992646.229358) vcan0 710#FF000000
(1779992646.229418) vcan0 712#7F000000
(1779992646.293311) vcan0 710#FF000000
(1779992646.293360) vcan0 712#7F000000
(1779992646.357341) vcan0 710#FF000000
(1779992646.357389) vcan0 712#7F000000
(1779992646.389389) vcan0 711#00000000
(1779992646.389459) vcan0 714#00
(1779992646.389510) vcan0 604#00
(1779992646.389614) vcan0 713#00000000
(1779992646.421328) vcan0 710#FF000000
(1779992646.421374) vcan0 712#7F000000
(1779992646.485398) vcan0 710#FF000000
(1779992646.485447) vcan0 712#7F000000
(1779992646.485477) vcan0 606#00
(1779992646.550370) vcan0 710#FF000000
(1779992646.550419) vcan0 712#7F000000
(1779992646.598307) vcan0 711#00000000
(1779992646.598354) vcan0 714#00
(1779992646.598380) vcan0 604#00
(1779992646.598403) vcan0 713#00000000
(1779992646.614451) vcan0 710#FF000000
(1779992646.614606) vcan0 712#7F000000
(1779992646.678459) vcan0 710#FF000000
(1779992646.678568) vcan0 712#7F000000
(1779992646.742352) vcan0 710#FF000000
(1779992646.742420) vcan0 712#7F000000
(1779992646.806360) vcan0 710#FF000000
(1779992646.806406) vcan0 711#00000000
(1779992646.806434) vcan0 712#7F000000
(1779992646.806459) vcan0 714#00
(1779992646.806481) vcan0 604#00
(1779992646.806502) vcan0 713#00000000
(1779992646.869338) vcan0 710#FF000000
(1779992646.869381) vcan0 712#7F000000
(1779992646.933374) vcan0 710#FF000000
(1779992646.933420) vcan0 712#7F000000
(1779992646.997450) vcan0 710#FF000000
(1779992646.997519) vcan0 712#7F000000
(1779992646.997577) vcan0 606#00
(1779992647.013404) vcan0 711#00000000
(1779992647.013447) vcan0 714#00
(1779992647.013473) vcan0 604#00
(1779992647.013496) vcan0 713#00000000
(1779992647.061404) vcan0 710#FF000000
(1779992647.061451) vcan0 712#7F000000
(1779992647.125396) vcan0 710#FF000000
(1779992647.125444) vcan0 712#7F000000
(1779992647.189441) vcan0 710#FF000000
(1779992647.189515) vcan0 712#7F000000
(1779992647.221429) vcan0 711#00000000
(1779992647.221492) vcan0 714#00
(1779992647.221542) vcan0 604#00
(1779992647.221587) vcan0 713#00000000
(1779992647.254228) vcan0 710#FF000000
(1779992647.254793) vcan0 712#7F000000
(1779992647.317418) vcan0 710#FF000000
(1779992647.317479) vcan0 712#7F000000
(1779992647.381372) vcan0 710#FF000000
(1779992647.381424) vcan0 712#7F000000
(1779992647.429409) vcan0 711#00000000
(1779992647.429603) vcan0 714#00
(1779992647.429692) vcan0 604#00
(1779992647.429724) vcan0 713#00000000
(1779992647.445384) vcan0 710#FF000000
(1779992647.445434) vcan0 712#7F000000
(1779992647.509394) vcan0 710#FF000000
(1779992647.509446) vcan0 712#7F000000
(1779992647.509475) vcan0 606#00
(1779992647.574413) vcan0 710#FF000000
(1779992647.574458) vcan0 712#7F000000
(1779992647.638408) vcan0 710#FF000000
(1779992647.638456) vcan0 711#00000000
(1779992647.638483) vcan0 712#7F000000
(1779992647.638507) vcan0 714#00
(1779992647.638527) vcan0 604#00
(1779992647.638548) vcan0 713#00000000
(1779992647.702422) vcan0 710#FF000000
(1779992647.702469) vcan0 712#7F000000
(1779992647.766531) vcan0 710#FF000000
(1779992647.766600) vcan0 712#7F000000
(1779992647.831130) vcan0 710#FF000000
(1779992647.831487) vcan0 712#7F000000
(1779992647.846390) vcan0 711#00000000
(1779992647.846444) vcan0 714#00
(1779992647.846474) vcan0 604#00
(1779992647.846500) vcan0 713#00000000
(1779992647.894160) vcan0 710#FF000000
(1779992647.894429) vcan0 712#7F000000
(1779992647.957474) vcan0 710#FF000000
(1779992647.957543) vcan0 712#7F000000
(1779992648.021438) vcan0 710#FF000000
(1779992648.021492) vcan0 712#7F000000
(1779992648.021524) vcan0 606#00
(1779992648.053392) vcan0 711#00000000
(1779992648.053439) vcan0 714#00
(1779992648.053468) vcan0 604#00
(1779992648.053494) vcan0 713#00000000
(1779992648.085571) vcan0 710#FF000000
(1779992648.085750) vcan0 712#7F000000
(1779992648.149439) vcan0 710#FF000000
(1779992648.149489) vcan0 712#7F000000
(1779992648.213420) vcan0 710#FF000000
(1779992648.213469) vcan0 712#7F000000
(1779992648.261410) vcan0 711#00000000
(1779992648.261465) vcan0 714#00
(1779992648.261494) vcan0 604#00
(1779992648.261520) vcan0 713#00000000
(1779992648.277445) vcan0 710#FF000000
(1779992648.277500) vcan0 712#7F000000
(1779992648.341455) vcan0 710#FF000000
(1779992648.341508) vcan0 712#7F000000
(1779992648.405411) vcan0 710#FF000000
(1779992648.405457) vcan0 712#7F000000
(1779992648.469458) vcan0 710#FF000000
(1779992648.469524) vcan0 711#00000000
(1779992648.469569) vcan0 712#8C000000
(1779992648.469598) vcan0 714#00
(1779992648.469624) vcan0 604#00
(1779992648.469649) vcan0 713#00000000
(1779992648.533433) vcan0 710#FF000000
(1779992648.533487) vcan0 712#7F000000
(1779992648.533519) vcan0 606#00
(1779992648.599167) vcan0 710#FF000000
(1779992648.599507) vcan0 712#7F000000
(1779992648.662441) vcan0 710#FF000000
(1779992648.662502) vcan0 712#7F000000
(1779992648.678433) vcan0 711#00000000
(1779992648.678493) vcan0 714#00
(1779992648.678535) vcan0 604#00
(1779992648.678575) vcan0 713#00000000
(1779992648.726453) vcan0 710#FF000000
(1779992648.726511) vcan0 712#7F000000
(1779992648.790485) vcan0 710#FF000000
(1779992648.790608) vcan0 712#7F000000
(1779992648.853434) vcan0 710#FF000000
(1779992648.853499) vcan0 712#7F000000
(1779992648.885471) vcan0 711#00000000
(1779992648.885555) vcan0 714#00
(1779992648.885611) vcan0 604#00
(1779992648.885662) vcan0 713#00000000
(1779992648.917469) vcan0 710#FF000000
(1779992648.917592) vcan0 712#7F000000
(1779992648.981442) vcan0 710#FF000000
(1779992648.981503) vcan0 712#7F000000
(1779992649.045445) vcan0 710#FF000000
(1779992649.045499) vcan0 712#7F000000
(1779992649.045529) vcan0 606#00
(1779992649.093464) vcan0 711#00000000
(1779992649.093506) vcan0 714#00
(1779992649.093537) vcan0 604#00
(1779992649.093562) vcan0 713#00000000
(1779992649.109435) vcan0 710#FF000000
(1779992649.109483) vcan0 712#7F000000
(1779992649.173433) vcan0 710#FF000000
(1779992649.173512) vcan0 712#7F000000
(1779992649.238003) vcan0 710#FF000000
(1779992649.238284) vcan0 712#8C000000
(1779992649.301953) vcan0 710#FF000000
(1779992649.302221) vcan0 711#00000000
(1779992649.302388) vcan0 712#7F000000
(1779992649.302534) vcan0 714#00
(1779992649.302670) vcan0 604#00
(1779992649.302794) vcan0 713#00000000
(1779992649.365473) vcan0 710#FF000000
(1779992649.365539) vcan0 712#7F000000
(1779992649.429483) vcan0 710#FF000000
(1779992649.429544) vcan0 712#7F000000
(1779992649.493476) vcan0 710#FF000000
(1779992649.493543) vcan0 712#7F000000
(1779992649.509467) vcan0 711#00000000
(1779992649.509518) vcan0 714#00
(1779992649.509554) vcan0 604#00
(1779992649.509582) vcan0 713#00000000
(1779992649.558454) vcan0 710#FF000000
(1779992649.558519) vcan0 712#7F000000
(1779992649.558557) vcan0 606#00
(1779992649.622471) vcan0 710#00000000
(1779992649.622526) vcan0 712#7F000000
(1779992649.687141) vcan0 710#00000000
(1779992649.687403) vcan0 712#7F000000
(1779992649.719189) vcan0 711#00000000
(1779992649.719528) vcan0 714#00
(1779992649.719788) vcan0 604#00
(1779992649.720022) vcan0 713#00000000
(1779992649.750546) vcan0 710#00000000
(1779992649.750623) vcan0 712#7F000000
(1779992649.814486) vcan0 710#00000000
(1779992649.814557) vcan0 712#7F000000
(1779992649.877471) vcan0 710#00000000
(1779992649.877535) vcan0 712#7F000000
(1779992649.925471) vcan0 711#00000000
(1779992649.925528) vcan0 714#00
(1779992649.925568) vcan0 604#00
(1779992649.925599) vcan0 713#00000000
(1779992649.941487) vcan0 710#00000000
(1779992649.941560) vcan0 712#7F000000
(1779992650.005501) vcan0 710#00000000
(1779992650.005650) vcan0 712#7F000000
(1779992650.069609) vcan0 710#00000000
(1779992650.069702) vcan0 712#7F000000
(1779992650.069772) vcan0 606#00
(1779992650.133528) vcan0 710#00000000
(1779992650.133596) vcan0 711#00000000
(1779992650.133636) vcan0 712#7F000000
(1779992650.133666) vcan0 714#00
(1779992650.133693) vcan0 604#00
(1779992650.133724) vcan0 713#00000000
(1779992650.197477) vcan0 710#00000000
(1779992650.197540) vcan0 712#8C000000
(1779992650.261490) vcan0 710#00000000
(1779992650.261557) vcan0 712#7F000000
(1779992650.325492) vcan0 710#00000000
(1779992650.325559) vcan0 712#7F000000
(1779992650.341496) vcan0 711#00000000
(1779992650.341608) vcan0 714#00
(1779992650.341658) vcan0 604#00
(1779992650.341703) vcan0 713#00000000
(1779992650.389547) vcan0 710#00000000
(1779992650.389605) vcan0 712#7F000000
(1779992650.453547) vcan0 710#00000000
(1779992650.453611) vcan0 712#7F000000
(1779992650.517500) vcan0 710#00000000
(1779992650.517567) vcan0 712#7F000000
(1779992650.550534) vcan0 711#00000000
(1779992650.550614) vcan0 714#00
(1779992650.550658) vcan0 604#00
(1779992650.550694) vcan0 713#00000000
(1779992650.582534) vcan0 710#00000000
(1779992650.582589) vcan0 712#7F000000
(1779992650.582624) vcan0 606#00
(1779992650.647306) vcan0 710#00000000
(1779992650.647902) vcan0 712#7F000000
(1779992650.710555) vcan0 710#00000000
(1779992650.710624) vcan0 712#7F000000
(1779992650.758607) vcan0 711#00000000
(1779992650.758913) vcan0 714#00
(1779992650.759079) vcan0 604#00
(1779992650.759234) vcan0 713#00000000
(1779992650.774515) vcan0 710#00000000
(1779992650.774574) vcan0 712#7F000000
(1779992650.838514) vcan0 710#00000000
(1779992650.838580) vcan0 712#7F000000
(1779992650.901545) vcan0 710#00000000
(1779992650.901624) vcan0 712#7F000000
(1779992650.965584) vcan0 710#00000000
(1779992650.965677) vcan0 711#00000000
(1779992650.965747) vcan0 712#7F000000
(1779992650.965808) vcan0 714#00
(1779992650.965868) vcan0 604#00
(1779992650.965926) vcan0 713#00000000
(1779992651.029579) vcan0 710#00000000
(1779992651.029669) vcan0 712#7F000000
(1779992651.093525) vcan0 710#00000000
(1779992651.093599) vcan0 712#7F000000
(1779992651.093637) vcan0 606#00
(1779992651.157557) vcan0 710#00000000
(1779992651.157638) vcan0 712#8C000000
(1779992651.173585) vcan0 711#00000000
(1779992651.173644) vcan0 714#00
(1779992651.173684) vcan0 604#00
(1779992651.173717) vcan0 713#00000000
(1779992651.221527) vcan0 710#00000000
(1779992651.221601) vcan0 712#7F000000
(1779992651.285563) vcan0 710#00000000
(1779992651.285706) vcan0 712#7F000000
(1779992651.349506) vcan0 710#00000000
(1779992651.349578) vcan0 712#7F000000
(1779992651.381500) vcan0 711#00000000
(1779992651.381559) vcan0 714#00
(1779992651.381591) vcan0 604#00
(1779992651.381617) vcan0 713#00000000
(1779992651.413630) vcan0 710#00000000
(1779992651.413706) vcan0 712#7F000000
(1779992651.477567) vcan0 710#00000000
(1779992651.477627) vcan0 712#7F000000
(1779992651.543247) vcan0 710#00000000
(1779992651.543566) vcan0 712#8C000000
(1779992651.590964) vcan0 711#00000000
(1779992651.591231) vcan0 714#00
(1779992651.591398) vcan0 604#00
(1779992651.591541) vcan0 713#00000000
(1779992651.606705) vcan0 710#00000000
(1779992651.606865) vcan0 712#7F000000
(1779992651.606931) vcan0 606#00
(1779992651.670609) vcan0 710#00000000
(1779992651.670699) vcan0 712#7F000000
(1779992651.734619) vcan0 710#00000000
(1779992651.734730) vcan0 712#7F000000
(1779992651.798577) vcan0 710#00000000
(1779992651.798709) vcan0 711#00000000
(1779992651.798782) vcan0 712#7F000000
(1779992651.798847) vcan0 714#00
(1779992651.798911) vcan0 604#00
(1779992651.798973) vcan0 713#00000000
(1779992651.861612) vcan0 710#00000000
(1779992651.861736) vcan0 712#7F000000
(1779992651.925615) vcan0 710#00000000
(1779992651.925688) vcan0 712#8C000000
(1779992651.989581) vcan0 710#00000000
(1779992651.989647) vcan0 712#8C000000
(1779992652.005552) vcan0 711#00000000
(1779992652.005609) vcan0 714#00
(1779992652.005647) vcan0 604#00
(1779992652.005680) vcan0 713#00000000
(1779992652.053550) vcan0 710#00000000
(1779992652.053618) vcan0 712#8C000000
(1779992652.117595) vcan0 710#00000000
(1779992652.117663) vcan0 712#7F000000
(1779992652.117703) vcan0 606#00
(1779992652.181600) vcan0 710#00000000
(1779992652.181665) vcan0 712#7F000000
(1779992652.213588) vcan0 711#00000000
(1779992652.213651) vcan0 714#00
(1779992652.213689) vcan0 604#00
(1779992652.213724) vcan0 713#00000000
(1779992652.245578) vcan0 710#00000000
(1779992652.245637) vcan0 712#7F000000
(1779992652.309547) vcan0 710#00000000
(1779992652.309615) vcan0 712#8C000000
(1779992652.373583) vcan0 710#00000000
(1779992652.373656) vcan0 712#8C000000
(1779992652.421979) vcan0 711#00000000
(1779992652.422230) vcan0 714#00
(1779992652.422389) vcan0 604#00
(1779992652.422532) vcan0 713#00000000
(1779992652.437610) vcan0 710#00000000
(1779992652.437683) vcan0 712#7F000000
(1779992652.502246) vcan0 710#00000000
(1779992652.502527) vcan0 712#7F000000
(1779992652.567278) vcan0 710#00000000
(1779992652.567534) vcan0 712#7F000000
(1779992652.630669) vcan0 710#00000000
(1779992652.630762) vcan0 711#00000000
(1779992652.630823) vcan0 712#7F000000
(1779992652.630884) vcan0 714#00
(1779992652.630931) vcan0 604#00
(1779992652.630983) vcan0 606#00
(1779992652.631028) vcan0 713#00000000
(1779992652.694601) vcan0 710#00000000
(1779992652.694689) vcan0 712#8C000000
(1779992652.758828) vcan0 710#00000000
(1779992652.758930) vcan0 712#8C000000
(1779992652.822655) vcan0 710#66000000
(1779992652.822755) vcan0 712#8C000000
(1779992652.838695) vcan0 711#00000000
(1779992652.838787) vcan0 714#00
(1779992652.838840) vcan0 604#00
(1779992652.838891) vcan0 713#00000000
(1779992652.885669) vcan0 710#CC000000
(1779992652.885759) vcan0 712#99000000
(1779992652.949686) vcan0 710#FF000000
(1779992652.949766) vcan0 712#99000000
(1779992653.013645) vcan0 710#FF000000
(1779992653.013727) vcan0 712#99000000
(1779992653.045698) vcan0 711#00000000
(1779992653.045771) vcan0 714#00
(1779992653.045816) vcan0 604#00
(1779992653.045854) vcan0 713#00000000
(1779992653.077602) vcan0 710#FF000000
(1779992653.077667) vcan0 712#A5000000
(1779992653.141638) vcan0 710#FF000000
(1779992653.141712) vcan0 712#A5000000
(1779992653.141756) vcan0 606#00
(1779992653.205653) vcan0 710#FF000000
(1779992653.205733) vcan0 712#A5000000
(1779992653.253611) vcan0 711#00000000
(1779992653.253680) vcan0 714#00
(1779992653.253720) vcan0 604#00
(1779992653.253756) vcan0 713#00000000
(1779992653.269649) vcan0 710#FF000000
(1779992653.269707) vcan0 712#7F000000
(1779992653.333646) vcan0 710#00000000
(1779992653.333715) vcan0 712#7F000000
(1779992653.397694) vcan0 710#00000000
(1779992653.397791) vcan0 712#7F000000
(1779992653.461660) vcan0 710#19000000
(1779992653.461723) vcan0 711#00000000
(1779992653.461761) vcan0 712#7F000000
(1779992653.461796) vcan0 714#00
(1779992653.461826) vcan0 604#00
(1779992653.461856) vcan0 713#00000000
(1779992653.525601) vcan0 710#7F000000
(1779992653.525664) vcan0 712#7F000000
(1779992653.590619) vcan0 710#E5000000
(1779992653.590692) vcan0 712#7F000000
(1779992653.655130) vcan0 710#FF000000
(1779992653.655378) vcan0 712#7F000000
(1779992653.655557) vcan0 606#00
(1779992653.670635) vcan0 711#00000000
(1779992653.670704) vcan0 714#00
(1779992653.670750) vcan0 604#00
(1779992653.670790) vcan0 713#00000000
(1779992653.719280) vcan0 710#FF000000
(1779992653.719749) vcan0 712#7F000000
(1779992653.782731) vcan0 710#FF000000
(1779992653.782841) vcan0 712#7F000000
(1779992653.846717) vcan0 710#FF000000
(1779992653.846830) vcan0 712#7F000000
(1779992653.877712) vcan0 711#00000000
(1779992653.877900) vcan0 714#00
(1779992653.878011) vcan0 604#00
(1779992653.878114) vcan0 713#00000000
(1779992653.909707) vcan0 710#FF000000
(1779992653.909804) vcan0 712#8C000000
(1779992653.973692) vcan0 710#FF000000
(1779992653.973767) vcan0 712#8C000000
(1779992654.037639) vcan0 710#FF000000
(1779992654.037716) vcan0 712#8C000000
(1779992654.085695) vcan0 711#00000000
(1779992654.085833) vcan0 714#00
(1779992654.085891) vcan0 604#00
(1779992654.085938) vcan0 713#00000000
(1779992654.101630) vcan0 710#FF000000
(1779992654.101694) vcan0 712#99000000
(1779992654.165761) vcan0 710#FF000000
(1779992654.165830) vcan0 712#99000000
(1779992654.165874) vcan0 606#00
(1779992654.229654) vcan0 710#FF000000
(1779992654.229720) vcan0 712#99000000
(1779992654.293682) vcan0 710#FF000000
(1779992654.293751) vcan0 711#00000000
(1779992654.293795) vcan0 712#99000000
(1779992654.293831) vcan0 714#00
(1779992654.293864) vcan0 604#00
(1779992654.293896) vcan0 713#00000000
(1779992654.357684) vcan0 710#00000000
(1779992654.357749) vcan0 712#7F000000
(1779992654.421715) vcan0 710#00000000
(1779992654.421835) vcan0 712#7F000000
(1779992654.485695) vcan0 710#00000000
(1779992654.485765) vcan0 712#7F000000
(1779992654.501626) vcan0 711#00000000
(1779992654.501689) vcan0 714#00
(1779992654.501730) vcan0 604#00
(1779992654.501769) vcan0 713#00000000
(1779992654.550647) vcan0 710#00000000
(1779992654.550721) vcan0 712#72000000
(1779992654.614665) vcan0 710#00000000
(1779992654.614729) vcan0 712#72000000
(1779992654.678665) vcan0 710#00000000
(1779992654.678733) vcan0 712#72000000
(1779992654.678772) vcan0 606#00
(1779992654.710647) vcan0 711#00000000
(1779992654.710707) vcan0 714#00
(1779992654.710743) vcan0 604#00
(1779992654.710775) vcan0 713#00000000
(1779992654.742663) vcan0 710#00000000
(1779992654.742730) vcan0 712#65000000
(1779992654.806640) vcan0 710#00000000
(1779992654.806702) vcan0 712#7F000000
(1779992654.869658) vcan0 710#00000000
(1779992654.869720) vcan0 712#7F000000
(1779992654.917640) vcan0 711#00000000
(1779992654.917698) vcan0 714#00
(1779992654.917735) vcan0 604#00
(1779992654.917766) vcan0 713#00000000
(1779992654.933627) vcan0 710#4C000000
(1779992654.933676) vcan0 712#8C000000
(1779992654.997692) vcan0 710#B2000000
(1779992654.997756) vcan0 712#8C000000
(1779992655.061816) vcan0 710#FF000000
(1779992655.061932) vcan0 712#8C000000
(1779992655.125682) vcan0 710#FF000000
(1779992655.125789) vcan0 711#00000000
(1779992655.125862) vcan0 712#99000000
(1779992655.126036) vcan0 714#00
(1779992655.126082) vcan0 604#00
(1779992655.126119) vcan0 713#00000000
(1779992655.189710) vcan0 710#FF000000
(1779992655.189787) vcan0 712#99000000
(1779992655.189828) vcan0 606#00
(1779992655.253671) vcan0 710#FF000000
(1779992655.253736) vcan0 712#99000000
(1779992655.318094) vcan0 710#FF000000
(1779992655.318360) vcan0 712#A5000000
(1779992655.334601) vcan0 711#00000000
(1779992655.334852) vcan0 714#00
(1779992655.335018) vcan0 604#00
(1779992655.335163) vcan0 713#00000000
(1779992655.382300) vcan0 710#FF000000
(1779992655.382557) vcan0 712#7F000000
(1779992655.445756) vcan0 710#FF000000
(1779992655.445841) vcan0 712#7F000000
(1779992655.509773) vcan0 710#FF000000
(1779992655.509856) vcan0 712#7F000000
(1779992655.542690) vcan0 711#00000000
(1779992655.542753) vcan0 714#00
(1779992655.542796) vcan0 604#00
(1779992655.542834) vcan0 713#00000000
(1779992655.574722) vcan0 710#FF000000
(1779992655.574792) vcan0 712#7F000000
(1779992655.638715) vcan0 710#FF000000
(1779992655.638785) vcan0 712#7F000000
(1779992655.702713) vcan0 710#FF000000
(1779992655.702780) vcan0 712#7F000000
(1779992655.702821) vcan0 606#00
(1779992655.750710) vcan0 711#00000000
(1779992655.750773) vcan0 714#00
(1779992655.750809) vcan0 604#00
(1779992655.750844) vcan0 713#00000000
(1779992655.766757) vcan0 710#00000000
(1779992655.766904) vcan0 712#7F000000
(1779992655.830719) vcan0 710#00000000
(1779992655.830786) vcan0 712#7F000000
(1779992655.893801) vcan0 710#00000000
(1779992655.893898) vcan0 712#7F000000
(1779992655.957789) vcan0 710#00000000
(1779992655.957878) vcan0 711#00000000
(1779992655.957944) vcan0 712#7F000000
(1779992655.958002) vcan0 714#00
(1779992655.958060) vcan0 604#00
(1779992655.958116) vcan0 713#00000000
(1779992656.021730) vcan0 710#19000000
(1779992656.021790) vcan0 712#7F000000
(1779992656.085691) vcan0 710#7F000000
(1779992656.085747) vcan0 712#7F000000
(1779992656.149699) vcan0 710#E5000000
(1779992656.149758) vcan0 712#8C000000
(1779992656.165695) vcan0 711#00000000
(1779992656.165745) vcan0 714#00
(1779992656.165778) vcan0 604#00
(1779992656.165808) vcan0 713#00000000
(1779992656.213697) vcan0 710#FF000000
(1779992656.213752) vcan0 712#8C000000
(1779992656.213790) vcan0 606#00
(1779992656.277685) vcan0 710#FF000000
(1779992656.277747) vcan0 712#8C000000
(1779992656.341678) vcan0 710#FF000000
(1779992656.341728) vcan0 712#99000000
(1779992656.373688) vcan0 711#00000000
(1779992656.373739) vcan0 714#00
(1779992656.373770) vcan0 604#00
(1779992656.373797) vcan0 713#00000000
(1779992656.405697) vcan0 710#FF000000
(1779992656.405751) vcan0 712#99000000
(1779992656.469694) vcan0 710#FF000000
(1779992656.469748) vcan0 712#99000000
(1779992656.533773) vcan0 710#FF000000
(1779992656.533838) vcan0 712#A5000000
(1779992656.582699) vcan0 711#00000000
(1779992656.582751) vcan0 714#00
(1779992656.582783) vcan0 604#00
(1779992656.582811) vcan0 713#00000000
(1779992656.598675) vcan0 710#FF000000
(1779992656.598721) vcan0 712#7F000000
(1779992656.662702) vcan0 710#FF000000
(1779992656.662755) vcan0 712#7F000000
(1779992656.726711) vcan0 710#FF000000
(1779992656.726768) vcan0 712#7F000000
(1779992656.726800) vcan0 606#00
(1779992656.790703) vcan0 710#FF000000
(1779992656.790754) vcan0 711#00000000
(1779992656.790785) vcan0 712#7F000000
(1779992656.790812) vcan0 714#00
(1779992656.790838) vcan0 604#00
(1779992656.790863) vcan0 713#00000000
(1779992656.853777) vcan0 710#FF000000
(1779992656.853855) vcan0 712#7F000000
(1779992656.918470) vcan0 710#FF000000
(1779992656.918799) vcan0 712#7F000000
(1779992656.981758) vcan0 710#FF000000
(1779992656.981881) vcan0 712#7F000000
(1779992656.998318) vcan0 711#00000000
(1779992656.998628) vcan0 714#00
(1779992656.998891) vcan0 604#00
(1779992656.999134) vcan0 713#00000000
(1779992657.045736) vcan0 710#FF000000
(1779992657.045799) vcan0 712#7F000000
(1779992657.109809) vcan0 710#FF000000
(1779992657.109905) vcan0 712#7F000000
(1779992657.173851) vcan0 710#FF000000
(1779992657.173956) vcan0 712#7F000000
(1779992657.205749) vcan0 711#00000000
(1779992657.205809) vcan0 714#00
(1779992657.205844) vcan0 604#00
(1779992657.205877) vcan0 713#00000000
(1779992657.238417) vcan0 710#FF000000
(1779992657.238935) vcan0 712#7F000000
(1779992657.239224) vcan0 606#00
(1779992657.302482) vcan0 710#FF000000
(1779992657.302903) vcan0 712#7F000000
(1779992657.365773) vcan0 710#FF000000
(1779992657.365963) vcan0 712#7F000000
(1779992657.414728) vcan0 711#00000000
(1779992657.415091) vcan0 714#00
(1779992657.415388) vcan0 604#00
(1779992657.415483) vcan0 713#00000000
(1779992657.429776) vcan0 710#FF000000
(1779992657.429859) vcan0 712#7F000000
(1779992657.493803) vcan0 710#FF000000
(1779992657.493891) vcan0 712#7F000000
(1779992657.558795) vcan0 710#FF000000
(1779992657.558882) vcan0 712#7F000000
(1779992657.623350) vcan0 710#FF000000
(1779992657.623650) vcan0 711#00000000
(1779992657.623909) vcan0 712#7F000000
(1779992657.624156) vcan0 714#00
(1779992657.624398) vcan0 604#00
(1779992657.624637) vcan0 713#00000000
(1779992657.686770) vcan0 710#FF000000
(1779992657.686843) vcan0 712#7F000000
(1779992657.750806) vcan0 710#FF000000
(1779992657.750910) vcan0 712#7F000000
(1779992657.750987) vcan0 606#00
(1779992657.814871) vcan0 710#FF000000
(1779992657.814954) vcan0 712#7F000000
(1779992657.830821) vcan0 711#00000000
(1779992657.830918) vcan0 714#00
(1779992657.830990) vcan0 604#00
(1779992657.831063) vcan0 713#00000000
(1779992657.877867) vcan0 710#FF000000
(1779992657.877974) vcan0 712#7F000000
(1779992657.941860) vcan0 710#FF000000
(1779992657.941957) vcan0 712#72000000
(1779992658.006422) vcan0 710#FF000000
(1779992658.006719) vcan0 712#7F000000
(1779992658.037831) vcan0 711#00000000
(1779992658.038009) vcan0 714#00
(1779992658.038075) vcan0 604#00
(1779992658.038162) vcan0 713#00000000
(1779992658.069881) vcan0 710#FF000000
(1779992658.069972) vcan0 712#7F000000
(1779992658.134229) vcan0 710#FF000000
(1779992658.134470) vcan0 712#7F000000
(1779992658.197863) vcan0 710#FF000000
(1779992658.197965) vcan0 712#7F000000
(1779992658.245908) vcan0 711#00000000
(1779992658.246036) vcan0 714#00
(1779992658.246101) vcan0 604#00
(1779992658.246159) vcan0 713#00000000
(1779992658.261831) vcan0 710#FF000000
(1779992658.261995) vcan0 712#7F000000
(1779992658.262085) vcan0 606#00
(1779992658.325949) vcan0 710#FF000000
(1779992658.326089) vcan0 712#7F000000
(1779992658.389996) vcan0 710#FF000000
(1779992658.390261) vcan0 712#7F000000
(1779992658.453925) vcan0 710#FF000000
(1779992658.454032) vcan0 711#00000000
(1779992658.454114) vcan0 712#8C000000
(1779992658.454190) vcan0 714#00
(1779992658.454263) vcan0 604#00
(1779992658.454334) vcan0 713#00000000
(1779992658.517877) vcan0 710#FF000000
(1779992658.517976) vcan0 712#8C000000
(1779992658.582870) vcan0 710#00000000
(1779992658.582963) vcan0 712#8C000000
(1779992658.646909) vcan0 710#00000000
(1779992658.647000) vcan0 712#7F000000
(1779992658.662870) vcan0 711#00000000
(1779992658.662966) vcan0 714#00
(1779992658.663038) vcan0 604#00
(1779992658.663108) vcan0 713#00000000
(1779992658.710884) vcan0 710#00000000
(1779992658.710983) vcan0 712#7F000000
(1779992658.774882) vcan0 710#00000000
(1779992658.774988) vcan0 712#7F000000
(1779992658.775067) vcan0 606#00
(1779992658.838827) vcan0 710#00000000
(1779992658.838904) vcan0 712#7F000000
(1779992658.869823) vcan0 711#00000000
(1779992658.869896) vcan0 714#00
(1779992658.869934) vcan0 604#00
(1779992658.869968) vcan0 713#00000000
(1779992658.901822) vcan0 710#00000000
(1779992658.901895) vcan0 712#7F000000
(1779992658.965876) vcan0 710#00000000
(1779992658.966102) vcan0 712#7F000000
(1779992659.029823) vcan0 710#00000000
(1779992659.029894) vcan0 712#7F000000
(1779992659.077868) vcan0 711#00000000
(1779992659.077951) vcan0 714#00
(1779992659.078001) vcan0 604#00
(1779992659.078047) vcan0 713#00000000
(1779992659.093825) vcan0 710#00000000
(1779992659.093942) vcan0 712#7F000000
(1779992659.157845) vcan0 710#00000000
(1779992659.157926) vcan0 712#7F000000
(1779992659.221812) vcan0 710#4C000000
(1779992659.221895) vcan0 712#7F000000
(1779992659.285857) vcan0 710#B2000000
(1779992659.285925) vcan0 711#00000000
(1779992659.285970) vcan0 712#7F000000
(1779992659.286009) vcan0 714#00
(1779992659.286046) vcan0 604#00
(1779992659.286079) vcan0 606#00
(1779992659.286113) vcan0 713#00000000
(1779992659.349818) vcan0 710#FF000000
(1779992659.349884) vcan0 712#7F000000
(1779992659.413881) vcan0 710#FF000000
(1779992659.414026) vcan0 712#7F000000
(1779992659.477847) vcan0 710#FF000000
(1779992659.477909) vcan0 712#7F000000
(1779992659.493797) vcan0 711#00000000
(1779992659.493850) vcan0 714#00
(1779992659.493882) vcan0 604#00
(1779992659.493911) vcan0 713#00000000
(1779992659.542780) vcan0 710#FF000000
(1779992659.542842) vcan0 712#7F000000
(1779992659.606774) vcan0 710#FF000000
(1779992659.606852) vcan0 712#7F000000
(1779992659.670880) vcan0 710#FF000000
(1779992659.670947) vcan0 712#7F000000
(1779992659.702792) vcan0 711#00000000
(1779992659.702844) vcan0 714#00
(1779992659.702877) vcan0 604#00
(1779992659.702908) vcan0 713#00000000
(1779992659.734771) vcan0 710#FF000000
(1779992659.734826) vcan0 712#7F000000
(1779992659.798853) vcan0 710#FF000000
(1779992659.798905) vcan0 712#72000000
(1779992659.798939) vcan0 606#00
(1779992659.861790) vcan0 710#FF000000
(1779992659.861845) vcan0 712#72000000
(1779992659.909816) vcan0 711#00000000
(1779992659.909868) vcan0 714#00
(1779992659.909900) vcan0 604#00
(1779992659.909929) vcan0 713#00000000
(1779992659.925796) vcan0 710#FF000000
(1779992659.925852) vcan0 712#7F000000
(1779992659.989924) vcan0 710#FF000000
(1779992659.990037) vcan0 712#7F000000
(1779992660.053814) vcan0 710#FF000000
(1779992660.053877) vcan0 712#7F000000
(1779992660.117818) vcan0 710#FF000000
(1779992660.117876) vcan0 711#00000000
(1779992660.117905) vcan0 712#7F000000
(1779992660.117930) vcan0 714#00
(1779992660.117953) vcan0 604#00
(1779992660.117975) vcan0 713#00000000
(1779992660.181790) vcan0 710#FF000000
(1779992660.181838) vcan0 712#8C000000
(1779992660.245756) vcan0 710#FF000000
(1779992660.245806) vcan0 712#8C000000
(1779992660.309778) vcan0 710#FF000000
(1779992660.309829) vcan0 712#8C000000
(1779992660.309859) vcan0 606#00
(1779992660.325791) vcan0 711#00000000
(1779992660.325842) vcan0 714#00
(1779992660.325869) vcan0 604#00
(1779992660.325892) vcan0 713#00000000
(1779992660.373770) vcan0 710#FF000000
(1779992660.373818) vcan0 712#7F000000
(1779992660.437788) vcan0 710#FF000000
(1779992660.437836) vcan0 712#7F000000
(1779992660.501796) vcan0 710#FF000000
(1779992660.501840) vcan0 712#72000000
(1779992660.533831) vcan0 711#00000000
(1779992660.533879) vcan0 714#00
(1779992660.533906) vcan0 604#00
(1779992660.533930) vcan0 713#00000000
(1779992660.566793) vcan0 710#FF000000
(1779992660.566855) vcan0 712#72000000
(1779992660.630797) vcan0 710#FF000000
(1779992660.630845) vcan0 712#72000000
(1779992660.694803) vcan0 710#FF000000
(1779992660.694850) vcan0 712#65000000
(1779992660.742772) vcan0 711#00000000
(1779992660.742813) vcan0 714#00
(1779992660.742837) vcan0 604#00
(1779992660.742859) vcan0 713#00000000
(1779992660.758947) vcan0 710#FF000000
(1779992660.759085) vcan0 712#65000000
(1779992660.822813) vcan0 710#FF000000
(1779992660.822860) vcan0 712#7F000000
(1779992660.822886) vcan0 606#00
(1779992660.885790) vcan0 710#FF000000
(1779992660.885839) vcan0 712#7F000000
(1779992660.949800) vcan0 710#FF000000
(1779992660.949844) vcan0 711#00000000
(1779992660.949871) vcan0 712#7F000000
(1779992660.949893) vcan0 714#00
(1779992660.949913) vcan0 604#00
(1779992660.949932) vcan0 713#00000000
(1779992661.013793) vcan0 710#FF000000
(1779992661.013838) vcan0 712#7F000000
(1779992661.077802) vcan0 710#FF000000
(1779992661.077851) vcan0 712#7F000000
(1779992661.141813) vcan0 710#FF000000
(1779992661.141859) vcan0 712#7F000000
(1779992661.157861) vcan0 711#00000000
(1779992661.157908) vcan0 714#00
(1779992661.157933) vcan0 604#00
(1779992661.157954) vcan0 713#00000000
(1779992661.205803) vcan0 710#FF000000
(1779992661.205897) vcan0 712#7F000000
(1779992661.270341) vcan0 710#FF000000
(1779992661.270670) vcan0 712#7F000000
(1779992661.334318) vcan0 710#FF000000
(1779992661.334598) vcan0 712#8C000000
(1779992661.334777) vcan0 606#00
(1779992661.366501) vcan0 711#00000000
(1779992661.366839) vcan0 714#00
(1779992661.367014) vcan0 604#00
(1779992661.367187) vcan0 713#00000000
(1779992661.397867) vcan0 710#FF000000
(1779992661.397911) vcan0 712#8C000000
(1779992661.461882) vcan0 710#FF000000
(1779992661.461941) vcan0 712#8C000000
(1779992661.525834) vcan0 710#FF000000
(1779992661.525888) vcan0 712#99000000
(1779992661.574802) vcan0 711#00000000
(1779992661.574846) vcan0 714#00
(1779992661.574869) vcan0 604#01
(1779992661.574890) vcan0 713#00000000
(1779992661.590827) vcan0 710#00000000
(1779992661.590872) vcan0 712#99000000
(1779992661.654817) vcan0 710#00000000
(1779992661.654988) vcan0 712#99000000
(1779992661.718848) vcan0 710#00000000
(1779992661.718914) vcan0 712#99000000
(1779992661.783544) vcan0 710#00000000
(1779992661.784662) vcan0 711#00000000
(1779992661.785347) vcan0 712#A5000000
(1779992661.786038) vcan0 714#00
(1779992661.786505) vcan0 604#01
(1779992661.786559) vcan0 713#00000000
(1779992661.846814) vcan0 710#00000000
(1779992661.846860) vcan0 712#A5000000
(1779992661.846885) vcan0 606#00
(1779992661.909839) vcan0 710#00000000
(1779992661.909888) vcan0 712#A5000000
(1779992661.973836) vcan0 710#4C000000
(1779992661.973880) vcan0 712#B2000000
(1779992661.989840) vcan0 711#00000000
(1779992661.989882) vcan0 714#00
(1779992661.989907) vcan0 604#00
(1779992661.989929) vcan0 713#00000000
(1779992662.037850) vcan0 710#B2000000
(1779992662.037903) vcan0 712#B2000000
(1779992662.102392) vcan0 710#FF000000
(1779992662.102726) vcan0 712#B2000000
(1779992662.165969) vcan0 710#FF000000
(1779992662.166040) vcan0 712#BF000000
(1779992662.197872) vcan0 711#00000000
(1779992662.197916) vcan0 714#00
(1779992662.197941) vcan0 604#00
(1779992662.197964) vcan0 713#00000000
(1779992662.229846) vcan0 710#FF000000
(1779992662.229888) vcan0 712#7F000000
(1779992662.293848) vcan0 710#FF000000
(1779992662.293893) vcan0 712#7F000000
(1779992662.357863) vcan0 710#FF000000
(1779992662.357914) vcan0 712#7F000000
(1779992662.357941) vcan0 606#00
(1779992662.406623) vcan0 711#00000000
(1779992662.406966) vcan0 714#00
(1779992662.407234) vcan0 604#00
(1779992662.407479) vcan0 713#00000000
(1779992662.422460) vcan0 710#FF000000
(1779992662.422708) vcan0 712#7F000000
(1779992662.485854) vcan0 710#FF000000
(1779992662.485898) vcan0 712#72000000
(1779992662.550859) vcan0 710#FF000000
(1779992662.550912) vcan0 712#72000000
(1779992662.614846) vcan0 710#FF000000
(1779992662.614888) vcan0 711#00000000
(1779992662.614913) vcan0 712#72000000
(1779992662.614935) vcan0 714#00
(1779992662.614956) vcan0 604#00
(1779992662.614974) vcan0 713#00000000
(1779992662.678947) vcan0 710#FF000000
(1779992662.678994) vcan0 712#7F000000
(1779992662.743518) vcan0 710#FF000000
(1779992662.743845) vcan0 712#7F000000
(1779992662.807585) vcan0 710#FF000000
(1779992662.808054) vcan0 712#7F000000
(1779992662.822849) vcan0 711#00000000
(1779992662.822891) vcan0 714#00
(1779992662.822916) vcan0 604#00
(1779992662.822938) vcan0 713#00000000
(1779992662.869914) vcan0 710#FF000000
(1779992662.869996) vcan0 712#7F000000
(1779992662.870032) vcan0 606#00
(1779992662.933870) vcan0 710#FF000000
(1779992662.933922) vcan0 712#72000000
(1779992662.997880) vcan0 710#FF000000
(1779992662.997927) vcan0 712#72000000
(1779992663.029907) vcan0 711#00000000
(1779992663.029953) vcan0 714#00
(1779992663.029979) vcan0 604#00
(1779992663.030002) vcan0 713#00000000
(1779992663.061871) vcan0 710#FF000000
(1779992663.061917) vcan0 712#72000000
(1779992663.125882) vcan0 710#FF000000
(1779992663.125929) vcan0 712#65000000
(1779992663.189872) vcan0 710#FF000000
(1779992663.189915) vcan0 712#65000000
(1779992663.238633) vcan0 711#00000000
(1779992663.238885) vcan0 714#00
(1779992663.239051) vcan0 604#00
(1779992663.239199) vcan0 713#00000000
(1779992663.253851) vcan0 710#FF000000
(1779992663.253892) vcan0 712#7F000000
(1779992663.317876) vcan0 710#FF000000
(1779992663.317921) vcan0 712#7F000000
(1779992663.381898) vcan0 710#FF000000
(1779992663.381952) vcan0 712#7F000000
(1779992663.381985) vcan0 606#00
(1779992663.445879) vcan0 710#FF000000
(1779992663.445931) vcan0 711#00000000
(1779992663.445960) vcan0 712#7F000000
(1779992663.445986) vcan0 714#00
(1779992663.446010) vcan0 604#00
(1779992663.446032) vcan0 713#00000000
(1779992663.509901) vcan0 710#FF000000
(1779992663.509963) vcan0 712#72000000
(1779992663.574937) vcan0 710#FF000000
(1779992663.575001) vcan0 712#72000000
(1779992663.638944) vcan0 710#FF000000
(1779992663.638988) vcan0 712#72000000
(1779992663.654932) vcan0 711#00000000
(1779992663.655141) vcan0 714#00
(1779992663.655251) vcan0 604#00
(1779992663.655292) vcan0 713#00000000
(1779992663.702893) vcan0 710#FF000000
(1779992663.702937) vcan0 712#65000000
(1779992663.766894) vcan0 710#FF000000
(1779992663.766946) vcan0 712#65000000
(1779992663.831530) vcan0 710#FF000000
(1779992663.831809) vcan0 712#65000000
(1779992663.861937) vcan0 711#00000000
(1779992663.861985) vcan0 714#00
(1779992663.862013) vcan0 604#00
(1779992663.862038) vcan0 713#00000000
(1779992663.894549) vcan0 710#FF000000
(1779992663.894806) vcan0 712#65000000
(1779992663.894984) vcan0 606#00
(1779992663.957977) vcan0 710#FF000000
(1779992663.958031) vcan0 712#7F000000
(1779992664.021949) vcan0 710#FF000000
(1779992664.022005) vcan0 712#7F000000
(1779992664.069921) vcan0 711#00000000
(1779992664.069972) vcan0 714#00
(1779992664.070003) vcan0 604#00
(1779992664.070032) vcan0 713#00000000
(1779992664.085932) vcan0 710#FF000000
(1779992664.085982) vcan0 712#7F000000
(1779992664.149988) vcan0 710#FF000000
(1779992664.150055) vcan0 712#7F000000
(1779992664.213949) vcan0 710#FF000000
(1779992664.214006) vcan0 712#7F000000
(1779992664.277925) vcan0 710#FF000000
(1779992664.277975) vcan0 711#00000000
(1779992664.278005) vcan0 712#7F000000
(1779992664.278031) vcan0 714#00
(1779992664.278054) vcan0 604#00
(1779992664.278076) vcan0 713#00000000
(1779992664.341920) vcan0 710#FF000000
(1779992664.341970) vcan0 712#7F000000
(1779992664.405925) vcan0 710#FF000000
(1779992664.405981) vcan0 712#7F000000
(1779992664.406015) vcan0 606#00
(1779992664.469921) vcan0 710#FF000000
(1779992664.469978) vcan0 712#7F000000
(1779992664.485945) vcan0 711#00000000
(1779992664.486030) vcan0 714#00
(1779992664.486089) vcan0 604#00
(1779992664.486132) vcan0 713#00000000
(1779992664.533904) vcan0 710#FF000000
(1779992664.533951) vcan0 712#7F000000
(1779992664.598920) vcan0 710#FF000000
(1779992664.598977) vcan0 712#8C000000
(1779992664.662938) vcan0 710#FF000000
(1779992664.662992) vcan0 712#8C000000
(1779992664.694916) vcan0 711#00000000
(1779992664.694972) vcan0 714#00
(1779992664.694998) vcan0 604#00
(1779992664.695021) vcan0 713#00000000
(1779992664.726929) vcan0 710#FF000000
(1779992664.726977) vcan0 712#8C000000
(1779992664.790993) vcan0 710#FF000000
(1779992664.791060) vcan0 712#99000000
(1779992664.853957) vcan0 710#FF000000
(1779992664.854001) vcan0 712#99000000
(1779992664.902503) vcan0 711#00000000
(1779992664.902807) vcan0 714#00
(1779992664.903014) vcan0 604#01
(1779992664.903248) vcan0 713#00000000
(1779992664.917953) vcan0 710#FF000000
(1779992664.917996) vcan0 712#99000000
(1779992664.918022) vcan0 606#00
(1779992664.981956) vcan0 710#FF000000
(1779992664.982002) vcan0 712#99000000
(1779992665.045907) vcan0 710#FF000000
(1779992665.045953) vcan0 712#A5000000
(1779992665.109947) vcan0 710#FF000000
(1779992665.109990) vcan0 711#00000000
(1779992665.110017) vcan0 712#A5000000
(1779992665.110040) vcan0 714#00
(1779992665.110063) vcan0 604#01
(1779992665.110086) vcan0 713#00000000
(1779992665.173943) vcan0 710#FF000000
(1779992665.173989) vcan0 712#A5000000
(1779992665.238006) vcan0 710#FF000000
(1779992665.238072) vcan0 712#B2000000
(1779992665.301966) vcan0 710#FF000000
(1779992665.302011) vcan0 712#B2000000
(1779992665.317934) vcan0 711#00000000
(1779992665.317977) vcan0 714#00
(1779992665.318005) vcan0 604#01
(1779992665.318029) vcan0 713#00000000
(1779992665.366044) vcan0 710#FF000000
(1779992665.366112) vcan0 712#B2000000
(1779992665.430005) vcan0 710#FF000000
(1779992665.430053) vcan0 712#7F000000
(1779992665.430081) vcan0 606#00
(1779992665.494005) vcan0 710#FF000000
(1779992665.494058) vcan0 712#7F000000
(1779992665.526074) vcan0 711#00000000
(1779992665.526139) vcan0 714#00
(1779992665.526187) vcan0 604#01
(1779992665.526232) vcan0 713#00000000
(1779992665.558974) vcan0 710#FF000000
(1779992665.559035) vcan0 712#7F000000
(1779992665.623603) vcan0 710#FF000000
(1779992665.623894) vcan0 712#7F000000
(1779992665.686989) vcan0 710#FF000000
(1779992665.687038) vcan0 712#7F000000
(1779992665.735019) vcan0 711#00000000
(1779992665.735065) vcan0 714#00
(1779992665.735091) vcan0 604#00
(1779992665.735114) vcan0 713#00000000
(1779992665.750932) vcan0 710#FF000000
(1779992665.750971) vcan0 712#7F000000
(1779992665.814970) vcan0 710#FF000000
(1779992665.815015) vcan0 712#7F000000
(1779992665.877959) vcan0 710#FF000000
(1779992665.878005) vcan0 712#72000000
(1779992665.941965) vcan0 710#FF000000
(1779992665.942011) vcan0 711#00000000
(1779992665.942038) vcan0 712#7F000000
(1779992665.942062) vcan0 714#00
(1779992665.942084) vcan0 604#00
(1779992665.942105) vcan0 606#00
(1779992665.942125) vcan0 713#00000000
(1779992666.006176) vcan0 710#FF000000
(1779992666.006222) vcan0 712#7F000000
(1779992666.070050) vcan0 710#FF000000
(1779992666.070123) vcan0 712#8C000000
(1779992666.133989) vcan0 710#FF000000
(1779992666.134045) vcan0 712#8C000000
(1779992666.149978) vcan0 711#00000000
(1779992666.150021) vcan0 714#00
(1779992666.150046) vcan0 604#00
(1779992666.150069) vcan0 713#00000000
(1779992666.197985) vcan0 710#FF000000
(1779992666.198041) vcan0 712#8C000000
(1779992666.262950) vcan0 710#FF000000
(1779992666.263427) vcan0 712#99000000
(1779992666.326087) vcan0 710#FF000000
(1779992666.326163) vcan0 712#99000000
(1779992666.358081) vcan0 711#00000000
(1779992666.358159) vcan0 714#00
(1779992666.358208) vcan0 604#00
(1779992666.358253) vcan0 713#00000000
(1779992666.390045) vcan0 710#FF000000
(1779992666.390097) vcan0 712#99000000
(1779992666.453980) vcan0 710#FF000000
(1779992666.454032) vcan0 712#A5000000
(1779992666.454069) vcan0 606#00
(1779992666.518005) vcan0 710#FF000000
(1779992666.518061) vcan0 712#A5000000
(1779992666.566989) vcan0 711#00000000
(1779992666.567031) vcan0 714#00
(1779992666.567061) vcan0 604#00
(1779992666.567087) vcan0 713#00000000
(1779992666.583165) vcan0 710#FF000000
(1779992666.583640) vcan0 712#A5000000
(1779992666.646981) vcan0 710#FF000000
(1779992666.647025) vcan0 712#B2000000
(1779992666.711022) vcan0 710#FF000000
(1779992666.711081) vcan0 712#B2000000
(1779992666.775026) vcan0 710#FF000000
(1779992666.775072) vcan0 711#00000000
(1779992666.775099) vcan0 712#B2000000
(1779992666.775121) vcan0 714#00
(1779992666.775141) vcan0 604#00
(1779992666.775163) vcan0 713#00000000
(1779992666.839043) vcan0 710#FF000000
(1779992666.839091) vcan0 712#BF000000
(1779992666.902045) vcan0 710#FF000000
(1779992666.902087) vcan0 712#BF000000
(1779992666.966026) vcan0 710#FF000000
(1779992666.966074) vcan0 712#7F000000
(1779992666.966102) vcan0 606#00
(1779992666.981985) vcan0 711#00000000
(1779992666.982023) vcan0 714#00
(1779992666.982048) vcan0 604#00
(1779992666.982069) vcan0 713#00000000
(1779992667.031034) vcan0 710#FF000000
(1779992667.031401) vcan0 712#7F000000
(1779992667.094034) vcan0 710#FF000000
(1779992667.094077) vcan0 712#7F000000
(1779992667.157999) vcan0 710#FF000000
(1779992667.158041) vcan0 712#72000000
(1779992667.190002) vcan0 711#00000000
(1779992667.190050) vcan0 714#00
(1779992667.190078) vcan0 604#00
(1779992667.190104) vcan0 713#00000000
(1779992667.222007) vcan0 710#FF000000
(1779992667.222050) vcan0 712#72000000
(1779992667.286036) vcan0 710#FF000000
(1779992667.286091) vcan0 712#72000000
(1779992667.350027) vcan0 710#FF000000
(1779992667.350084) vcan0 712#65000000
(1779992667.398050) vcan0 711#00000000
(1779992667.398097) vcan0 714#00
(1779992667.398126) vcan0 604#00
(1779992667.398149) vcan0 713#00000000
(1779992667.414046) vcan0 710#FF000000
(1779992667.414088) vcan0 712#7F000000
(1779992667.478017) vcan0 710#FF000000
(1779992667.478061) vcan0 712#7F000000
(1779992667.478090) vcan0 606#00
(1779992667.543838) vcan0 710#FF000000
(1779992667.544181) vcan0 712#7F000000
(1779992667.607105) vcan0 710#FF000000
(1779992667.607181) vcan0 711#00000000
(1779992667.607242) vcan0 712#7F000000
(1779992667.607295) vcan0 714#00
(1779992667.607346) vcan0 604#00
(1779992667.607395) vcan0 713#00000000
(1779992667.671074) vcan0 710#FF000000
(1779992667.671146) vcan0 712#7F000000
(1779992667.735065) vcan0 710#FF000000
(1779992667.735158) vcan0 712#72000000
(1779992667.799008) vcan0 710#FF000000
(1779992667.799059) vcan0 712#7F000000
(1779992667.815027) vcan0 711#00000000
(1779992667.815073) vcan0 714#00
(1779992667.815102) vcan0 604#00
(1779992667.815127) vcan0 713#00000000
(1779992667.862007) vcan0 710#FF000000
(1779992667.862057) vcan0 712#7F000000
(1779992667.926069) vcan0 710#FF000000
(1779992667.926122) vcan0 712#7F000000
(1779992667.990053) vcan0 710#FF000000
(1779992667.990103) vcan0 712#7F000000
(1779992667.990133) vcan0 606#00
(1779992668.022022) vcan0 711#00000000
(1779992668.022069) vcan0 714#00
(1779992668.022097) vcan0 604#00
(1779992668.022123) vcan0 713#00000000
(1779992668.054120) vcan0 710#FF000000
(1779992668.054173) vcan0 712#7F000000
(1779992668.118044) vcan0 710#FF000000
(1779992668.118091) vcan0 712#7F000000
(1779992668.182024) vcan0 710#FF000000
(1779992668.182163) vcan0 712#7F000000
(1779992668.230034) vcan0 711#00000000
(1779992668.230083) vcan0 714#00
(1779992668.230111) vcan0 604#00
(1779992668.230137) vcan0 713#00000000
(1779992668.246038) vcan0 710#FF000000
(1779992668.246087) vcan0 712#72000000
(1779992668.310045) vcan0 710#FF000000
(1779992668.310091) vcan0 712#72000000
(1779992668.374049) vcan0 710#FF000000
(1779992668.374124) vcan0 712#7F000000
(1779992668.438606) vcan0 710#FF000000
(1779992668.438859) vcan0 711#00000000
(1779992668.439021) vcan0 712#7F000000
(1779992668.439166) vcan0 714#00
(1779992668.439297) vcan0 604#00
(1779992668.439424) vcan0 713#00000000
(1779992668.502061) vcan0 710#FF000000
(1779992668.502118) vcan0 712#7F000000
(1779992668.502147) vcan0 606#00
(1779992668.567046) vcan0 710#FF000000
(1779992668.567097) vcan0 712#7F000000
(1779992668.631069) vcan0 710#FF000000
(1779992668.631135) vcan0 712#7F000000
(1779992668.647081) vcan0 711#00000000
(1779992668.647132) vcan0 714#00
(1779992668.647162) vcan0 604#00
(1779992668.647188) vcan0 713#00000000
(1779992668.695065) vcan0 710#FF000000
(1779992668.695124) vcan0 712#7F000000
(1779992668.759061) vcan0 710#00000000
(1779992668.759111) vcan0 712#7F000000
(1779992668.823147) vcan0 710#00000000
(1779992668.823219) vcan0 712#7F000000
(1779992668.854322) vcan0 711#00000000
(1779992668.854370) vcan0 714#00
(1779992668.854398) vcan0 604#00
(1779992668.854423) vcan0 713#00000000
(1779992668.886066) vcan0 710#00000000
(1779992668.886124) vcan0 712#7F000000
(1779992668.950076) vcan0 710#00000000
(1779992668.950126) vcan0 712#7F000000
(1779992669.014089) vcan0 710#00000000
(1779992669.014137) vcan0 712#72000000
(1779992669.014167) vcan0 606#00
(1779992669.062069) vcan0 711#00000000
(1779992669.062114) vcan0 714#00
(1779992669.062141) vcan0 604#00
(1779992669.062165) vcan0 713#00000000
(1779992669.078057) vcan0 710#00000000
(1779992669.078100) vcan0 712#72000000
(1779992669.142164) vcan0 710#00000000
(1779992669.142238) vcan0 712#72000000
(1779992669.206112) vcan0 710#00000000
(1779992669.206160) vcan0 712#65000000
(1779992669.270090) vcan0 710#00000000
(1779992669.270141) vcan0 711#00000000
(1779992669.270169) vcan0 712#7F000000
(1779992669.270193) vcan0 714#00
(1779992669.270216) vcan0 604#00
(1779992669.270237) vcan0 713#00000000
(1779992669.334080) vcan0 710#00000000
(1779992669.334137) vcan0 712#7F000000
(1779992669.398087) vcan0 710#00000000
(1779992669.398136) vcan0 712#7F000000
(1779992669.462606) vcan0 710#00000000
(1779992669.462882) vcan0 712#7F000000
(1779992669.478174) vcan0 711#FF000000
(1779992669.478253) vcan0 714#00
(1779992669.478307) vcan0 604#00
(1779992669.478360) vcan0 713#00000000
(1779992669.526619) vcan0 710#00000000
(1779992669.526888) vcan0 712#7F000000
(1779992669.527064) vcan0 606#00
(1779992669.591077) vcan0 710#00000000
(1779992669.591130) vcan0 712#7F000000
(1779992669.655134) vcan0 710#00000000
(1779992669.655189) vcan0 712#7F000000
(1779992669.687127) vcan0 711#FF000000
(1779992669.687179) vcan0 714#00
(1779992669.687210) vcan0 604#00
(1779992669.687238) vcan0 713#00000000
(1779992669.719106) vcan0 710#00000000
(1779992669.719155) vcan0 712#7F000000
(1779992669.783171) vcan0 710#00000000
(1779992669.783245) vcan0 712#7F000000
(1779992669.847214) vcan0 710#00000000
(1779992669.847278) vcan0 712#7F000000
(1779992669.894093) vcan0 711#FF000000
(1779992669.894140) vcan0 714#00
(1779992669.894167) vcan0 604#00
(1779992669.894191) vcan0 713#00000000
(1779992669.910154) vcan0 710#00000000
(1779992669.910212) vcan0 712#7F000000
(1779992669.974119) vcan0 710#00000000
(1779992669.974170) vcan0 712#7F000000
(1779992670.038111) vcan0 710#00000000
(1779992670.038162) vcan0 712#7F000000
(1779992670.038192) vcan0 606#00
(1779992670.102089) vcan0 710#00000000
(1779992670.102136) vcan0 711#FF000000
(1779992670.102165) vcan0 712#7F000000
(1779992670.102191) vcan0 714#00
(1779992670.102213) vcan0 604#00
(1779992670.102235) vcan0 713#00000000
(1779992670.166824) vcan0 710#00000000
(1779992670.168013) vcan0 712#7F000000
(1779992670.230921) vcan0 710#00000000
(1779992670.231192) vcan0 712#7F000000
(1779992670.294887) vcan0 710#00000000
(1779992670.295199) vcan0 712#7F000000
(1779992670.310142) vcan0 711#FF000000
(1779992670.310204) vcan0 714#00
(1779992670.310238) vcan0 604#00
(1779992670.310270) vcan0 713#00000000
(1779992670.358139) vcan0 710#00000000
(1779992670.358191) vcan0 712#7F000000
(1779992670.422168) vcan0 710#00000000
(1779992670.422235) vcan0 712#7F000000
(1779992670.486148) vcan0 710#00000000
(1779992670.486201) vcan0 712#7F000000
(1779992670.518136) vcan0 711#FF000000
(1779992670.518186) vcan0 714#00
(1779992670.518214) vcan0 604#00
(1779992670.518240) vcan0 713#00000000
(1779992670.551248) vcan0 710#00000000
(1779992670.551463) vcan0 712#7F000000
(1779992670.551571) vcan0 606#00
(1779992670.615138) vcan0 710#00000000
(1779992670.615195) vcan0 712#7F000000
(1779992670.679116) vcan0 710#00000000
(1779992670.679174) vcan0 712#7F000000
(1779992670.727154) vcan0 711#00000000
(1779992670.727207) vcan0 714#00
(1779992670.727240) vcan0 604#01
(1779992670.727268) vcan0 713#00000000
(1779992670.743127) vcan0 710#00000000
(1779992670.743221) vcan0 712#7F000000
(1779992670.807155) vcan0 710#00000000
(1779992670.807212) vcan0 712#7F000000
(1779992670.870154) vcan0 710#00000000
(1779992670.870208) vcan0 712#7F000000
(1779992670.934196) vcan0 710#00000000
(1779992670.934250) vcan0 711#00000000
(1779992670.934283) vcan0 712#7F000000
(1779992670.934310) vcan0 714#00
(1779992670.934337) vcan0 604#01
(1779992670.934362) vcan0 713#00000000
(1779992670.998273) vcan0 710#00000000
(1779992670.998346) vcan0 712#7F000000
(1779992671.062158) vcan0 710#00000000
(1779992671.062211) vcan0 712#7F000000
(1779992671.062243) vcan0 606#00
(1779992671.126215) vcan0 710#00000000
(1779992671.126282) vcan0 712#7F000000
(1779992671.142188) vcan0 711#00000000
(1779992671.142240) vcan0 714#00
(1779992671.142272) vcan0 604#01
(1779992671.142298) vcan0 713#00000000
(1779992671.190207) vcan0 710#00000000
(1779992671.190261) vcan0 712#7F000000
(1779992671.254174) vcan0 710#00000000
(1779992671.254234) vcan0 712#7F000000
(1779992671.318157) vcan0 710#00000000
(1779992671.318210) vcan0 712#7F000000
(1779992671.350167) vcan0 711#00000000
(1779992671.350219) vcan0 714#00
(1779992671.350250) vcan0 604#01
(1779992671.350276) vcan0 713#00000000
(1779992671.382169) vcan0 710#00000000
(1779992671.382219) vcan0 712#7F000000
(1779992671.446150) vcan0 710#00000000
(1779992671.446200) vcan0 712#7F000000
(1779992671.510168) vcan0 710#00000000
(1779992671.510224) vcan0 712#7F000000
(1779992671.559182) vcan0 711#00000000
(1779992671.559234) vcan0 714#00
(1779992671.559263) vcan0 604#00
(1779992671.559290) vcan0 713#00000000
(1779992671.575174) vcan0 710#00000000
(1779992671.575226) vcan0 712#7F000000
(1779992671.575255) vcan0 606#00
(1779992671.639713) vcan0 710#00000000
(1779992671.640005) vcan0 712#7F000000
(1779992671.703704) vcan0 710#00000000
(1779992671.704002) vcan0 712#7F000000
(1779992671.767184) vcan0 710#00000000
(1779992671.767240) vcan0 711#00000000
(1779992671.767278) vcan0 712#7F000000
(1779992671.767309) vcan0 714#00
(1779992671.767337) vcan0 604#00
(1779992671.767365) vcan0 713#00000000
(1779992671.831217) vcan0 710#00000000
(1779992671.831279) vcan0 712#7F000000
(1779992671.894201) vcan0 710#00000000
(1779992671.894263) vcan0 712#7F000000
(1779992671.958266) vcan0 710#00000000
(1779992671.958366) vcan0 712#7F000000
(1779992671.974246) vcan0 711#00000000
(1779992671.974323) vcan0 714#00
(1779992671.974383) vcan0 604#00
(1779992671.974440) vcan0 713#00000000
(1779992672.022190) vcan0 710#00000000
(1779992672.022248) vcan0 712#7F000000
(1779992672.086195) vcan0 710#00000000
(1779992672.086249) vcan0 712#7F000000
(1779992672.086286) vcan0 606#00
(1779992672.150197) vcan0 710#00000000
(1779992672.150264) vcan0 712#7F000000
(1779992672.182194) vcan0 711#00000000
(1779992672.182245) vcan0 714#00
(1779992672.182276) vcan0 604#00
(1779992672.182303) vcan0 713#00000000
(1779992672.214163) vcan0 710#00000000
(1779992672.214212) vcan0 712#7F000000
(1779992672.278197) vcan0 710#00000000
(1779992672.278252) vcan0 712#7F000000
(1779992672.342192) vcan0 710#00000000
(1779992672.342244) vcan0 712#7F000000
(1779992672.390190) vcan0 711#00000000
(1779992672.390243) vcan0 714#00
(1779992672.390271) vcan0 604#00
(1779992672.390295) vcan0 713#00000000
(1779992672.406197) vcan0 710#00000000
(1779992672.406251) vcan0 712#7F000000
(1779992672.470267) vcan0 710#00000000
(1779992672.470328) vcan0 712#7F000000
(1779992672.534215) vcan0 710#00000000
(1779992672.534274) vcan0 712#7F000000
(1779992672.599284) vcan0 710#00000000
(1779992672.599701) vcan0 711#00000000
(1779992672.600000) vcan0 712#7F000000
(1779992672.600271) vcan0 714#00
(1779992672.600534) vcan0 604#00
(1779992672.600782) vcan0 606#00
(1779992672.601023) vcan0 713#00000000
(1779992672.663221) vcan0 710#00000000
(1779992672.663280) vcan0 712#7F000000
(1779992672.727211) vcan0 710#00000000
(1779992672.727266) vcan0 712#7F000000
(1779992672.791268) vcan0 710#00000000
(1779992672.791359) vcan0 712#7F000000
(1779992672.807269) vcan0 711#00000000
(1779992672.807342) vcan0 714#00
(1779992672.807398) vcan0 604#00
(1779992672.807453) vcan0 713#00000000
(1779992672.854270) vcan0 710#00000000
(1779992672.854348) vcan0 712#7F000000
(1779992672.918212) vcan0 710#00000000
(1779992672.918264) vcan0 712#7F000000
(1779992672.982225) vcan0 710#00000000
(1779992672.982278) vcan0 712#7F000000
(1779992673.014185) vcan0 711#00000000
(1779992673.014228) vcan0 714#00
(1779992673.014256) vcan0 604#00
(1779992673.014280) vcan0 713#00000000
(1779992673.046229) vcan0 710#00000000
(1779992673.046281) vcan0 712#7F000000
(1779992673.110271) vcan0 710#00000000
(1779992673.110331) vcan0 712#7F000000
(1779992673.110364) vcan0 606#00
(1779992673.174242) vcan0 710#00000000
(1779992673.174293) vcan0 712#7F000000
(1779992673.222290) vcan0 711#00000000
(1779992673.222359) vcan0 714#00
(1779992673.222410) vcan0 604#00
(1779992673.222457) vcan0 713#00000000
(1779992673.238213) vcan0 710#00000000
(1779992673.238264) vcan0 712#7F000000
(1779992673.302236) vcan0 710#00000000
(1779992673.302294) vcan0 712#7F000000
(1779992673.366309) vcan0 710#00000000
(1779992673.366395) vcan0 712#7F000000
(1779992673.430207) vcan0 710#00000000
(1779992673.430265) vcan0 711#00000000
(1779992673.430302) vcan0 712#7F000000
(1779992673.430335) vcan0 714#00
(1779992673.430363) vcan0 604#00
(1779992673.430391) vcan0 713#00000000
(1779992673.494204) vcan0 710#00000000
(1779992673.494266) vcan0 712#7F000000
(1779992673.559207) vcan0 710#00000000
(1779992673.559267) vcan0 712#7F000000
(1779992673.623193) vcan0 710#00000000
(1779992673.623242) vcan0 712#7F000000
(1779992673.623272) vcan0 606#00
(1779992673.639241) vcan0 711#00000000
(1779992673.639290) vcan0 714#00
(1779992673.639320) vcan0 604#00
(1779992673.639346) vcan0 713#00000000
(1779992673.687232) vcan0 710#00000000
(1779992673.687288) vcan0 712#7F000000
(1779992673.751255) vcan0 710#00000000
(1779992673.751310) vcan0 712#7F000000
(1779992673.815232) vcan0 710#00000000
(1779992673.815289) vcan0 712#7F000000
(1779992673.847228) vcan0 711#00000000
(1779992673.847284) vcan0 714#00
(1779992673.847318) vcan0 604#00
(1779992673.847344) vcan0 713#00000000
(1779992673.878255) vcan0 710#00000000
(1779992673.878304) vcan0 712#7F000000
(1779992673.942234) vcan0 710#00000000
(1779992673.942286) vcan0 712#7F000000
(1779992674.006264) vcan0 710#00000000
(1779992674.006332) vcan0 712#7F000000
(1779992674.055016) vcan0 711#00000000
(1779992674.055325) vcan0 714#00
(1779992674.055525) vcan0 604#00
(1779992674.055707) vcan0 713#00000000
(1779992674.070243) vcan0 710#00000000
(1779992674.070303) vcan0 712#7F000000
(1779992674.134766) vcan0 710#00000000
(1779992674.135040) vcan0 712#7F000000
(1779992674.135224) vcan0 606#00
(1779992674.198859) vcan0 710#00000000
(1779992674.199245) vcan0 712#7F000000
(1779992674.262269) vcan0 710#00000000
(1779992674.262321) vcan0 711#00000000
(1779992674.262356) vcan0 712#7F000000
(1779992674.262384) vcan0 714#00
(1779992674.262423) vcan0 604#00
(1779992674.262450) vcan0 713#00000000
(1779992674.326273) vcan0 710#00000000
(1779992674.326348) vcan0 712#7F000000
(1779992674.390323) vcan0 710#00000000
(1779992674.390401) vcan0 712#7F000000
(1779992674.454281) vcan0 710#4C000000
(1779992674.454446) vcan0 712#7F000000
(1779992674.470238) vcan0 711#00000000
(1779992674.470282) vcan0 714#00
(1779992674.470310) vcan0 604#00
(1779992674.470335) vcan0 713#00000000
(1779992674.518335) vcan0 710#B2000000
(1779992674.518411) vcan0 712#7F000000
(1779992674.583268) vcan0 710#FF000000
(1779992674.583317) vcan0 712#7F000000
(1779992674.647775) vcan0 710#FF000000
(1779992674.647861) vcan0 712#7F000000
(1779992674.647899) vcan0 606#00
(1779992674.679241) vcan0 711#00000000
(1779992674.679289) vcan0 714#00
(1779992674.679322) vcan0 604#00
(1779992674.679350) vcan0 713#00000000
(1779992674.711397) vcan0 710#FF000000
(1779992674.711450) vcan0 712#7F000000
(1779992674.775301) vcan0 710#FF000000
(1779992674.775360) vcan0 712#7F000000
(1779992674.839280) vcan0 710#FF000000
(1779992674.839335) vcan0 712#7F000000
(1779992674.886291) vcan0 711#00000000
(1779992674.886342) vcan0 714#00
(1779992674.886372) vcan0 604#00
(1779992674.886399) vcan0 713#00000000
(1779992674.902267) vcan0 710#FF000000
(1779992674.902312) vcan0 712#7F000000
(1779992674.966335) vcan0 710#FF000000
(1779992674.966416) vcan0 712#7F000000
(1779992675.030337) vcan0 710#FF000000
(1779992675.030420) vcan0 712#7F000000
(1779992675.094314) vcan0 710#FF000000
(1779992675.094365) vcan0 711#00000000
(1779992675.094395) vcan0 712#7F000000
(1779992675.094422) vcan0 714#00
(1779992675.094446) vcan0 604#00
(1779992675.094469) vcan0 713#00000000
(1779992675.158336) vcan0 710#FF000000
(1779992675.158389) vcan0 712#7F000000
(1779992675.158422) vcan0 606#00
(1779992675.222332) vcan0 710#FF000000
(1779992675.222399) vcan0 712#7F000000
(1779992675.286256) vcan0 710#FF000000
(1779992675.286304) vcan0 712#7F000000
(1779992675.302286) vcan0 711#00000000
(1779992675.302343) vcan0 714#00
(1779992675.302382) vcan0 604#00
(1779992675.302413) vcan0 713#00000000
(1779992675.350274) vcan0 710#FF000000
(1779992675.350318) vcan0 712#72000000
(1779992675.414292) vcan0 710#FF000000
(1779992675.414340) vcan0 712#72000000
(1779992675.478892) vcan0 710#FF000000
(1779992675.479210) vcan0 712#72000000
(1779992675.510755) vcan0 711#00000000
(1779992675.511015) vcan0 714#00
(1779992675.511202) vcan0 604#00
(1779992675.511372) vcan0 713#00000000
(1779992675.543698) vcan0 710#FF000000
(1779992675.543945) vcan0 712#65000000
(1779992675.607373) vcan0 710#FF000000
(1779992675.607463) vcan0 712#65000000
(1779992675.671397) vcan0 710#FF000000
(1779992675.671485) vcan0 712#65000000
(1779992675.671549) vcan0 606#00
(1779992675.719324) vcan0 711#00000000
(1779992675.719387) vcan0 714#00
(1779992675.719425) vcan0 604#00
(1779992675.719458) vcan0 713#00000000
(1779992675.735329) vcan0 710#FF000000
(1779992675.735449) vcan0 712#65000000
(1779992675.799307) vcan0 710#FF000000
(1779992675.799363) vcan0 712#59000000
(1779992675.862337) vcan0 710#FF000000
(1779992675.862419) vcan0 712#59000000
(1779992675.926301) vcan0 710#FF000000
(1779992675.926358) vcan0 711#00000000
(1779992675.926394) vcan0 712#59000000
(1779992675.926425) vcan0 714#00
(1779992675.926454) vcan0 604#00
(1779992675.926482) vcan0 713#00000000
(1779992675.990421) vcan0 710#FF000000
(1779992675.990496) vcan0 712#4C000000
(1779992676.054443) vcan0 710#FF000000
(1779992676.054529) vcan0 712#4C000000
(1779992676.118366) vcan0 710#FF000000
(1779992676.118417) vcan0 712#4C000000
(1779992676.134337) vcan0 711#00000000
(1779992676.134387) vcan0 714#00
(1779992676.134416) vcan0 604#00
(1779992676.134442) vcan0 713#00000000
(1779992676.182362) vcan0 710#FF000000
(1779992676.182414) vcan0 712#3F000000
(1779992676.182448) vcan0 606#00
(1779992676.247026) vcan0 710#FF000000
(1779992676.247574) vcan0 712#3F000000
(1779992676.310339) vcan0 710#FF000000
(1779992676.310405) vcan0 712#3F000000
(1779992676.342356) vcan0 711#00000000
(1779992676.342425) vcan0 714#00
(1779992676.342506) vcan0 604#00
(1779992676.342553) vcan0 713#00000000
(1779992676.374349) vcan0 710#FF000000
(1779992676.374409) vcan0 712#32000000
(1779992676.438334) vcan0 710#FF000000
(1779992676.438387) vcan0 712#32000000
(1779992676.502374) vcan0 710#FF000000
(1779992676.502425) vcan0 712#32000000
(1779992676.551331) vcan0 711#00000000
(1779992676.551385) vcan0 714#00
(1779992676.551415) vcan0 604#00
(1779992676.551442) vcan0 713#00000000
(1779992676.567392) vcan0 710#FF000000
(1779992676.567448) vcan0 712#26000000
(1779992676.631362) vcan0 710#FF000000
(1779992676.631436) vcan0 712#7F000000
(1779992676.695381) vcan0 710#FF000000
(1779992676.695438) vcan0 712#7F000000
(1779992676.695473) vcan0 606#00
(1779992676.759324) vcan0 710#FF000000
(1779992676.759373) vcan0 711#00000000
(1779992676.759404) vcan0 712#7F000000
(1779992676.759431) vcan0 714#00
(1779992676.759455) vcan0 604#00
(1779992676.759478) vcan0 713#00000000
(1779992676.823350) vcan0 710#FF000000
(1779992676.823416) vcan0 712#7F000000
(1779992676.886348) vcan0 710#FF000000
(1779992676.886530) vcan0 712#7F000000
(1779992676.950408) vcan0 710#FF000000
(1779992676.950526) vcan0 712#7F000000
(1779992676.966341) vcan0 711#00000000
(1779992676.966396) vcan0 714#00
(1779992676.966425) vcan0 604#00
(1779992676.966452) vcan0 713#00000000
(1779992677.014338) vcan0 710#FF000000
(1779992677.014388) vcan0 712#8C000000
(1779992677.078348) vcan0 710#FF000000
(1779992677.078397) vcan0 712#8C000000
(1779992677.142369) vcan0 710#FF000000
(1779992677.142448) vcan0 712#8C000000
(1779992677.174382) vcan0 711#00000000
(1779992677.174438) vcan0 714#00
(1779992677.174468) vcan0 604#00
(1779992677.174496) vcan0 713#00000000
(1779992677.206366) vcan0 710#FF000000
(1779992677.206422) vcan0 712#99000000
(1779992677.206457) vcan0 606#00
(1779992677.270354) vcan0 710#FF000000
(1779992677.270423) vcan0 712#7F000000
(1779992677.334373) vcan0 710#FF000000
(1779992677.334435) vcan0 712#7F000000
(1779992677.382356) vcan0 711#00000000
(1779992677.382407) vcan0 714#00
(1779992677.382437) vcan0 604#00
(1779992677.382464) vcan0 713#00000000
(1779992677.398458) vcan0 710#FF000000
(1779992677.398546) vcan0 712#7F000000
(1779992677.462560) vcan0 710#FF000000
(1779992677.462664) vcan0 712#7F000000
(1779992677.526360) vcan0 710#FF000000
(1779992677.526417) vcan0 712#7F000000
(1779992677.591370) vcan0 710#FF000000
(1779992677.591437) vcan0 711#00000000
(1779992677.591477) vcan0 712#7F000000
(1779992677.591513) vcan0 714#00
(1779992677.591546) vcan0 604#00
(1779992677.591577) vcan0 713#00000000
(1779992677.655354) vcan0 710#FF000000
(1779992677.655424) vcan0 712#7F000000
(1779992677.719401) vcan0 710#FF000000
(1779992677.719474) vcan0 712#7F000000
(1779992677.719515) vcan0 606#00
(1779992677.783398) vcan0 710#FF000000
(1779992677.783462) vcan0 712#7F000000
(1779992677.799376) vcan0 711#00000000
(1779992677.799430) vcan0 714#00
(1779992677.799462) vcan0 604#00
(1779992677.799490) vcan0 713#00000000
(1779992677.847394) vcan0 710#FF000000
(1779992677.847450) vcan0 712#7F000000
(1779992677.910489) vcan0 710#FF000000
(1779992677.910709) vcan0 712#7F000000
(1779992677.974405) vcan0 710#FF000000
(1779992677.974624) vcan0 712#7F000000
(1779992678.006402) vcan0 711#00000000
(1779992678.006459) vcan0 714#00
(1779992678.006493) vcan0 604#00
(1779992678.006522) vcan0 713#00000000
(1779992678.038437) vcan0 710#FF000000
(1779992678.038489) vcan0 712#7F000000
(1779992678.102426) vcan0 710#FF000000
(1779992678.102484) vcan0 712#7F000000
(1779992678.166505) vcan0 710#FF000000
(1779992678.166565) vcan0 712#7F000000
(1779992678.214878) vcan0 711#00000000
(1779992678.215129) vcan0 714#00
(1779992678.215296) vcan0 604#00
(1779992678.215476) vcan0 713#00000000
(1779992678.230421) vcan0 710#FF000000
(1779992678.230479) vcan0 712#7F000000
(1779992678.230517) vcan0 606#00
(1779992678.295017) vcan0 710#FF000000
(1779992678.295389) vcan0 712#7F000000
(1779992678.358476) vcan0 710#FF000000
(1779992678.358545) vcan0 712#7F000000
(1779992678.422485) vcan0 710#FF000000
(1779992678.422570) vcan0 711#00000000
(1779992678.422621) vcan0 712#7F000000
(1779992678.422664) vcan0 714#01
(1779992678.422703) vcan0 604#00
(1779992678.486414) vcan0 710#FF000000
(1779992678.486490) vcan0 712#7F000000
(1779992678.551537) vcan0 710#FF000000
(1779992678.551650) vcan0 712#7F000000
(1779992678.615463) vcan0 710#FF000000
(1779992678.615546) vcan0 712#7F000000
(1779992678.631440) vcan0 711#00000000
(1779992678.631503) vcan0 714#01
(1779992678.631539) vcan0 604#00
(1779992678.679458) vcan0 710#FF000000
(1779992678.679527) vcan0 712#7F000000
(1779992678.743484) vcan0 710#FF000000
(1779992678.743551) vcan0 712#7F000000
(1779992678.743593) vcan0 606#00
(1779992678.807469) vcan0 710#FF000000
(1779992678.807681) vcan0 712#7F000000
(1779992678.839467) vcan0 711#00000000
(1779992678.839528) vcan0 714#01
(1779992678.839566) vcan0 604#00
(1779992678.870468) vcan0 710#FF000000
(1779992678.870531) vcan0 712#7F000000
(1779992678.934442) vcan0 710#FF000000
(1779992678.934499) vcan0 712#7F000000
(1779992678.998417) vcan0 710#FF000000
(1779992678.998474) vcan0 712#7F000000
(1779992679.046431) vcan0 711#00000000
(1779992679.046489) vcan0 714#01
(1779992679.046523) vcan0 604#00
(1779992679.062447) vcan0 710#FF000000
(1779992679.062504) vcan0 712#7F000000
(1779992679.126488) vcan0 710#FF000000
(1779992679.126552) vcan0 712#7F000000
(1779992679.190491) vcan0 710#FF000000
(1779992679.190583) vcan0 712#7F000000
(1779992679.254455) vcan0 710#FF000000
(1779992679.254507) vcan0 711#00000000
(1779992679.254544) vcan0 712#7F000000
(1779992679.254574) vcan0 714#00
(1779992679.254602) vcan0 604#00
(1779992679.254626) vcan0 606#00
(1779992679.254651) vcan0 713#01000000
(1779992679.318433) vcan0 710#FF000000
(1779992679.318488) vcan0 712#7F000000
(1779992679.382447) vcan0 710#FF000000
(1779992679.382504) vcan0 712#7F000000
(1779992679.446412) vcan0 710#FF000000
(1779992679.446469) vcan0 712#7F000000
(1779992679.462448) vcan0 711#00000000
(1779992679.462500) vcan0 714#00
(1779992679.462530) vcan0 604#00
(1779992679.462559) vcan0 713#01000000
(1779992679.510454) vcan0 710#00000000
(1779992679.510510) vcan0 712#7F000000
(1779992679.575450) vcan0 710#00000000
(1779992679.575518) vcan0 712#7F000000
(1779992679.639431) vcan0 710#00000000
(1779992679.639497) vcan0 712#7F000000
(1779992679.671438) vcan0 711#00000000
(1779992679.671487) vcan0 714#00
(1779992679.671517) vcan0 604#00
(1779992679.671544) vcan0 713#01000000
(1779992679.703438) vcan0 710#00000000
(1779992679.703488) vcan0 712#7F000000
(1779992679.767487) vcan0 710#00000000
(1779992679.767548) vcan0 712#7F000000
(1779992679.767585) vcan0 606#00
(1779992679.831477) vcan0 710#00000000
(1779992679.831614) vcan0 712#7F000000
(1779992679.878476) vcan0 711#00000000
(1779992679.878538) vcan0 714#00
(1779992679.878572) vcan0 604#00
(1779992679.878603) vcan0 713#01000000
(1779992679.894471) vcan0 710#66000000
(1779992679.894524) vcan0 712#7F000000
(1779992679.958464) vcan0 710#CC000000
(1779992679.958525) vcan0 712#7F000000
(1779992680.022490) vcan0 710#FF000000
(1779992680.022547) vcan0 712#7F000000
(1779992680.086463) vcan0 710#FF000000
(1779992680.086514) vcan0 711#00000000
(1779992680.086546) vcan0 712#7F000000
(1779992680.086575) vcan0 714#00
(1779992680.086602) vcan0 604#00
(1779992680.086629) vcan0 713#01000000
(1779992680.150481) vcan0 710#FF000000
(1779992680.150537) vcan0 712#7F000000
(1779992680.214468) vcan0 710#FF000000
(1779992680.214521) vcan0 712#7F000000
(1779992680.278458) vcan0 710#FF000000
(1779992680.278514) vcan0 712#7F000000
(1779992680.278548) vcan0 606#00
(1779992680.294430) vcan0 711#00000000
(1779992680.294476) vcan0 714#00
(1779992680.294506) vcan0 604#00
(1779992680.294533) vcan0 713#01000000
(1779992680.342483) vcan0 710#FF000000
(1779992680.342545) vcan0 712#7F000000
(1779992680.406468) vcan0 710#FF000000
(1779992680.406538) vcan0 712#7F000000
(1779992680.470494) vcan0 710#FF000000
(1779992680.470549) vcan0 712#7F000000
(1779992680.502502) vcan0 711#00000000
(1779992680.502551) vcan0 714#00
(1779992680.502581) vcan0 604#00
(1779992680.502610) vcan0 713#01000000
(1779992680.534462) vcan0 710#FF000000
(1779992680.534518) vcan0 712#7F000000
(1779992680.599594) vcan0 710#FF000000
(1779992680.599717) vcan0 712#7F000000
(1779992680.664362) vcan0 710#FF000000
(1779992680.664670) vcan0 712#7F000000
(1779992680.711977) vcan0 711#00000000
(1779992680.712220) vcan0 714#00
(1779992680.712379) vcan0 604#00
(1779992680.712543) vcan0 713#01000000
(1779992680.727547) vcan0 710#FF000000
(1779992680.727600) vcan0 712#7F000000
(1779992680.791524) vcan0 710#FF000000
(1779992680.791583) vcan0 712#7F000000
(1779992680.791622) vcan0 606#00
(1779992680.854517) vcan0 710#FF000000
(1779992680.854587) vcan0 712#7F000000
(1779992680.918530) vcan0 710#FF000000
(1779992680.918593) vcan0 711#00000000
(1779992680.918629) vcan0 712#7F000000
(1779992680.918660) vcan0 714#00
(1779992680.918689) vcan0 604#00
(1779992680.918716) vcan0 713#01000000
(1779992680.982528) vcan0 710#FF000000
(1779992680.982588) vcan0 712#7F000000
(1779992681.046669) vcan0 710#FF000000
(1779992681.046872) vcan0 712#7F000000
(1779992681.110550) vcan0 710#FF000000
(1779992681.110606) vcan0 712#7F000000
(1779992681.126498) vcan0 711#00000000
(1779992681.126546) vcan0 714#00
(1779992681.126575) vcan0 604#00
(1779992681.126603) vcan0 713#01000000
(1779992681.174544) vcan0 710#FF000000
(1779992681.174601) vcan0 712#7F000000
(1779992681.238508) vcan0 710#FF000000
(1779992681.238560) vcan0 712#7F000000
(1779992681.302551) vcan0 710#FF000000
(1779992681.302609) vcan0 712#7F000000
(1779992681.302645) vcan0 606#00
(1779992681.334542) vcan0 711#00000000
(1779992681.334592) vcan0 714#00
(1779992681.334620) vcan0 604#00
(1779992681.334646) vcan0 713#01000000
(1779992681.366519) vcan0 710#FF000000
(1779992681.366581) vcan0 712#7F000000
(1779992681.430609) vcan0 710#FF000000
(1779992681.430716) vcan0 712#7F000000
(1779992681.494524) vcan0 710#FF000000
(1779992681.494621) vcan0 712#7F000000
(1779992681.543821) vcan0 711#00000000
(1779992681.544353) vcan0 714#00
(1779992681.544646) vcan0 604#00
(1779992681.544911) vcan0 713#01000000
(1779992681.559576) vcan0 710#FF000000
(1779992681.559705) vcan0 712#7F000000
(1779992681.623563) vcan0 710#FF000000
(1779992681.623631) vcan0 712#7F000000
(1779992681.688587) vcan0 710#FF000000
(1779992681.688899) vcan0 712#7F000000
(1779992681.751672) vcan0 710#FF000000
(1779992681.751870) vcan0 711#00000000
(1779992681.751998) vcan0 712#7F000000
(1779992681.752190) vcan0 714#00
(1779992681.752299) vcan0 604#00
(1779992681.752402) vcan0 713#01000000
(1779992681.815636) vcan0 710#FF000000
(1779992681.815724) vcan0 712#7F000000
(1779992681.815781) vcan0 606#00
(1779992681.879009) vcan0 710#FF000000
(1779992681.879283) vcan0 712#7F000000
(1779992681.942667) vcan0 710#FF000000
(1779992681.942775) vcan0 712#7F000000
(1779992681.958647) vcan0 711#00000000
(1779992681.958745) vcan0 714#01
(1779992681.958822) vcan0 604#00
(1779992682.006639) vcan0 710#FF000000
(1779992682.006767) vcan0 712#7F000000
(1779992682.070611) vcan0 710#FF000000
(1779992682.070705) vcan0 712#7F000000
(1779992682.134912) vcan0 710#FF000000
(1779992682.135155) vcan0 712#7F000000
(1779992682.167170) vcan0 711#00000000
(1779992682.167526) vcan0 714#01
(1779992682.167691) vcan0 604#00
(1779992682.199206) vcan0 710#FF000000
(1779992682.199627) vcan0 712#7F000000
(1779992682.262723) vcan0 710#FF000000
(1779992682.262947) vcan0 712#7F000000
(1779992682.326654) vcan0 710#FF000000
(1779992682.326769) vcan0 712#7F000000
(1779992682.326848) vcan0 606#00
(1779992682.374692) vcan0 711#00000000
(1779992682.374804) vcan0 714#01
(1779992682.374876) vcan0 604#00
(1779992682.390632) vcan0 710#FF000000
(1779992682.390730) vcan0 712#7F000000
(1779992682.454702) vcan0 710#FF000000
(1779992682.454818) vcan0 712#7F000000
(1779992682.518778) vcan0 710#FF000000
(1779992682.518954) vcan0 712#7F000000
(1779992682.583897) vcan0 710#FF000000
(1779992682.584108) vcan0 711#00000000
(1779992682.584265) vcan0 712#7F000000
(1779992682.584408) vcan0 714#01
(1779992682.584545) vcan0 604#00
(1779992682.647796) vcan0 710#FF000000
(1779992682.647953) vcan0 712#7F000000
(1779992682.711769) vcan0 710#FF000000
(1779992682.711904) vcan0 712#7F000000
(1779992682.775733) vcan0 710#FF000000
(1779992682.775985) vcan0 712#7F000000
(1779992682.791841) vcan0 711#00000000
(1779992682.792065) vcan0 714#01
(1779992682.792183) vcan0 604#00
(1779992682.839901) vcan0 710#00000000
(1779992682.840081) vcan0 712#7F000000
(1779992682.840188) vcan0 606#00
(1779992682.903014) vcan0 710#00000000
(1779992682.903276) vcan0 712#7F000000
(1779992682.966785) vcan0 710#00000000
(1779992682.966916) vcan0 712#7F000000
(1779992682.998800) vcan0 711#00000000
(1779992682.998932) vcan0 714#01
(1779992682.999018) vcan0 604#00
(1779992683.030702) vcan0 710#00000000
(1779992683.030832) vcan0 712#7F000000
(1779992683.094790) vcan0 710#00000000
(1779992683.094927) vcan0 712#7F000000
(1779992683.158801) vcan0 710#00000000
(1779992683.158937) vcan0 712#7F000000
(1779992683.207368) vcan0 711#00000000
(1779992683.207524) vcan0 714#01
(1779992683.207609) vcan0 604#00
(1779992683.222782) vcan0 710#00000000
(1779992683.222915) vcan0 712#7F000000
(1779992683.286872) vcan0 710#00000000
(1779992683.287070) vcan0 712#7F000000
(1779992683.350801) vcan0 710#00000000
(1779992683.350935) vcan0 712#7F000000
(1779992683.351034) vcan0 606#00
(1779992683.414743) vcan0 710#00000000
(1779992683.414876) vcan0 711#00000000
(1779992683.414966) vcan0 712#7F000000
(1779992683.415042) vcan0 714#01
(1779992683.415113) vcan0 604#00
(1779992683.478769) vcan0 710#00000000
(1779992683.478904) vcan0 712#7F000000
(1779992683.543691) vcan0 710#00000000
(1779992683.543805) vcan0 712#7F000000
(1779992683.607718) vcan0 710#00000000
(1779992683.607834) vcan0 712#7F000000
(1779992683.623780) vcan0 711#00000000
(1779992683.623944) vcan0 714#01
(1779992683.624052) vcan0 604#00
(1779992683.671722) vcan0 710#00000000
(1779992683.671838) vcan0 712#7F000000
(1779992683.735718) vcan0 710#00000000
(1779992683.735832) vcan0 712#7F000000
(1779992683.799730) vcan0 710#00000000
(1779992683.799835) vcan0 712#7F000000
(1779992683.831691) vcan0 711#00000000
(1779992683.831785) vcan0 714#01
(1779992683.831845) vcan0 604#00
(1779992683.862710) vcan0 710#00000000
(1779992683.862810) vcan0 712#7F000000
(1779992683.862877) vcan0 606#00
(1779992683.926672) vcan0 710#00000000
(1779992683.926771) vcan0 712#7F000000
(1779992683.990669) vcan0 710#4C000000
(1779992683.990756) vcan0 712#7F000000
(1779992684.038792) vcan0 711#00000000
(1779992684.038871) vcan0 714#01
(1779992684.038924) vcan0 604#00
(1779992684.054700) vcan0 710#B2000000
(1779992684.054789) vcan0 712#7F000000
(1779992684.118686) vcan0 710#FF000000
(1779992684.118775) vcan0 712#7F000000
(1779992684.182645) vcan0 710#FF000000
(1779992684.182726) vcan0 712#7F000000
(1779992684.246762) vcan0 710#FF000000
(1779992684.246850) vcan0 711#00000000
(1779992684.246911) vcan0 712#7F000000
(1779992684.246963) vcan0 714#00
(1779992684.247009) vcan0 604#00
(1779992684.247053) vcan0 713#01000000
(1779992684.310687) vcan0 710#FF000000
(1779992684.310775) vcan0 712#7F000000
(1779992684.374671) vcan0 710#FF000000
(1779992684.374756) vcan0 712#7F000000
(1779992684.374813) vcan0 606#00
(1779992684.438662) vcan0 710#FF000000
(1779992684.438730) vcan0 712#7F000000
(1779992684.454715) vcan0 711#00000000
(1779992684.454787) vcan0 714#00
(1779992684.454831) vcan0 604#00
(1779992684.454873) vcan0 713#01000000
(1779992684.502662) vcan0 710#FF000000
(1779992684.502732) vcan0 712#7F000000
(1779992684.567686) vcan0 710#FF000000
(1779992684.567764) vcan0 712#7F000000
(1779992684.631686) vcan0 710#FF000000
(1779992684.631757) vcan0 712#7F000000
(1779992684.663664) vcan0 711#00000000
(1779992684.663731) vcan0 714#00
(1779992684.663772) vcan0 604#00
(1779992684.663812) vcan0 713#01000000
(1779992684.695680) vcan0 710#FF000000
(1779992684.695748) vcan0 712#7F000000
(1779992684.759750) vcan0 710#FF000000
(1779992684.759853) vcan0 712#7F000000
(1779992684.823747) vcan0 710#FF000000
(1779992684.823845) vcan0 712#7F000000
(1779992684.870715) vcan0 711#00000000
(1779992684.870809) vcan0 714#00
(1779992684.870926) vcan0 604#00
(1779992684.870999) vcan0 713#01000000
(1779992684.886721) vcan0 710#FF000000
(1779992684.886802) vcan0 712#7F000000
(1779992684.886915) vcan0 606#00
(1779992684.950711) vcan0 710#FF000000
(1779992684.950855) vcan0 712#7F000000
(1779992685.014619) vcan0 710#FF000000
(1779992685.014684) vcan0 712#7F000000
(1779992685.078621) vcan0 710#FF000000
(1779992685.078688) vcan0 711#00000000
(1779992685.078730) vcan0 712#7F000000
(1779992685.078767) vcan0 714#00
(1779992685.078798) vcan0 604#00
(1779992685.078830) vcan0 713#01000000
(1779992685.142711) vcan0 710#FF000000
(1779992685.142801) vcan0 712#7F000000
(1779992685.206675) vcan0 710#FF000000
(1779992685.206756) vcan0 712#7F000000
(1779992685.270715) vcan0 710#FF000000
(1779992685.270801) vcan0 712#7F000000
(1779992685.286706) vcan0 711#00000000
(1779992685.286788) vcan0 714#00
(1779992685.286845) vcan0 604#00
(1779992685.286901) vcan0 713#01000000
(1779992685.334680) vcan0 710#FF000000
(1779992685.334788) vcan0 712#7F000000
(1779992685.398637) vcan0 710#FF000000
(1779992685.398736) vcan0 712#7F000000
(1779992685.398771) vcan0 606#00
(1779992685.462647) vcan0 710#FF000000
(1779992685.462703) vcan0 712#7F000000
(1779992685.494628) vcan0 711#00000000
(1779992685.494676) vcan0 714#00
(1779992685.494705) vcan0 604#00
(1779992685.494732) vcan0 713#01000000
(1779992685.526650) vcan0 710#FF000000
(1779992685.526720) vcan0 712#7F000000
(1779992685.591669) vcan0 710#FF000000
(1779992685.591734) vcan0 712#7F000000
(1779992685.655682) vcan0 710#FF000000
(1779992685.655751) vcan0 712#7F000000
(1779992685.703622) vcan0 711#00000000
(1779992685.703669) vcan0 714#00
(1779992685.703698) vcan0 604#00
(1779992685.703725) vcan0 713#01000000
(1779992685.719638) vcan0 710#FF000000
(1779992685.719683) vcan0 712#7F000000
(1779992685.783606) vcan0 710#FF000000
(1779992685.783666) vcan0 712#7F000000
(1779992685.847727) vcan0 710#FF000000
(1779992685.847806) vcan0 712#7F000000
(1779992685.910654) vcan0 710#FF000000
(1779992685.910703) vcan0 711#00000000
(1779992685.910732) vcan0 712#7F000000
(1779992685.910757) vcan0 714#00
(1779992685.910782) vcan0 604#00
(1779992685.910803) vcan0 606#00
(1779992685.910824) vcan0 713#01000000
(1779992685.974628) vcan0 710#FF000000
(1779992685.974683) vcan0 712#7F000000
(1779992686.038660) vcan0 710#FF000000
(1779992686.038719) vcan0 712#7F000000
(1779992686.103343) vcan0 710#FF000000
(1779992686.103655) vcan0 712#7F000000
(1779992686.118741) vcan0 711#00000000
(1779992686.118817) vcan0 714#00
(1779992686.118874) vcan0 604#00
(1779992686.118929) vcan0 713#01000000
(1779992686.167417) vcan0 710#FF000000
(1779992686.167772) vcan0 712#7F000000
(1779992686.230823) vcan0 710#FF000000
(1779992686.230918) vcan0 712#7F000000
(1779992686.294707) vcan0 710#FF000000
(1779992686.294770) vcan0 712#7F000000
(1779992686.326683) vcan0 711#00000000
(1779992686.326743) vcan0 714#00
(1779992686.326779) vcan0 604#00
(1779992686.326811) vcan0 713#01000000
(1779992686.358753) vcan0 710#FF000000
(1779992686.358847) vcan0 712#7F000000
(1779992686.422729) vcan0 710#FF000000
(1779992686.422809) vcan0 712#7F000000
(1779992686.422871) vcan0 606#00
(1779992686.486701) vcan0 710#FF000000
(1779992686.486757) vcan0 712#7F000000
(1779992686.534761) vcan0 711#00000000
(1779992686.534843) vcan0 714#00
(1779992686.534902) vcan0 604#00
(1779992686.534958) vcan0 713#01000000
(1779992686.551698) vcan0 710#FF000000
(1779992686.551752) vcan0 712#7F000000
(1779992686.615683) vcan0 710#FF000000
(1779992686.615741) vcan0 712#7F000000
(1779992686.679692) vcan0 710#FF000000
(1779992686.679749) vcan0 712#7F000000
(1779992686.743697) vcan0 710#FF000000
(1779992686.743751) vcan0 711#00000000
(1779992686.743785) vcan0 712#8C000000
(1779992686.743815) vcan0 714#00
(1779992686.743841) vcan0 604#00
(1779992686.743864) vcan0 713#01000000
(1779992686.807672) vcan0 710#FF000000
(1779992686.807725) vcan0 712#8C000000
(1779992686.871732) vcan0 710#FF000000
(1779992686.872762) vcan0 712#8C000000
(1779992686.934707) vcan0 710#FF000000
(1779992686.934766) vcan0 712#7F000000
(1779992686.934801) vcan0 606#00
(1779992686.950682) vcan0 711#00000000
(1779992686.950732) vcan0 714#00
(1779992686.950763) vcan0 604#00
(1779992686.950792) vcan0 713#01000000
(1779992686.998711) vcan0 710#FF000000
(1779992686.998762) vcan0 712#7F000000
(1779992687.062695) vcan0 710#FF000000
(1779992687.062749) vcan0 712#7F000000
(1779992687.126667) vcan0 710#FF000000
(1779992687.126718) vcan0 712#7F000000
(1779992687.158698) vcan0 711#00000000
(1779992687.158757) vcan0 714#00
(1779992687.158792) vcan0 604#00
(1779992687.158825) vcan0 713#01000000
(1779992687.190693) vcan0 710#FF000000
(1779992687.190745) vcan0 712#7F000000
(1779992687.255220) vcan0 710#FF000000
(1779992687.255514) vcan0 712#7F000000
(1779992687.319338) vcan0 710#FF000000
(1779992687.319431) vcan0 712#7F000000
(1779992687.367326) vcan0 711#00000000
(1779992687.367590) vcan0 714#00
(1779992687.367759) vcan0 604#00
(1779992687.367915) vcan0 713#01000000
(1779992687.383190) vcan0 710#FF000000
(1779992687.383464) vcan0 712#7F000000
(1779992687.447766) vcan0 710#FF000000
(1779992687.447838) vcan0 712#7F000000
(1779992687.447883) vcan0 606#00
(1779992687.511757) vcan0 710#FF000000
(1779992687.511828) vcan0 712#7F000000
(1779992687.576759) vcan0 710#FF000000
(1779992687.576889) vcan0 711#00000000
(1779992687.576959) vcan0 712#7F000000
(1779992687.577018) vcan0 714#00
(1779992687.577070) vcan0 604#00
(1779992687.577126) vcan0 713#01000000
(1779992687.640770) vcan0 710#FF000000
(1779992687.640836) vcan0 712#7F000000
(1779992687.704708) vcan0 710#FF000000
(1779992687.704772) vcan0 712#7F000000
(1779992687.768698) vcan0 710#FF000000
(1779992687.768762) vcan0 712#72000000
(1779992687.784758) vcan0 711#00000000
(1779992687.784814) vcan0 714#00
(1779992687.784852) vcan0 604#00
(1779992687.784883) vcan0 713#01000000
(1779992687.832741) vcan0 710#FF000000
(1779992687.832797) vcan0 712#72000000
(1779992687.895700) vcan0 710#FF000000
(1779992687.895753) vcan0 712#72000000
(1779992687.959744) vcan0 710#FF000000
(1779992687.959803) vcan0 712#7F000000
(1779992687.959839) vcan0 606#00
(1779992687.991740) vcan0 711#00000000
(1779992687.991825) vcan0 714#00
(1779992687.991872) vcan0 604#00
(1779992687.991914) vcan0 713#01000000
(1779992688.023737) vcan0 710#FF000000
(1779992688.023793) vcan0 712#7F000000
(1779992688.087747) vcan0 710#FF000000
(1779992688.087809) vcan0 712#7F000000
(1779992688.151714) vcan0 710#FF000000
(1779992688.151778) vcan0 712#7F000000
(1779992688.199739) vcan0 711#00000000
(1779992688.199792) vcan0 714#00
(1779992688.199823) vcan0 604#00
(1779992688.199854) vcan0 713#01000000
(1779992688.215728) vcan0 710#FF000000
(1779992688.215838) vcan0 712#8C000000
(1779992688.279744) vcan0 710#FF000000
(1779992688.279800) vcan0 712#8C000000
(1779992688.343750) vcan0 710#FF000000
(1779992688.343942) vcan0 712#8C000000
(1779992688.407751) vcan0 710#FF000000
(1779992688.407805) vcan0 711#00000000
(1779992688.407836) vcan0 712#7F000000
(1779992688.407864) vcan0 714#00
(1779992688.407890) vcan0 604#00
(1779992688.407914) vcan0 713#01000000
(1779992688.472187) vcan0 710#FF000000
(1779992688.472441) vcan0 712#7F000000
(1779992688.472614) vcan0 606#00
(1779992688.536336) vcan0 710#FF000000
(1779992688.536602) vcan0 712#7F000000
(1779992688.600792) vcan0 710#FF000000
(1779992688.600861) vcan0 712#72000000
(1779992688.616794) vcan0 711#00000000
(1779992688.616854) vcan0 714#00
(1779992688.616907) vcan0 604#00
(1779992688.616961) vcan0 713#01000000
(1779992688.664766) vcan0 710#FF000000
(1779992688.664838) vcan0 712#72000000
(1779992688.728778) vcan0 710#FF000000
(1779992688.728838) vcan0 712#72000000
(1779992688.792774) vcan0 710#FF000000
(1779992688.792843) vcan0 712#65000000
(1779992688.824797) vcan0 711#00000000
(1779992688.824901) vcan0 714#00
(1779992688.824954) vcan0 604#00
(1779992688.825001) vcan0 713#01000000
(1779992688.855810) vcan0 710#FF000000
(1779992688.855913) vcan0 712#7F000000
(1779992688.919851) vcan0 710#FF000000
(1779992688.919932) vcan0 712#7F000000
(1779992688.983822) vcan0 710#FF000000
(1779992688.983873) vcan0 712#7F000000
(1779992688.983906) vcan0 606#00
(1779992689.031847) vcan0 711#00000000
(1779992689.032163) vcan0 714#00
(1779992689.032327) vcan0 604#00
(1779992689.032435) vcan0 713#01000000
(1779992689.047813) vcan0 710#FF000000
(1779992689.047899) vcan0 712#7F000000
(1779992689.111749) vcan0 710#FF000000
(1779992689.111799) vcan0 712#8C000000
(1779992689.175756) vcan0 710#FF000000
(1779992689.175805) vcan0 712#8C000000
(1779992689.239768) vcan0 710#FF000000
(1779992689.239816) vcan0 711#00000000
(1779992689.239846) vcan0 712#8C000000
(1779992689.239873) vcan0 714#00
(1779992689.239897) vcan0 604#00
(1779992689.239921) vcan0 713#01000000
(1779992689.303775) vcan0 710#FF000000
(1779992689.303829) vcan0 712#7F000000
(1779992689.367754) vcan0 710#FF000000
(1779992689.367804) vcan0 712#7F000000
(1779992689.432353) vcan0 710#FF000000
(1779992689.432618) vcan0 712#7F000000
(1779992689.447762) vcan0 711#00000000
(1779992689.447809) vcan0 714#00
(1779992689.447838) vcan0 604#00
(1779992689.447866) vcan0 713#01000000
(1779992689.495792) vcan0 710#FF000000
(1779992689.495846) vcan0 712#7F000000
(1779992689.495879) vcan0 606#00
(1779992689.560828) vcan0 710#00000000
(1779992689.560906) vcan0 712#7F000000
(1779992689.624773) vcan0 710#00000000
(1779992689.624827) vcan0 712#7F000000
(1779992689.656776) vcan0 711#00000000
(1779992689.656829) vcan0 714#00
(1779992689.656860) vcan0 604#00
(1779992689.656888) vcan0 713#01000000
(1779992689.688748) vcan0 710#00000000
(1779992689.688797) vcan0 712#7F000000
(1779992689.752781) vcan0 710#00000000
(1779992689.752834) vcan0 712#7F000000
(1779992689.816775) vcan0 710#00000000
(1779992689.816826) vcan0 712#7F000000
(1779992689.863790) vcan0 711#00000000
(1779992689.863840) vcan0 714#00
(1779992689.863870) vcan0 604#00
(1779992689.863898) vcan0 713#01000000
(1779992689.879773) vcan0 710#00000000
(1779992689.879823) vcan0 712#7F000000
(1779992689.943788) vcan0 710#00000000
(1779992689.943846) vcan0 712#7F000000
(1779992690.008312) vcan0 710#4C000000
(1779992690.008571) vcan0 712#7F000000
(1779992690.008746) vcan0 606#00
(1779992690.071785) vcan0 710#B2000000
(1779992690.071836) vcan0 711#00000000
(1779992690.071979) vcan0 712#7F000000
(1779992690.072132) vcan0 714#00
(1779992690.072264) vcan0 604#00
(1779992690.072391) vcan0 713#01000000
(1779992690.136461) vcan0 710#FF000000
(1779992690.136901) vcan0 712#8C000000
(1779992690.199807) vcan0 710#FF000000
(1779992690.199867) vcan0 712#7F000000
(1779992690.263809) vcan0 710#FF000000
(1779992690.263879) vcan0 712#7F000000
(1779992690.279814) vcan0 711#00000000
(1779992690.279867) vcan0 714#00
(1779992690.279895) vcan0 604#00
(1779992690.279922) vcan0 713#01000000
(1779992690.327865) vcan0 710#FF000000
(1779992690.328013) vcan0 712#7F000000
(1779992690.391780) vcan0 710#FF000000
(1779992690.391831) vcan0 712#7F000000
(1779992690.455780) vcan0 710#FF000000
(1779992690.455834) vcan0 712#7F000000
(1779992690.487781) vcan0 711#00000000
(1779992690.487833) vcan0 714#00
(1779992690.487867) vcan0 604#00
(1779992690.487897) vcan0 713#01000000
(1779992690.519839) vcan0 710#00000000
(1779992690.519886) vcan0 712#7F000000
(1779992690.519917) vcan0 606#00
(1779992690.584793) vcan0 710#00000000
(1779992690.584843) vcan0 712#7F000000
(1779992690.648809) vcan0 710#00000000
(1779992690.648868) vcan0 712#8C000000
(1779992690.696833) vcan0 711#33000000
(1779992690.696882) vcan0 714#00
(1779992690.696910) vcan0 604#00
(1779992690.696935) vcan0 713#01000000
(1779992690.712808) vcan0 710#00000000
(1779992690.712880) vcan0 712#8C000000
(1779992690.777358) vcan0 710#00000000
(1779992690.777679) vcan0 712#8C000000
(1779992690.841309) vcan0 710#00000000
(1779992690.841596) vcan0 712#99000000
(1779992690.903834) vcan0 710#00000000
(1779992690.903885) vcan0 711#FF000000
(1779992690.903916) vcan0 712#99000000
(1779992690.903943) vcan0 714#00
(1779992690.903967) vcan0 604#00
(1779992690.903991) vcan0 713#01000000
(1779992690.968060) vcan0 710#00000000
(1779992690.968133) vcan0 712#99000000
(1779992691.031814) vcan0 710#00000000
(1779992691.031874) vcan0 712#A5000000
(1779992691.031908) vcan0 606#00
(1779992691.095814) vcan0 710#00000000
(1779992691.095878) vcan0 712#A5000000
(1779992691.111834) vcan0 711#FF000000
(1779992691.111887) vcan0 714#00
(1779992691.111917) vcan0 604#00
(1779992691.111944) vcan0 713#01000000
(1779992691.159837) vcan0 710#00000000
(1779992691.159887) vcan0 712#A5000000
(1779992691.223811) vcan0 710#00000000
(1779992691.223862) vcan0 712#B2000000
(1779992691.287843) vcan0 710#00000000
(1779992691.287894) vcan0 712#B2000000
(1779992691.319873) vcan0 711#FF000000
(1779992691.319920) vcan0 714#00
(1779992691.319949) vcan0 604#00
(1779992691.319979) vcan0 713#01000000
(1779992691.351860) vcan0 710#00000000
(1779992691.351909) vcan0 712#B2000000
(1779992691.415917) vcan0 710#00000000
(1779992691.415973) vcan0 712#BF000000
(1779992691.479895) vcan0 710#00000000
(1779992691.479969) vcan0 712#BF000000
(1779992691.527836) vcan0 711#FF000000
(1779992691.527882) vcan0 714#00
(1779992691.527910) vcan0 604#00
(1779992691.527934) vcan0 713#01000000
(1779992691.544821) vcan0 710#00000000
(1779992691.544868) vcan0 712#BF000000
(1779992691.544895) vcan0 606#00
(1779992691.609425) vcan0 710#00000000
(1779992691.609771) vcan0 712#CC000000
(1779992691.672899) vcan0 710#00000000
(1779992691.672975) vcan0 712#CC000000
(1779992691.736930) vcan0 710#00000000
(1779992691.737007) vcan0 711#FF000000
(1779992691.737062) vcan0 712#CC000000
(1779992691.737112) vcan0 714#00
(1779992691.737158) vcan0 604#00
(1779992691.737204) vcan0 713#01000000
(1779992691.800900) vcan0 710#00000000
(1779992691.800995) vcan0 712#CC000000
(1779992691.863854) vcan0 710#00000000
(1779992691.863903) vcan0 712#7F000000
(1779992691.927892) vcan0 710#00000000
(1779992691.927954) vcan0 712#7F000000
(1779992691.943814) vcan0 711#FF000000
(1779992691.943856) vcan0 714#00
(1779992691.943881) vcan0 604#00
(1779992691.943905) vcan0 713#01000000
(1779992691.991876) vcan0 710#00000000
(1779992691.991925) vcan0 712#7F000000
(1779992692.055825) vcan0 710#00000000
(1779992692.055871) vcan0 712#7F000000
(1779992692.055900) vcan0 606#00
(1779992692.119866) vcan0 710#00000000
(1779992692.119922) vcan0 712#72000000
(1779992692.151844) vcan0 711#FF000000
(1779992692.151891) vcan0 714#00
(1779992692.151919) vcan0 604#00
(1779992692.151944) vcan0 713#01000000
(1779992692.183860) vcan0 710#00000000
(1779992692.183907) vcan0 712#72000000
(1779992692.247838) vcan0 710#00000000
(1779992692.247887) vcan0 712#72000000
(1779992692.311878) vcan0 710#00000000
(1779992692.311936) vcan0 712#65000000
(1779992692.359835) vcan0 711#FF000000
(1779992692.359876) vcan0 714#00
(1779992692.359900) vcan0 604#00
(1779992692.359923) vcan0 713#01000000
(1779992692.375816) vcan0 710#00000000
(1779992692.375860) vcan0 712#65000000
(1779992692.439853) vcan0 710#00000000
(1779992692.439913) vcan0 712#65000000
(1779992692.503844) vcan0 710#00000000
(1779992692.503901) vcan0 712#59000000
(1779992692.568891) vcan0 710#00000000
(1779992692.568940) vcan0 711#FF000000
(1779992692.568968) vcan0 712#7F000000
(1779992692.568993) vcan0 714#00
(1779992692.569016) vcan0 604#00
(1779992692.569037) vcan0 606#00
(1779992692.569059) vcan0 713#01000000
(1779992692.632894) vcan0 710#00000000
(1779992692.632965) vcan0 712#7F000000
(1779992692.696992) vcan0 710#00000000
(1779992692.697069) vcan0 712#7F000000
(1779992692.760867) vcan0 710#00000000
(1779992692.760918) vcan0 712#7F000000
(1779992692.776868) vcan0 711#FF000000
(1779992692.776931) vcan0 714#00
(1779992692.776960) vcan0 604#00
(1779992692.776985) vcan0 713#01000000
(1779992692.824878) vcan0 710#00000000
(1779992692.824935) vcan0 712#72000000
(1779992692.888241) vcan0 710#00000000
(1779992692.888318) vcan0 712#72000000
(1779992692.951884) vcan0 710#00000000
(1779992692.951934) vcan0 712#72000000
(1779992692.983888) vcan0 711#FF000000
(1779992692.983937) vcan0 714#00
(1779992692.983965) vcan0 604#00
(1779992692.983993) vcan0 713#01000000
(1779992693.015879) vcan0 710#00000000
(1779992693.015931) vcan0 712#65000000
(1779992693.079904) vcan0 710#00000000
(1779992693.079976) vcan0 712#7F000000
(1779992693.080012) vcan0 606#00
(1779992693.143884) vcan0 710#00000000
(1779992693.143929) vcan0 712#7F000000
(1779992693.191952) vcan0 711#FF000000
(1779992693.192014) vcan0 714#00
(1779992693.192050) vcan0 604#00
(1779992693.192082) vcan0 713#01000000
(1779992693.207900) vcan0 710#00000000
(1779992693.207958) vcan0 712#7F000000
(1779992693.271903) vcan0 710#00000000
(1779992693.271958) vcan0 712#7F000000
(1779992693.335888) vcan0 710#00000000
(1779992693.335941) vcan0 712#7F000000
(1779992693.399906) vcan0 710#00000000
(1779992693.399956) vcan0 711#FF000000
(1779992693.399986) vcan0 712#7F000000
(1779992693.400013) vcan0 714#01
(1779992693.400039) vcan0 604#00
(1779992693.464533) vcan0 710#00000000
(1779992693.464787) vcan0 712#72000000
(1779992693.527884) vcan0 710#00000000
(1779992693.527939) vcan0 712#72000000
(1779992693.593527) vcan0 710#00000000
(1779992693.593810) vcan0 712#72000000
(1779992693.593984) vcan0 606#00
(1779992693.608963) vcan0 711#00000000
(1779992693.609034) vcan0 714#01
(1779992693.609095) vcan0 604#00
(1779992693.656978) vcan0 710#19000000
(1779992693.657082) vcan0 712#65000000
(1779992693.720935) vcan0 710#7F000000
(1779992693.720995) vcan0 712#65000000
(1779992693.784945) vcan0 710#E5000000
(1779992693.785002) vcan0 712#65000000
(1779992693.816912) vcan0 711#00000000
(1779992693.816969) vcan0 714#01
(1779992693.817003) vcan0 604#00
(1779992693.848999) vcan0 710#FF000000
(1779992693.849080) vcan0 712#59000000
(1779992693.911935) vcan0 710#FF000000
(1779992693.912043) vcan0 712#59000000
(1779992693.975935) vcan0 710#FF000000
(1779992693.975990) vcan0 712#59000000
(1779992694.023929) vcan0 711#00000000
(1779992694.023986) vcan0 714#01
(1779992694.024018) vcan0 604#00
(1779992694.039921) vcan0 710#FF000000
(1779992694.039978) vcan0 712#4C000000
(1779992694.103942) vcan0 710#FF000000
(1779992694.103993) vcan0 712#4C000000
(1779992694.104024) vcan0 606#00
(1779992694.168059) vcan0 710#FF000000
(1779992694.168142) vcan0 712#4C000000
(1779992694.231991) vcan0 710#FF000000
(1779992694.232084) vcan0 711#00000000
(1779992694.232137) vcan0 712#4C000000
(1779992694.232199) vcan0 714#01
(1779992694.232241) vcan0 604#00
(1779992694.295940) vcan0 710#FF000000
(1779992694.295991) vcan0 712#3F000000
(1779992694.359928) vcan0 710#FF000000
(1779992694.359979) vcan0 712#3F000000
(1779992694.423928) vcan0 710#FF000000
(1779992694.423980) vcan0 712#3F000000
(1779992694.439936) vcan0 711#00000000
(1779992694.439978) vcan0 714#01
(1779992694.440006) vcan0 604#00
(1779992694.487953) vcan0 710#FF000000
(1779992694.488004) vcan0 712#32000000
(1779992694.552944) vcan0 710#FF000000
(1779992694.552992) vcan0 712#32000000
(1779992694.616944) vcan0 710#FF000000
(1779992694.616990) vcan0 712#32000000
(1779992694.617020) vcan0 606#00
(1779992694.649036) vcan0 711#00000000
(1779992694.649103) vcan0 714#01
(1779992694.649265) vcan0 604#00
(1779992694.680977) vcan0 710#FF000000
(1779992694.681024) vcan0 712#26000000
(1779992694.745590) vcan0 710#FF000000
(1779992694.745845) vcan0 712#26000000
(1779992694.809678) vcan0 710#FF000000
(1779992694.809943) vcan0 712#26000000
(1779992694.855960) vcan0 711#00000000
(1779992694.856007) vcan0 714#01
(1779992694.856037) vcan0 604#00
(1779992694.872783) vcan0 710#00000000
(1779992694.873219) vcan0 712#7F000000
(1779992694.935956) vcan0 710#00000000
(1779992694.936007) vcan0 712#7F000000
(1779992694.999978) vcan0 710#00000000
(1779992695.000031) vcan0 712#7F000000
(1779992695.063974) vcan0 710#00000000
(1779992695.064024) vcan0 711#00000000
(1779992695.064055) vcan0 712#7F000000
(1779992695.064082) vcan0 714#01
(1779992695.064107) vcan0 604#00
(1779992695.128486) vcan0 710#00000000
(1779992695.128739) vcan0 712#7F000000
(1779992695.128907) vcan0 606#00
(1779992695.191950) vcan0 710#00000000
(1779992695.192003) vcan0 712#7F000000
(1779992695.255965) vcan0 710#00000000
(1779992695.256027) vcan0 712#7F000000
(1779992695.271998) vcan0 711#00000000
(1779992695.272098) vcan0 714#01
(1779992695.272136) vcan0 604#00
(1779992695.319964) vcan0 710#00000000
(1779992695.320019) vcan0 712#7F000000
(1779992695.383954) vcan0 710#00000000
(1779992695.384003) vcan0 712#7F000000
(1779992695.447988) vcan0 710#00000000
(1779992695.448043) vcan0 712#7F000000
(1779992695.480040) vcan0 711#00000000
(1779992695.480114) vcan0 714#01
(1779992695.480168) vcan0 604#00
(1779992695.512018) vcan0 710#00000000
(1779992695.512067) vcan0 712#7F000000
(1779992695.577001) vcan0 710#00000000
(1779992695.577051) vcan0 712#7F000000
(1779992695.641467) vcan0 710#4C000000
(1779992695.641736) vcan0 712#7F000000
(1779992695.641907) vcan0 606#00
(1779992695.689503) vcan0 711#00000000
(1779992695.690071) vcan0 714#00
(1779992695.690378) vcan0 604#00
(1779992695.690630) vcan0 713#01000000
(1779992695.705013) vcan0 710#B2000000
(1779992695.705063) vcan0 712#7F000000
(1779992695.769004) vcan0 710#FF000000
(1779992695.769063) vcan0 712#7F000000
(1779992695.832984) vcan0 710#FF000000
(1779992695.833053) vcan0 712#7F000000
(1779992695.895996) vcan0 710#FF000000
(1779992695.896058) vcan0 711#00000000
(1779992695.896094) vcan0 712#7F000000
(1779992695.896128) vcan0 714#00
(1779992695.896156) vcan0 604#00
(1779992695.896182) vcan0 713#01000000
(1779992695.960016) vcan0 710#FF000000
(1779992695.960071) vcan0 712#7F000000
(1779992696.023998) vcan0 710#FF000000
(1779992696.024057) vcan0 712#7F000000
(1779992696.088009) vcan0 710#FF000000
(1779992696.088085) vcan0 712#7F000000
(1779992696.104036) vcan0 711#00000000
(1779992696.104085) vcan0 714#00
(1779992696.104114) vcan0 604#00
(1779992696.104141) vcan0 713#01000000
(1779992696.151965) vcan0 710#FF000000
(1779992696.152024) vcan0 712#7F000000
(1779992696.152055) vcan0 606#00
(1779992696.215999) vcan0 710#FF000000
(1779992696.216055) vcan0 712#8C000000
(1779992696.279997) vcan0 710#FF000000
(1779992696.280051) vcan0 712#8C000000
(1779992696.312025) vcan0 711#00000000
(1779992696.312085) vcan0 714#00
(1779992696.312120) vcan0 604#00
(1779992696.312152) vcan0 713#01000000
(1779992696.344047) vcan0 710#FF000000
(1779992696.344127) vcan0 712#8C000000
(1779992696.408060) vcan0 710#FF000000
(1779992696.408136) vcan0 712#99000000
(1779992696.472006) vcan0 710#FF000000
(1779992696.472056) vcan0 712#99000000
(1779992696.520030) vcan0 711#00000000
(1779992696.520085) vcan0 714#00
(1779992696.520116) vcan0 604#00
(1779992696.520146) vcan0 713#01000000
(1779992696.535976) vcan0 710#FF000000
(1779992696.536019) vcan0 712#99000000
(1779992696.601034) vcan0 710#FF000000
(1779992696.601092) vcan0 712#A5000000
(1779992696.665224) vcan0 710#FF000000
(1779992696.665275) vcan0 712#A5000000
(1779992696.665306) vcan0 606#00
(1779992696.729007) vcan0 710#FF000000
(1779992696.729056) vcan0 711#00000000
(1779992696.729086) vcan0 712#A5000000
(1779992696.729112) vcan0 714#00
(1779992696.729135) vcan0 604#00
(1779992696.729156) vcan0 713#01000000
(1779992696.792996) vcan0 710#FF000000
(1779992696.793048) vcan0 712#B2000000
(1779992696.855997) vcan0 710#FF000000
(1779992696.856041) vcan0 712#B2000000
(1779992696.920054) vcan0 710#FF000000
(1779992696.920123) vcan0 712#7F000000
(1779992696.935997) vcan0 711#00000000
(1779992696.936048) vcan0 714#00
(1779992696.936073) vcan0 604#00
(1779992696.936096) vcan0 713#01000000
(1779992696.984042) vcan0 710#FF000000
(1779992696.984098) vcan0 712#7F000000
(1779992697.048520) vcan0 710#FF000000
(1779992697.048788) vcan0 712#7F000000
(1779992697.111998) vcan0 710#FF000000
(1779992697.112056) vcan0 712#7F000000
(1779992697.144042) vcan0 711#00000000
(1779992697.144128) vcan0 714#00
(1779992697.144161) vcan0 604#00
(1779992697.144189) vcan0 713#01000000
(1779992697.176352) vcan0 710#FF000000
(1779992697.176413) vcan0 712#7F000000
(1779992697.176451) vcan0 606#00
(1779992697.240027) vcan0 710#FF000000
(1779992697.240078) vcan0 712#7F000000
(1779992697.304109) vcan0 710#FF000000
(1779992697.304193) vcan0 712#7F000000
(1779992697.352038) vcan0 711#00000000
(1779992697.352095) vcan0 714#00
(1779992697.352124) vcan0 604#00
(1779992697.352151) vcan0 713#01000000
(1779992697.368031) vcan0 710#FF000000
(1779992697.368083) vcan0 712#7F000000
(1779992697.432007) vcan0 710#FF000000
(1779992697.432062) vcan0 712#7F000000
(1779992697.496023) vcan0 710#FF000000
(1779992697.496070) vcan0 712#7F000000
(1779992697.561108) vcan0 710#FF000000
(1779992697.561173) vcan0 711#00000000
(1779992697.561211) vcan0 712#7F000000
(1779992697.561245) vcan0 714#00
(1779992697.561273) vcan0 604#00
(1779992697.561300) vcan0 713#01000000
(1779992697.625816) vcan0 710#FF000000
(1779992697.626140) vcan0 712#7F000000
(1779992697.689766) vcan0 710#FF000000
(1779992697.690053) vcan0 712#7F000000
(1779992697.690231) vcan0 606#00
(1779992697.753098) vcan0 710#FF000000
(1779992697.753175) vcan0 712#7F000000
(1779992697.769072) vcan0 711#00000000
(1779992697.769141) vcan0 714#00
(1779992697.769192) vcan0 604#00
(1779992697.769242) vcan0 713#01000000
(1779992697.817081) vcan0 710#FF000000
(1779992697.817153) vcan0 712#7F000000
(1779992697.880114) vcan0 710#FF000000
(1779992697.880189) vcan0 712#7F000000
(1779992697.944118) vcan0 710#FF000000
(1779992697.944191) vcan0 712#7F000000
(1779992697.976095) vcan0 711#00000000
(1779992697.976166) vcan0 714#00
(1779992697.976220) vcan0 604#00
(1779992697.976272) vcan0 713#01000000
(1779992698.008083) vcan0 710#FF000000
(1779992698.008153) vcan0 712#7F000000
(1779992698.072080) vcan0 710#FF000000
(1779992698.072149) vcan0 712#7F000000
(1779992698.136084) vcan0 710#FF000000
(1779992698.136156) vcan0 712#7F000000
(1779992698.184091) vcan0 711#00000000
(1779992698.184161) vcan0 714#00
(1779992698.184250) vcan0 604#00
(1779992698.184327) vcan0 713#01000000
(1779992698.200079) vcan0 710#FF000000
(1779992698.200143) vcan0 712#7F000000
(1779992698.200193) vcan0 606#00
(1779992698.264111) vcan0 710#FF000000
(1779992698.264250) vcan0 712#7F000000
(1779992698.328097) vcan0 710#FF000000
(1779992698.328207) vcan0 712#7F000000
(1779992698.392077) vcan0 710#FF000000
(1779992698.392131) vcan0 711#00000000
(1779992698.392191) vcan0 712#7F000000
(1779992698.392221) vcan0 714#00
(1779992698.392247) vcan0 604#00
(1779992698.392270) vcan0 713#01000000
(1779992698.456063) vcan0 710#FF000000
(1779992698.456139) vcan0 712#72000000
(1779992698.520120) vcan0 710#FF000000
(1779992698.520236) vcan0 712#72000000
(1779992698.586124) vcan0 710#FF000000
(1779992698.586200) vcan0 712#72000000
(1779992698.602075) vcan0 711#00000000
(1779992698.602175) vcan0 714#00
(1779992698.602243) vcan0 604#00
(1779992698.602302) vcan0 713#01000000
(1779992698.650068) vcan0 710#FF000000
(1779992698.650116) vcan0 712#65000000
(1779992698.714063) vcan0 710#FF000000
(1779992698.714109) vcan0 712#7F000000
(1779992698.714138) vcan0 606#00
(1779992698.778574) vcan0 710#FF000000
(1779992698.778831) vcan0 712#7F000000
(1779992698.810079) vcan0 711#00000000
(1779992698.810150) vcan0 714#00
(1779992698.810183) vcan0 604#00
(1779992698.810213) vcan0 713#01000000
(1779992698.842053) vcan0 710#FF000000
(1779992698.842107) vcan0 712#7F000000
(1779992698.905089) vcan0 710#FF000000
(1779992698.905138) vcan0 712#7F000000
(1779992698.969067) vcan0 710#FF000000
(1779992698.969115) vcan0 712#7F000000
(1779992699.017054) vcan0 711#00000000
(1779992699.017097) vcan0 714#00
(1779992699.017124) vcan0 604#00
(1779992699.017150) vcan0 713#01000000
(1779992699.033830) vcan0 710#FF000000
(1779992699.034091) vcan0 712#7F000000
(1779992699.097922) vcan0 710#FF000000
(1779992699.098399) vcan0 712#7F000000
(1779992699.161089) vcan0 710#FF000000
(1779992699.161158) vcan0 712#7F000000
(1779992699.225112) vcan0 710#FF000000
(1779992699.225164) vcan0 711#00000000
(1779992699.225194) vcan0 712#7F000000
(1779992699.225218) vcan0 714#00
(1779992699.225241) vcan0 604#00
(1779992699.225262) vcan0 606#00
(1779992699.225282) vcan0 713#01000000
(1779992699.289067) vcan0 710#FF000000
(1779992699.289115) vcan0 712#7F000000
(1779992699.353141) vcan0 710#FF000000
(1779992699.353195) vcan0 712#7F000000
(1779992699.417109) vcan0 710#FF000000
(1779992699.417154) vcan0 712#7F000000
(1779992699.433990) vcan0 711#00000000
(1779992699.434857) vcan0 714#00
(1779992699.435181) vcan0 604#00
(1779992699.435471) vcan0 713#01000000
(1779992699.481133) vcan0 710#FF000000
(1779992699.481232) vcan0 712#72000000
(1779992699.546603) vcan0 710#FF000000
(1779992699.546858) vcan0 712#72000000
(1779992699.610136) vcan0 710#FF000000
(1779992699.610183) vcan0 712#72000000
(1779992699.642118) vcan0 711#00000000
(1779992699.642165) vcan0 714#00
(1779992699.642193) vcan0 604#00
(1779992699.642219) vcan0 713#01000000
(1779992699.674106) vcan0 710#FF000000
(1779992699.674153) vcan0 712#7F000000
(1779992699.738097) vcan0 710#FF000000
(1779992699.738142) vcan0 712#7F000000
(1779992699.738172) vcan0 606#00
(1779992699.802148) vcan0 710#FF000000
(1779992699.802196) vcan0 712#7F000000
(1779992699.850107) vcan0 711#00000000
(1779992699.850157) vcan0 714#00
(1779992699.850190) vcan0 604#00
(1779992699.850216) vcan0 713#01000000
(1779992699.865116) vcan0 710#FF000000
(1779992699.865169) vcan0 712#7F000000
(1779992699.929111) vcan0 710#FF000000
(1779992699.929167) vcan0 712#72000000
(1779992699.993088) vcan0 710#FF000000
(1779992699.993133) vcan0 712#72000000
(1779992700.057092) vcan0 710#FF000000
(1779992700.057140) vcan0 711#00000000
(1779992700.057167) vcan0 712#7F000000
(1779992700.057190) vcan0 714#00
(1779992700.057212) vcan0 604#00
(1779992700.057234) vcan0 713#01000000
(1779992700.121078) vcan0 710#FF000000
(1779992700.121125) vcan0 712#7F000000
(1779992700.185827) vcan0 710#FF000000
(1779992700.186110) vcan0 712#7F000000
(1779992700.249178) vcan0 710#FF000000
(1779992700.249248) vcan0 712#7F000000
(1779992700.249300) vcan0 606#00
(1779992700.267240) vcan0 711#00000000
(1779992700.267301) vcan0 714#00
(1779992700.267330) vcan0 604#00
(1779992700.267356) vcan0 713#01000000
(1779992700.313109) vcan0 710#FF000000
(1779992700.313162) vcan0 712#7F000000
(1779992700.377177) vcan0 710#FF000000
(1779992700.377259) vcan0 712#8C000000
(1779992700.441178) vcan0 710#FF000000
(1779992700.441283) vcan0 712#7F000000
(1779992700.473151) vcan0 711#00000000
(1779992700.473203) vcan0 714#00
(1779992700.473233) vcan0 604#00
(1779992700.473260) vcan0 713#01000000
(1779992700.505140) vcan0 710#FF000000
(1779992700.505190) vcan0 712#7F000000
(1779992700.570168) vcan0 710#FF000000
(1779992700.570269) vcan0 712#7F000000
(1779992700.634703) vcan0 710#FF000000
(1779992700.634973) vcan0 712#7F000000
(1779992700.682137) vcan0 711#00000000
(1779992700.682185) vcan0 714#00
(1779992700.682214) vcan0 604#00
(1779992700.682240) vcan0 713#01000000
(1779992700.698159) vcan0 710#FF000000
(1779992700.698208) vcan0 712#7F000000
(1779992700.762120) vcan0 710#FF000000
(1779992700.762167) vcan0 712#7F000000
(1779992700.762196) vcan0 606#00
(1779992700.826189) vcan0 710#FF000000
(1779992700.826267) vcan0 712#7F000000
(1779992700.889237) vcan0 710#FF000000
(1779992700.889304) vcan0 711#00000000
(1779992700.889355) vcan0 712#7F000000
(1779992700.889401) vcan0 714#00
(1779992700.889445) vcan0 604#00
(1779992700.889490) vcan0 713#01000000
(1779992700.953132) vcan0 710#FF000000
(1779992700.953189) vcan0 712#7F000000
(1779992701.017163) vcan0 710#FF000000
(1779992701.017206) vcan0 712#7F000000
(1779992701.081129) vcan0 710#FF000000
(1779992701.081193) vcan0 712#7F000000
(1779992701.097161) vcan0 711#00000000
(1779992701.097211) vcan0 714#00
(1779992701.097243) vcan0 604#00
(1779992701.097272) vcan0 713#01000000
(1779992701.145199) vcan0 710#FF000000
(1779992701.145268) vcan0 712#7F000000
(1779992701.209162) vcan0 710#FF000000
(1779992701.209226) vcan0 712#7F000000
(1779992701.273195) vcan0 710#FF000000
(1779992701.273303) vcan0 712#7F000000
(1779992701.273348) vcan0 606#00
(1779992701.305213) vcan0 711#00000000
(1779992701.305275) vcan0 714#00
(1779992701.305320) vcan0 604#00
(1779992701.305363) vcan0 713#01000000
(1779992701.337196) vcan0 710#FF000000
(1779992701.337263) vcan0 712#7F000000
(1779992701.401178) vcan0 710#FF000000
(1779992701.401261) vcan0 712#7F000000
(1779992701.465138) vcan0 710#FF000000
(1779992701.465187) vcan0 712#7F000000
(1779992701.513810) vcan0 711#00000000
(1779992701.514083) vcan0 714#00
(1779992701.514253) vcan0 604#00
(1779992701.514421) vcan0 713#01000000
(1779992701.529187) vcan0 710#FF000000
(1779992701.529232) vcan0 712#8C000000
(1779992701.594146) vcan0 710#FF000000
(1779992701.594193) vcan0 712#7F000000
(1779992701.658281) vcan0 710#FF000000
(1779992701.658332) vcan0 712#7F000000
(1779992701.722144) vcan0 710#FF000000
(1779992701.722187) vcan0 711#00000000
(1779992701.722212) vcan0 712#7F000000
(1779992701.722235) vcan0 714#00
(1779992701.722254) vcan0 604#00
(1779992701.722272) vcan0 713#01000000
(1779992701.786222) vcan0 710#FF000000
(1779992701.786269) vcan0 712#7F000000
(1779992701.786296) vcan0 606#01
(1779992701.850159) vcan0 710#FF000000
(1779992701.850202) vcan0 712#7F000000
(1779992701.913196) vcan0 710#00000000
(1779992701.913241) vcan0 712#7F000000
(1779992701.929155) vcan0 711#00000000
(1779992701.929193) vcan0 714#00
(1779992701.929218) vcan0 604#00
(1779992701.929241) vcan0 713#01000000
(1779992701.977224) vcan0 710#00000000
(1779992701.977312) vcan0 712#72000000
(1779992702.041197) vcan0 710#00000000
(1779992702.041257) vcan0 712#72000000
(1779992702.105174) vcan0 710#00000000
(1779992702.105222) vcan0 712#72000000
(1779992702.137161) vcan0 711#66000000
(1779992702.137201) vcan0 714#00
(1779992702.137225) vcan0 604#00
(1779992702.137247) vcan0 713#01000000
(1779992702.169153) vcan0 710#00000000
(1779992702.169195) vcan0 712#65000000
(1779992702.233154) vcan0 710#00000000
(1779992702.233205) vcan0 712#7F000000
(1779992702.297154) vcan0 710#00000000
(1779992702.297209) vcan0 712#7F000000
(1779992702.297245) vcan0 606#00
(1779992702.345213) vcan0 711#FF000000
(1779992702.345309) vcan0 714#00
(1779992702.345367) vcan0 604#00
(1779992702.345407) vcan0 713#01000000
(1779992702.361170) vcan0 710#00000000
(1779992702.361210) vcan0 712#7F000000
(1779992702.425798) vcan0 710#00000000
(1779992702.426125) vcan0 712#7F000000
(1779992702.489207) vcan0 710#00000000
(1779992702.489255) vcan0 712#7F000000
(1779992702.554771) vcan0 710#00000000
(1779992702.555038) vcan0 711#FF000000
(1779992702.555210) vcan0 712#8C000000
(1779992702.555365) vcan0 714#00
(1779992702.555506) vcan0 604#00
(1779992702.555647) vcan0 713#01000000
(1779992702.618191) vcan0 710#00000000
(1779992702.618238) vcan0 712#8C000000
(1779992702.682196) vcan0 710#00000000
(1779992702.682253) vcan0 712#8C000000
(1779992702.746252) vcan0 710#00000000
(1779992702.746342) vcan0 712#99000000
(1779992702.762214) vcan0 711#FF000000
(1779992702.762262) vcan0 714#00
(1779992702.762289) vcan0 604#00
(1779992702.762313) vcan0 713#01000000
(1779992702.810198) vcan0 710#00000000
(1779992702.810242) vcan0 712#99000000
(1779992702.810268) vcan0 606#00
(1779992702.873200) vcan0 710#00000000
(1779992702.873243) vcan0 712#99000000
(1779992702.937176) vcan0 710#00000000
(1779992702.937230) vcan0 712#99000000
(1779992702.969174) vcan0 711#FF000000
(1779992702.969213) vcan0 714#00
(1779992702.969237) vcan0 604#00
(1779992702.969262) vcan0 713#01000000
(1779992703.001216) vcan0 710#00000000
(1779992703.001278) vcan0 712#A5000000
(1779992703.065227) vcan0 710#00000000
(1779992703.065306) vcan0 712#A5000000
(1779992703.129297) vcan0 710#00000000
(1779992703.129358) vcan0 712#7F000000
(1779992703.177229) vcan0 711#00000000
(1779992703.177269) vcan0 714#00
(1779992703.177292) vcan0 604#00
(1779992703.177313) vcan0 713#01000000
(1779992703.193253) vcan0 710#00000000
(1779992703.193288) vcan0 712#7F000000
(1779992703.257241) vcan0 710#00000000
(1779992703.257305) vcan0 712#7F000000
(1779992703.321200) vcan0 710#00000000
(1779992703.321245) vcan0 712#7F000000
(1779992703.321268) vcan0 606#00
(1779992703.385213) vcan0 710#00000000
(1779992703.385263) vcan0 711#00000000
(1779992703.385364) vcan0 712#7F000000
(1779992703.385411) vcan0 714#00
(1779992703.385434) vcan0 604#00
(1779992703.385454) vcan0 713#01000000
(1779992703.449239) vcan0 710#00000000
(1779992703.449280) vcan0 712#7F000000
(1779992703.513190) vcan0 710#00000000
(1779992703.513246) vcan0 712#7F000000
(1779992703.578201) vcan0 710#00000000
(1779992703.578239) vcan0 712#7F000000
(1779992703.594203) vcan0 711#00000000
(1779992703.594237) vcan0 714#00
(1779992703.594258) vcan0 604#00
(1779992703.594278) vcan0 713#01000000
(1779992703.642199) vcan0 710#00000000
(1779992703.642239) vcan0 712#7F000000
(1779992703.706337) vcan0 710#00000000
(1779992703.706400) vcan0 712#7F000000
(1779992703.773554) vcan0 710#00000000
(1779992703.773602) vcan0 712#7F000000
(1779992703.802206) vcan0 711#00000000
(1779992703.802255) vcan0 714#00
(1779992703.802276) vcan0 604#00
(1779992703.802296) vcan0 713#01000000
(1779992703.834249) vcan0 710#00000000
(1779992703.834291) vcan0 712#7F000000
(1779992703.834315) vcan0 606#00
(1779992703.897879) vcan0 710#00000000
(1779992703.898163) vcan0 712#7F000000
(1779992703.961220) vcan0 710#00000000
(1779992703.961263) vcan0 712#7F000000
(1779992704.009212) vcan0 711#00000000
(1779992704.009250) vcan0 714#00
(1779992704.009272) vcan0 604#00
(1779992704.009293) vcan0 713#01000000
(1779992704.025254) vcan0 710#00000000
(1779992704.025296) vcan0 712#7F000000
(1779992704.089201) vcan0 710#00000000
(1779992704.089237) vcan0 712#7F000000
(1779992704.153218) vcan0 710#00000000
(1779992704.153257) vcan0 712#7F000000
(1779992704.217195) vcan0 710#00000000
(1779992704.217237) vcan0 711#00000000
(1779992704.217261) vcan0 712#7F000000
(1779992704.217282) vcan0 714#00
(1779992704.217300) vcan0 604#00
(1779992704.217320) vcan0 713#01000000
(1779992704.281227) vcan0 710#00000000
(1779992704.281263) vcan0 712#7F000000
(1779992704.345236) vcan0 710#00000000
(1779992704.345275) vcan0 712#7F000000
(1779992704.345299) vcan0 606#00
(1779992704.409225) vcan0 710#00000000
(1779992704.409260) vcan0 712#7F000000
(1779992704.425207) vcan0 711#00000000
(1779992704.425243) vcan0 714#00
(1779992704.425266) vcan0 604#00
(1779992704.425290) vcan0 713#01000000
(1779992704.473277) vcan0 710#00000000
(1779992704.473330) vcan0 712#7F000000
(1779992704.537231) vcan0 710#00000000
(1779992704.537283) vcan0 712#7F000000
(1779992704.602218) vcan0 710#00000000
(1779992704.602268) vcan0 712#7F000000
(1779992704.634235) vcan0 711#00000000
(1779992704.634270) vcan0 714#00
(1779992704.634293) vcan0 604#00
(1779992704.634314) vcan0 713#01000000
(1779992704.666247) vcan0 710#00000000
(1779992704.666295) vcan0 712#7F000000
(1779992704.730317) vcan0 710#00000000
(1779992704.730353) vcan0 712#7F000000
(1779992704.794229) vcan0 710#00000000
(1779992704.794262) vcan0 712#7F000000
(1779992704.842239) vcan0 711#00000000
(1779992704.842274) vcan0 714#00
(1779992704.842294) vcan0 604#00
(1779992704.842312) vcan0 713#01000000
(1779992704.857267) vcan0 710#00000000
(1779992704.857302) vcan0 712#7F000000
(1779992704.857325) vcan0 606#00
(1779992704.921206) vcan0 710#00000000
(1779992704.921244) vcan0 712#7F000000
(1779992704.985286) vcan0 710#00000000
(1779992704.985342) vcan0 712#7F000000
(1779992705.049261) vcan0 710#00000000
(1779992705.049309) vcan0 711#00000000
(1779992705.049346) vcan0 712#7F000000
(1779992705.049379) vcan0 714#00
(1779992705.049411) vcan0 604#00
(1779992705.049443) vcan0 713#01000000
(1779992705.113265) vcan0 710#00000000
(1779992705.113307) vcan0 712#7F000000
(1779992705.177234) vcan0 710#00000000
(1779992705.177268) vcan0 712#7F000000
(1779992705.241274) vcan0 710#00000000
(1779992705.241320) vcan0 712#7F000000
(1779992705.257214) vcan0 711#00000000
(1779992705.257244) vcan0 714#00
(1779992705.257262) vcan0 604#00
(1779992705.257279) vcan0 713#01000000
(1779992705.305242) vcan0 710#00000000
(1779992705.305276) vcan0 712#7F000000
(1779992705.369235) vcan0 710#00000000
(1779992705.369270) vcan0 712#7F000000
(1779992705.369292) vcan0 606#00
(1779992705.433244) vcan0 710#00000000
(1779992705.433286) vcan0 712#7F000000
(1779992705.465263) vcan0 711#00000000
(1779992705.465296) vcan0 714#00
(1779992705.465315) vcan0 604#00
(1779992705.465333) vcan0 713#01000000
(1779992705.497232) vcan0 710#00000000
(1779992705.497269) vcan0 712#7F000000
(1779992705.562892) vcan0 710#00000000
(1779992705.562992) vcan0 712#7F000000
(1779992705.626246) vcan0 710#00000000
(1779992705.626280) vcan0 712#7F000000
(1779992705.674251) vcan0 711#00000000
(1779992705.674287) vcan0 714#00
(1779992705.674306) vcan0 604#00
(1779992705.674323) vcan0 713#01000000
(1779992705.690255) vcan0 710#00000000
(1779992705.690294) vcan0 712#7F000000
