(1779992951.756770) vcan0 710#00000000
(1779992951.756804) vcan0 712#7F000000
(1779992951.820760) vcan0 710#00000000
(1779992951.820794) vcan0 712#7F000000
(1779992951.883741) vcan0 710#00000000
(1779992951.883779) vcan0 712#7F000000
(1779992951.931775) vcan0 711#00000000
(1779992951.931810) vcan0 714#00
(1779992951.931829) vcan0 604#00
(1779992951.931848) vcan0 713#01000000
(1779992951.947758) vcan0 710#00000000
(1779992951.947792) vcan0 712#7F000000
(1779992952.011734) vcan0 710#00000000
(1779992952.011771) vcan0 712#7F000000
(1779992952.075749) vcan0 710#00000000
(1779992952.075784) vcan0 712#7F000000
(1779992952.139743) vcan0 710#00000000
(1779992952.139776) vcan0 711#00000000
(1779992952.139796) vcan0 712#7F000000
(1779992952.139812) vcan0 714#00
(1779992952.139828) vcan0 604#00
(1779992952.139843) vcan0 606#00
(1779992952.139858) vcan0 713#01000000
(1779992952.203724) vcan0 710#00000000
(1779992952.203760) vcan0 712#7F000000
(1779992952.267754) vcan0 710#00000000
(1779992952.267793) vcan0 712#7F000000
(1779992952.331723) vcan0 710#00000000
(1779992952.331762) vcan0 712#7F000000
(1779992952.347758) vcan0 711#00000000
(1779992952.347801) vcan0 714#00
(1779992952.347826) vcan0 604#00
(1779992952.347848) vcan0 713#01000000
(1779992952.395727) vcan0 710#00000000
(1779992952.395763) vcan0 712#7F000000
(1779992952.459743) vcan0 710#00000000
(1779992952.459782) vcan0 712#7F000000
(1779992952.524731) vcan0 710#00000000
(1779992952.524772) vcan0 712#7F000000
(1779992952.556717) vcan0 711#00000000
(1779992952.556748) vcan0 714#00
(1779992952.556767) vcan0 604#00
(1779992952.556785) vcan0 713#01000000
(1779992952.588710) vcan0 710#00000000
(1779992952.588743) vcan0 712#7F000000
(1779992952.652709) vcan0 710#00000000
(1779992952.652744) vcan0 712#7F000000
(1779992952.652765) vcan0 606#00
(1779992952.716708) vcan0 710#00000000
(1779992952.716748) vcan0 712#7F000000
(1779992952.764722) vcan0 711#00000000
(1779992952.764754) vcan0 714#00
(1779992952.764773) vcan0 604#00
(1779992952.764791) vcan0 713#01000000
(1779992952.780695) vcan0 710#00000000
(1779992952.780726) vcan0 712#7F000000
(1779992952.843712) vcan0 710#00000000
(1779992952.843748) vcan0 712#7F000000
(1779992952.907705) vcan0 710#00000000
(1779992952.907740) vcan0 712#7F000000
(1779992952.971715) vcan0 710#00000000
(1779992952.971746) vcan0 711#00000000
(1779992952.971766) vcan0 712#7F000000
(1779992952.971782) vcan0 714#00
(1779992952.971798) vcan0 604#00
(1779992952.971813) vcan0 713#01000000
(1779992953.035721) vcan0 710#00000000
(1779992953.035757) vcan0 712#7F000000
(1779992953.099678) vcan0 710#00000000
(1779992953.099712) vcan0 712#7F000000
(1779992953.163715) vcan0 710#00000000
(1779992953.163750) vcan0 712#7F000000
(1779992953.163770) vcan0 606#00
(1779992953.179686) vcan0 711#00000000
(1779992953.179719) vcan0 714#00
(1779992953.179739) vcan0 604#00
(1779992953.179756) vcan0 713#01000000
(1779992953.227739) vcan0 710#00000000
(1779992953.227796) vcan0 712#7F000000
(1779992953.291706) vcan0 710#00000000
(1779992953.291742) vcan0 712#7F000000
(1779992953.355663) vcan0 710#00000000
(1779992953.355697) vcan0 712#7F000000
(1779992953.387664) vcan0 711#00000000
(1779992953.387698) vcan0 714#00
(1779992953.387720) vcan0 604#00
(1779992953.387742) vcan0 713#01000000
(1779992953.419664) vcan0 710#00000000
(1779992953.419695) vcan0 712#7F000000
(1779992953.483698) vcan0 710#00000000
(1779992953.483730) vcan0 712#7F000000
(1779992953.548700) vcan0 710#00000000
(1779992953.548736) vcan0 712#7F000000
(1779992953.596684) vcan0 711#00000000
(1779992953.596715) vcan0 714#00
(1779992953.596735) vcan0 604#00
(1779992953.596754) vcan0 713#01000000
(1779992953.612655) vcan0 710#00000000
(1779992953.612688) vcan0 712#7F000000
(1779992953.676776) vcan0 710#00000000
(1779992953.676827) vcan0 712#7F000000
(1779992953.676849) vcan0 606#00
(1779992953.740680) vcan0 710#00000000
(1779992953.740720) vcan0 712#7F000000
(1779992953.804755) vcan0 710#00000000
(1779992953.804803) vcan0 711#00000000
(1779992953.804841) vcan0 712#7F000000
(1779992953.804875) vcan0 714#00
(1779992953.804908) vcan0 604#00
(1779992953.804941) vcan0 713#01000000
(1779992953.867678) vcan0 710#00000000
(1779992953.867713) vcan0 712#7F000000
(1779992953.931669) vcan0 710#00000000
(1779992953.931705) vcan0 712#7F000000
(1779992953.995633) vcan0 710#00000000
(1779992953.995669) vcan0 712#7F000000
(1779992954.011646) vcan0 711#00000000
(1779992954.011681) vcan0 714#00
(1779992954.011703) vcan0 604#00
(1779992954.011725) vcan0 713#01000000
(1779992954.059668) vcan0 710#00000000
(1779992954.059702) vcan0 712#7F000000
(1779992954.123655) vcan0 710#00000000
(1779992954.123693) vcan0 712#7F000000
(1779992954.187640) vcan0 710#00000000
(1779992954.187678) vcan0 712#7F000000
(1779992954.187699) vcan0 606#00
(1779992954.219655) vcan0 711#00000000
(1779992954.219688) vcan0 714#00
(1779992954.219707) vcan0 604#00
(1779992954.219725) vcan0 713#01000000
(1779992954.252142) vcan0 710#00000000
(1779992954.252418) vcan0 712#7F000000
(1779992954.315630) vcan0 710#00000000
(1779992954.315665) vcan0 712#7F000000
(1779992954.379656) vcan0 710#00000000
(1779992954.379690) vcan0 712#7F000000
(1779992954.427622) vcan0 711#00000000
(1779992954.427656) vcan0 714#00
(1779992954.427674) vcan0 604#00
(1779992954.427692) vcan0 713#01000000
(1779992954.443651) vcan0 710#00000000
(1779992954.443684) vcan0 712#7F000000
(1779992954.507659) vcan0 710#00000000
(1779992954.507697) vcan0 712#7F000000
(1779992954.572688) vcan0 710#00000000
(1779992954.572729) vcan0 712#7F000000
(1779992954.636616) vcan0 710#00000000
(1779992954.636649) vcan0 711#00000000
(1779992954.636669) vcan0 712#7F000000
(1779992954.636685) vcan0 714#00
(1779992954.636700) vcan0 604#00
(1779992954.636716) vcan0 713#01000000
(1779992954.700649) vcan0 710#00000000
(1779992954.700693) vcan0 712#7F000000
(1779992954.700715) vcan0 606#00
(1779992954.764651) vcan0 710#00000000
(1779992954.764697) vcan0 712#7F000000
(1779992954.828602) vcan0 710#00000000
(1779992954.828643) vcan0 712#7F000000
(1779992954.843584) vcan0 711#00000000
(1779992954.843611) vcan0 714#00
(1779992954.843629) vcan0 604#00
(1779992954.843645) vcan0 713#01000000
(1779992954.891615) vcan0 710#00000000
(1779992954.891651) vcan0 712#7F000000
(1779992954.955626) vcan0 710#00000000
(1779992954.955663) vcan0 712#7F000000
(1779992955.019656) vcan0 710#00000000
(1779992955.019700) vcan0 712#7F000000
(1779992955.051609) vcan0 711#00000000
(1779992955.051642) vcan0 714#00
(1779992955.051662) vcan0 604#00
(1779992955.051680) vcan0 713#01000000
(1779992955.083626) vcan0 710#00000000
(1779992955.083665) vcan0 712#7F000000
(1779992955.147620) vcan0 710#00000000
(1779992955.147664) vcan0 712#7F000000
(1779992955.211601) vcan0 710#00000000
(1779992955.211636) vcan0 712#7F000000
(1779992955.211657) vcan0 606#00
(1779992955.259628) vcan0 711#00000000
(1779992955.259698) vcan0 714#00
(1779992955.259717) vcan0 604#00
(1779992955.259737) vcan0 713#01000000
(1779992955.275671) vcan0 710#00000000
(1779992955.275725) vcan0 712#7F000000
(1779992955.339577) vcan0 710#00000000
(1779992955.339614) vcan0 712#7F000000
(1779992955.403591) vcan0 710#00000000
(1779992955.403627) vcan0 712#7F000000
(1779992955.467601) vcan0 710#00000000
(1779992955.467636) vcan0 711#00000000
(1779992955.467656) vcan0 712#7F000000
(1779992955.467673) vcan0 714#00
(1779992955.467689) vcan0 604#00
(1779992955.467705) vcan0 713#01000000
(1779992955.532598) vcan0 710#00000000
(1779992955.532634) vcan0 712#7F000000
(1779992955.596568) vcan0 710#00000000
(1779992955.596604) vcan0 712#7F000000
(1779992955.660596) vcan0 710#00000000
(1779992955.660634) vcan0 712#7F000000
(1779992955.676566) vcan0 711#00000000
(1779992955.676595) vcan0 714#00
(1779992955.676613) vcan0 604#00
(1779992955.676631) vcan0 713#01000000
(1779992955.724594) vcan0 710#00000000
(1779992955.724640) vcan0 712#7F000000
(1779992955.724661) vcan0 606#00
(1779992955.788629) vcan0 710#00000000
(1779992955.788681) vcan0 712#7F000000
(1779992955.851560) vcan0 710#00000000
(1779992955.851596) vcan0 712#7F000000
(1779992955.883537) vcan0 711#00000000
(1779992955.883569) vcan0 714#00
(1779992955.883587) vcan0 604#00
(1779992955.883605) vcan0 713#01000000
(1779992955.915588) vcan0 710#00000000
(1779992955.915626) vcan0 712#7F000000
(1779992955.979565) vcan0 710#00000000
(1779992955.979600) vcan0 712#7F000000
(1779992956.043613) vcan0 710#00000000
(1779992956.043669) vcan0 712#7F000000
(1779992956.091542) vcan0 711#00000000
(1779992956.091583) vcan0 714#00
(1779992956.091606) vcan0 604#00
(1779992956.091626) vcan0 713#01000000
(1779992956.107562) vcan0 710#00000000
(1779992956.107599) vcan0 712#7F000000
(1779992956.171524) vcan0 710#00000000
(1779992956.171558) vcan0 712#7F000000
(1779992956.235553) vcan0 710#00000000
(1779992956.235587) vcan0 712#7F000000
(1779992956.235608) vcan0 606#00
(1779992956.299578) vcan0 710#00000000
(1779992956.299616) vcan0 711#00000000
(1779992956.299638) vcan0 712#7F000000
(1779992956.299656) vcan0 714#00
(1779992956.299672) vcan0 604#00
(1779992956.299689) vcan0 713#01000000
(1779992956.363523) vcan0 710#00000000
(1779992956.363557) vcan0 712#7F000000
(1779992956.427521) vcan0 710#00000000
(1779992956.427553) vcan0 712#7F000000
(1779992956.491539) vcan0 710#00000000
(1779992956.491575) vcan0 712#7F000000
(1779992956.507586) vcan0 711#00000000
(1779992956.507643) vcan0 714#00
(1779992956.507672) vcan0 604#00
(1779992956.507697) vcan0 713#01000000
(1779992956.556553) vcan0 710#00000000
(1779992956.556595) vcan0 712#7F000000
(1779992956.620522) vcan0 710#00000000
(1779992956.620563) vcan0 712#7F000000
(1779992956.684518) vcan0 710#00000000
(1779992956.684553) vcan0 712#7F000000
(1779992956.716593) vcan0 711#00000000
(1779992956.716644) vcan0 714#00
(1779992956.716679) vcan0 604#00
(1779992956.716713) vcan0 713#01000000
(1779992956.748514) vcan0 710#00000000
(1779992956.748548) vcan0 712#7F000000
(1779992956.748568) vcan0 606#00
(1779992956.812522) vcan0 710#00000000
(1779992956.812560) vcan0 712#7F000000
(1779992956.875482) vcan0 710#00000000
(1779992956.875515) vcan0 712#7F000000
(1779992956.923506) vcan0 711#00000000
(1779992956.923541) vcan0 714#00
(1779992956.923560) vcan0 604#00
(1779992956.923577) vcan0 713#01000000
(1779992956.939526) vcan0 710#00000000
(1779992956.939561) vcan0 712#7F000000
(1779992957.003533) vcan0 710#00000000
(1779992957.003573) vcan0 712#7F000000
(1779992957.067535) vcan0 710#00000000
(1779992957.067575) vcan0 712#7F000000
(1779992957.131508) vcan0 710#00000000
(1779992957.131543) vcan0 711#00000000
(1779992957.131564) vcan0 712#7F000000
(1779992957.131580) vcan0 714#00
(1779992957.131596) vcan0 604#00
(1779992957.131611) vcan0 713#01000000
(1779992957.195522) vcan0 710#00000000
(1779992957.195601) vcan0 712#7F000000
(1779992957.259526) vcan0 710#00000000
(1779992957.259568) vcan0 712#7F000000
(1779992957.259592) vcan0 606#00
(1779992957.323515) vcan0 710#00000000
(1779992957.323559) vcan0 712#7F000000
(1779992957.339496) vcan0 711#00000000
(1779992957.339537) vcan0 714#00
(1779992957.339560) vcan0 604#00
(1779992957.339580) vcan0 713#01000000
(1779992957.387520) vcan0 710#00000000
(1779992957.387560) vcan0 712#7F000000
(1779992957.451491) vcan0 710#00000000
(1779992957.451533) vcan0 712#7F000000
(1779992957.515468) vcan0 710#00000000
(1779992957.515507) vcan0 712#7F000000
(1779992957.548502) vcan0 711#00000000
(1779992957.548534) vcan0 714#00
(1779992957.548554) vcan0 604#00
(1779992957.548572) vcan0 713#01000000
(1779992957.580447) vcan0 710#00000000
(1779992957.580477) vcan0 712#7F000000
(1779992957.644485) vcan0 710#00000000
(1779992957.644527) vcan0 712#7F000000
(1779992957.709068) vcan0 710#00000000
(1779992957.709332) vcan0 712#7F000000
(1779992957.756477) vcan0 711#00000000
(1779992957.756510) vcan0 714#00
(1779992957.756529) vcan0 604#00
(1779992957.756547) vcan0 713#01000000
(1779992957.773658) vcan0 710#00000000
(1779992957.774024) vcan0 712#7F000000
(1779992957.774301) vcan0 606#00
(1779992957.836456) vcan0 710#00000000
(1779992957.836509) vcan0 712#7F000000
(1779992957.899503) vcan0 710#00000000
(1779992957.899542) vcan0 712#7F000000
(1779992957.963488) vcan0 710#00000000
(1779992957.963520) vcan0 711#00000000
(1779992957.963541) vcan0 712#7F000000
(1779992957.963559) vcan0 714#00
(1779992957.963574) vcan0 604#00
(1779992957.963590) vcan0 713#01000000
(1779992958.027459) vcan0 710#00000000
(1779992958.027496) vcan0 712#7F000000
(1779992958.091459) vcan0 710#00000000
(1779992958.091496) vcan0 712#7F000000
(1779992958.155487) vcan0 710#00000000
(1779992958.155524) vcan0 712#7F000000
(1779992958.171481) vcan0 711#00000000
(1779992958.171514) vcan0 714#00
(1779992958.171532) vcan0 604#00
(1779992958.171549) vcan0 713#01000000
(1779992958.219454) vcan0 710#00000000
(1779992958.219496) vcan0 712#7F000000
(1779992958.283603) vcan0 710#00000000
(1779992958.283638) vcan0 712#7F000000
(1779992958.283658) vcan0 606#00
(1779992958.347441) vcan0 710#00000000
(1779992958.347480) vcan0 712#7F000000
(1779992958.379814) vcan0 711#00000000
(1779992958.379857) vcan0 714#00
(1779992958.379925) vcan0 604#00
(1779992958.379951) vcan0 713#01000000
(1779992958.411463) vcan0 710#00000000
(1779992958.411503) vcan0 712#7F000000
(1779992958.475464) vcan0 710#00000000
(1779992958.475509) vcan0 712#7F000000
(1779992958.540508) vcan0 710#00000000
(1779992958.540552) vcan0 712#7F000000
(1779992958.588440) vcan0 711#00000000
(1779992958.588487) vcan0 714#00
(1779992958.588514) vcan0 604#00
(1779992958.588537) vcan0 713#01000000
(1779992958.604415) vcan0 710#00000000
(1779992958.604451) vcan0 712#7F000000
(1779992958.668458) vcan0 710#00000000
(1779992958.668500) vcan0 712#7F000000
(1779992958.732410) vcan0 710#4C000000
(1779992958.732452) vcan0 712#7F000000
(1779992958.796420) vcan0 710#B2000000
(1779992958.796467) vcan0 711#00000000
(1779992958.796494) vcan0 712#8C000000
(1779992958.796517) vcan0 714#00
(1779992958.796537) vcan0 604#00
(1779992958.796558) vcan0 606#00
(1779992958.796573) vcan0 713#01000000
(1779992958.859403) vcan0 710#FF000000
(1779992958.859435) vcan0 712#8C000000
(1779992958.923427) vcan0 710#FF000000
(1779992958.923462) vcan0 712#8C000000
(1779992958.987422) vcan0 710#FF000000
(1779992958.987465) vcan0 712#99000000
(1779992959.003421) vcan0 711#00000000
(1779992959.003459) vcan0 714#00
(1779992959.003480) vcan0 604#00
(1779992959.003501) vcan0 713#01000000
(1779992959.051417) vcan0 710#FF000000
(1779992959.051457) vcan0 712#99000000
(1779992959.116086) vcan0 710#FF000000
(1779992959.116349) vcan0 712#99000000
(1779992959.179446) vcan0 710#FF000000
(1779992959.179491) vcan0 712#A5000000
(1779992959.211433) vcan0 711#00000000
(1779992959.211465) vcan0 714#00
(1779992959.211485) vcan0 604#00
(1779992959.211504) vcan0 713#01000000
(1779992959.243515) vcan0 710#FF000000
(1779992959.243569) vcan0 712#A5000000
(1779992959.307407) vcan0 710#FF000000
(1779992959.307454) vcan0 712#A5000000
(1779992959.307483) vcan0 606#00
(1779992959.371412) vcan0 710#FF000000
(1779992959.371451) vcan0 712#B2000000
(1779992959.419440) vcan0 711#00000000
(1779992959.419483) vcan0 714#00
(1779992959.419506) vcan0 604#00
(1779992959.419527) vcan0 713#01000000
(1779992959.435393) vcan0 710#FF000000
(1779992959.435431) vcan0 712#B2000000
(1779992959.499485) vcan0 710#FF000000
(1779992959.499545) vcan0 712#B2000000
(1779992959.564500) vcan0 710#FF000000
(1779992959.564548) vcan0 712#BF000000
(1779992959.628389) vcan0 710#FF000000
(1779992959.628430) vcan0 711#00000000
(1779992959.628453) vcan0 712#BF000000
(1779992959.628474) vcan0 714#00
(1779992959.628492) vcan0 604#00
(1779992959.628510) vcan0 713#01000000
(1779992959.692380) vcan0 710#FF000000
(1779992959.692415) vcan0 712#BF000000
(1779992959.756386) vcan0 710#FF000000
(1779992959.756421) vcan0 712#CC000000
(1779992959.820368) vcan0 710#FF000000
(1779992959.820404) vcan0 712#CC000000
(1779992959.820426) vcan0 606#00
(1779992959.836319) vcan0 711#00000000
(1779992959.836353) vcan0 714#00
(1779992959.836371) vcan0 604#00
(1779992959.836389) vcan0 713#01000000
(1779992959.884157) vcan0 710#FF000000
(1779992959.884478) vcan0 712#CC000000
(1779992959.948229) vcan0 710#FF000000
(1779992959.948604) vcan0 712#CC000000
(1779992960.011414) vcan0 710#FF000000
(1779992960.011453) vcan0 712#D8000000
(1779992960.043410) vcan0 711#00000000
(1779992960.043444) vcan0 714#00
(1779992960.043462) vcan0 604#00
(1779992960.043480) vcan0 713#01000000
(1779992960.075380) vcan0 710#FF000000
(1779992960.075416) vcan0 712#7F000000
(1779992960.139391) vcan0 710#FF000000
(1779992960.139427) vcan0 712#7F000000
(1779992960.203383) vcan0 710#FF000000
(1779992960.203419) vcan0 712#7F000000
(1779992960.252054) vcan0 711#00000000
(1779992960.252313) vcan0 714#00
(1779992960.252487) vcan0 604#00
(1779992960.252645) vcan0 713#01000000
(1779992960.267371) vcan0 710#FF000000
(1779992960.267403) vcan0 712#7F000000
(1779992960.331337) vcan0 710#FF000000
(1779992960.331372) vcan0 712#7F000000
(1779992960.331393) vcan0 606#00
(1779992960.395368) vcan0 710#FF000000
(1779992960.395406) vcan0 712#7F000000
(1779992960.459321) vcan0 710#FF000000
(1779992960.459356) vcan0 711#00000000
(1779992960.459376) vcan0 712#7F000000
(1779992960.459393) vcan0 714#00
(1779992960.459408) vcan0 604#00
(1779992960.459425) vcan0 713#01000000
(1779992960.524364) vcan0 710#FF000000
(1779992960.524410) vcan0 712#7F000000
(1779992960.589006) vcan0 710#FF000000
(1779992960.589588) vcan0 712#7F000000
(1779992960.652360) vcan0 710#FF000000
(1779992960.652398) vcan0 712#7F000000
(1779992960.668305) vcan0 711#00000000
(1779992960.668337) vcan0 714#00
(1779992960.668359) vcan0 604#00
(1779992960.668377) vcan0 713#01000000
(1779992960.716320) vcan0 710#FF000000
(1779992960.716352) vcan0 712#7F000000
(1779992960.780327) vcan0 710#FF000000
(1779992960.780376) vcan0 712#8C000000
(1779992960.843326) vcan0 710#FF000000
(1779992960.843366) vcan0 712#8C000000
(1779992960.843390) vcan0 606#00
(1779992960.875295) vcan0 711#00000000
(1779992960.875329) vcan0 714#00
(1779992960.875351) vcan0 604#00
(1779992960.875371) vcan0 713#01000000
(1779992960.907338) vcan0 710#FF000000
(1779992960.907372) vcan0 712#8C000000
(1779992960.971329) vcan0 710#FF000000
(1779992960.971375) vcan0 712#99000000
(1779992961.035306) vcan0 710#FF000000
(1779992961.035343) vcan0 712#99000000
(1779992961.083350) vcan0 711#00000000
(1779992961.083385) vcan0 714#00
(1779992961.083405) vcan0 604#00
(1779992961.083424) vcan0 713#01000000
(1779992961.099309) vcan0 710#FF000000
(1779992961.099344) vcan0 712#99000000
(1779992961.163350) vcan0 710#FF000000
(1779992961.163397) vcan0 712#A5000000
(1779992961.227295) vcan0 710#FF000000
(1779992961.227331) vcan0 712#A5000000
(1779992961.291924) vcan0 710#FF000000
(1779992961.292231) vcan0 711#00000000
(1779992961.292442) vcan0 712#A5000000
(1779992961.292633) vcan0 714#00
(1779992961.292789) vcan0 604#00
(1779992961.292951) vcan0 713#01000000
(1779992961.355342) vcan0 710#FF000000
(1779992961.355392) vcan0 712#7F000000
(1779992961.355429) vcan0 606#00
(1779992961.419320) vcan0 710#FF000000
(1779992961.419367) vcan0 712#7F000000
(1779992961.483369) vcan0 710#FF000000
(1779992961.483429) vcan0 712#7F000000
(1779992961.499289) vcan0 711#00000000
(1779992961.499330) vcan0 714#00
(1779992961.499351) vcan0 604#00
(1779992961.499369) vcan0 713#01000000
(1779992961.548286) vcan0 710#FF000000
(1779992961.548327) vcan0 712#7F000000
(1779992961.612314) vcan0 710#FF000000
(1779992961.612347) vcan0 712#7F000000
(1779992961.676283) vcan0 710#FF000000
(1779992961.676319) vcan0 712#7F000000
(1779992961.708298) vcan0 711#00000000
(1779992961.708338) vcan0 714#00
(1779992961.708362) vcan0 604#00
(1779992961.708380) vcan0 713#01000000
(1779992961.740855) vcan0 710#FF000000
(1779992961.741152) vcan0 712#72000000
(1779992961.804272) vcan0 710#FF000000
(1779992961.804314) vcan0 712#72000000
(1779992961.867277) vcan0 710#FF000000
(1779992961.867311) vcan0 712#7F000000
(1779992961.867332) vcan0 606#00
(1779992961.915268) vcan0 711#00000000
(1779992961.915303) vcan0 714#00
(1779992961.915323) vcan0 604#00
(1779992961.915342) vcan0 713#01000000
(1779992961.931295) vcan0 710#FF000000
(1779992961.931329) vcan0 712#7F000000
(1779992961.995312) vcan0 710#FF000000
(1779992961.995348) vcan0 712#7F000000
(1779992962.059272) vcan0 710#FF000000
(1779992962.059309) vcan0 712#7F000000
(1779992962.123330) vcan0 710#FF000000
(1779992962.123380) vcan0 711#00000000
(1779992962.123417) vcan0 712#8C000000
(1779992962.123451) vcan0 714#00
(1779992962.123484) vcan0 604#00
(1779992962.123517) vcan0 713#01000000
(1779992962.187244) vcan0 710#FF000000
(1779992962.187305) vcan0 712#8C000000
(1779992962.251244) vcan0 710#FF000000
(1779992962.251285) vcan0 712#8C000000
(1779992962.315277) vcan0 710#FF000000
(1779992962.315343) vcan0 712#99000000
(1779992962.331270) vcan0 711#00000000
(1779992962.331309) vcan0 714#00
(1779992962.331328) vcan0 604#00
(1779992962.331347) vcan0 713#01000000
(1779992962.379239) vcan0 710#FF000000
(1779992962.379276) vcan0 712#99000000
(1779992962.379298) vcan0 606#00
(1779992962.443287) vcan0 710#FF000000
(1779992962.443363) vcan0 712#7F000000
(1779992962.507292) vcan0 710#FF000000
(1779992962.507405) vcan0 712#7F000000
(1779992962.540290) vcan0 711#00000000
(1779992962.540341) vcan0 714#00
(1779992962.540377) vcan0 604#00
(1779992962.540411) vcan0 713#01000000
(1779992962.572936) vcan0 710#FF000000
(1779992962.572985) vcan0 712#7F000000
(1779992962.637023) vcan0 710#FF000000
(1779992962.637324) vcan0 712#7F000000
(1779992962.700255) vcan0 710#FF000000
(1779992962.700290) vcan0 712#7F000000
(1779992962.748273) vcan0 711#00000000
(1779992962.748305) vcan0 714#00
(1779992962.748324) vcan0 604#00
(1779992962.748342) vcan0 713#01000000
(1779992962.764286) vcan0 710#FF000000
(1779992962.764326) vcan0 712#7F000000
(1779992962.828245) vcan0 710#FF000000
(1779992962.828289) vcan0 712#7F000000
(1779992962.891234) vcan0 710#FF000000
(1779992962.891268) vcan0 712#72000000
(1779992962.891288) vcan0 606#00
(1779992962.955245) vcan0 710#00000000
(1779992962.955280) vcan0 711#00000000
(1779992962.955300) vcan0 712#7F000000
(1779992962.955317) vcan0 714#00
(1779992962.955333) vcan0 604#00
(1779992962.955348) vcan0 713#01000000
(1779992963.019182) vcan0 710#00000000
(1779992963.019216) vcan0 712#7F000000
(1779992963.083220) vcan0 710#00000000
(1779992963.083259) vcan0 712#7F000000
(1779992963.147196) vcan0 710#00000000
(1779992963.147232) vcan0 712#7F000000
(1779992963.163229) vcan0 711#00000000
(1779992963.163268) vcan0 714#00
(1779992963.163289) vcan0 604#00
(1779992963.163306) vcan0 713#01000000
(1779992963.211203) vcan0 710#00000000
(1779992963.211238) vcan0 712#7F000000
(1779992963.275709) vcan0 710#00000000
(1779992963.275958) vcan0 712#7F000000
(1779992963.340065) vcan0 710#00000000
(1779992963.341356) vcan0 712#7F000000
(1779992963.371921) vcan0 711#00000000
(1779992963.372169) vcan0 714#00
(1779992963.372326) vcan0 604#00
(1779992963.372471) vcan0 713#01000000
(1779992963.403203) vcan0 710#00000000
(1779992963.403238) vcan0 712#7F000000
(1779992963.403258) vcan0 606#00
(1779992963.467202) vcan0 710#00000000
(1779992963.467240) vcan0 712#7F000000
(1779992963.532221) vcan0 710#00000000
(1779992963.532266) vcan0 712#7F000000
(1779992963.580203) vcan0 711#00000000
(1779992963.580240) vcan0 714#00
(1779992963.580259) vcan0 604#00
(1779992963.580278) vcan0 713#01000000
(1779992963.596186) vcan0 710#00000000
(1779992963.596218) vcan0 712#7F000000
(1779992963.660261) vcan0 710#00000000
(1779992963.660302) vcan0 712#7F000000
(1779992963.724181) vcan0 710#00000000
(1779992963.724219) vcan0 712#7F000000
(1779992963.788208) vcan0 710#00000000
(1779992963.788245) vcan0 711#00000000
(1779992963.788266) vcan0 712#7F000000
(1779992963.788283) vcan0 714#00
(1779992963.788300) vcan0 604#00
(1779992963.788317) vcan0 713#01000000
(1779992963.851201) vcan0 710#00000000
(1779992963.851238) vcan0 712#7F000000
(1779992963.915134) vcan0 710#00000000
(1779992963.915170) vcan0 712#7F000000
(1779992963.915192) vcan0 606#00
(1779992963.979159) vcan0 710#00000000
(1779992963.979199) vcan0 712#7F000000
(1779992963.995127) vcan0 711#00000000
(1779992963.995161) vcan0 714#00
(1779992963.995180) vcan0 604#00
(1779992963.995197) vcan0 713#01000000
(1779992964.043170) vcan0 710#00000000
(1779992964.043206) vcan0 712#7F000000
(1779992964.107185) vcan0 710#00000000
(1779992964.107227) vcan0 712#7F000000
(1779992964.171171) vcan0 710#00000000
(1779992964.171207) vcan0 712#7F000000
(1779992964.203162) vcan0 711#00000000
(1779992964.203200) vcan0 714#00
(1779992964.203218) vcan0 604#00
(1779992964.203236) vcan0 713#01000000
(1779992964.235115) vcan0 710#00000000
(1779992964.235152) vcan0 712#7F000000
(1779992964.299138) vcan0 710#00000000
(1779992964.299172) vcan0 712#7F000000
(1779992964.363162) vcan0 710#00000000
(1779992964.363196) vcan0 712#7F000000
(1779992964.411113) vcan0 711#00000000
(1779992964.411143) vcan0 714#00
(1779992964.411161) vcan0 604#00
(1779992964.411178) vcan0 713#01000000
(1779992964.427102) vcan0 710#00000000
(1779992964.427135) vcan0 712#7F000000
(1779992964.427156) vcan0 606#00
(1779992964.491132) vcan0 710#00000000
(1779992964.491171) vcan0 712#7F000000
(1779992964.556164) vcan0 710#00000000
(1779992964.556202) vcan0 712#7F000000
(1779992964.620140) vcan0 710#00000000
(1779992964.620179) vcan0 711#00000000
(1779992964.620199) vcan0 712#7F000000
(1779992964.620216) vcan0 714#00
(1779992964.620231) vcan0 604#00
(1779992964.620245) vcan0 713#01000000
(1779992964.684163) vcan0 710#00000000
(1779992964.684201) vcan0 712#7F000000
(1779992964.748111) vcan0 710#00000000
(1779992964.748145) vcan0 712#7F000000
(1779992964.812137) vcan0 710#00000000
(1779992964.812174) vcan0 712#7F000000
(1779992964.828123) vcan0 711#00000000
(1779992964.828155) vcan0 714#00
(1779992964.828174) vcan0 604#00
(1779992964.828191) vcan0 713#01000000
(1779992964.875092) vcan0 710#00000000
(1779992964.875130) vcan0 712#7F000000
(1779992964.939129) vcan0 710#00000000
(1779992964.939164) vcan0 712#7F000000
(1779992964.939185) vcan0 606#00
(1779992965.003112) vcan0 710#00000000
(1779992965.003152) vcan0 712#7F000000
(1779992965.035108) vcan0 711#00000000
(1779992965.035141) vcan0 714#00
(1779992965.035160) vcan0 604#00
(1779992965.035178) vcan0 713#01000000
(1779992965.067091) vcan0 710#00000000
(1779992965.067122) vcan0 712#7F000000
(1779992965.131109) vcan0 710#00000000
(1779992965.131145) vcan0 712#7F000000
(1779992965.195117) vcan0 710#00000000
(1779992965.195157) vcan0 712#7F000000
(1779992965.243088) vcan0 711#00000000
(1779992965.243124) vcan0 714#00
(1779992965.243146) vcan0 604#00
(1779992965.243166) vcan0 713#01000000
(1779992965.259115) vcan0 710#00000000
(1779992965.259148) vcan0 712#7F000000
(1779992965.323769) vcan0 710#00000000
(1779992965.324025) vcan0 712#7F000000
(1779992965.387098) vcan0 710#00000000
(1779992965.387209) vcan0 712#7F000000
(1779992965.451739) vcan0 710#00000000
(1779992965.451976) vcan0 711#00000000
(1779992965.452148) vcan0 712#7F000000
(1779992965.452299) vcan0 714#00
(1779992965.452430) vcan0 604#00
(1779992965.452574) vcan0 606#00
(1779992965.452731) vcan0 713#01000000
(1779992965.515073) vcan0 710#00000000
(1779992965.515116) vcan0 712#7F000000
(1779992965.580084) vcan0 710#00000000
(1779992965.580118) vcan0 712#7F000000
(1779992965.644086) vcan0 710#00000000
(1779992965.644124) vcan0 712#7F000000
(1779992965.660055) vcan0 711#00000000
(1779992965.660080) vcan0 714#00
(1779992965.660097) vcan0 604#00
(1779992965.660112) vcan0 713#01000000
(1779992965.708067) vcan0 710#00000000
(1779992965.708102) vcan0 712#7F000000
(1779992965.772070) vcan0 710#00000000
(1779992965.772109) vcan0 712#7F000000
(1779992965.836008) vcan0 710#00000000
(1779992965.836043) vcan0 712#7F000000
(1779992965.867078) vcan0 711#00000000
(1779992965.867116) vcan0 714#00
(1779992965.867137) vcan0 604#00
(1779992965.867154) vcan0 713#01000000
(1779992965.899047) vcan0 710#00000000
(1779992965.899076) vcan0 712#7F000000
(1779992965.963089) vcan0 710#00000000
(1779992965.963125) vcan0 712#7F000000
(1779992965.963146) vcan0 606#00
(1779992966.027528) vcan0 710#00000000
(1779992966.027567) vcan0 712#7F000000
(1779992966.075087) vcan0 711#00000000
(1779992966.075121) vcan0 714#00
(1779992966.075141) vcan0 604#00
(1779992966.075159) vcan0 713#01000000
(1779992966.091045) vcan0 710#00000000
(1779992966.091074) vcan0 712#7F000000
(1779992966.155690) vcan0 710#00000000
(1779992966.155967) vcan0 712#7F000000
(1779992966.219074) vcan0 710#00000000
(1779992966.219113) vcan0 712#7F000000
(1779992966.283051) vcan0 710#00000000
(1779992966.283087) vcan0 711#00000000
(1779992966.283107) vcan0 712#7F000000
(1779992966.283124) vcan0 714#00
(1779992966.283140) vcan0 604#00
(1779992966.283155) vcan0 713#01000000
(1779992966.347060) vcan0 710#00000000
(1779992966.347096) vcan0 712#7F000000
(1779992966.411040) vcan0 710#00000000
(1779992966.411076) vcan0 712#7F000000
(1779992966.475048) vcan0 710#00000000
(1779992966.475086) vcan0 712#7F000000
(1779992966.475106) vcan0 606#00
(1779992966.491020) vcan0 711#00000000
(1779992966.491047) vcan0 714#00
(1779992966.491064) vcan0 604#00
(1779992966.491081) vcan0 713#01000000
(1779992966.540043) vcan0 710#00000000
(1779992966.540079) vcan0 712#7F000000
(1779992966.604067) vcan0 710#00000000
(1779992966.604106) vcan0 712#7F000000
(1779992966.635307) vcan0 604#01
(1779992966.645859) vcan0 604#01
(1779992966.656393) vcan0 604#01
(1779992966.666638) vcan0 604#01
(1779992966.668045) vcan0 710#00000000
(1779992966.668085) vcan0 712#7F000000
(1779992966.677222) vcan0 604#01
(1779992966.687866) vcan0 604#01
(1779992966.698107) vcan0 604#01
(1779992966.700048) vcan0 711#00000000
(1779992966.700082) vcan0 714#00
(1779992966.700104) vcan0 604#00
(1779992966.700124) vcan0 713#01000000
(1779992966.708628) vcan0 604#01
(1779992966.719164) vcan0 604#01
(1779992966.729428) vcan0 604#01
(1779992966.732032) vcan0 710#00000000
(1779992966.732070) vcan0 712#7F000000
(1779992966.740017) vcan0 604#01
(1779992966.750520) vcan0 604#01
(1779992966.760716) vcan0 604#01
(1779992966.771337) vcan0 604#01
(1779992966.782471) vcan0 604#01
(1779992966.792702) vcan0 604#01
(1779992966.796012) vcan0 710#00000000
(1779992966.796042) vcan0 712#7F000000
(1779992966.802952) vcan0 604#01
(1779992966.813649) vcan0 604#01
(1779992966.824225) vcan0 604#01
(1779992966.834493) vcan0 604#01
(1779992966.844724) vcan0 604#01
(1779992966.855021) vcan0 604#01
(1779992966.858984) vcan0 710#00000000
(1779992966.859017) vcan0 712#7F000000
(1779992966.865240) vcan0 604#01
(1779992966.875931) vcan0 604#01
(1779992966.886637) vcan0 604#01
(1779992966.896877) vcan0 604#01
(1779992966.907147) vcan0 604#01
(1779992966.907146) vcan0 711#00000000
(1779992966.907180) vcan0 714#00
(1779992966.907200) vcan0 604#00
(1779992966.907218) vcan0 713#01000000
(1779992966.917816) vcan0 604#01
(1779992966.923000) vcan0 710#00000000
(1779992966.923030) vcan0 712#7F000000
(1779992966.928419) vcan0 604#01
(1779992966.938741) vcan0 604#01
(1779992966.949612) vcan0 604#01
(1779992966.960142) vcan0 604#01
(1779992966.970355) vcan0 604#01
(1779992966.980973) vcan0 604#01
(1779992966.987499) vcan0 710#00000000
(1779992966.987732) vcan0 712#7F000000
(1779992966.987900) vcan0 606#00
(1779992966.991878) vcan0 604#01
(1779992967.002426) vcan0 604#01
(1779992967.012624) vcan0 604#01
(1779992967.022869) vcan0 604#01
(1779992967.033080) vcan0 604#01
(1779992967.043267) vcan0 604#01
(1779992967.051038) vcan0 710#00000000
(1779992967.051073) vcan0 712#7F000000
(1779992967.053457) vcan0 604#01
(1779992967.063667) vcan0 604#01
(1779992967.074311) vcan0 604#01
(1779992967.084769) vcan0 604#01
(1779992967.094950) vcan0 604#01
(1779992967.105190) vcan0 604#01
(1779992967.114998) vcan0 710#00000000
(1779992967.115035) vcan0 711#00000000
(1779992967.115058) vcan0 712#7F000000
(1779992967.115079) vcan0 714#00
(1779992967.115095) vcan0 604#00
(1779992967.115113) vcan0 713#01000000
(1779992967.115394) vcan0 604#01
(1779992967.125613) vcan0 604#01
(1779992967.135914) vcan0 604#01
(1779992967.146519) vcan0 604#01
(1779992967.157201) vcan0 604#01
(1779992967.167423) vcan0 604#01
(1779992967.178082) vcan0 604#01
(1779992967.179551) vcan0 710#00000000
(1779992967.179995) vcan0 712#7F000000
(1779992967.189025) vcan0 604#01
(1779992967.199635) vcan0 604#01
(1779992967.210312) vcan0 604#01
(1779992967.221244) vcan0 604#01
(1779992967.231952) vcan0 604#01
(1779992967.242172) vcan0 604#01
(1779992967.243027) vcan0 710#00000000
(1779992967.243063) vcan0 712#7F000000
(1779992967.252711) vcan0 604#01
(1779992967.263340) vcan0 604#01
(1779992967.273623) vcan0 604#01
(1779992967.284121) vcan0 604#01
(1779992967.294633) vcan0 604#01
(1779992967.304857) vcan0 604#01
(1779992967.307011) vcan0 710#00000000
(1779992967.307043) vcan0 712#7F000000
(1779992967.315076) vcan0 604#01
(1779992967.323006) vcan0 711#00000000
(1779992967.323040) vcan0 714#00
(1779992967.323061) vcan0 604#00
(1779992967.323082) vcan0 713#01000000
(1779992967.325270) vcan0 604#01
(1779992967.335499) vcan0 604#01
(1779992967.345690) vcan0 604#01
(1779992967.355919) vcan0 604#01
(1779992967.366123) vcan0 604#01
(1779992967.370998) vcan0 710#00000000
(1779992967.371031) vcan0 712#7F000000
(1779992967.376301) vcan0 604#01
(1779992967.386922) vcan0 604#01
(1779992967.397490) vcan0 604#01
(1779992967.407725) vcan0 604#01
(1779992967.417950) vcan0 604#01
(1779992967.428237) vcan0 604#01
(1779992967.434992) vcan0 710#00000000
(1779992967.435027) vcan0 712#7F000000
(1779992967.438505) vcan0 604#01
(1779992967.448747) vcan0 604#01
(1779992967.458963) vcan0 604#01
(1779992967.469163) vcan0 604#01
(1779992967.479631) vcan0 604#01
(1779992967.490526) vcan0 604#01
(1779992967.498989) vcan0 710#00000000
(1779992967.499025) vcan0 712#7F000000
(1779992967.499046) vcan0 606#00
(1779992967.501491) vcan0 604#01
(1779992967.511738) vcan0 604#01
(1779992967.522079) vcan0 604#01
(1779992967.532211) vcan0 711#00000000
(1779992967.532246) vcan0 714#00
(1779992967.532265) vcan0 604#00
(1779992967.532284) vcan0 713#01000000
(1779992967.532305) vcan0 604#01
(1779992967.542548) vcan0 604#01
(1779992967.553158) vcan0 604#01
(1779992967.563505) vcan0 604#01
(1779992967.563994) vcan0 710#00000000
(1779992967.564027) vcan0 712#7F000000
(1779992967.573699) vcan0 604#01
(1779992967.583931) vcan0 604#01
(1779992967.594165) vcan0 604#01
(1779992967.604444) vcan0 604#01
(1779992967.615039) vcan0 604#01
(1779992967.625689) vcan0 604#01
(1779992967.627990) vcan0 710#00000000
(1779992967.628023) vcan0 712#7F000000
(1779992967.635882) vcan0 604#01
(1779992967.646512) vcan0 604#01
(1779992967.657681) vcan0 604#01
(1779992967.668293) vcan0 604#01
(1779992967.678520) vcan0 604#01
(1779992967.688742) vcan0 604#01
(1779992967.691991) vcan0 710#00000000
(1779992967.692025) vcan0 712#7F000000
(1779992967.698960) vcan0 604#01
(1779992967.709224) vcan0 604#01
(1779992967.719891) vcan0 604#01
(1779992967.730516) vcan0 604#01
(1779992967.740000) vcan0 711#00000000
(1779992967.740041) vcan0 714#00
(1779992967.740063) vcan0 604#00
(1779992967.740082) vcan0 713#01000000
(1779992967.741093) vcan0 604#01
(1779992967.751602) vcan0 604#01
(1779992967.756582) vcan0 710#00000000
(1779992967.756823) vcan0 712#7F000000
(1779992967.762126) vcan0 604#01
(1779992967.773014) vcan0 604#01
(1779992967.783531) vcan0 604#01
(1779992967.793710) vcan0 604#01
(1779992967.803914) vcan0 604#01
(1779992967.814541) vcan0 604#01
(1779992967.820564) vcan0 710#00000000
(1779992967.820910) vcan0 712#7F000000
(1779992967.825243) vcan0 604#01
(1779992967.835856) vcan0 604#01
(1779992967.846506) vcan0 604#01
(1779992967.857201) vcan0 604#01
(1779992967.867914) vcan0 604#01
(1779992967.878155) vcan0 604#01
(1779992967.882994) vcan0 710#00000000
(1779992967.883215) vcan0 712#7F000000
(1779992967.888728) vcan0 604#01
(1779992967.899667) vcan0 604#01
(1779992967.910261) vcan0 604#01
(1779992967.920477) vcan0 604#01
(1779992967.930669) vcan0 604#01
(1779992967.940838) vcan0 604#01
(1779992967.946946) vcan0 710#00000000
(1779992967.946977) vcan0 711#00000000
(1779992967.946997) vcan0 712#7F000000
(1779992967.947015) vcan0 714#00
(1779992967.947031) vcan0 604#00
(1779992967.947047) vcan0 713#01000000
(1779992967.950999) vcan0 604#01
(1779992967.961583) vcan0 604#01
(1779992967.972017) vcan0 604#01
(1779992967.982222) vcan0 604#01
(1779992967.992710) vcan0 604#01
(1779992968.003198) vcan0 604#01
(1779992968.010957) vcan0 710#33000000
(1779992968.010990) vcan0 712#7F000000
(1779992968.011011) vcan0 606#00
(1779992968.013405) vcan0 604#01
(1779992968.023597) vcan0 604#01
(1779992968.033796) vcan0 604#01
(1779992968.043963) vcan0 604#01
(1779992968.054249) vcan0 604#01
(1779992968.064462) vcan0 604#01
(1779992968.074729) vcan0 604#01
(1779992968.074967) vcan0 710#99000000
(1779992968.074996) vcan0 712#7F000000
(1779992968.084926) vcan0 604#01
(1779992968.095450) vcan0 604#01
(1779992968.106002) vcan0 604#01
(1779992968.116235) vcan0 604#01
(1779992968.126480) vcan0 604#01
(1779992968.136653) vcan0 604#01
(1779992968.139133) vcan0 710#FF000000
(1779992968.139169) vcan0 712#7F000000
(1779992968.146827) vcan0 604#01
(1779992968.155604) vcan0 711#00000000
(1779992968.155843) vcan0 714#00
(1779992968.156014) vcan0 604#00
(1779992968.156165) vcan0 713#01000000
(1779992968.157287) vcan0 604#01
(1779992968.167797) vcan0 604#01
(1779992968.177974) vcan0 604#01
(1779992968.188435) vcan0 604#01
(1779992968.198965) vcan0 604#01
(1779992968.203005) vcan0 710#FF000000
(1779992968.203043) vcan0 712#7F000000
(1779992968.209136) vcan0 604#01
(1779992968.219355) vcan0 604#01
(1779992968.229585) vcan0 604#01
(1779992968.239860) vcan0 604#01
(1779992968.250074) vcan0 604#01
(1779992968.260335) vcan0 604#01
(1779992968.266966) vcan0 710#FF000000
(1779992968.267001) vcan0 712#7F000000
(1779992968.270709) vcan0 604#01
(1779992968.280905) vcan0 604#01
(1779992968.291367) vcan0 604#01
(1779992968.301833) vcan0 604#01
(1779992968.312049) vcan0 604#01
(1779992968.322232) vcan0 604#01
(1779992968.330948) vcan0 710#FF000000
(1779992968.330983) vcan0 712#7F000000
(1779992968.332480) vcan0 604#01
(1779992968.342672) vcan0 604#01
(1779992968.352895) vcan0 604#01
(1779992968.363265) vcan0 711#00000000
(1779992968.363304) vcan0 714#00
(1779992968.363324) vcan0 604#00
(1779992968.363343) vcan0 713#01000000
(1779992968.364239) vcan0 604#01
(1779992968.374555) vcan0 604#01
(1779992968.384774) vcan0 604#01
(1779992968.395317) vcan0 604#01
(1779992968.395439) vcan0 710#FF000000
(1779992968.395488) vcan0 712#7F000000
(1779992968.405677) vcan0 604#01
(1779992968.415939) vcan0 604#01
(1779992968.426142) vcan0 604#01
(1779992968.436398) vcan0 604#01
(1779992968.446635) vcan0 604#01
(1779992968.456822) vcan0 604#01
(1779992968.458929) vcan0 710#FF000000
(1779992968.458961) vcan0 712#7F000000
(1779992968.467016) vcan0 604#01
(1779992968.477300) vcan0 604#01
(1779992968.487511) vcan0 604#01
(1779992968.498012) vcan0 604#01
(1779992968.508574) vcan0 604#01
(1779992968.518912) vcan0 604#01
(1779992968.523984) vcan0 710#FF000000
(1779992968.524022) vcan0 712#7F000000
(1779992968.524047) vcan0 606#00
(1779992968.529227) vcan0 604#01
(1779992968.539457) vcan0 604#01
(1779992968.549647) vcan0 604#01
(1779992968.559929) vcan0 604#01
(1779992968.570181) vcan0 604#01
(1779992968.571938) vcan0 711#00000000
(1779992968.571969) vcan0 714#00
(1779992968.571991) vcan0 604#00
(1779992968.572012) vcan0 713#01000000
(1779992968.580419) vcan0 604#01
(1779992968.587988) vcan0 710#FF000000
(1779992968.588028) vcan0 712#7F000000
(1779992968.590692) vcan0 604#01
(1779992968.600904) vcan0 604#01
(1779992968.611173) vcan0 604#01
(1779992968.621348) vcan0 604#01
(1779992968.631952) vcan0 604#01
(1779992968.642396) vcan0 604#01
(1779992968.651975) vcan0 710#FF000000
(1779992968.652013) vcan0 712#7F000000
(1779992968.652651) vcan0 604#01
(1779992968.662833) vcan0 604#01
(1779992968.673036) vcan0 604#01
(1779992968.683241) vcan0 604#01
(1779992968.693714) vcan0 604#01
(1779992968.704480) vcan0 604#01
(1779992968.715011) vcan0 604#01
(1779992968.715965) vcan0 710#FF000000
(1779992968.716001) vcan0 712#7F000000
(1779992968.725226) vcan0 604#01
(1779992968.735407) vcan0 604#01
(1779992968.745697) vcan0 604#01
(1779992968.756341) vcan0 604#01
(1779992968.766887) vcan0 604#01
(1779992968.777314) vcan0 604#01
(1779992968.779967) vcan0 710#00000000
(1779992968.780002) vcan0 711#00000000
(1779992968.780027) vcan0 712#7F000000
(1779992968.780050) vcan0 714#00
(1779992968.780065) vcan0 604#00
(1779992968.780081) vcan0 713#01000000
(1779992968.787789) vcan0 604#01
(1779992968.797978) vcan0 604#01
(1779992968.808170) vcan0 604#01
(1779992968.818365) vcan0 604#01
(1779992968.828563) vcan0 604#01
(1779992968.838786) vcan0 604#01
(1779992968.842917) vcan0 710#00000000
(1779992968.842959) vcan0 712#7F000000
(1779992968.848981) vcan0 604#01
(1779992968.859484) vcan0 604#01
(1779992968.870032) vcan0 604#01
(1779992968.880282) vcan0 604#01
(1779992968.890780) vcan0 604#01
(1779992968.901341) vcan0 604#01
(1779992968.906967) vcan0 710#00000000
(1779992968.907021) vcan0 712#7F000000
(1779992968.911564) vcan0 604#01
(1779992968.922086) vcan0 604#01
(1779992968.932891) vcan0 604#01
(1779992968.943575) vcan0 604#01
(1779992968.953802) vcan0 604#01
(1779992968.964535) vcan0 604#01
(1779992968.971642) vcan0 710#00000000
(1779992968.971921) vcan0 712#7F000000
(1779992968.975986) vcan0 604#01
(1779992968.986582) vcan0 604#01
(1779992968.986924) vcan0 711#00000000
(1779992968.986955) vcan0 714#00
(1779992968.986975) vcan0 604#00
(1779992968.986995) vcan0 713#01000000
(1779992968.997180) vcan0 604#01
(1779992969.008203) vcan0 604#01
(1779992969.018867) vcan0 604#01
(1779992969.031062) vcan0 604#01
(1779992969.035589) vcan0 710#00000000
(1779992969.035856) vcan0 712#7F000000
(1779992969.036034) vcan0 606#00
(1779992969.041794) vcan0 604#01
(1779992969.052058) vcan0 604#01
(1779992969.062319) vcan0 604#01
(1779992969.072513) vcan0 604#01
(1779992969.082782) vcan0 604#01
(1779992969.092999) vcan0 604#01
(1779992969.099727) vcan0 710#00000000
(1779992969.100134) vcan0 712#7F000000
(1779992969.103484) vcan0 604#01
(1779992969.113927) vcan0 604#01
(1779992969.124225) vcan0 604#01
(1779992969.134765) vcan0 604#01
(1779992969.145971) vcan0 604#01
(1779992969.156428) vcan0 604#01
(1779992969.163600) vcan0 710#00000000
(1779992969.163856) vcan0 712#7F000000
(1779992969.167070) vcan0 604#01
(1779992969.178536) vcan0 604#01
(1779992969.189624) vcan0 604#01
(1779992969.195577) vcan0 711#00000000
(1779992969.195832) vcan0 714#00
(1779992969.196043) vcan0 604#00
(1779992969.196220) vcan0 713#01000000
(1779992969.200161) vcan0 604#01
(1779992969.210691) vcan0 604#01
(1779992969.221842) vcan0 604#01
(1779992969.226954) vcan0 710#00000000
(1779992969.226998) vcan0 712#7F000000
(1779992969.232326) vcan0 604#01
(1779992969.242843) vcan0 604#01
(1779992969.253383) vcan0 604#01
(1779992969.263670) vcan0 604#01
(1779992969.274594) vcan0 604#01
(1779992969.285860) vcan0 604#01
(1779992969.290897) vcan0 710#00000000
(1779992969.290933) vcan0 712#7F000000
(1779992969.296236) vcan0 604#01
(1779992969.306483) vcan0 604#01
(1779992969.316670) vcan0 604#01
(1779992969.326926) vcan0 604#01
(1779992969.337133) vcan0 604#01
(1779992969.347435) vcan0 604#01
(1779992969.354913) vcan0 710#00000000
(1779992969.354950) vcan0 712#7F000000
(1779992969.357623) vcan0 604#01
(1779992969.367879) vcan0 604#01
(1779992969.378110) vcan0 604#01
(1779992969.388390) vcan0 604#01
(1779992969.398699) vcan0 604#01
(1779992969.402897) vcan0 711#00000000
(1779992969.402935) vcan0 714#00
(1779992969.402956) vcan0 604#00
(1779992969.402975) vcan0 713#01000000
(1779992969.408907) vcan0 604#01
(1779992969.418864) vcan0 710#00000000
(1779992969.418895) vcan0 712#7F000000
(1779992969.419103) vcan0 604#01
(1779992969.429309) vcan0 604#01
(1779992969.439865) vcan0 604#01
(1779992969.450449) vcan0 604#01
(1779992969.460719) vcan0 604#01
(1779992969.471000) vcan0 604#01
(1779992969.481214) vcan0 604#01
(1779992969.482891) vcan0 710#00000000
(1779992969.482936) vcan0 712#7F000000
(1779992969.491374) vcan0 604#01
(1779992969.501599) vcan0 604#01
(1779992969.511914) vcan0 604#01
(1779992969.522138) vcan0 604#01
(1779992969.532368) vcan0 604#01
(1779992969.542625) vcan0 604#01
(1779992969.547898) vcan0 710#00000000
(1779992969.547934) vcan0 712#7F000000
(1779992969.547955) vcan0 606#00
(1779992969.552944) vcan0 604#01
(1779992969.563242) vcan0 604#01
(1779992969.573888) vcan0 604#01
(1779992969.584452) vcan0 604#01
(1779992969.594644) vcan0 604#01
(1779992969.605199) vcan0 604#01
(1779992969.612666) vcan0 710#00000000
(1779992969.613060) vcan0 711#00000000
(1779992969.613367) vcan0 712#7F000000
(1779992969.613410) vcan0 714#00
(1779992969.613446) vcan0 604#00
(1779992969.613475) vcan0 713#01000000
(1779992969.616406) vcan0 604#01
(1779992969.626616) vcan0 604#01
(1779992969.637130) vcan0 604#01
(1779992969.647824) vcan0 604#01
(1779992969.658027) vcan0 604#01
(1779992969.668216) vcan0 604#01
(1779992969.676060) vcan0 710#00000000
(1779992969.676096) vcan0 712#7F000000
(1779992969.678392) vcan0 604#01
(1779992969.688570) vcan0 604#01
(1779992969.698729) vcan0 604#01
(1779992969.709092) vcan0 604#01
(1779992969.719985) vcan0 604#01
(1779992969.730220) vcan0 604#01
(1779992969.740692) vcan0 604#01
(1779992969.740872) vcan0 710#00000000
(1779992969.741294) vcan0 712#7F000000
(1779992969.751877) vcan0 604#01
(1779992969.762216) vcan0 604#01
(1779992969.772457) vcan0 604#01
(1779992969.782729) vcan0 604#01
(1779992969.792941) vcan0 604#01
(1779992969.803242) vcan0 604#01
(1779992969.803915) vcan0 710#00000000
(1779992969.803964) vcan0 712#7F000000
(1779992969.813506) vcan0 604#01
(1779992969.819911) vcan0 711#00000000
(1779992969.819952) vcan0 714#00
(1779992969.819973) vcan0 604#00
(1779992969.819993) vcan0 713#01000000
(1779992969.823826) vcan0 604#01
(1779992969.834033) vcan0 604#01
(1779992969.844579) vcan0 604#01
(1779992969.855320) vcan0 604#01
(1779992969.865505) vcan0 604#01
(1779992969.866905) vcan0 710#00000000
(1779992969.866953) vcan0 712#7F000000
(1779992969.875994) vcan0 604#01
(1779992969.886513) vcan0 604#01
(1779992969.896691) vcan0 604#01
(1779992969.907204) vcan0 604#01
(1779992969.918665) vcan0 604#01
(1779992969.928841) vcan0 604#01
(1779992969.931684) vcan0 710#00000000
(1779992969.931939) vcan0 712#7F000000
(1779992969.939279) vcan0 604#01
(1779992969.950165) vcan0 604#01
(1779992969.961459) vcan0 604#01
(1779992969.972028) vcan0 604#01
(1779992969.982603) vcan0 604#01
(1779992969.993223) vcan0 604#01
(1779992969.994875) vcan0 710#00000000
(1779992969.994911) vcan0 712#7F000000
(1779992970.003469) vcan0 604#01
(1779992970.013963) vcan0 604#01
(1779992970.025163) vcan0 604#01
(1779992970.026860) vcan0 711#00000000
(1779992970.026894) vcan0 714#00
(1779992970.026913) vcan0 604#00
(1779992970.026931) vcan0 713#01000000
(1779992970.035368) vcan0 604#01
(1779992970.045579) vcan0 604#01
(1779992970.055808) vcan0 604#01
(1779992970.058886) vcan0 710#00000000
(1779992970.058920) vcan0 712#7F000000
(1779992970.058942) vcan0 606#00
(1779992970.065998) vcan0 604#01
(1779992970.076577) vcan0 604#01
(1779992970.087147) vcan0 604#01
(1779992970.097441) vcan0 604#01
(1779992970.108032) vcan0 604#01
(1779992970.118868) vcan0 604#01
(1779992970.122874) vcan0 710#00000000
(1779992970.122905) vcan0 712#7F000000
(1779992970.129166) vcan0 604#01
(1779992970.139435) vcan0 604#01
(1779992970.149724) vcan0 604#01
(1779992970.159893) vcan0 604#01
(1779992970.170160) vcan0 604#01
(1779992970.180387) vcan0 604#01
(1779992970.186839) vcan0 710#00000000
(1779992970.186874) vcan0 712#7F000000
(1779992970.190706) vcan0 604#01
(1779992970.200921) vcan0 604#01
(1779992970.211483) vcan0 604#01
(1779992970.222129) vcan0 604#01
(1779992970.232332) vcan0 604#01
(1779992970.234860) vcan0 711#00000000
(1779992970.234895) vcan0 714#00
(1779992970.234918) vcan0 604#00
(1779992970.234940) vcan0 713#01000000
(1779992970.242516) vcan0 604#01
(1779992970.250831) vcan0 710#00000000
(1779992970.250866) vcan0 712#7F000000
(1779992970.252792) vcan0 604#01
(1779992970.262976) vcan0 604#01
(1779992970.273250) vcan0 604#01
(1779992970.283775) vcan0 604#01
(1779992970.294951) vcan0 604#01
(1779992970.305246) vcan0 604#01
(1779992970.315492) vcan0 710#00000000
(1779992970.315747) vcan0 712#7F000000
(1779992970.315944) vcan0 604#01
(1779992970.326540) vcan0 604#01
(1779992970.336883) vcan0 604#01
(1779992970.347170) vcan0 604#01
(1779992970.357429) vcan0 604#01
(1779992970.367673) vcan0 604#01
(1779992970.377878) vcan0 604#01
(1779992970.378854) vcan0 710#00000000
(1779992970.378888) vcan0 712#7F000000
(1779992970.388115) vcan0 604#01
(1779992970.398340) vcan0 604#01
(1779992970.408558) vcan0 604#01
(1779992970.418873) vcan0 604#01
(1779992970.429210) vcan0 604#01
(1779992970.439505) vcan0 604#01
(1779992970.442866) vcan0 710#19000000
(1779992970.442905) vcan0 711#00000000
(1779992970.442931) vcan0 712#7F000000
(1779992970.442955) vcan0 714#00
(1779992970.442975) vcan0 604#00
(1779992970.442997) vcan0 713#01000000
(1779992970.450169) vcan0 604#01
(1779992970.460797) vcan0 604#01
(1779992970.471104) vcan0 604#01
(1779992970.481824) vcan0 604#01
(1779992970.493111) vcan0 604#01
(1779992970.503258) vcan0 604#01
(1779992970.506850) vcan0 710#7F000000
(1779992970.506887) vcan0 712#7F000000
(1779992970.513447) vcan0 604#01
(1779992970.524035) vcan0 604#01
(1779992970.534582) vcan0 604#01
(1779992970.544767) vcan0 604#01
(1779992970.554957) vcan0 604#01
(1779992970.565148) vcan0 604#01
(1779992970.571838) vcan0 710#E5000000
(1779992970.571875) vcan0 712#7F000000
(1779992970.571898) vcan0 606#00
(1779992970.575412) vcan0 604#01
(1779992970.585621) vcan0 604#01
(1779992970.595845) vcan0 604#01
(1779992970.606069) vcan0 604#01
(1779992970.616289) vcan0 604#01
(1779992970.626512) vcan0 604#01
(1779992970.635829) vcan0 710#FF000000
(1779992970.635864) vcan0 712#7F000000
(1779992970.636724) vcan0 604#01
(1779992970.646946) vcan0 604#01
(1779992970.651838) vcan0 711#00000000
(1779992970.651878) vcan0 714#00
(1779992970.651902) vcan0 604#00
(1779992970.651927) vcan0 713#01000000
(1779992970.657158) vcan0 604#01
(1779992970.667389) vcan0 604#01
(1779992970.677575) vcan0 604#01
(1779992970.687761) vcan0 604#01
(1779992970.697944) vcan0 604#01
(1779992970.699815) vcan0 710#FF000000
(1779992970.699856) vcan0 712#7F000000
(1779992970.708116) vcan0 604#01
(1779992970.718632) vcan0 604#01
(1779992970.729185) vcan0 604#01
(1779992970.739471) vcan0 604#01
(1779992970.749692) vcan0 604#01
(1779992970.760014) vcan0 604#01
(1779992970.763822) vcan0 710#FF000000
(1779992970.763861) vcan0 712#7F000000
(1779992970.770267) vcan0 604#01
(1779992970.780494) vcan0 604#01
(1779992970.791210) vcan0 604#01
(1779992970.801743) vcan0 604#01
(1779992970.811972) vcan0 604#01
(1779992970.822212) vcan0 604#01
(1779992970.827821) vcan0 710#FF000000
(1779992970.827858) vcan0 712#7F000000
(1779992970.832462) vcan0 604#01
(1779992970.842679) vcan0 604#01
(1779992970.852946) vcan0 604#01
(1779992970.858842) vcan0 711#00000000
(1779992970.858895) vcan0 714#00
(1779992970.858914) vcan0 604#00
(1779992970.858932) vcan0 713#01000000
(1779992970.863192) vcan0 604#01
(1779992970.873396) vcan0 604#01
(1779992970.883681) vcan0 604#01
(1779992970.890871) vcan0 710#FF000000
(1779992970.890926) vcan0 712#7F000000
(1779992970.893921) vcan0 604#01
(1779992970.904243) vcan0 604#01
(1779992970.914566) vcan0 604#01
(1779992970.924845) vcan0 604#01
(1779992970.935092) vcan0 604#01
(1779992970.945329) vcan0 604#01
(1779992970.955478) vcan0 710#FF000000
(1779992970.955761) vcan0 712#7F000000
(1779992970.955951) vcan0 604#01
(1779992970.966546) vcan0 604#01
(1779992970.976767) vcan0 604#01
(1779992970.987028) vcan0 604#01
(1779992970.997297) vcan0 604#01
(1779992971.007621) vcan0 604#01
(1779992971.017846) vcan0 604#01
(1779992971.018815) vcan0 710#FF000000
(1779992971.018846) vcan0 712#7F000000
(1779992971.028178) vcan0 604#01
(1779992971.038360) vcan0 604#01
(1779992971.048556) vcan0 604#01
(1779992971.059206) vcan0 604#01
(1779992971.066841) vcan0 711#00000000
(1779992971.066874) vcan0 714#00
(1779992971.066893) vcan0 604#00
(1779992971.066910) vcan0 713#01000000
(1779992971.069753) vcan0 604#01
(1779992971.079967) vcan0 604#01
(1779992971.082847) vcan0 710#FF000000
(1779992971.082881) vcan0 712#7F000000
(1779992971.082903) vcan0 606#00
(1779992971.090215) vcan0 604#01
(1779992971.100455) vcan0 604#01
(1779992971.110703) vcan0 604#01
(1779992971.121235) vcan0 604#01
(1779992971.132221) vcan0 604#01
(1779992971.143089) vcan0 604#01
(1779992971.146817) vcan0 710#FF000000
(1779992971.146855) vcan0 712#7F000000
(1779992971.153782) vcan0 604#01
(1779992971.164533) vcan0 604#01
(1779992971.174735) vcan0 604#01
(1779992971.184918) vcan0 604#01
(1779992971.195128) vcan0 604#01
(1779992971.205329) vcan0 604#01
(1779992971.210790) vcan0 710#FF000000
(1779992971.210825) vcan0 712#7F000000
(1779992971.215887) vcan0 604#01
(1779992971.226409) vcan0 604#01
(1779992971.236863) vcan0 604#01
(1779992971.247347) vcan0 604#01
(1779992971.257932) vcan0 604#01
(1779992971.268415) vcan0 604#01
(1779992971.274826) vcan0 710#FF000000
(1779992971.274869) vcan0 711#00000000
(1779992971.274890) vcan0 712#72000000
(1779992971.274908) vcan0 714#00
(1779992971.274926) vcan0 604#00
(1779992971.274942) vcan0 713#01000000
(1779992971.278695) vcan0 604#01
(1779992971.288928) vcan0 604#01
(1779992971.299444) vcan0 604#01
(1779992971.309678) vcan0 604#01
(1779992971.319877) vcan0 604#01
(1779992971.330354) vcan0 604#01
(1779992971.338781) vcan0 710#FF000000
(1779992971.338818) vcan0 712#72000000
(1779992971.340981) vcan0 604#01
(1779992971.351222) vcan0 604#01
(1779992971.361595) vcan0 604#01
(1779992971.372362) vcan0 604#01
(1779992971.382846) vcan0 604#01
(1779992971.393070) vcan0 604#01
(1779992971.402817) vcan0 710#FF000000
(1779992971.402851) vcan0 712#72000000
(1779992971.403326) vcan0 604#01
(1779992971.413589) vcan0 604#01
(1779992971.423883) vcan0 604#01
(1779992971.434092) vcan0 604#01
(1779992971.444407) vcan0 604#01
(1779992971.454653) vcan0 604#01
(1779992971.465427) vcan0 604#01
(1779992971.466808) vcan0 710#FF000000
(1779992971.466842) vcan0 712#65000000
(1779992971.475622) vcan0 604#01
(1779992971.482847) vcan0 711#00000000
(1779992971.482896) vcan0 714#00
(1779992971.482920) vcan0 604#00
(1779992971.482941) vcan0 713#01000000
(1779992971.485902) vcan0 604#01
(1779992971.496197) vcan0 604#01
(1779992971.506456) vcan0 604#01
(1779992971.516743) vcan0 604#01
(1779992971.527332) vcan0 604#01
(1779992971.531981) vcan0 710#FF000000
(1779992971.532020) vcan0 712#65000000
(1779992971.537875) vcan0 604#01
(1779992971.548139) vcan0 604#01
(1779992971.558803) vcan0 604#01
(1779992971.569416) vcan0 604#01
(1779992971.579647) vcan0 604#01
(1779992971.590194) vcan0 604#01
(1779992971.596673) vcan0 710#FF000000
(1779992971.597145) vcan0 712#65000000
(1779992971.597468) vcan0 606#00
(1779992971.600874) vcan0 604#01
(1779992971.611131) vcan0 604#01
(1779992971.621342) vcan0 604#01
(1779992971.632008) vcan0 604#01
(1779992971.642622) vcan0 604#01
(1779992971.652868) vcan0 604#01
(1779992971.659824) vcan0 710#FF000000
(1779992971.659858) vcan0 712#59000000
(1779992971.663102) vcan0 604#01
(1779992971.673296) vcan0 604#01
(1779992971.683501) vcan0 604#01
(1779992971.691844) vcan0 711#00000000
(1779992971.691879) vcan0 714#00
(1779992971.691899) vcan0 604#00
(1779992971.691917) vcan0 713#01000000
(1779992971.693683) vcan0 604#01
(1779992971.703888) vcan0 604#01
(1779992971.714123) vcan0 604#01
(1779992971.724682) vcan0 710#FF000000
(1779992971.724759) vcan0 604#01
(1779992971.725040) vcan0 712#7F000000
(1779992971.736425) vcan0 604#01
(1779992971.746643) vcan0 604#01
(1779992971.757256) vcan0 604#01
(1779992971.767876) vcan0 604#01
(1779992971.778179) vcan0 604#01
(1779992971.787906) vcan0 710#FF000000
(1779992971.787976) vcan0 712#7F000000
(1779992971.788438) vcan0 604#01
(1779992971.799011) vcan0 604#01
(1779992971.809593) vcan0 604#01
(1779992971.819892) vcan0 604#01
(1779992971.830132) vcan0 604#01
(1779992971.840320) vcan0 604#01
(1779992971.850499) vcan0 604#01
(1779992971.850805) vcan0 710#FF000000
(1779992971.850839) vcan0 712#8C000000
(1779992971.860697) vcan0 604#01
(1779992971.870974) vcan0 604#01
(1779992971.881186) vcan0 604#01
(1779992971.891382) vcan0 604#01
(1779992971.898802) vcan0 711#00000000
(1779992971.898835) vcan0 714#00
(1779992971.898855) vcan0 604#00
(1779992971.898874) vcan0 713#01000000
(1779992971.901597) vcan0 604#01
(1779992971.911840) vcan0 604#01
(1779992971.914786) vcan0 710#FF000000
(1779992971.914823) vcan0 712#8C000000
(1779992971.922070) vcan0 604#01
(1779992971.932586) vcan0 604#01
(1779992971.943138) vcan0 604#01
(1779992971.953389) vcan0 604#01
(1779992971.963884) vcan0 604#01
(1779992971.974182) vcan0 604#01
(1779992971.978777) vcan0 710#FF000000
(1779992971.978811) vcan0 712#7F000000
(1779992971.984409) vcan0 604#01
(1779992971.995075) vcan0 604#01
(1779992972.005631) vcan0 604#01
(1779992972.015890) vcan0 604#01
(1779992972.026137) vcan0 604#01
(1779992972.036394) vcan0 604#01
(1779992972.042784) vcan0 710#00000000
(1779992972.042817) vcan0 712#7F000000
(1779992972.046618) vcan0 604#01
(1779992972.056817) vcan0 604#01
(1779992972.067052) vcan0 604#01
(1779992972.077311) vcan0 604#01
(1779992972.087505) vcan0 604#01
(1779992972.097781) vcan0 604#01
(1779992972.106784) vcan0 710#00000000
(1779992972.106818) vcan0 711#00000000
(1779992972.106840) vcan0 712#7F000000
(1779992972.106859) vcan0 714#00
(1779992972.106876) vcan0 604#00
(1779992972.106891) vcan0 606#00
(1779992972.106906) vcan0 713#01000000
(1779992972.107982) vcan0 604#01
(1779992972.118180) vcan0 604#01
(1779992972.128391) vcan0 604#01
(1779992972.138573) vcan0 604#01
(1779992972.148745) vcan0 604#01
(1779992972.158950) vcan0 604#01
(1779992972.169283) vcan0 604#01
(1779992972.170776) vcan0 710#00000000
(1779992972.170807) vcan0 712#7F000000
(1779992972.179481) vcan0 604#01
(1779992972.189640) vcan0 604#01
(1779992972.199905) vcan0 604#01
(1779992972.210107) vcan0 604#01
(1779992972.220362) vcan0 604#01
(1779992972.230925) vcan0 604#01
(1779992972.234952) vcan0 710#00000000
(1779992972.234991) vcan0 712#7F000000
(1779992972.241530) vcan0 604#01
(1779992972.251803) vcan0 604#01
(1779992972.262026) vcan0 604#01
(1779992972.272246) vcan0 604#01
(1779992972.282536) vcan0 604#01
(1779992972.292853) vcan0 604#01
(1779992972.298772) vcan0 710#00000000
(1779992972.298809) vcan0 712#7F000000
(1779992972.303082) vcan0 604#01
(1779992972.313301) vcan0 604#01
(1779992972.314765) vcan0 711#00000000
(1779992972.314792) vcan0 714#00
(1779992972.314810) vcan0 604#00
(1779992972.314828) vcan0 713#01000000
(1779992972.323506) vcan0 604#01
(1779992972.333982) vcan0 604#01
(1779992972.344533) vcan0 604#01
(1779992972.354884) vcan0 604#01
(1779992972.363379) vcan0 710#00000000
(1779992972.363623) vcan0 712#7F000000
(1779992972.365343) vcan0 604#01
(1779992972.375913) vcan0 604#01
(1779992972.386133) vcan0 604#01
(1779992972.396339) vcan0 604#01
(1779992972.406554) vcan0 604#01
(1779992972.416810) vcan0 604#01
(1779992972.426812) vcan0 710#00000000
(1779992972.426851) vcan0 712#7F000000
(1779992972.427064) vcan0 604#01
(1779992972.437289) vcan0 604#01
(1779992972.447476) vcan0 604#01
(1779992972.457637) vcan0 604#01
(1779992972.467840) vcan0 604#01
(1779992972.478001) vcan0 604#01
(1779992972.488178) vcan0 604#01
(1779992972.490766) vcan0 710#00000000
(1779992972.490801) vcan0 712#7F000000
(1779992972.498679) vcan0 604#01
(1779992972.509219) vcan0 604#01
(1779992972.519409) vcan0 604#01
(1779992972.523757) vcan0 711#00000000
(1779992972.523788) vcan0 714#00
(1779992972.523807) vcan0 604#00
(1779992972.523825) vcan0 713#01000000
(1779992972.529741) vcan0 604#01
(1779992972.539951) vcan0 604#01
(1779992972.550098) vcan0 604#01
(1779992972.555754) vcan0 710#00000000
(1779992972.555786) vcan0 712#7F000000
(1779992972.560317) vcan0 604#01
(1779992972.570594) vcan0 604#01
(1779992972.580808) vcan0 604#01
(1779992972.591128) vcan0 604#01
(1779992972.601382) vcan0 604#01
(1779992972.611612) vcan0 604#01
(1779992972.619767) vcan0 710#00000000
(1779992972.619805) vcan0 712#7F000000
(1779992972.619830) vcan0 606#00
(1779992972.621804) vcan0 604#01
(1779992972.632079) vcan0 604#01
(1779992972.642339) vcan0 604#01
(1779992972.652748) vcan0 604#01
(1779992972.662956) vcan0 604#01
(1779992972.673133) vcan0 604#01
(1779992972.683317) vcan0 604#01
(1779992972.683740) vcan0 710#00000000
(1779992972.683776) vcan0 712#7F000000
(1779992972.694128) vcan0 604#01
(1779992972.706722) vcan0 604#01
(1779992972.717710) vcan0 604#01
(1779992972.728540) vcan0 604#01
(1779992972.731781) vcan0 711#00000000
(1779992972.731818) vcan0 714#00
(1779992972.731839) vcan0 604#00
(1779992972.731858) vcan0 713#01000000
(1779992972.738802) vcan0 604#01
(1779992972.747757) vcan0 710#00000000
(1779992972.747796) vcan0 712#7F000000
(1779992972.749102) vcan0 604#01
(1779992972.759373) vcan0 604#01
(1779992972.769904) vcan0 604#01
(1779992972.781282) vcan0 604#01
(1779992972.793102) vcan0 604#01
(1779992972.803721) vcan0 604#01
(1779992972.812412) vcan0 710#00000000
(1779992972.812776) vcan0 712#7F000000
(1779992972.815681) vcan0 604#01
(1779992972.826703) vcan0 604#01
(1779992972.837856) vcan0 604#01
(1779992972.848482) vcan0 604#01
(1779992972.858771) vcan0 604#01
(1779992972.869069) vcan0 604#01
(1779992972.874744) vcan0 710#00000000
(1779992972.874793) vcan0 712#7F000000
(1779992972.879354) vcan0 604#01
(1779992972.889546) vcan0 604#01
(1779992972.899751) vcan0 604#01
(1779992972.909944) vcan0 604#01
(1779992972.920136) vcan0 604#01
(1779992972.930330) vcan0 604#01
(1779992972.938752) vcan0 710#00000000
(1779992972.938785) vcan0 711#00000000
(1779992972.938806) vcan0 712#7F000000
(1779992972.938824) vcan0 714#00
(1779992972.938840) vcan0 604#00
(1779992972.938855) vcan0 713#01000000
(1779992972.940507) vcan0 604#01
(1779992972.950700) vcan0 604#01
(1779992972.960878) vcan0 604#01
(1779992972.971105) vcan0 604#01
(1779992972.981322) vcan0 604#01
(1779992972.991582) vcan0 604#01
(1779992973.003480) vcan0 710#00000000
(1779992973.003716) vcan0 604#01
(1779992973.003818) vcan0 712#7F000000
(1779992973.014359) vcan0 604#01
(1779992973.024598) vcan0 604#01
(1779992973.035285) vcan0 604#01
(1779992973.045956) vcan0 604#01
(1779992973.056303) vcan0 604#01
(1779992973.066550) vcan0 604#01
(1779992973.066801) vcan0 710#00000000
(1779992973.066839) vcan0 712#7F000000
(1779992973.076819) vcan0 604#01
(1779992973.087064) vcan0 604#01
(1779992973.097279) vcan0 604#01
(1779992973.107517) vcan0 604#01
(1779992973.117698) vcan0 604#01
(1779992973.127870) vcan0 604#01
(1779992973.130770) vcan0 710#00000000
(1779992973.130806) vcan0 712#7F000000
(1779992973.130827) vcan0 606#00
(1779992973.138052) vcan0 604#01
(1779992973.146745) vcan0 711#00000000
(1779992973.146779) vcan0 714#00
(1779992973.146801) vcan0 604#00
(1779992973.146822) vcan0 713#01000000
(1779992973.148267) vcan0 604#01
(1779992973.158535) vcan0 604#01
(1779992973.168757) vcan0 604#01
(1779992973.179406) vcan0 604#01
(1779992973.189715) vcan0 604#01
(1779992973.194721) vcan0 710#00000000
(1779992973.194756) vcan0 712#7F000000
(1779992973.199983) vcan0 604#01
(1779992973.210173) vcan0 604#01
(1779992973.220462) vcan0 604#01
(1779992973.230682) vcan0 604#01
(1779992973.240939) vcan0 604#01
(1779992973.251277) vcan0 604#01
(1779992973.258726) vcan0 710#00000000
(1779992973.258762) vcan0 712#7F000000
(1779992973.261648) vcan0 604#01
(1779992973.271837) vcan0 604#01
(1779992973.282183) vcan0 604#01
(1779992973.292360) vcan0 604#01
(1779992973.302575) vcan0 604#01
(1779992973.312780) vcan0 604#01
(1779992973.322736) vcan0 710#00000000
(1779992973.322773) vcan0 712#7F000000
(1779992973.322969) vcan0 604#01
(1779992973.333118) vcan0 604#01
(1779992973.343796) vcan0 604#01
(1779992973.354445) vcan0 604#01
(1779992973.354687) vcan0 711#00000000
(1779992973.354715) vcan0 714#00
(1779992973.354733) vcan0 604#00
(1779992973.354752) vcan0 713#01000000
(1779992973.364627) vcan0 604#01
(1779992973.375138) vcan0 604#01
(1779992973.385744) vcan0 604#01
(1779992973.386773) vcan0 710#00000000
(1779992973.386825) vcan0 712#7F000000
(1779992973.395996) vcan0 604#01
(1779992973.406578) vcan0 604#01
(1779992973.417208) vcan0 604#01
(1779992973.427415) vcan0 604#01
(1779992973.437675) vcan0 604#01
(1779992973.448230) vcan0 604#01
(1779992973.450734) vcan0 710#00000000
(1779992973.450768) vcan0 712#7F000000
(1779992973.458796) vcan0 604#01
(1779992973.469042) vcan0 604#01
(1779992973.479352) vcan0 604#01
(1779992973.489536) vcan0 604#01
(1779992973.499881) vcan0 604#01
(1779992973.510131) vcan0 604#01
(1779992973.514716) vcan0 710#00000000
(1779992973.514749) vcan0 712#7F000000
(1779992973.520308) vcan0 604#01
(1779992973.530525) vcan0 604#01
(1779992973.541081) vcan0 604#01
(1779992973.551753) vcan0 604#01
(1779992973.561964) vcan0 604#01
(1779992973.563722) vcan0 711#00000000
(1779992973.563758) vcan0 714#00
(1779992973.563777) vcan0 604#00
(1779992973.563796) vcan0 713#01000000
(1779992973.572168) vcan0 604#01
(1779992973.580416) vcan0 710#00000000
(1779992973.580663) vcan0 712#7F000000
(1779992973.582705) vcan0 604#01
(1779992973.593023) vcan0 604#01
(1779992973.603259) vcan0 604#01
(1779992973.613510) vcan0 604#01
(1779992973.623706) vcan0 604#01
(1779992973.633881) vcan0 604#01
(1779992973.644512) vcan0 604#01
(1779992973.644520) vcan0 710#00000000
(1779992973.645070) vcan0 712#7F000000
(1779992973.645677) vcan0 606#00
(1779992973.655158) vcan0 604#01
(1779992973.665391) vcan0 604#01
(1779992973.675984) vcan0 604#01
(1779992973.686858) vcan0 604#01
(1779992973.697181) vcan0 604#01
(1779992973.707409) vcan0 604#01
(1779992973.707716) vcan0 710#00000000
(1779992973.707748) vcan0 712#7F000000
(1779992973.717643) vcan0 604#01
(1779992973.727821) vcan0 604#01
(1779992973.738028) vcan0 604#01
(1779992973.748207) vcan0 604#01
(1779992973.758385) vcan0 604#01
(1779992973.768586) vcan0 604#01
(1779992973.771723) vcan0 710#00000000
(1779992973.771758) vcan0 711#00000000
(1779992973.771779) vcan0 712#7F000000
(1779992973.771798) vcan0 714#00
(1779992973.771814) vcan0 604#00
(1779992973.771829) vcan0 713#01000000
(1779992973.779178) vcan0 604#01
(1779992973.789657) vcan0 604#01
(1779992973.799835) vcan0 604#01
(1779992973.810011) vcan0 604#01
(1779992973.820204) vcan0 604#01
(1779992973.830444) vcan0 604#01
(1779992973.835664) vcan0 710#00000000
(1779992973.835715) vcan0 712#7F000000
(1779992973.840631) vcan0 604#01
(1779992973.850910) vcan0 604#01
(1779992973.861101) vcan0 604#01
(1779992973.871318) vcan0 604#01
(1779992973.881563) vcan0 604#01
(1779992973.891810) vcan0 604#01
(1779992973.898683) vcan0 710#00000000
(1779992973.898717) vcan0 712#7F000000
(1779992973.902105) vcan0 604#01
(1779992973.912700) vcan0 604#01
(1779992973.923219) vcan0 604#01
(1779992973.933415) vcan0 604#01
(1779992973.943891) vcan0 604#01
(1779992973.954405) vcan0 604#01
(1779992973.962678) vcan0 710#00000000
(1779992973.962715) vcan0 712#7F000000
(1779992973.964581) vcan0 604#01
(1779992973.975176) vcan0 604#01
(1779992973.978686) vcan0 711#00000000
(1779992973.978715) vcan0 714#00
(1779992973.978733) vcan0 604#00
(1779992973.978750) vcan0 713#01000000
(1779992973.985385) vcan0 604#01
(1779992973.995588) vcan0 604#01
(1779992974.005774) vcan0 604#01
(1779992974.016316) vcan0 604#01
(1779992974.026659) vcan0 710#00000000
(1779992974.026691) vcan0 712#7F000000
(1779992974.027104) vcan0 604#01
(1779992974.037374) vcan0 604#01
(1779992974.047946) vcan0 604#01
(1779992974.059071) vcan0 604#01
(1779992974.069321) vcan0 604#01
(1779992974.080034) vcan0 604#01
(1779992974.090685) vcan0 710#33000000
(1779992974.090708) vcan0 604#01
(1779992974.090722) vcan0 712#7F000000
(1779992974.100963) vcan0 604#01
(1779992974.111168) vcan0 604#01
(1779992974.121461) vcan0 604#01
(1779992974.131767) vcan0 604#01
(1779992974.142080) vcan0 604#01
(1779992974.152549) vcan0 604#01
(1779992974.154681) vcan0 710#99000000
(1779992974.154712) vcan0 712#7F000000
(1779992974.154731) vcan0 606#00
(1779992974.162879) vcan0 604#01
(1779992974.173338) vcan0 604#01
(1779992974.184254) vcan0 604#01
(1779992974.187437) vcan0 711#00000000
(1779992974.188117) vcan0 714#00
(1779992974.188429) vcan0 604#00
(1779992974.188642) vcan0 713#01000000
(1779992974.194902) vcan0 604#01
(1779992974.205121) vcan0 604#01
(1779992974.215726) vcan0 604#01
(1779992974.219421) vcan0 710#FF000000
(1779992974.219471) vcan0 712#7F000000
(1779992974.226323) vcan0 604#01
(1779992974.236574) vcan0 604#01
(1779992974.247073) vcan0 604#01
(1779992974.257766) vcan0 604#01
(1779992974.267958) vcan0 604#01
(1779992974.280333) vcan0 604#01
(1779992974.283446) vcan0 710#FF000000
(1779992974.283799) vcan0 712#7F000000
(1779992974.291103) vcan0 604#01
(1779992974.301304) vcan0 604#01
(1779992974.311478) vcan0 604#01
(1779992974.321667) vcan0 604#01
(1779992974.331844) vcan0 604#01
(1779992974.342033) vcan0 604#01
(1779992974.347367) vcan0 710#FF000000
(1779992974.347695) vcan0 712#7F000000
(1779992974.352502) vcan0 604#01
(1779992974.362881) vcan0 604#01
(1779992974.373072) vcan0 604#01
(1779992974.383612) vcan0 604#01
(1779992974.394668) vcan0 711#00000000
(1779992974.394704) vcan0 714#00
(1779992974.394723) vcan0 604#00
(1779992974.394730) vcan0 604#01
(1779992974.394741) vcan0 713#01000000
(1779992974.404991) vcan0 604#01
(1779992974.411126) vcan0 710#FF000000
(1779992974.411323) vcan0 712#7F000000
(1779992974.415557) vcan0 604#01
(1779992974.426207) vcan0 604#01
(1779992974.436422) vcan0 604#01
(1779992974.446656) vcan0 604#01
(1779992974.456882) vcan0 604#01
(1779992974.467098) vcan0 604#01
(1779992974.474721) vcan0 710#FF000000
(1779992974.474778) vcan0 712#7F000000
(1779992974.477317) vcan0 604#01
(1779992974.487541) vcan0 604#01
(1779992974.497737) vcan0 604#01
(1779992974.507958) vcan0 604#01
(1779992974.518131) vcan0 604#01
(1779992974.528338) vcan0 604#01
(1779992974.538571) vcan0 604#01
(1779992974.539696) vcan0 710#FF000000
(1779992974.539748) vcan0 712#7F000000
(1779992974.548842) vcan0 604#01
(1779992974.559358) vcan0 604#01
(1779992974.570183) vcan0 604#01
(1779992974.580661) vcan0 604#01
(1779992974.591188) vcan0 604#01
(1779992974.601793) vcan0 604#01
(1779992974.603681) vcan0 710#FF000000
(1779992974.603716) vcan0 711#00000000
(1779992974.603737) vcan0 712#7F000000
(1779992974.603756) vcan0 714#00
(1779992974.603776) vcan0 604#00
(1779992974.603793) vcan0 713#01000000
(1779992974.612034) vcan0 604#01
(1779992974.622723) vcan0 604#01
(1779992974.633203) vcan0 604#01
(1779992974.643446) vcan0 604#01
(1779992974.653635) vcan0 604#01
(1779992974.663922) vcan0 604#01
(1779992974.667667) vcan0 710#FF000000
(1779992974.667704) vcan0 712#7F000000
(1779992974.667725) vcan0 606#00
(1779992974.674079) vcan0 604#01
(1779992974.684253) vcan0 604#01
(1779992974.694441) vcan0 604#01
(1779992974.704642) vcan0 604#01
(1779992974.716031) vcan0 604#01
(1779992974.726674) vcan0 604#01
(1779992974.732492) vcan0 710#FF000000
(1779992974.732885) vcan0 712#7F000000
(1779992974.737262) vcan0 604#01
(1779992974.747886) vcan0 604#01
(1779992974.758114) vcan0 604#01
(1779992974.768307) vcan0 604#01
(1779992974.778498) vcan0 604#01
(1779992974.789190) vcan0 604#01
(1779992974.795644) vcan0 710#FF000000
(1779992974.795680) vcan0 712#7F000000
(1779992974.799884) vcan0 604#01
(1779992974.810098) vcan0 604#01
(1779992974.811632) vcan0 711#00000000
(1779992974.811662) vcan0 714#00
(1779992974.811681) vcan0 604#00
(1779992974.811699) vcan0 713#01000000
(1779992974.820291) vcan0 604#01
(1779992974.830558) vcan0 604#01
(1779992974.840784) vcan0 604#01
(1779992974.850983) vcan0 604#01
(1779992974.858663) vcan0 710#FF000000
(1779992974.858706) vcan0 712#7F000000
(1779992974.861225) vcan0 604#01
(1779992974.871495) vcan0 604#01
(1779992974.882074) vcan0 604#01
(1779992974.892779) vcan0 604#01
(1779992974.902959) vcan0 604#01
(1779992974.913184) vcan0 604#01
(1779992974.923402) vcan0 710#FF000000
(1779992974.923665) vcan0 712#7F000000
(1779992974.923754) vcan0 604#01
(1779992974.934331) vcan0 604#01
(1779992974.944573) vcan0 604#01
(1779992974.954924) vcan0 604#01
(1779992974.965244) vcan0 604#01
(1779992974.975565) vcan0 604#01
(1779992974.985798) vcan0 604#01
(1779992974.986619) vcan0 710#FF000000
(1779992974.986649) vcan0 712#7F000000
(1779992974.996014) vcan0 604#01
(1779992975.006209) vcan0 604#01
(1779992975.016448) vcan0 604#01
(1779992975.019243) vcan0 711#00000000
(1779992975.019507) vcan0 714#00
(1779992975.019694) vcan0 604#00
(1779992975.019877) vcan0 713#01000000
(1779992975.027036) vcan0 604#01
(1779992975.037705) vcan0 604#01
(1779992975.047932) vcan0 604#01
(1779992975.050625) vcan0 710#FF000000
(1779992975.050663) vcan0 712#7F000000
(1779992975.058460) vcan0 604#01
(1779992975.069019) vcan0 604#01
(1779992975.079227) vcan0 604#01
(1779992975.089940) vcan0 604#01
(1779992975.100537) vcan0 604#01
(1779992975.110830) vcan0 604#01
(1779992975.114674) vcan0 710#FF000000
(1779992975.114715) vcan0 712#7F000000
(1779992975.121410) vcan0 604#01
(1779992975.132057) vcan0 604#01
(1779992975.142291) vcan0 604#01
(1779992975.152576) vcan0 604#01
(1779992975.162828) vcan0 604#01
(1779992975.173045) vcan0 604#01
(1779992975.178611) vcan0 710#FF000000
(1779992975.178648) vcan0 712#7F000000
(1779992975.178675) vcan0 606#00
(1779992975.183258) vcan0 604#01
(1779992975.193558) vcan0 604#01
(1779992975.203799) vcan0 604#01
(1779992975.214025) vcan0 604#01
(1779992975.224542) vcan0 604#01
(1779992975.227476) vcan0 711#00000000
(1779992975.227546) vcan0 714#00
(1779992975.227575) vcan0 604#00
(1779992975.227598) vcan0 713#01000000
(1779992975.235387) vcan0 604#01
(1779992975.242628) vcan0 710#FF000000
(1779992975.242667) vcan0 712#7F000000
(1779992975.245653) vcan0 604#01
(1779992975.256293) vcan0 604#01
(1779992975.266956) vcan0 604#01
(1779992975.277110) vcan0 604#01
(1779992975.287304) vcan0 604#01
(1779992975.297549) vcan0 604#01
(1779992975.306597) vcan0 710#00000000
(1779992975.306628) vcan0 712#7F000000
(1779992975.307821) vcan0 604#01
(1779992975.318387) vcan0 604#01
(1779992975.329980) vcan0 604#01
(1779992975.340259) vcan0 604#01
(1779992975.350512) vcan0 604#01
(1779992975.360805) vcan0 604#01
(1779992975.370629) vcan0 710#00000000
(1779992975.370671) vcan0 712#7F000000
(1779992975.371097) vcan0 604#01
(1779992975.381384) vcan0 604#01
(1779992975.392073) vcan0 604#01
(1779992975.402698) vcan0 604#01
(1779992975.412974) vcan0 604#01
(1779992975.423598) vcan0 604#01
(1779992975.434290) vcan0 604#01
(1779992975.434594) vcan0 710#4C000000
(1779992975.434633) vcan0 711#00000000
(1779992975.434655) vcan0 712#7F000000
(1779992975.434676) vcan0 714#00
(1779992975.434695) vcan0 604#00
(1779992975.434712) vcan0 713#01000000
(1779992975.444540) vcan0 604#01
(1779992975.454766) vcan0 604#01
(1779992975.465019) vcan0 604#01
(1779992975.475322) vcan0 604#01
(1779992975.485580) vcan0 604#01
(1779992975.495887) vcan0 604#01
(1779992975.498598) vcan0 710#B2000000
(1779992975.498631) vcan0 712#7F000000
(1779992975.506054) vcan0 604#01
(1779992975.516234) vcan0 604#01
(1779992975.526765) vcan0 604#01
(1779992975.537325) vcan0 604#01
(1779992975.547514) vcan0 604#01
(1779992975.558063) vcan0 604#01
(1779992975.563867) vcan0 710#FF000000
(1779992975.563912) vcan0 712#7F000000
(1779992975.568534) vcan0 604#01
(1779992975.578723) vcan0 604#01
(1779992975.589028) vcan0 604#01
(1779992975.599314) vcan0 604#01
(1779992975.609564) vcan0 604#01
(1779992975.619761) vcan0 604#01
(1779992975.627624) vcan0 710#FF000000
(1779992975.627658) vcan0 712#7F000000
(1779992975.630004) vcan0 604#01
(1779992975.640210) vcan0 604#01
(1779992975.643597) vcan0 711#00000000
(1779992975.643632) vcan0 714#00
(1779992975.643654) vcan0 604#00
(1779992975.643675) vcan0 713#01000000
(1779992975.650409) vcan0 604#01
(1779992975.660910) vcan0 604#01
(1779992975.671808) vcan0 604#01
(1779992975.682401) vcan0 604#01
(1779992975.692275) vcan0 710#FF000000
(1779992975.692563) vcan0 712#7F000000
(1779992975.692755) vcan0 606#00
(1779992975.692900) vcan0 604#01
(1779992975.703426) vcan0 604#01
(1779992975.713595) vcan0 604#01
(1779992975.723814) vcan0 604#01
(1779992975.734031) vcan0 604#01
(1779992975.744242) vcan0 604#01
(1779992975.754485) vcan0 604#01
(1779992975.755658) vcan0 710#FF000000
(1779992975.755709) vcan0 712#7F000000
(1779992975.765069) vcan0 604#01
(1779992975.775912) vcan0 604#01
(1779992975.787639) vcan0 604#01
(1779992975.797846) vcan0 604#01
(1779992975.808125) vcan0 604#01
(1779992975.818364) vcan0 604#01
(1779992975.819601) vcan0 710#FF000000
(1779992975.819637) vcan0 712#7F000000
(1779992975.828995) vcan0 604#01
(1779992975.839929) vcan0 604#01
(1779992975.850489) vcan0 604#01
(1779992975.850615) vcan0 711#00000000
(1779992975.850646) vcan0 714#00
(1779992975.850667) vcan0 604#00
(1779992975.850685) vcan0 713#01000000
(1779992975.861136) vcan0 604#01
(1779992975.871841) vcan0 604#01
(1779992975.882088) vcan0 604#01
(1779992975.882614) vcan0 710#FF000000
(1779992975.882659) vcan0 712#7F000000
(1779992975.892342) vcan0 604#01
(1779992975.902566) vcan0 604#01
(1779992975.912827) vcan0 604#01
(1779992975.923064) vcan0 604#01
(1779992975.933343) vcan0 604#01
(1779992975.943570) vcan0 604#01
(1779992975.946573) vcan0 710#FF000000
(1779992975.946606) vcan0 712#7F000000
(1779992975.953739) vcan0 604#01
(1779992975.963985) vcan0 604#01
(1779992975.974248) vcan0 604#01
(1779992975.984521) vcan0 604#01
(1779992975.994807) vcan0 604#01
(1779992976.005049) vcan0 604#01
(1779992976.010580) vcan0 710#FF000000
(1779992976.010612) vcan0 712#7F000000
(1779992976.015270) vcan0 604#01
(1779992976.025476) vcan0 604#01
(1779992976.035756) vcan0 604#01
(1779992976.045915) vcan0 604#01
(1779992976.056115) vcan0 604#01
(1779992976.058584) vcan0 711#00000000
(1779992976.058618) vcan0 714#00
(1779992976.058639) vcan0 604#00
(1779992976.058658) vcan0 713#01000000
(1779992976.066298) vcan0 604#01
(1779992976.074557) vcan0 710#FF000000
(1779992976.074589) vcan0 712#72000000
(1779992976.076489) vcan0 604#01
(1779992976.086681) vcan0 604#01
(1779992976.097135) vcan0 604#01
(1779992976.107636) vcan0 604#01
(1779992976.117825) vcan0 604#01
(1779992976.128005) vcan0 604#01
(1779992976.138223) vcan0 604#01
(1779992976.138581) vcan0 710#FF000000
(1779992976.138619) vcan0 712#72000000
(1779992976.148415) vcan0 604#01
(1779992976.158636) vcan0 604#01
(1779992976.168860) vcan0 604#01
(1779992976.179064) vcan0 604#01
(1779992976.189286) vcan0 604#01
(1779992976.199497) vcan0 604#01
(1779992976.202567) vcan0 710#FF000000
(1779992976.202599) vcan0 712#72000000
(1779992976.202621) vcan0 606#00
(1779992976.209698) vcan0 604#01
(1779992976.219958) vcan0 604#01
(1779992976.230169) vcan0 604#01
(1779992976.240444) vcan0 604#01
(1779992976.250652) vcan0 604#01
(1779992976.260866) vcan0 604#01
(1779992976.266554) vcan0 710#FF000000
(1779992976.266593) vcan0 711#00000000
(1779992976.266616) vcan0 712#7F000000
(1779992976.266636) vcan0 714#00
(1779992976.266656) vcan0 604#00
(1779992976.266676) vcan0 713#01000000
(1779992976.271099) vcan0 604#01
(1779992976.281369) vcan0 604#01
(1779992976.291547) vcan0 604#01
(1779992976.301727) vcan0 604#01
(1779992976.311952) vcan0 604#01
(1779992976.322185) vcan0 604#01
(1779992976.331153) vcan0 710#00000000
(1779992976.331425) vcan0 712#7F000000
(1779992976.332746) vcan0 604#01
(1779992976.343356) vcan0 604#01
(1779992976.353563) vcan0 604#01
(1779992976.363767) vcan0 604#01
(1779992976.373975) vcan0 604#01
(1779992976.384130) vcan0 604#01
(1779992976.394299) vcan0 604#01
(1779992976.394559) vcan0 710#00000000
(1779992976.394591) vcan0 712#7F000000
(1779992976.404574) vcan0 604#01
(1779992976.414808) vcan0 604#01
(1779992976.425063) vcan0 604#01
(1779992976.435511) vcan0 604#01
(1779992976.446031) vcan0 604#01
(1779992976.456302) vcan0 604#01
(1779992976.458570) vcan0 710#33000000
(1779992976.458605) vcan0 712#7F000000
(1779992976.466583) vcan0 604#01
(1779992976.474563) vcan0 711#00000000
(1779992976.474598) vcan0 714#00
(1779992976.474618) vcan0 604#00
(1779992976.474643) vcan0 713#01000000
(1779992976.476753) vcan0 604#01
(1779992976.486931) vcan0 604#01
(1779992976.497146) vcan0 604#01
(1779992976.507339) vcan0 604#01
(1779992976.517602) vcan0 604#01
(1779992976.523611) vcan0 710#99000000
(1779992976.523655) vcan0 712#7F000000
(1779992976.527794) vcan0 604#01
(1779992976.537992) vcan0 604#01
(1779992976.548165) vcan0 604#01
(1779992976.558428) vcan0 604#01
(1779992976.569040) vcan0 604#01
(1779992976.579550) vcan0 604#01
(1779992976.587527) vcan0 710#FF000000
(1779992976.587560) vcan0 712#72000000
(1779992976.589721) vcan0 604#01
(1779992976.600167) vcan0 604#01
(1779992976.610678) vcan0 604#01
(1779992976.620932) vcan0 604#01
(1779992976.631116) vcan0 604#01
(1779992976.641279) vcan0 604#01
(1779992976.651449) vcan0 604#01
(1779992976.651537) vcan0 710#FF000000
(1779992976.651568) vcan0 712#72000000
(1779992976.662014) vcan0 604#01
(1779992976.672747) vcan0 604#01
(1779992976.682973) vcan0 604#01
(1779992976.683551) vcan0 711#00000000
(1779992976.683580) vcan0 714#00
(1779992976.683599) vcan0 604#00
(1779992976.683617) vcan0 713#01000000
(1779992976.693167) vcan0 604#01
(1779992976.703813) vcan0 604#01
(1779992976.714418) vcan0 604#01
(1779992976.715589) vcan0 710#FF000000
(1779992976.715628) vcan0 712#72000000
(1779992976.715653) vcan0 606#00
(1779992976.724720) vcan0 604#01
(1779992976.734973) vcan0 604#01
(1779992976.745279) vcan0 604#01
(1779992976.755519) vcan0 604#01
(1779992976.765748) vcan0 604#01
(1779992976.776035) vcan0 604#01
(1779992976.779536) vcan0 710#FF000000
(1779992976.779580) vcan0 712#65000000
(1779992976.786301) vcan0 604#01
(1779992976.796634) vcan0 604#01
(1779992976.806871) vcan0 604#01
(1779992976.817207) vcan0 604#01
(1779992976.827446) vcan0 604#01
(1779992976.837694) vcan0 604#01
(1779992976.842594) vcan0 710#FF000000
(1779992976.842652) vcan0 712#7F000000
(1779992976.848005) vcan0 604#01
(1779992976.858212) vcan0 604#01
(1779992976.868421) vcan0 604#01
(1779992976.878615) vcan0 604#01
(1779992976.888824) vcan0 604#01
(1779992976.890593) vcan0 711#00000000
(1779992976.890631) vcan0 714#00
(1779992976.890654) vcan0 604#00
(1779992976.890676) vcan0 713#01000000
(1779992976.899059) vcan0 604#01
(1779992976.906567) vcan0 710#FF000000
(1779992976.906611) vcan0 712#7F000000
(1779992976.909365) vcan0 604#01
(1779992976.919602) vcan0 604#01
(1779992976.929820) vcan0 604#01
(1779992976.940002) vcan0 604#01
(1779992976.950197) vcan0 604#01
(1779992976.960392) vcan0 604#01
(1779992976.970569) vcan0 710#FF000000
(1779992976.970610) vcan0 712#7F000000
(1779992976.970602) vcan0 604#01
(1779992976.980825) vcan0 604#01
(1779992976.991031) vcan0 604#01
(1779992977.001230) vcan0 604#01
(1779992977.011512) vcan0 604#01
(1779992977.021738) vcan0 604#01
(1779992977.031941) vcan0 604#01
(1779992977.034589) vcan0 710#FF000000
(1779992977.034649) vcan0 712#7F000000
(1779992977.042165) vcan0 604#01
(1779992977.052383) vcan0 604#01
(1779992977.062606) vcan0 604#01
(1779992977.072830) vcan0 604#01
(1779992977.083056) vcan0 604#01
(1779992977.093268) vcan0 604#01
(1779992977.098586) vcan0 710#FF000000
(1779992977.098646) vcan0 711#00000000
(1779992977.098711) vcan0 712#7F000000
(1779992977.098776) vcan0 714#00
(1779992977.098841) vcan0 604#00
(1779992977.098891) vcan0 713#01000000
(1779992977.103488) vcan0 604#01
(1779992977.113684) vcan0 604#01
(1779992977.123930) vcan0 604#01
(1779992977.134157) vcan0 604#01
(1779992977.144377) vcan0 604#01
(1779992977.154602) vcan0 604#01
(1779992977.162563) vcan0 710#FF000000
(1779992977.162605) vcan0 712#7F000000
(1779992977.164801) vcan0 604#01
(1779992977.175025) vcan0 604#01
(1779992977.185202) vcan0 604#01
(1779992977.195457) vcan0 604#01
(1779992977.205618) vcan0 604#01
(1779992977.215798) vcan0 604#01
(1779992977.225992) vcan0 604#01
(1779992977.226536) vcan0 710#FF000000
(1779992977.226575) vcan0 712#7F000000
(1779992977.226599) vcan0 606#00
(1779992977.236202) vcan0 604#01
(1779992977.246395) vcan0 604#01
(1779992977.256601) vcan0 604#01
(1779992977.266997) vcan0 604#01
(1779992977.277300) vcan0 604#01
(1779992977.287569) vcan0 604#01
(1779992977.290498) vcan0 710#00000000
(1779992977.290532) vcan0 712#7F000000
(1779992977.297792) vcan0 604#01
(1779992977.306538) vcan0 711#00000000
(1779992977.306575) vcan0 714#01
(1779992977.306597) vcan0 604#00
(1779992977.308045) vcan0 604#01
(1779992977.318222) vcan0 604#01
(1779992977.328456) vcan0 604#01
(1779992977.338692) vcan0 604#01
(1779992977.348921) vcan0 604#01
(1779992977.354545) vcan0 710#00000000
(1779992977.354585) vcan0 712#7F000000
(1779992977.359173) vcan0 604#01
(1779992977.369394) vcan0 604#01
(1779992977.379613) vcan0 604#01
(1779992977.389801) vcan0 604#01
(1779992977.400063) vcan0 604#01
(1779992977.410294) vcan0 604#01
(1779992977.418513) vcan0 710#00000000
(1779992977.418556) vcan0 712#7F000000
(1779992977.420458) vcan0 604#01
(1779992977.430652) vcan0 604#01
(1779992977.440879) vcan0 604#01
(1779992977.451093) vcan0 604#01
(1779992977.461357) vcan0 604#01
(1779992977.471576) vcan0 604#01
(1779992977.481817) vcan0 604#01
(1779992977.482522) vcan0 710#4C000000
(1779992977.482560) vcan0 712#7F000000
(1779992977.492079) vcan0 604#01
(1779992977.502301) vcan0 604#01
(1779992977.512533) vcan0 604#01
(1779992977.514529) vcan0 711#00000000
(1779992977.514567) vcan0 714#01
(1779992977.514589) vcan0 604#00
(1779992977.522713) vcan0 604#01
(1779992977.532977) vcan0 604#01
(1779992977.543188) vcan0 604#01
(1779992977.547511) vcan0 710#B2000000
(1779992977.547549) vcan0 712#7F000000
(1779992977.553390) vcan0 604#01
(1779992977.563679) vcan0 604#01
(1779992977.573885) vcan0 604#01
(1779992977.584079) vcan0 604#01
(1779992977.594263) vcan0 604#01
(1779992977.604457) vcan0 604#01
(1779992977.611522) vcan0 710#FF000000
(1779992977.611563) vcan0 712#7F000000
(1779992977.614748) vcan0 604#01
(1779992977.624913) vcan0 604#01
(1779992977.635129) vcan0 604#01
(1779992977.645369) vcan0 604#01
(1779992977.655573) vcan0 604#01
(1779992977.665813) vcan0 604#01
(1779992977.675536) vcan0 710#FF000000
(1779992977.675584) vcan0 712#7F000000
(1779992977.676094) vcan0 604#01
(1779992977.686415) vcan0 604#01
(1779992977.696655) vcan0 604#01
(1779992977.706905) vcan0 604#01
(1779992977.717125) vcan0 604#01
(1779992977.723567) vcan0 711#00000000
(1779992977.723623) vcan0 714#01
(1779992977.723655) vcan0 604#00
(1779992977.727403) vcan0 604#01
(1779992977.737655) vcan0 604#01
(1779992977.739526) vcan0 710#FF000000
(1779992977.739568) vcan0 712#7F000000
(1779992977.739599) vcan0 606#00
(1779992977.748005) vcan0 604#01
(1779992977.758330) vcan0 604#01
(1779992977.768606) vcan0 604#01
(1779992977.778880) vcan0 604#01
(1779992977.789108) vcan0 604#01
(1779992977.799345) vcan0 604#01
(1779992977.803670) vcan0 710#FF000000
(1779992977.803762) vcan0 712#7F000000
(1779992977.809735) vcan0 604#01
(1779992977.820094) vcan0 604#01
(1779992977.830354) vcan0 604#01
(1779992977.840627) vcan0 604#01
(1779992977.850912) vcan0 604#01
(1779992977.861120) vcan0 604#01
(1779992977.866568) vcan0 710#FF000000
(1779992977.866616) vcan0 712#7F000000
(1779992977.871419) vcan0 604#01
(1779992977.881749) vcan0 604#01
(1779992977.891975) vcan0 604#01
(1779992977.902218) vcan0 604#01
(1779992977.912446) vcan0 604#01
(1779992977.922644) vcan0 604#01
(1779992977.930526) vcan0 710#FF000000
(1779992977.930572) vcan0 711#00000000
(1779992977.930601) vcan0 712#7F000000
(1779992977.930627) vcan0 714#01
(1779992977.930650) vcan0 604#00
(1779992977.932936) vcan0 604#01
(1779992977.943164) vcan0 604#01
(1779992977.953418) vcan0 604#01
(1779992977.963633) vcan0 604#01
(1779992977.973850) vcan0 604#01
(1779992977.984086) vcan0 604#01
(1779992977.994301) vcan0 604#01
(1779992977.994540) vcan0 710#FF000000
(1779992977.994583) vcan0 712#7F000000
(1779992978.004517) vcan0 604#01
(1779992978.014757) vcan0 604#01
(1779992978.025011) vcan0 604#01
(1779992978.035358) vcan0 604#01
(1779992978.045698) vcan0 604#01
(1779992978.055958) vcan0 604#01
(1779992978.058567) vcan0 710#FF000000
(1779992978.058612) vcan0 712#7F000000
(1779992978.066212) vcan0 604#01
(1779992978.076468) vcan0 604#01
(1779992978.086747) vcan0 604#01
(1779992978.097049) vcan0 604#01
(1779992978.107361) vcan0 604#01
(1779992978.117658) vcan0 604#01
(1779992978.122582) vcan0 710#FF000000
(1779992978.122630) vcan0 712#7F000000
(1779992978.127858) vcan0 604#01
(1779992978.138076) vcan0 604#01
(1779992978.138504) vcan0 711#00000000
(1779992978.138549) vcan0 714#01
(1779992978.138581) vcan0 604#00
(1779992978.148319) vcan0 604#01
(1779992978.158651) vcan0 604#01
(1779992978.168877) vcan0 604#01
(1779992978.179139) vcan0 604#01
(1779992978.186531) vcan0 710#FF000000
(1779992978.186584) vcan0 712#7F000000
(1779992978.189372) vcan0 604#01
(1779992978.199603) vcan0 604#01
(1779992978.209823) vcan0 604#01
(1779992978.220050) vcan0 604#01
(1779992978.230209) vcan0 604#01
(1779992978.240435) vcan0 604#01
(1779992978.250574) vcan0 710#FF000000
(1779992978.250632) vcan0 712#7F000000
(1779992978.250665) vcan0 606#00
(1779992978.250711) vcan0 604#01
(1779992978.260909) vcan0 604#01
(1779992978.271229) vcan0 604#01
(1779992978.281469) vcan0 604#01
(1779992978.291771) vcan0 604#01
(1779992978.302068) vcan0 604#01
(1779992978.312458) vcan0 604#01
(1779992978.314597) vcan0 710#FF000000
(1779992978.314663) vcan0 712#7F000000
(1779992978.322810) vcan0 604#01
(1779992978.333149) vcan0 604#01
(1779992978.343409) vcan0 604#01
(1779992978.346518) vcan0 711#00000000
(1779992978.346567) vcan0 714#01
(1779992978.346598) vcan0 604#00
(1779992978.353647) vcan0 604#01
(1779992978.363912) vcan0 604#01
(1779992978.374187) vcan0 604#01
(1779992978.378544) vcan0 710#FF000000
(1779992978.378599) vcan0 712#7F000000
(1779992978.384537) vcan0 604#01
(1779992978.394778) vcan0 604#01
(1779992978.405060) vcan0 604#01
(1779992978.415355) vcan0 604#01
(1779992978.425642) vcan0 604#01
(1779992978.436018) vcan0 604#01
(1779992978.442550) vcan0 710#FF000000
(1779992978.442609) vcan0 712#7F000000
(1779992978.446326) vcan0 604#01
(1779992978.456585) vcan0 604#01
(1779992978.466877) vcan0 604#01
(1779992978.477154) vcan0 604#01
(1779992978.487428) vcan0 604#01
(1779992978.497678) vcan0 604#01
(1779992978.506526) vcan0 710#FF000000
(1779992978.506578) vcan0 712#7F000000
(1779992978.508030) vcan0 604#01
(1779992978.518330) vcan0 604#01
(1779992978.528611) vcan0 604#01
(1779992978.538910) vcan0 604#01
(1779992978.549183) vcan0 604#01
(1779992978.555561) vcan0 711#00000000
(1779992978.555610) vcan0 714#01
(1779992978.555642) vcan0 604#00
(1779992978.559391) vcan0 604#01
(1779992978.569691) vcan0 604#01
(1779992978.571474) vcan0 710#FF000000
(1779992978.571511) vcan0 712#7F000000
(1779992978.579945) vcan0 604#01
(1779992978.590227) vcan0 604#01
(1779992978.600489) vcan0 604#01
(1779992978.610803) vcan0 604#01
(1779992978.621090) vcan0 604#01
(1779992978.631292) vcan0 604#01
(1779992978.635526) vcan0 710#FF000000
(1779992978.635576) vcan0 712#7F000000
(1779992978.641461) vcan0 604#01
(1779992978.651714) vcan0 604#01
(1779992978.661957) vcan0 604#01
(1779992978.672342) vcan0 604#01
(1779992978.682665) vcan0 604#01
(1779992978.693045) vcan0 604#01
(1779992978.699610) vcan0 710#FF000000
(1779992978.699794) vcan0 712#7F000000
(1779992978.703434) vcan0 604#01
(1779992978.713831) vcan0 604#01
(1779992978.724277) vcan0 604#01
(1779992978.734861) vcan0 604#01
(1779992978.745318) vcan0 604#01
(1779992978.756160) vcan0 604#01
(1779992978.763867) vcan0 710#00000000
(1779992978.764032) vcan0 711#00000000
(1779992978.764141) vcan0 712#7F000000
(1779992978.764330) vcan0 714#00
(1779992978.764471) vcan0 604#00
(1779992978.764556) vcan0 606#00
(1779992978.764637) vcan0 713#01000000
(1779992978.766754) vcan0 604#01
(1779992978.777226) vcan0 604#01
(1779992978.788201) vcan0 604#01
(1779992978.798800) vcan0 604#01
(1779992978.809358) vcan0 604#01
(1779992978.819914) vcan0 604#01
(1779992978.827639) vcan0 710#00000000
(1779992978.827758) vcan0 712#7F000000
(1779992978.830447) vcan0 604#01
(1779992978.840941) vcan0 604#01
(1779992978.851390) vcan0 604#01
(1779992978.861826) vcan0 604#01
(1779992978.872284) vcan0 604#01
(1779992978.883008) vcan0 604#01
(1779992978.890638) vcan0 710#00000000
(1779992978.890777) vcan0 712#7F000000
(1779992978.893473) vcan0 604#01
(1779992978.904862) vcan0 604#01
(1779992978.915338) vcan0 604#01
(1779992978.925802) vcan0 604#01
(1779992978.936454) vcan0 604#01
(1779992978.947164) vcan0 604#01
(1779992978.954845) vcan0 710#00000000
(1779992978.955100) vcan0 712#7F000000
(1779992978.957785) vcan0 604#01
(1779992978.968459) vcan0 604#01
(1779992978.970768) vcan0 711#00000000
(1779992978.970891) vcan0 714#00
(1779992978.970973) vcan0 604#00
(1779992978.971047) vcan0 713#01000000
(1779992978.979026) vcan0 604#01
(1779992978.989592) vcan0 604#01
(1779992979.000265) vcan0 604#01
(1779992979.010781) vcan0 604#01
(1779992979.018755) vcan0 710#00000000
(1779992979.018889) vcan0 712#7F000000
(1779992979.021383) vcan0 604#01
(1779992979.031946) vcan0 604#01
(1779992979.042614) vcan0 604#01
(1779992979.053142) vcan0 604#01
(1779992979.063609) vcan0 604#01
(1779992979.074053) vcan0 604#01
(1779992979.074655) vcan0 710#00000000
(1779992979.074787) vcan0 712#7F000000
(1779992979.084668) vcan0 604#01
(1779992979.095172) vcan0 604#01
(1779992979.106011) vcan0 604#01
(1779992979.116527) vcan0 604#01
(1779992979.127090) vcan0 604#01
(1779992979.137738) vcan0 604#01
(1779992979.138667) vcan0 710#66000000
(1779992979.138803) vcan0 712#7F000000
(1779992979.148351) vcan0 604#01
(1779992979.159012) vcan0 604#01
(1779992979.170343) vcan0 604#01
(1779992979.180926) vcan0 604#01
(1779992979.186793) vcan0 711#00000000
(1779992979.187017) vcan0 714#00
(1779992979.187151) vcan0 604#00
(1779992979.187245) vcan0 713#01000000
(1779992979.191479) vcan0 604#01
(1779992979.201958) vcan0 604#01
(1779992979.202679) vcan0 710#CC000000
(1779992979.202813) vcan0 712#7F000000
(1779992979.212471) vcan0 604#01
(1779992979.223022) vcan0 604#01
(1779992979.233926) vcan0 604#01
(1779992979.244412) vcan0 604#01
(1779992979.254825) vcan0 604#01
(1779992979.265316) vcan0 604#01
(1779992979.266777) vcan0 710#FF000000
(1779992979.266908) vcan0 712#7F000000
(1779992979.267000) vcan0 606#00
(1779992979.275811) vcan0 604#01
(1779992979.286691) vcan0 604#01
(1779992979.297350) vcan0 604#01
(1779992979.307902) vcan0 604#01
(1779992979.318650) vcan0 604#01
(1779992979.329201) vcan0 604#01
(1779992979.330654) vcan0 710#FF000000
(1779992979.330781) vcan0 712#7F000000
(1779992979.339680) vcan0 604#01
(1779992979.350288) vcan0 604#01
(1779992979.360841) vcan0 604#01
(1779992979.371301) vcan0 604#01
(1779992979.381847) vcan0 604#01
(1779992979.392378) vcan0 604#01
(1779992979.394624) vcan0 710#FF000000
(1779992979.394755) vcan0 711#00000000
(1779992979.394842) vcan0 712#7F000000
(1779992979.394919) vcan0 714#00
(1779992979.394988) vcan0 604#00
(1779992979.395058) vcan0 713#01000000
(1779992979.402774) vcan0 604#01
(1779992979.413320) vcan0 604#01
(1779992979.424085) vcan0 604#01
(1779992979.434577) vcan0 604#01
(1779992979.445120) vcan0 604#01
(1779992979.455550) vcan0 604#01
(1779992979.458665) vcan0 710#FF000000
(1779992979.458793) vcan0 712#7F000000
(1779992979.465977) vcan0 604#01
(1779992979.476488) vcan0 604#01
(1779992979.486986) vcan0 604#01
(1779992979.497860) vcan0 604#01
(1779992979.508433) vcan0 604#01
(1779992979.518860) vcan0 604#01
(1779992979.523725) vcan0 710#FF000000
(1779992979.523889) vcan0 712#7F000000
(1779992979.529373) vcan0 604#01
(1779992979.539817) vcan0 604#01
(1779992979.550249) vcan0 604#01
(1779992979.560765) vcan0 604#01
(1779992979.571314) vcan0 604#01
(1779992979.581843) vcan0 604#01
(1779992979.587845) vcan0 710#FF000000
(1779992979.588114) vcan0 712#7F000000
(1779992979.592421) vcan0 604#01
(1779992979.603030) vcan0 604#01
(1779992979.603703) vcan0 711#00000000
(1779992979.603818) vcan0 714#00
(1779992979.603900) vcan0 604#00
(1779992979.603975) vcan0 713#01000000
(1779992979.613569) vcan0 604#01
(1779992979.624130) vcan0 604#01
(1779992979.634677) vcan0 604#01
(1779992979.645186) vcan0 604#01
(1779992979.651775) vcan0 710#FF000000
(1779992979.651997) vcan0 712#7F000000
(1779992979.655679) vcan0 604#01
(1779992979.666318) vcan0 604#01
(1779992979.676801) vcan0 604#01
(1779992979.688153) vcan0 604#01
(1779992979.698950) vcan0 604#01
(1779992979.709469) vcan0 604#01
(1779992979.715764) vcan0 710#FF000000
(1779992979.715898) vcan0 712#7F000000
(1779992979.719909) vcan0 604#01
(1779992979.730366) vcan0 604#01
(1779992979.740882) vcan0 604#01
(1779992979.751407) vcan0 604#01
(1779992979.761970) vcan0 604#01
(1779992979.772452) vcan0 604#01
(1779992979.779758) vcan0 710#FF000000
(1779992979.779883) vcan0 712#7F000000
(1779992979.779978) vcan0 606#00
(1779992979.783016) vcan0 604#01
(1779992979.793492) vcan0 604#01
(1779992979.804185) vcan0 604#01
(1779992979.811775) vcan0 711#00000000
(1779992979.811922) vcan0 714#00
(1779992979.812006) vcan0 604#00
(1779992979.812085) vcan0 713#01000000
(1779992979.814805) vcan0 604#01
(1779992979.825300) vcan0 604#01
(1779992979.834468) vcan0 710#FF000000
(1779992979.834597) vcan0 712#7F000000
(1779992979.835654) vcan0 604#01
(1779992979.846386) vcan0 604#01
(1779992979.856940) vcan0 604#01
(1779992979.867507) vcan0 604#01
(1779992979.877935) vcan0 604#01
(1779992979.888871) vcan0 604#01
(1779992979.899380) vcan0 604#01
(1779992979.899783) vcan0 710#FF000000
(1779992979.899909) vcan0 712#7F000000
(1779992979.909822) vcan0 604#01
(1779992979.920578) vcan0 604#01
(1779992979.930981) vcan0 604#01
(1779992979.941444) vcan0 604#01
(1779992979.952026) vcan0 604#01
(1779992979.962610) vcan0 604#01
(1779992979.963784) vcan0 710#FF000000
(1779992979.963911) vcan0 712#7F000000
(1779992979.973187) vcan0 604#01
(1779992979.983878) vcan0 604#01
(1779992979.994360) vcan0 604#01
(1779992980.004909) vcan0 604#01
(1779992980.015566) vcan0 604#01
(1779992980.026048) vcan0 604#01
(1779992980.027665) vcan0 710#FF000000
(1779992980.027773) vcan0 711#00000000
(1779992980.027850) vcan0 712#7F000000
(1779992980.027922) vcan0 714#00
(1779992980.027989) vcan0 604#00
(1779992980.028054) vcan0 713#01000000
(1779992980.036557) vcan0 604#01
(1779992980.047001) vcan0 604#01
(1779992980.057758) vcan0 604#01
(1779992980.068253) vcan0 604#01
(1779992980.078819) vcan0 604#01
(1779992980.089525) vcan0 604#01
(1779992980.091630) vcan0 710#FF000000
(1779992980.091761) vcan0 712#7F000000
(1779992980.100089) vcan0 604#01
(1779992980.110562) vcan0 604#01
(1779992980.120986) vcan0 604#01
(1779992980.132058) vcan0 604#01
(1779992980.142635) vcan0 604#01
(1779992980.153286) vcan0 604#01
(1779992980.155646) vcan0 710#00000000
(1779992980.155770) vcan0 712#7F000000
(1779992980.163760) vcan0 604#01
(1779992980.174278) vcan0 604#01
(1779992980.184801) vcan0 604#01
(1779992980.195690) vcan0 604#01
(1779992980.206265) vcan0 604#01
(1779992980.216835) vcan0 604#01
(1779992980.219803) vcan0 710#00000000
(1779992980.219935) vcan0 712#7F000000
(1779992980.227342) vcan0 604#01
(1779992980.235643) vcan0 711#00000000
(1779992980.235756) vcan0 714#00
(1779992980.235839) vcan0 604#00
(1779992980.235917) vcan0 713#01000000
(1779992980.237904) vcan0 604#01
(1779992980.248428) vcan0 604#01
(1779992980.258936) vcan0 604#01
(1779992980.269643) vcan0 604#01
(1779992980.280199) vcan0 604#01
(1779992980.283835) vcan0 710#4C000000
(1779992980.284029) vcan0 712#7F000000
(1779992980.284182) vcan0 606#00
(1779992980.290700) vcan0 604#01
(1779992980.301812) vcan0 604#01
(1779992980.312346) vcan0 604#01
(1779992980.322788) vcan0 604#01
(1779992980.333420) vcan0 604#01
(1779992980.343926) vcan0 604#01
(1779992980.347668) vcan0 710#B2000000
(1779992980.347813) vcan0 712#72000000
(1779992980.354399) vcan0 604#01
(1779992980.365047) vcan0 604#01
(1779992980.375591) vcan0 604#01
(1779992980.386079) vcan0 604#01
(1779992980.396593) vcan0 604#01
(1779992980.407197) vcan0 604#01
(1779992980.411601) vcan0 710#FF000000
(1779992980.411726) vcan0 712#72000000
(1779992980.417708) vcan0 604#01
(1779992980.428532) vcan0 604#01
(1779992980.438988) vcan0 604#01
(1779992980.443606) vcan0 711#00000000
(1779992980.443724) vcan0 714#00
(1779992980.443805) vcan0 604#00
(1779992980.443881) vcan0 713#01000000
(1779992980.449484) vcan0 604#01
(1779992980.459970) vcan0 604#01
(1779992980.470419) vcan0 604#01
(1779992980.475668) vcan0 710#FF000000
(1779992980.475798) vcan0 712#72000000
(1779992980.480954) vcan0 604#01
(1779992980.491373) vcan0 604#01
(1779992980.501832) vcan0 604#01
(1779992980.512421) vcan0 604#01
(1779992980.522937) vcan0 604#01
(1779992980.537119) vcan0 604#01
(1779992980.540618) vcan0 710#FF000000
(1779992980.540751) vcan0 712#65000000
(1779992980.547700) vcan0 604#01
(1779992980.558133) vcan0 604#01
(1779992980.568640) vcan0 604#01
(1779992980.579206) vcan0 604#01
(1779992980.589792) vcan0 604#01
(1779992980.600372) vcan0 604#01
(1779992980.604636) vcan0 710#FF000000
(1779992980.604774) vcan0 712#65000000
(1779992980.610923) vcan0 604#01
(1779992980.621422) vcan0 604#01
(1779992980.631903) vcan0 604#01
(1779992980.642422) vcan0 604#01
(1779992980.652596) vcan0 711#00000000
(1779992980.652720) vcan0 714#00
(1779992980.652803) vcan0 604#00
(1779992980.652878) vcan0 713#01000000
(1779992980.652938) vcan0 604#01
(1779992980.663471) vcan0 604#01
(1779992980.668565) vcan0 710#FF000000
(1779992980.668672) vcan0 712#7F000000
(1779992980.673934) vcan0 604#01
(1779992980.684655) vcan0 604#01
(1779992980.695186) vcan0 604#01
(1779992980.705805) vcan0 604#01
(1779992980.716347) vcan0 604#01
(1779992980.726893) vcan0 604#01
(1779992980.732601) vcan0 710#00000000
(1779992980.732748) vcan0 712#7F000000
(1779992980.737348) vcan0 604#01
(1779992980.747929) vcan0 604#01
(1779992980.758350) vcan0 604#01
(1779992980.768853) vcan0 604#01
(1779992980.779377) vcan0 604#01
(1779992980.789979) vcan0 604#01
(1779992980.796582) vcan0 710#00000000
(1779992980.796711) vcan0 712#8C000000
(1779992980.796797) vcan0 606#00
(1779992980.800479) vcan0 604#01
(1779992980.810981) vcan0 604#01
(1779992980.821458) vcan0 604#01
(1779992980.831994) vcan0 604#01
(1779992980.842453) vcan0 604#01
(1779992980.853068) vcan0 604#01
(1779992980.859602) vcan0 710#00000000
(1779992980.859736) vcan0 711#00000000
(1779992980.859830) vcan0 712#8C000000
(1779992980.859906) vcan0 714#00
(1779992980.859974) vcan0 604#00
(1779992980.860043) vcan0 713#01000000
(1779992980.863639) vcan0 604#01
(1779992980.874035) vcan0 604#01
(1779992980.884481) vcan0 604#01
(1779992980.894962) vcan0 604#01
(1779992980.905448) vcan0 604#01
(1779992980.916978) vcan0 604#01
(1779992980.923689) vcan0 710#00000000
(1779992980.923824) vcan0 712#7F000000
(1779992980.927452) vcan0 604#01
(1779992980.937942) vcan0 604#01
(1779992980.948849) vcan0 604#01
(1779992980.959360) vcan0 604#01
(1779992980.969795) vcan0 604#01
(1779992980.980264) vcan0 604#01
(1779992980.987662) vcan0 710#00000000
(1779992980.987816) vcan0 712#7F000000
(1779992980.990818) vcan0 604#01
(1779992981.001337) vcan0 604#01
(1779992981.011778) vcan0 604#01
(1779992981.022201) vcan0 604#01
(1779992981.033084) vcan0 604#01
(1779992981.043549) vcan0 604#01
(1779992981.051627) vcan0 710#00000000
(1779992981.051904) vcan0 712#72000000
(1779992981.054061) vcan0 604#01
(1779992981.064751) vcan0 604#01
(1779992981.067691) vcan0 711#FF000000
(1779992981.067832) vcan0 714#00
(1779992981.067918) vcan0 604#00
(1779992981.067991) vcan0 713#01000000
(1779992981.075274) vcan0 604#01
(1779992981.085822) vcan0 604#01
(1779992981.096714) vcan0 604#01
(1779992981.107184) vcan0 604#01
(1779992981.115605) vcan0 710#00000000
(1779992981.115737) vcan0 712#7F000000
(1779992981.117656) vcan0 604#01
(1779992981.128129) vcan0 604#01
(1779992981.138604) vcan0 604#01
(1779992981.149475) vcan0 604#01
(1779992981.159943) vcan0 604#01
(1779992981.170489) vcan0 604#01
(1779992981.179673) vcan0 710#00000000
(1779992981.179811) vcan0 712#7F000000
(1779992981.180918) vcan0 604#01
(1779992981.191388) vcan0 604#01
(1779992981.201905) vcan0 604#01
(1779992981.212403) vcan0 604#01
(1779992981.222836) vcan0 604#01
(1779992981.233396) vcan0 604#01
(1779992981.243607) vcan0 710#00000000
(1779992981.243741) vcan0 712#8C000000
(1779992981.243962) vcan0 604#01
(1779992981.254478) vcan0 604#01
(1779992981.265012) vcan0 604#01
(1779992981.275530) vcan0 604#01
(1779992981.275700) vcan0 711#00000000
(1779992981.275870) vcan0 714#00
(1779992981.275986) vcan0 604#00
(1779992981.276094) vcan0 713#01000000
(1779992981.286018) vcan0 604#01
(1779992981.296554) vcan0 604#01
(1779992981.307176) vcan0 604#01
(1779992981.307596) vcan0 710#00000000
(1779992981.307725) vcan0 712#7F000000
(1779992981.307813) vcan0 606#00
(1779992981.317650) vcan0 604#01
(1779992981.328301) vcan0 604#01
(1779992981.338840) vcan0 604#01
(1779992981.349366) vcan0 604#01
(1779992981.360018) vcan0 604#01
(1779992981.370502) vcan0 604#01
(1779992981.371499) vcan0 710#00000000
(1779992981.371614) vcan0 712#7F000000
(1779992981.381076) vcan0 604#01
(1779992981.391620) vcan0 604#01
(1779992981.402246) vcan0 604#01
(1779992981.412845) vcan0 604#01
(1779992981.423360) vcan0 604#01
(1779992981.434196) vcan0 604#01
(1779992981.435668) vcan0 710#00000000
(1779992981.435790) vcan0 712#7F000000
(1779992981.444735) vcan0 604#01
(1779992981.455282) vcan0 604#01
(1779992981.465862) vcan0 604#01
(1779992981.476582) vcan0 604#01
(1779992981.483546) vcan0 711#00000000
(1779992981.483671) vcan0 714#00
(1779992981.483753) vcan0 604#01
(1779992981.483829) vcan0 713#01000000
(1779992981.487133) vcan0 604#01
(1779992981.497654) vcan0 604#01
(1779992981.499548) vcan0 710#00000000
(1779992981.499675) vcan0 712#7F000000
(1779992981.508195) vcan0 604#01
(1779992981.518710) vcan0 604#01
(1779992981.529166) vcan0 604#01
(1779992981.539606) vcan0 604#01
(1779992981.550019) vcan0 604#01
(1779992981.560472) vcan0 604#01
(1779992981.564607) vcan0 710#19000000
(1779992981.564731) vcan0 712#7F000000
(1779992981.571328) vcan0 604#01
(1779992981.581815) vcan0 604#01
(1779992981.592254) vcan0 604#01
(1779992981.602730) vcan0 604#01
(1779992981.613400) vcan0 604#01
(1779992981.623933) vcan0 604#01
(1779992981.628534) vcan0 710#7F000000
(1779992981.628665) vcan0 712#7F000000
(1779992981.634445) vcan0 604#01
(1779992981.645002) vcan0 604#01
(1779992981.655531) vcan0 604#01
(1779992981.666014) vcan0 604#01
(1779992981.676611) vcan0 604#01
(1779992981.687391) vcan0 604#01
(1779992981.692660) vcan0 710#E5000000
(1779992981.692789) vcan0 711#00000000
(1779992981.692876) vcan0 712#7F000000
(1779992981.692959) vcan0 714#00
(1779992981.693032) vcan0 604#00
(1779992981.693100) vcan0 713#01000000
(1779992981.698126) vcan0 604#01
(1779992981.708564) vcan0 604#01
(1779992981.719053) vcan0 604#01
(1779992981.729554) vcan0 604#01
(1779992981.740220) vcan0 604#01
(1779992981.750801) vcan0 604#01
(1779992981.756528) vcan0 710#FF000000
(1779992981.756659) vcan0 712#7F000000
(1779992981.761311) vcan0 604#01
(1779992981.771883) vcan0 604#01
(1779992981.782376) vcan0 604#01
(1779992981.792925) vcan0 604#01
(1779992981.803458) vcan0 604#01
(1779992981.814158) vcan0 604#01
(1779992981.820555) vcan0 710#FF000000
(1779992981.820692) vcan0 712#7F000000
(1779992981.820780) vcan0 606#00
(1779992981.824726) vcan0 604#01
(1779992981.835526) vcan0 604#01
(1779992981.845963) vcan0 604#01
(1779992981.856688) vcan0 604#01
(1779992981.867012) vcan0 604#01
(1779992981.877449) vcan0 604#01
(1779992981.883508) vcan0 710#FF000000
(1779992981.883630) vcan0 712#72000000
(1779992981.887872) vcan0 604#01
(1779992981.898659) vcan0 604#01
(1779992981.899546) vcan0 711#00000000
(1779992981.899668) vcan0 714#00
(1779992981.899764) vcan0 604#01
(1779992981.899852) vcan0 713#01000000
(1779992981.909204) vcan0 604#01
(1779992981.919785) vcan0 604#01
(1779992981.930239) vcan0 604#01
(1779992981.940673) vcan0 604#01
(1779992981.947544) vcan0 710#FF000000
(1779992981.947773) vcan0 712#72000000
(1779992981.951133) vcan0 604#01
(1779992981.961674) vcan0 604#01
(1779992981.972488) vcan0 604#01
(1779992981.982985) vcan0 604#01
(1779992981.993466) vcan0 604#01
(1779992982.004574) vcan0 604#01
(1779992982.011555) vcan0 710#FF000000
(1779992982.011696) vcan0 712#72000000
(1779992982.015042) vcan0 604#01
(1779992982.025491) vcan0 604#01
(1779992982.036023) vcan0 604#01
(1779992982.046514) vcan0 604#01
(1779992982.057063) vcan0 604#01
(1779992982.067533) vcan0 604#01
(1779992982.075644) vcan0 710#FF000000
(1779992982.075780) vcan0 712#65000000
(1779992982.078059) vcan0 604#01
(1779992982.088533) vcan0 604#01
(1779992982.099136) vcan0 604#01
(1779992982.107732) vcan0 711#00000000
(1779992982.107863) vcan0 714#00
(1779992982.107948) vcan0 604#00
(1779992982.108026) vcan0 713#01000000
(1779992982.109742) vcan0 604#01
(1779992982.120246) vcan0 604#01
(1779992982.125700) vcan0 710#00000000
(1779992982.125837) vcan0 712#65000000
(1779992982.130717) vcan0 604#01
(1779992982.141214) vcan0 604#01
(1779992982.151785) vcan0 604#01
(1779992982.162243) vcan0 604#01
(1779992982.172800) vcan0 604#01
(1779992982.182831) vcan0 710#00000000
(1779992982.182995) vcan0 712#7F000000
(1779992982.183290) vcan0 604#01
(1779992982.193868) vcan0 604#01
(1779992982.204513) vcan0 604#01
(1779992982.215015) vcan0 604#01
(1779992982.225991) vcan0 604#01
(1779992982.233576) vcan0 710#00000000
(1779992982.233718) vcan0 712#7F000000
(1779992982.236465) vcan0 604#01
(1779992982.246977) vcan0 604#01
(1779992982.257566) vcan0 604#01
(1779992982.268090) vcan0 604#01
(1779992982.278675) vcan0 604#01
(1779992982.288024) vcan0 710#00000000
(1779992982.288438) vcan0 712#7F000000
(1779992982.289302) vcan0 604#01
(1779992982.299802) vcan0 604#01
(1779992982.310377) vcan0 604#01
(1779992982.320882) vcan0 604#01
(1779992982.323240) vcan0 711#00000000
(1779992982.323389) vcan0 714#00
(1779992982.323487) vcan0 604#00
(1779992982.323569) vcan0 606#00
(1779992982.323650) vcan0 713#01000000
(1779992982.331438) vcan0 604#01
(1779992982.338610) vcan0 710#33000000
(1779992982.338731) vcan0 712#7F000000
(1779992982.341996) vcan0 604#01
(1779992982.352587) vcan0 604#01
(1779992982.363157) vcan0 604#01
(1779992982.373785) vcan0 604#01
(1779992982.384405) vcan0 604#01
(1779992982.394945) vcan0 604#01
(1779992982.402562) vcan0 710#99000000
(1779992982.402696) vcan0 712#7F000000
(1779992982.405608) vcan0 604#01
(1779992982.416018) vcan0 604#01
(1779992982.426543) vcan0 604#01
(1779992982.437132) vcan0 604#01
(1779992982.447721) vcan0 604#01
(1779992982.458185) vcan0 604#01
(1779992982.466569) vcan0 710#FF000000
(1779992982.466716) vcan0 712#72000000
(1779992982.468798) vcan0 604#01
(1779992982.479412) vcan0 604#01
(1779992982.489916) vcan0 604#01
(1779992982.500591) vcan0 604#01
(1779992982.511330) vcan0 604#01
(1779992982.521925) vcan0 604#01
(1779992982.531515) vcan0 710#FF000000
(1779992982.531659) vcan0 711#00000000
(1779992982.531755) vcan0 712#72000000
(1779992982.531848) vcan0 714#00
(1779992982.531928) vcan0 604#00
(1779992982.532017) vcan0 713#01000000
(1779992982.532455) vcan0 604#01
(1779992982.542881) vcan0 604#01
(1779992982.553485) vcan0 604#01
(1779992982.564107) vcan0 604#01
(1779992982.574727) vcan0 604#01
(1779992982.581860) vcan0 710#FF000000
(1779992982.582038) vcan0 712#72000000
(1779992982.585323) vcan0 604#01
(1779992982.595921) vcan0 604#01
(1779992982.606492) vcan0 604#01
(1779992982.617044) vcan0 604#01
(1779992982.627659) vcan0 604#01
(1779992982.638162) vcan0 604#01
(1779992982.648674) vcan0 604#01
(1779992982.649344) vcan0 710#FF000000
(1779992982.649628) vcan0 712#65000000
(1779992982.659454) vcan0 604#01
(1779992982.669852) vcan0 604#01
(1779992982.680379) vcan0 604#01
(1779992982.690919) vcan0 604#01
(1779992982.701455) vcan0 604#01
(1779992982.711917) vcan0 604#01
(1779992982.712593) vcan0 710#FF000000
(1779992982.712730) vcan0 712#65000000
(1779992982.722423) vcan0 604#01
(1779992982.732973) vcan0 604#01
(1779992982.743421) vcan0 604#01
(1779992982.744586) vcan0 711#00000000
(1779992982.744737) vcan0 714#00
(1779992982.744844) vcan0 604#00
(1779992982.744928) vcan0 713#01000000
(1779992982.754042) vcan0 604#01
(1779992982.764541) vcan0 604#01
(1779992982.775510) vcan0 604#01
(1779992982.776589) vcan0 710#FF000000
(1779992982.776714) vcan0 712#65000000
(1779992982.786037) vcan0 604#01
(1779992982.796588) vcan0 604#01
(1779992982.807082) vcan0 604#01
(1779992982.817592) vcan0 604#01
(1779992982.824516) vcan0 606#00
(1779992982.828320) vcan0 604#01
(1779992982.838797) vcan0 604#01
(1779992982.839582) vcan0 710#FF000000
(1779992982.839813) vcan0 712#59000000
(1779992982.849932) vcan0 604#01
(1779992982.860512) vcan0 604#01
(1779992982.871058) vcan0 604#01
(1779992982.881647) vcan0 604#01
(1779992982.892211) vcan0 604#01
(1779992982.902796) vcan0 604#01
(1779992982.903493) vcan0 710#00000000
(1779992982.903628) vcan0 712#7F000000
(1779992982.913313) vcan0 604#01
(1779992982.923952) vcan0 604#01
(1779992982.934521) vcan0 604#01
(1779992982.945172) vcan0 604#01
(1779992982.951519) vcan0 711#00000000
(1779992982.951657) vcan0 714#00
(1779992982.951744) vcan0 604#00
(1779992982.951819) vcan0 713#01000000
(1779992982.955752) vcan0 604#01
(1779992982.966227) vcan0 604#01
(1779992982.967551) vcan0 710#00000000
(1779992982.967667) vcan0 712#7F000000
(1779992982.976821) vcan0 604#01
(1779992982.987323) vcan0 604#01
(1779992982.997886) vcan0 604#01
(1779992983.008453) vcan0 604#01
(1779992983.018957) vcan0 604#01
(1779992983.029800) vcan0 604#01
(1779992983.031719) vcan0 710#19000000
(1779992983.031874) vcan0 712#7F000000
(1779992983.040477) vcan0 604#01
(1779992983.051302) vcan0 604#01
(1779992983.061772) vcan0 604#01
(1779992983.072416) vcan0 604#01
(1779992983.082976) vcan0 604#01
(1779992983.093432) vcan0 604#01
(1779992983.095492) vcan0 710#7F000000
(1779992983.095622) vcan0 712#7F000000
(1779992983.103975) vcan0 604#01
(1779992983.114512) vcan0 604#01
(1779992983.124993) vcan0 604#01
(1779992983.135507) vcan0 604#01
(1779992983.145933) vcan0 604#01
(1779992983.156375) vcan0 604#01
(1779992983.159457) vcan0 710#E5000000
(1779992983.159578) vcan0 711#00000000
(1779992983.159660) vcan0 712#72000000
(1779992983.159732) vcan0 714#00
(1779992983.159798) vcan0 604#00
(1779992983.159863) vcan0 713#01000000
(1779992983.166794) vcan0 604#01
(1779992983.177316) vcan0 604#01
(1779992983.187903) vcan0 604#01
(1779992983.198405) vcan0 604#01
(1779992983.208912) vcan0 604#01
(1779992983.219434) vcan0 604#01
(1779992983.223594) vcan0 710#FF000000
(1779992983.223728) vcan0 712#72000000
(1779992983.229878) vcan0 604#01
(1779992983.240477) vcan0 604#01
(1779992983.250946) vcan0 604#01
(1779992983.261548) vcan0 604#01
(1779992983.272053) vcan0 604#01
(1779992983.282782) vcan0 604#01
(1779992983.287557) vcan0 710#FF000000
(1779992983.287684) vcan0 712#72000000
(1779992983.293216) vcan0 604#01
(1779992983.303648) vcan0 604#01
(1779992983.314038) vcan0 604#01
(1779992983.324554) vcan0 604#01
(1779992983.335061) vcan0 604#01
(1779992983.335529) vcan0 606#00
(1779992983.345711) vcan0 604#01
(1779992983.351447) vcan0 710#FF000000
(1779992983.351569) vcan0 712#65000000
(1779992983.356267) vcan0 604#01
(1779992983.366791) vcan0 604#01
(1779992983.367682) vcan0 711#00000000
(1779992983.367807) vcan0 714#00
(1779992983.367888) vcan0 604#00
(1779992983.367969) vcan0 713#01000000
(1779992983.377361) vcan0 604#01
(1779992983.387854) vcan0 604#01
(1779992983.398331) vcan0 604#01
(1779992983.408853) vcan0 604#01
(1779992983.415555) vcan0 710#00000000
(1779992983.415685) vcan0 712#65000000
(1779992983.419272) vcan0 604#01
(1779992983.429754) vcan0 604#01
(1779992983.440337) vcan0 604#01
(1779992983.450856) vcan0 604#01
(1779992983.461351) vcan0 604#01
(1779992983.471807) vcan0 604#01
(1779992983.479780) vcan0 710#00000000
(1779992983.479966) vcan0 712#65000000
(1779992983.482357) vcan0 604#01
(1779992983.492997) vcan0 604#01
(1779992983.503447) vcan0 604#01
(1779992983.513913) vcan0 604#01
(1779992983.524383) vcan0 604#01
(1779992983.535058) vcan0 604#01
(1779992983.544511) vcan0 710#00000000
(1779992983.544647) vcan0 712#59000000
(1779992983.545709) vcan0 604#01
(1779992983.556210) vcan0 604#01
(1779992983.566634) vcan0 604#01
(1779992983.577116) vcan0 711#FF000000
(1779992983.577164) vcan0 604#01
(1779992983.577241) vcan0 714#00
(1779992983.577325) vcan0 604#00
(1779992983.577405) vcan0 713#01000000
(1779992983.587627) vcan0 604#01
(1779992983.598455) vcan0 604#01
(1779992983.608502) vcan0 710#00000000
(1779992983.608653) vcan0 712#7F000000
(1779992983.608923) vcan0 604#01
(1779992983.619786) vcan0 604#01
(1779992983.630483) vcan0 604#01
(1779992983.641079) vcan0 604#01
(1779992983.651987) vcan0 604#01
(1779992983.662508) vcan0 604#01
(1779992983.672615) vcan0 710#00000000
(1779992983.672823) vcan0 712#7F000000
(1779992983.673154) vcan0 604#01
(1779992983.684364) vcan0 604#01
(1779992983.694986) vcan0 604#01
(1779992983.706079) vcan0 604#01
(1779992983.716777) vcan0 604#01
(1779992983.727437) vcan0 604#01
(1779992983.737945) vcan0 604#01
(1779992983.741803) vcan0 710#00000000
(1779992983.742029) vcan0 712#8C000000
(1779992983.748497) vcan0 604#01
(1779992983.759332) vcan0 604#01
(1779992983.769859) vcan0 604#01
(1779992983.780456) vcan0 604#01
(1779992983.789581) vcan0 711#FF000000
(1779992983.789992) vcan0 714#00
(1779992983.790127) vcan0 604#00
(1779992983.790209) vcan0 713#01000000
(1779992983.791055) vcan0 604#01
(1779992983.801624) vcan0 604#01
(1779992983.805408) vcan0 710#00000000
(1779992983.805516) vcan0 712#8C000000
(1779992983.812157) vcan0 604#01
(1779992983.822719) vcan0 604#01
(1779992983.833390) vcan0 604#01
(1779992983.836516) vcan0 606#00
(1779992983.843972) vcan0 604#01
(1779992983.854419) vcan0 604#01
(1779992983.864994) vcan0 604#01
(1779992983.868483) vcan0 710#00000000
(1779992983.868610) vcan0 712#7F000000
(1779992983.875444) vcan0 604#01
(1779992983.885856) vcan0 604#01
(1779992983.896326) vcan0 604#01
(1779992983.906823) vcan0 604#01
(1779992983.918445) vcan0 604#01
(1779992983.928857) vcan0 604#01
(1779992983.932511) vcan0 710#00000000
(1779992983.932672) vcan0 712#72000000
(1779992983.939287) vcan0 604#01
(1779992983.949907) vcan0 604#01
(1779992983.960535) vcan0 604#01
(1779992983.971130) vcan0 604#01
(1779992983.981748) vcan0 604#01
(1779992983.992287) vcan0 604#01
(1779992983.996463) vcan0 710#00000000
(1779992983.996590) vcan0 711#FF000000
(1779992983.996671) vcan0 712#72000000
(1779992983.996748) vcan0 714#00
(1779992983.996815) vcan0 604#00
(1779992983.996883) vcan0 713#01000000
(1779992984.002767) vcan0 604#01
(1779992984.013252) vcan0 604#01
(1779992984.023695) vcan0 604#01
(1779992984.034138) vcan0 604#01
(1779992984.044586) vcan0 604#01
(1779992984.055134) vcan0 604#01
(1779992984.060537) vcan0 710#00000000
(1779992984.060680) vcan0 712#7F000000
(1779992984.065645) vcan0 604#01
(1779992984.076329) vcan0 604#01
(1779992984.086809) vcan0 604#01
(1779992984.097300) vcan0 604#01
(1779992984.107848) vcan0 604#01
(1779992984.118308) vcan0 604#01
(1779992984.124571) vcan0 710#00000000
(1779992984.124761) vcan0 712#7F000000
(1779992984.128846) vcan0 604#01
(1779992984.139371) vcan0 604#01
(1779992984.149895) vcan0 604#01
(1779992984.160396) vcan0 604#01
(1779992984.170859) vcan0 604#01
(1779992984.181293) vcan0 604#01
(1779992984.188570) vcan0 710#00000000
(1779992984.188703) vcan0 712#7F000000
(1779992984.191785) vcan0 604#01
(1779992984.202260) vcan0 604#01
(1779992984.204690) vcan0 711#00000000
(1779992984.204882) vcan0 714#00
(1779992984.205024) vcan0 604#00
(1779992984.205158) vcan0 713#01000000
(1779992984.212695) vcan0 604#01
(1779992984.223237) vcan0 604#01
(1779992984.233792) vcan0 604#01
(1779992984.244378) vcan0 604#01
(1779992984.252427) vcan0 710#66000000
(1779992984.252558) vcan0 712#7F000000
(1779992984.254843) vcan0 604#01
(1779992984.265412) vcan0 604#01
(1779992984.276003) vcan0 604#01
(1779992984.286501) vcan0 604#01
(1779992984.297310) vcan0 604#01
(1779992984.308236) vcan0 604#01
(1779992984.316413) vcan0 710#CC000000
(1779992984.316566) vcan0 712#72000000
(1779992984.318693) vcan0 604#01
(1779992984.329114) vcan0 604#01
(1779992984.339678) vcan0 604#01
(1779992984.348434) vcan0 606#00
(1779992984.350109) vcan0 604#01
(1779992984.360619) vcan0 604#01
(1779992984.371116) vcan0 604#01
(1779992984.380643) vcan0 710#FF000000
(1779992984.380819) vcan0 712#72000000
(1779992984.382023) vcan0 604#01
(1779992984.392402) vcan0 604#01
(1779992984.402779) vcan0 604#01
(1779992984.412516) vcan0 711#00000000
(1779992984.412656) vcan0 714#00
(1779992984.412742) vcan0 604#00
(1779992984.412818) vcan0 713#01000000
(1779992984.413294) vcan0 604#01
(1779992984.423724) vcan0 604#01
(1779992984.434206) vcan0 604#01
(1779992984.444530) vcan0 710#FF000000
(1779992984.444713) vcan0 712#72000000
(1779992984.444723) vcan0 604#01
(1779992984.455127) vcan0 604#01
(1779992984.465606) vcan0 604#01
(1779992984.476076) vcan0 604#01
(1779992984.486636) vcan0 604#01
(1779992984.497061) vcan0 604#01
(1779992984.507572) vcan0 604#01
(1779992984.508552) vcan0 710#FF000000
(1779992984.508700) vcan0 712#65000000
(1779992984.518114) vcan0 604#01
(1779992984.528652) vcan0 604#01
(1779992984.539258) vcan0 604#01
(1779992984.551000) vcan0 604#01
(1779992984.561566) vcan0 604#01
(1779992984.572077) vcan0 604#01
(1779992984.573564) vcan0 710#00000000
(1779992984.573716) vcan0 712#65000000
(1779992984.582716) vcan0 604#01
(1779992984.593162) vcan0 604#01
(1779992984.603678) vcan0 604#01
(1779992984.614116) vcan0 604#01
(1779992984.621433) vcan0 711#00000000
(1779992984.621610) vcan0 714#00
(1779992984.621728) vcan0 604#00
(1779992984.621902) vcan0 713#01000000
(1779992984.624559) vcan0 604#01
(1779992984.635037) vcan0 604#01
(1779992984.637322) vcan0 710#00000000
(1779992984.637422) vcan0 712#65000000
(1779992984.645483) vcan0 604#01
(1779992984.656231) vcan0 604#01
(1779992984.666718) vcan0 604#01
(1779992984.677206) vcan0 604#01
(1779992984.687703) vcan0 604#01
(1779992984.698176) vcan0 604#01
(1779992984.701658) vcan0 710#00000000
(1779992984.701833) vcan0 712#59000000
(1779992984.708583) vcan0 604#01
(1779992984.719068) vcan0 604#01
(1779992984.729628) vcan0 604#01
(1779992984.740232) vcan0 604#01
(1779992984.750778) vcan0 604#01
(1779992984.761903) vcan0 604#01
(1779992984.765557) vcan0 710#00000000
(1779992984.765746) vcan0 712#59000000
(1779992984.772441) vcan0 604#01
(1779992984.782993) vcan0 604#01
(1779992984.793470) vcan0 604#01
(1779992984.804185) vcan0 604#01
(1779992984.814757) vcan0 604#01
(1779992984.825205) vcan0 604#01
(1779992984.829426) vcan0 710#00000000
(1779992984.829560) vcan0 711#FF000000
(1779992984.829644) vcan0 712#59000000
(1779992984.829718) vcan0 714#00
(1779992984.829787) vcan0 604#00
(1779992984.829855) vcan0 713#01000000
(1779992984.835629) vcan0 604#01
(1779992984.846127) vcan0 604#01
(1779992984.856613) vcan0 604#01
(1779992984.860518) vcan0 606#00
(1779992984.867060) vcan0 604#01
(1779992984.877657) vcan0 604#01
(1779992984.888234) vcan0 604#01
(1779992984.892482) vcan0 710#00000000
(1779992984.892609) vcan0 712#4C000000
(1779992984.898682) vcan0 604#01
(1779992984.909371) vcan0 604#01
(1779992984.920157) vcan0 604#01
(1779992984.930610) vcan0 604#01
(1779992984.941097) vcan0 604#01
(1779992984.951613) vcan0 604#01
(1779992984.956393) vcan0 710#00000000
(1779992984.956535) vcan0 712#7F000000
(1779992984.962224) vcan0 604#01
(1779992984.972848) vcan0 604#01
(1779992984.983422) vcan0 604#01
(1779992984.993955) vcan0 604#01
(1779992985.004450) vcan0 604#01
(1779992985.015296) vcan0 604#01
(1779992985.020361) vcan0 710#00000000
(1779992985.020494) vcan0 712#7F000000
(1779992985.025750) vcan0 604#01
(1779992985.036301) vcan0 604#01
(1779992985.036451) vcan0 711#FF000000
(1779992985.036577) vcan0 714#00
(1779992985.036657) vcan0 604#00
(1779992985.036731) vcan0 713#01000000
(1779992985.046846) vcan0 604#01
(1779992985.057412) vcan0 604#01
(1779992985.068011) vcan0 604#01
(1779992985.078558) vcan0 604#01
(1779992985.084581) vcan0 710#00000000
(1779992985.084838) vcan0 712#7F000000
(1779992985.089054) vcan0 604#01
(1779992985.099582) vcan0 604#01
(1779992985.109984) vcan0 604#01
(1779992985.120431) vcan0 604#01
(1779992985.130911) vcan0 604#01
(1779992985.141713) vcan0 604#01
(1779992985.148481) vcan0 710#00000000
(1779992985.148613) vcan0 712#7F000000
(1779992985.152205) vcan0 604#01
(1779992985.162802) vcan0 604#01
(1779992985.173231) vcan0 604#01
(1779992985.183658) vcan0 604#01
(1779992985.194133) vcan0 604#01
(1779992985.204644) vcan0 604#01
(1779992985.212461) vcan0 710#00000000
(1779992985.212630) vcan0 712#72000000
(1779992985.215411) vcan0 604#01
(1779992985.225914) vcan0 604#01
(1779992985.236497) vcan0 604#01
(1779992985.244441) vcan0 711#00000000
(1779992985.244560) vcan0 714#00
(1779992985.244641) vcan0 604#00
(1779992985.244719) vcan0 713#01000000
(1779992985.247034) vcan0 604#01
(1779992985.257560) vcan0 604#01
(1779992985.268209) vcan0 604#01
(1779992985.276503) vcan0 710#00000000
(1779992985.276737) vcan0 712#7F000000
(1779992985.278728) vcan0 604#01
(1779992985.289502) vcan0 604#01
(1779992985.300230) vcan0 604#01
(1779992985.310672) vcan0 604#01
(1779992985.321272) vcan0 604#01
(1779992985.331791) vcan0 604#01
(1779992985.340392) vcan0 710#00000000
(1779992985.340544) vcan0 712#7F000000
(1779992985.342234) vcan0 604#01
(1779992985.352769) vcan0 604#01
(1779992985.363339) vcan0 604#01
(1779992985.372441) vcan0 606#00
(1779992985.373776) vcan0 604#01
(1779992985.384179) vcan0 604#01
(1779992985.394723) vcan0 604#01
(1779992985.404425) vcan0 710#19000000
(1779992985.404564) vcan0 712#7F000000
(1779992985.405211) vcan0 604#01
(1779992985.415762) vcan0 604#01
(1779992985.426266) vcan0 604#01
(1779992985.437078) vcan0 604#01
(1779992985.447558) vcan0 604#01
(1779992985.452527) vcan0 711#00000000
(1779992985.452663) vcan0 714#00
(1779992985.452748) vcan0 604#00
(1779992985.452827) vcan0 713#01000000
(1779992985.458048) vcan0 604#01
(1779992985.468315) vcan0 710#7F000000
(1779992985.468424) vcan0 712#7F000000
(1779992985.468483) vcan0 604#01
(1779992985.478988) vcan0 604#01
(1779992985.489523) vcan0 604#01
(1779992985.500726) vcan0 604#01
(1779992985.511343) vcan0 604#01
(1779992985.521862) vcan0 604#01
(1779992985.532530) vcan0 604#01
(1779992985.533430) vcan0 710#E5000000
(1779992985.533563) vcan0 712#72000000
(1779992985.543013) vcan0 604#01
(1779992985.553938) vcan0 604#01
(1779992985.564506) vcan0 604#01
(1779992985.575028) vcan0 604#01
(1779992985.585519) vcan0 604#01
(1779992985.596182) vcan0 604#01
(1779992985.597451) vcan0 710#00000000
(1779992985.597595) vcan0 712#7F000000
(1779992985.606657) vcan0 604#01
(1779992985.617200) vcan0 604#01
(1779992985.627750) vcan0 604#01
(1779992985.638251) vcan0 604#01
(1779992985.648788) vcan0 604#01
(1779992985.659369) vcan0 604#01
(1779992985.661408) vcan0 710#33000000
(1779992985.661556) vcan0 711#00000000
(1779992985.661651) vcan0 712#7F000000
(1779992985.661728) vcan0 714#00
(1779992985.661796) vcan0 604#00
(1779992985.661864) vcan0 713#01000000
(1779992985.669907) vcan0 604#01
(1779992985.680451) vcan0 604#01
(1779992985.691031) vcan0 604#01
(1779992985.701493) vcan0 604#01
(1779992985.712009) vcan0 604#01
(1779992985.722478) vcan0 604#01
(1779992985.725655) vcan0 710#99000000
(1779992985.725819) vcan0 712#7F000000
(1779992985.733457) vcan0 604#01
(1779992985.744012) vcan0 604#01
(1779992985.754505) vcan0 604#01
(1779992985.767492) vcan0 604#01
(1779992985.778704) vcan0 604#01
(1779992985.789118) vcan0 604#01
(1779992985.789414) vcan0 710#00000000
(1779992985.789555) vcan0 712#7F000000
(1779992985.799551) vcan0 604#01
(1779992985.810132) vcan0 604#01
(1779992985.820687) vcan0 604#01
(1779992985.831201) vcan0 604#01
(1779992985.841856) vcan0 604#01
(1779992985.852420) vcan0 710#00000000
(1779992985.852429) vcan0 604#01
(1779992985.852558) vcan0 712#7F000000
(1779992985.862987) vcan0 604#01
(1779992985.868391) vcan0 711#00000000
(1779992985.868502) vcan0 714#00
(1779992985.868580) vcan0 604#00
(1779992985.868649) vcan0 713#01000000
(1779992985.873510) vcan0 604#01
(1779992985.884109) vcan0 604#01
(1779992985.884288) vcan0 606#00
(1779992985.894657) vcan0 604#01
(1779992985.905166) vcan0 604#01
(1779992985.915830) vcan0 604#01
(1779992985.916305) vcan0 710#66000000
(1779992985.916417) vcan0 712#7F000000
(1779992985.926324) vcan0 604#01
(1779992985.936865) vcan0 604#01
(1779992985.947413) vcan0 604#01
(1779992985.957929) vcan0 604#01
(1779992985.968511) vcan0 604#01
(1779992985.979028) vcan0 604#01
(1779992985.980612) vcan0 710#CC000000
(1779992985.980979) vcan0 712#72000000
(1779992985.990269) vcan0 604#01
(1779992986.000886) vcan0 604#01
(1779992986.011461) vcan0 604#01
(1779992986.022013) vcan0 604#01
(1779992986.032538) vcan0 604#01
(1779992986.043127) vcan0 604#01
(1779992986.044401) vcan0 710#FF000000
(1779992986.044538) vcan0 712#72000000
(1779992986.053716) vcan0 604#01
(1779992986.064404) vcan0 604#01
(1779992986.074939) vcan0 604#01
(1779992986.076468) vcan0 711#00000000
(1779992986.076587) vcan0 714#00
(1779992986.076671) vcan0 604#00
(1779992986.076747) vcan0 713#01000000
(1779992986.085446) vcan0 604#01
(1779992986.096013) vcan0 604#01
(1779992986.106702) vcan0 604#01
(1779992986.108319) vcan0 710#FF000000
(1779992986.108429) vcan0 712#72000000
(1779992986.117194) vcan0 604#01
(1779992986.127867) vcan0 604#01
(1779992986.138565) vcan0 604#01
(1779992986.149073) vcan0 604#01
(1779992986.159606) vcan0 604#01
(1779992986.170066) vcan0 604#01
(1779992986.172324) vcan0 710#FF000000
(1779992986.172449) vcan0 712#65000000
(1779992986.180568) vcan0 604#01
(1779992986.191160) vcan0 604#01
(1779992986.201691) vcan0 604#01
(1779992986.212149) vcan0 604#01
(1779992986.222936) vcan0 604#01
(1779992986.233430) vcan0 604#01
(1779992986.236319) vcan0 710#FF000000
(1779992986.236436) vcan0 712#65000000
(1779992986.243989) vcan0 604#01
(1779992986.254507) vcan0 604#01
(1779992986.264955) vcan0 604#01
(1779992986.275427) vcan0 604#01
(1779992986.284474) vcan0 711#00000000
(1779992986.284695) vcan0 714#00
(1779992986.284824) vcan0 604#00
(1779992986.284912) vcan0 713#01000000
(1779992986.285953) vcan0 604#01
(1779992986.296437) vcan0 604#01
(1779992986.300450) vcan0 710#FF000000
(1779992986.300577) vcan0 712#65000000
(1779992986.306966) vcan0 604#01
(1779992986.317418) vcan0 604#01
(1779992986.327922) vcan0 604#01
(1779992986.338540) vcan0 604#01
(1779992986.349078) vcan0 604#01
(1779992986.359585) vcan0 604#01
(1779992986.364392) vcan0 710#FF000000
(1779992986.364527) vcan0 712#65000000
(1779992986.370072) vcan0 604#01
(1779992986.380582) vcan0 604#01
(1779992986.391007) vcan0 604#01
(1779992986.396269) vcan0 606#00
(1779992986.401483) vcan0 604#01
(1779992986.412015) vcan0 604#01
(1779992986.422551) vcan0 604#01
(1779992986.428360) vcan0 710#FF000000
(1779992986.428478) vcan0 712#59000000
(1779992986.433070) vcan0 604#01
(1779992986.443627) vcan0 604#01
(1779992986.454074) vcan0 604#01
(1779992986.464567) vcan0 604#01
(1779992986.475157) vcan0 604#01
(1779992986.485717) vcan0 604#01
(1779992986.492296) vcan0 710#FF000000
(1779992986.492438) vcan0 711#FF000000
(1779992986.492536) vcan0 712#59000000
(1779992986.492627) vcan0 714#00
(1779992986.492710) vcan0 604#00
(1779992986.492799) vcan0 713#01000000
(1779992986.496348) vcan0 604#01
(1779992986.506909) vcan0 604#01
(1779992986.517393) vcan0 604#01
(1779992986.527937) vcan0 604#01
(1779992986.538418) vcan0 604#01
(1779992986.548904) vcan0 604#01
(1779992986.557402) vcan0 710#00000000
(1779992986.557586) vcan0 712#59000000
(1779992986.559437) vcan0 604#01
(1779992986.569949) vcan0 604#01
(1779992986.580489) vcan0 604#01
(1779992986.591109) vcan0 604#01
(1779992986.601685) vcan0 604#01
(1779992986.612192) vcan0 604#01
(1779992986.621413) vcan0 710#00000000
(1779992986.621548) vcan0 712#7F000000
(1779992986.622945) vcan0 604#01
(1779992986.633522) vcan0 604#01
(1779992986.644117) vcan0 604#01
(1779992986.654659) vcan0 604#01
(1779992986.665231) vcan0 604#01
(1779992986.675744) vcan0 604#01
(1779992986.685273) vcan0 710#4C000000
(1779992986.685400) vcan0 712#8C000000
(1779992986.686448) vcan0 604#01
(1779992986.697004) vcan0 604#01
(1779992986.701298) vcan0 711#CC000000
(1779992986.701398) vcan0 714#00
(1779992986.701477) vcan0 604#00
(1779992986.701564) vcan0 713#01000000
(1779992986.707478) vcan0 604#01
(1779992986.718033) vcan0 604#01
(1779992986.728670) vcan0 604#01
(1779992986.739196) vcan0 604#01
(1779992986.749462) vcan0 710#B2000000
(1779992986.749689) vcan0 712#8C000000
(1779992986.751368) vcan0 604#01
(1779992986.761809) vcan0 604#01
(1779992986.772409) vcan0 604#01
(1779992986.782848) vcan0 604#01
(1779992986.793644) vcan0 604#01
(1779992986.804154) vcan0 604#01
(1779992986.813322) vcan0 710#FF000000
(1779992986.813455) vcan0 712#7F000000
(1779992986.814621) vcan0 604#01
(1779992986.825175) vcan0 604#01
(1779992986.835687) vcan0 604#01
(1779992986.846318) vcan0 604#01
(1779992986.856828) vcan0 604#01
(1779992986.867256) vcan0 604#01
(1779992986.876315) vcan0 710#FF000000
(1779992986.876461) vcan0 712#7F000000
(1779992986.877850) vcan0 604#01
(1779992986.888343) vcan0 604#01
(1779992986.898937) vcan0 604#01
(1779992986.908347) vcan0 711#FF000000
(1779992986.908489) vcan0 714#00
(1779992986.908580) vcan0 604#00
(1779992986.908661) vcan0 606#00
(1779992986.908740) vcan0 713#01000000
(1779992986.909475) vcan0 604#01
(1779992986.919987) vcan0 604#01
(1779992986.930456) vcan0 604#01
(1779992986.940335) vcan0 710#00000000
(1779992986.940469) vcan0 712#72000000
(1779992986.940917) vcan0 604#01
(1779992986.951382) vcan0 604#01
(1779992986.961836) vcan0 604#01
(1779992986.972345) vcan0 604#01
(1779992986.982829) vcan0 604#01
(1779992986.993436) vcan0 604#01
(1779992987.004057) vcan0 604#01
(1779992987.004379) vcan0 710#00000000
(1779992987.004515) vcan0 712#72000000
(1779992987.014532) vcan0 604#01
(1779992987.025012) vcan0 604#01
(1779992987.035602) vcan0 604#01
(1779992987.046093) vcan0 604#01
(1779992987.056604) vcan0 604#01
(1779992987.067185) vcan0 604#01
(1779992987.068452) vcan0 710#00000000
(1779992987.068593) vcan0 712#72000000
(1779992987.077710) vcan0 604#01
(1779992987.088189) vcan0 604#01
(1779992987.098751) vcan0 604#01
(1779992987.109271) vcan0 604#01
(1779992987.116349) vcan0 711#FF000000
(1779992987.116478) vcan0 714#00
(1779992987.116564) vcan0 604#00
(1779992987.116642) vcan0 713#01000000
(1779992987.119778) vcan0 604#01
(1779992987.130230) vcan0 604#01
(1779992987.132295) vcan0 710#66000000
(1779992987.132405) vcan0 712#65000000
(1779992987.140725) vcan0 604#01
(1779992987.151207) vcan0 604#01
(1779992987.161744) vcan0 604#01
(1779992987.172196) vcan0 604#01
(1779992987.182774) vcan0 604#01
(1779992987.193278) vcan0 604#01
(1779992987.196329) vcan0 710#CC000000
(1779992987.196449) vcan0 712#7F000000
(1779992987.203747) vcan0 604#01
(1779992987.214432) vcan0 604#01
(1779992987.225030) vcan0 604#01
(1779992987.235527) vcan0 604#01
(1779992987.246086) vcan0 604#01
(1779992987.256637) vcan0 604#01
(1779992987.260265) vcan0 710#00000000
(1779992987.260395) vcan0 712#7F000000
(1779992987.267085) vcan0 604#01
(1779992987.277551) vcan0 604#01
(1779992987.288109) vcan0 604#01
(1779992987.298559) vcan0 604#01
(1779992987.309145) vcan0 604#01
(1779992987.319683) vcan0 604#01
(1779992987.324210) vcan0 710#00000000
(1779992987.324322) vcan0 711#00000000
(1779992987.324408) vcan0 712#7F000000
(1779992987.324485) vcan0 714#00
(1779992987.324568) vcan0 604#00
(1779992987.324640) vcan0 713#01000000
(1779992987.330238) vcan0 604#01
(1779992987.340770) vcan0 604#01
(1779992987.351348) vcan0 604#01
(1779992987.361843) vcan0 604#01
(1779992987.372488) vcan0 604#01
(1779992987.383373) vcan0 604#01
(1779992987.388282) vcan0 710#66000000
(1779992987.388414) vcan0 712#7F000000
(1779992987.393887) vcan0 604#01
(1779992987.404329) vcan0 604#01
(1779992987.415137) vcan0 604#01
(1779992987.420261) vcan0 606#00
(1779992987.425687) vcan0 604#01
(1779992987.436213) vcan0 604#01
(1779992987.446743) vcan0 604#01
(1779992987.452303) vcan0 710#CC000000
(1779992987.452427) vcan0 712#7F000000
(1779992987.457171) vcan0 604#01
(1779992987.467581) vcan0 604#01
(1779992987.478012) vcan0 604#01
(1779992987.488473) vcan0 604#01
(1779992987.498893) vcan0 604#01
(1779992987.509421) vcan0 604#01
(1779992987.516286) vcan0 710#00000000
(1779992987.516558) vcan0 712#7F000000
(1779992987.520048) vcan0 604#01
(1779992987.530717) vcan0 604#01
(1779992987.533258) vcan0 711#00000000
(1779992987.533366) vcan0 714#00
(1779992987.533441) vcan0 604#00
(1779992987.533511) vcan0 713#01000000
(1779992987.541206) vcan0 604#01
(1779992987.551719) vcan0 604#01
(1779992987.562115) vcan0 604#01
(1779992987.572513) vcan0 604#01
(1779992987.581239) vcan0 710#00000000
(1779992987.581367) vcan0 712#7F000000
(1779992987.582934) vcan0 604#01
(1779992987.593414) vcan0 604#01
(1779992987.604093) vcan0 604#01
(1779992987.614638) vcan0 604#01
(1779992987.625238) vcan0 604#01
(1779992987.635793) vcan0 604#01
(1779992987.645304) vcan0 710#33000000
(1779992987.645424) vcan0 712#7F000000
(1779992987.646282) vcan0 604#01
(1779992987.656862) vcan0 604#01
(1779992987.667456) vcan0 604#01
(1779992987.678109) vcan0 604#01
(1779992987.688666) vcan0 604#01
(1779992987.699146) vcan0 604#01
(1779992987.709278) vcan0 710#99000000
(1779992987.709406) vcan0 712#7F000000
(1779992987.709672) vcan0 604#01
(1779992987.720200) vcan0 604#01
(1779992987.730696) vcan0 604#01
(1779992987.741201) vcan0 604#01
(1779992987.741284) vcan0 711#00000000
(1779992987.741393) vcan0 714#00
(1779992987.741474) vcan0 604#00
(1779992987.741561) vcan0 713#01000000
(1779992987.751709) vcan0 604#01
(1779992987.762299) vcan0 604#01
(1779992987.772760) vcan0 604#01
(1779992987.773215) vcan0 710#00000000
(1779992987.773320) vcan0 712#7F000000
(1779992987.783186) vcan0 604#01
(1779992987.793664) vcan0 604#01
(1779992987.804431) vcan0 604#01
(1779992987.814916) vcan0 604#01
(1779992987.825446) vcan0 604#01
(1779992987.836019) vcan0 604#01
(1779992987.836338) vcan0 710#33000000
(1779992987.836475) vcan0 712#7F000000
(1779992987.846528) vcan0 604#01
(1779992987.857031) vcan0 604#01
(1779992987.867449) vcan0 604#01
(1779992987.877939) vcan0 604#01
(1779992987.888515) vcan0 604#01
(1779992987.899084) vcan0 604#01
(1779992987.900287) vcan0 710#99000000
(1779992987.900421) vcan0 712#7F000000
(1779992987.909720) vcan0 604#01
(1779992987.920190) vcan0 604#01
(1779992987.930785) vcan0 604#01
(1779992987.932238) vcan0 606#00
(1779992987.941376) vcan0 604#01
(1779992987.948193) vcan0 711#00000000
(1779992987.948314) vcan0 714#00
(1779992987.948393) vcan0 604#00
(1779992987.948470) vcan0 713#01000000
(1779992987.952099) vcan0 604#01
(1779992987.962618) vcan0 604#01
(1779992987.964369) vcan0 710#FF000000
(1779992987.964541) vcan0 712#7F000000
(1779992987.973166) vcan0 604#01
(1779992987.983665) vcan0 604#01
(1779992987.994127) vcan0 604#01
(1779992988.004677) vcan0 604#01
(1779992988.015236) vcan0 604#01
(1779992988.028409) vcan0 710#FF000000
(1779992988.028685) vcan0 712#7F000000
(1779992988.033781) vcan0 604#01
(1779992988.044281) vcan0 604#01
(1779992988.054855) vcan0 604#01
(1779992988.065347) vcan0 604#01
(1779992988.075971) vcan0 604#01
(1779992988.086466) vcan0 604#01
(1779992988.092298) vcan0 710#FF000000
(1779992988.092435) vcan0 712#7F000000
(1779992988.097007) vcan0 604#01
(1779992988.107582) vcan0 604#01
(1779992988.118207) vcan0 604#01
(1779992988.128819) vcan0 604#01
(1779992988.139442) vcan0 604#01
(1779992988.150066) vcan0 604#01
(1779992988.156343) vcan0 710#FF000000
(1779992988.156483) vcan0 711#00000000
(1779992988.156574) vcan0 712#7F000000
(1779992988.156655) vcan0 714#00
(1779992988.156726) vcan0 604#00
(1779992988.156797) vcan0 713#01000000
(1779992988.160786) vcan0 604#01
(1779992988.171318) vcan0 604#01
(1779992988.181827) vcan0 604#01
(1779992988.192447) vcan0 604#01
(1779992988.203055) vcan0 604#01
(1779992988.213644) vcan0 604#01
(1779992988.224270) vcan0 604#01
(1779992988.225821) vcan0 710#FF000000
(1779992988.225954) vcan0 712#7F000000
(1779992988.234739) vcan0 604#01
(1779992988.245298) vcan0 604#01
(1779992988.255910) vcan0 604#01
(1779992988.266505) vcan0 604#01
(1779992988.276994) vcan0 604#01
(1779992988.287504) vcan0 604#01
(1779992988.290630) vcan0 710#FF000000
(1779992988.290777) vcan0 712#7F000000
(1779992988.298141) vcan0 604#01
(1779992988.308792) vcan0 604#01
(1779992988.319386) vcan0 604#01
(1779992988.329893) vcan0 604#01
(1779992988.340723) vcan0 604#01
(1779992988.346672) vcan0 710#FF000000
(1779992988.346944) vcan0 712#7F000000
(1779992988.351430) vcan0 604#01
(1779992988.361927) vcan0 604#01
(1779992988.362354) vcan0 711#00000000
(1779992988.362491) vcan0 714#00
(1779992988.362579) vcan0 604#00
(1779992988.362654) vcan0 713#01000000
(1779992988.372457) vcan0 604#01
(1779992988.383015) vcan0 604#01
(1779992988.393596) vcan0 604#01
(1779992988.404211) vcan0 604#01
(1779992988.404355) vcan0 710#FF000000
(1779992988.404479) vcan0 712#7F000000
(1779992988.414741) vcan0 604#01
(1779992988.425322) vcan0 604#01
(1779992988.435885) vcan0 604#01
(1779992988.439275) vcan0 606#00
(1779992988.446399) vcan0 604#01
(1779992988.456844) vcan0 604#01
(1779992988.457921) vcan0 710#FF000000
(1779992988.458452) vcan0 712#7F000000
(1779992988.467432) vcan0 604#01
(1779992988.477846) vcan0 604#01
(1779992988.488363) vcan0 604#01
(1779992988.498949) vcan0 604#01
(1779992988.509405) vcan0 710#FF000000
(1779992988.509475) vcan0 604#01
(1779992988.509878) vcan0 712#72000000
(1779992988.519934) vcan0 604#01
(1779992988.530370) vcan0 604#01
(1779992988.540861) vcan0 604#01
(1779992988.551418) vcan0 604#01
(1779992988.561921) vcan0 604#01
(1779992988.572469) vcan0 604#01
(1779992988.574316) vcan0 710#00000000
(1779992988.574896) vcan0 711#00000000
(1779992988.575062) vcan0 712#72000000
(1779992988.575195) vcan0 714#00
(1779992988.575313) vcan0 604#00
(1779992988.575427) vcan0 713#01000000
(1779992988.583633) vcan0 604#01
(1779992988.594133) vcan0 604#01
(1779992988.604689) vcan0 604#01
(1779992988.615338) vcan0 604#01
(1779992988.625861) vcan0 604#01
(1779992988.636359) vcan0 604#01
(1779992988.643236) vcan0 710#00000000
(1779992988.643381) vcan0 712#72000000
(1779992988.646913) vcan0 604#01
(1779992988.657330) vcan0 604#01
(1779992988.667752) vcan0 604#01
(1779992988.678204) vcan0 604#01
(1779992988.688898) vcan0 604#01
(1779992988.698315) vcan0 710#00000000
(1779992988.698482) vcan0 712#65000000
(1779992988.699359) vcan0 604#01
(1779992988.709802) vcan0 604#01
(1779992988.720371) vcan0 604#01
(1779992988.731219) vcan0 604#01
(1779992988.741746) vcan0 604#01
(1779992988.752278) vcan0 604#01
(1779992988.757515) vcan0 710#00000000
(1779992988.757778) vcan0 712#7F000000
(1779992988.762713) vcan0 604#01
(1779992988.773267) vcan0 604#01
(1779992988.783762) vcan0 604#01
(1779992988.789321) vcan0 711#FF000000
(1779992988.789597) vcan0 714#00
(1779992988.790096) vcan0 604#00
(1779992988.790394) vcan0 713#01000000
(1779992988.794286) vcan0 604#01
(1779992988.804931) vcan0 604#01
(1779992988.815740) vcan0 604#01
(1779992988.826465) vcan0 604#01
(1779992988.830903) vcan0 710#00000000
(1779992988.831073) vcan0 712#7F000000
(1779992988.837039) vcan0 604#01
(1779992988.847563) vcan0 604#01
(1779992988.858197) vcan0 604#01
(1779992988.869826) vcan0 604#01
(1779992988.880431) vcan0 604#01
(1779992988.887363) vcan0 710#00000000
(1779992988.887527) vcan0 712#7F000000
(1779992988.891121) vcan0 604#01
(1779992988.903368) vcan0 604#01
(1779992988.913881) vcan0 604#01
(1779992988.924447) vcan0 604#01
(1779992988.934953) vcan0 604#01
(1779992988.944742) vcan0 710#00000000
(1779992988.944897) vcan0 712#7F000000
(1779992988.944988) vcan0 606#00
(1779992988.945520) vcan0 604#01
(1779992988.956059) vcan0 604#01
(1779992988.966635) vcan0 604#01
(1779992988.977115) vcan0 604#01
(1779992988.987538) vcan0 604#01
(1779992988.995090) vcan0 710#00000000
(1779992988.995222) vcan0 711#00000000
(1779992988.995335) vcan0 712#7F000000
(1779992988.995429) vcan0 714#00
(1779992988.995501) vcan0 604#00
(1779992988.995573) vcan0 713#01000000
(1779992988.998021) vcan0 604#01
(1779992989.008466) vcan0 604#01
(1779992989.019021) vcan0 604#01
(1779992989.029525) vcan0 604#01
(1779992989.040034) vcan0 604#01
(1779992989.050616) vcan0 604#01
(1779992989.060270) vcan0 710#00000000
(1779992989.060405) vcan0 712#7F000000
(1779992989.061560) vcan0 604#01
(1779992989.072062) vcan0 604#01
(1779992989.082633) vcan0 604#01
(1779992989.093257) vcan0 604#01
(1779992989.103780) vcan0 604#01
(1779992989.114352) vcan0 604#01
(1779992989.124375) vcan0 710#00000000
(1779992989.124573) vcan0 712#7F000000
(1779992989.125045) vcan0 604#01
(1779992989.135634) vcan0 604#01
(1779992989.146269) vcan0 604#01
(1779992989.157029) vcan0 604#01
(1779992989.167643) vcan0 604#01
(1779992989.178165) vcan0 604#01
(1779992989.188339) vcan0 710#00000000
(1779992989.188515) vcan0 712#7F000000
(1779992989.188724) vcan0 604#01
(1779992989.199262) vcan0 604#01
(1779992989.206506) vcan0 711#00000000
(1779992989.206713) vcan0 714#00
(1779992989.206841) vcan0 604#00
(1779992989.206959) vcan0 713#01000000
(1779992989.209860) vcan0 604#01
(1779992989.220658) vcan0 604#01
(1779992989.231425) vcan0 604#01
(1779992989.241949) vcan0 604#01
(1779992989.252480) vcan0 604#01
(1779992989.254274) vcan0 710#00000000
(1779992989.254440) vcan0 712#7F000000
(1779992989.263021) vcan0 604#01
(1779992989.273475) vcan0 604#01
(1779992989.283907) vcan0 604#01
(1779992989.294260) vcan0 604#01
(1779992989.304637) vcan0 710#00000000
(1779992989.304688) vcan0 604#01
(1779992989.304912) vcan0 712#7F000000
(1779992989.315395) vcan0 604#01
(1779992989.326142) vcan0 604#01
(1779992989.337700) vcan0 604#01
(1779992989.348220) vcan0 604#01
(1779992989.355271) vcan0 710#00000000
(1779992989.355429) vcan0 712#7F000000
(1779992989.359036) vcan0 604#01
(1779992989.369709) vcan0 604#01
(1779992989.380974) vcan0 604#01
(1779992989.391516) vcan0 604#01
(1779992989.402161) vcan0 604#01
(1779992989.412781) vcan0 604#01
(1779992989.419245) vcan0 710#4C000000
(1779992989.419370) vcan0 711#00000000
(1779992989.419451) vcan0 712#7F000000
(1779992989.419529) vcan0 714#00
(1779992989.419599) vcan0 604#00
(1779992989.419673) vcan0 713#01000000
(1779992989.423316) vcan0 604#01
(1779992989.433846) vcan0 604#01
(1779992989.444319) vcan0 604#01
(1779992989.451373) vcan0 606#00
(1779992989.454918) vcan0 604#01
(1779992989.465390) vcan0 604#01
(1779992989.475995) vcan0 604#01
(1779992989.483410) vcan0 710#B2000000
(1779992989.483591) vcan0 712#7F000000
(1779992989.486520) vcan0 604#01
(1779992989.497328) vcan0 604#01
(1779992989.508048) vcan0 604#01
(1779992989.518667) vcan0 604#01
(1779992989.529343) vcan0 604#01
(1779992989.535217) vcan0 710#FF000000
(1779992989.535396) vcan0 712#7F000000
(1779992989.539903) vcan0 604#01
(1779992989.550375) vcan0 604#01
(1779992989.560904) vcan0 604#01
(1779992989.571399) vcan0 604#01
(1779992989.582039) vcan0 604#01
(1779992989.588181) vcan0 710#FF000000
(1779992989.588314) vcan0 712#7F000000
(1779992989.592521) vcan0 604#01
(1779992989.603021) vcan0 604#01
(1779992989.613635) vcan0 604#01
(1779992989.620206) vcan0 711#00000000
(1779992989.620356) vcan0 714#00
(1779992989.620442) vcan0 604#00
(1779992989.620522) vcan0 713#01000000
(1779992989.624123) vcan0 604#01
(1779992989.634709) vcan0 604#01
(1779992989.645229) vcan0 604#01
(1779992989.652258) vcan0 710#FF000000
(1779992989.652388) vcan0 712#72000000
(1779992989.655709) vcan0 604#01
(1779992989.666189) vcan0 604#01
(1779992989.676789) vcan0 604#01
(1779992989.687374) vcan0 604#01
(1779992989.698189) vcan0 604#01
(1779992989.708724) vcan0 604#01
(1779992989.716270) vcan0 710#FF000000
(1779992989.716404) vcan0 712#72000000
(1779992989.719195) vcan0 604#01
(1779992989.729734) vcan0 604#01
(1779992989.740448) vcan0 604#01
(1779992989.750958) vcan0 604#01
(1779992989.761493) vcan0 604#01
(1779992989.772068) vcan0 604#01
(1779992989.780259) vcan0 710#FF000000
(1779992989.780399) vcan0 712#72000000
(1779992989.782598) vcan0 604#01
(1779992989.793150) vcan0 604#01
(1779992989.807670) vcan0 604#01
(1779992989.818149) vcan0 604#01
(1779992989.828325) vcan0 711#00000000
(1779992989.828524) vcan0 714#00
(1779992989.828645) vcan0 604#01
(1779992989.828676) vcan0 604#00
(1779992989.828814) vcan0 713#01000000
(1779992989.839246) vcan0 604#01
(1779992989.843275) vcan0 710#FF000000
(1779992989.843400) vcan0 712#65000000
(1779992989.849765) vcan0 604#01
(1779992989.860283) vcan0 604#01
(1779992989.870785) vcan0 604#01
(1779992989.881218) vcan0 604#01
(1779992989.891818) vcan0 604#01
(1779992989.902350) vcan0 604#01
(1779992989.907266) vcan0 710#FF000000
(1779992989.907501) vcan0 712#65000000
(1779992989.912835) vcan0 604#01
(1779992989.923580) vcan0 604#01
(1779992989.934034) vcan0 604#01
(1779992989.944509) vcan0 604#01
(1779992989.955030) vcan0 604#01
(1779992989.955273) vcan0 606#00
(1779992989.965622) vcan0 604#01
(1779992989.971255) vcan0 710#FF000000
(1779992989.971387) vcan0 712#65000000
(1779992989.976153) vcan0 604#01
(1779992989.986613) vcan0 604#01
(1779992989.997425) vcan0 604#01
(1779992990.007916) vcan0 604#01
(1779992990.018392) vcan0 604#01
(1779992990.028910) vcan0 604#01
(1779992990.036283) vcan0 710#FF000000
(1779992990.036410) vcan0 711#00000000
(1779992990.036496) vcan0 712#59000000
(1779992990.036572) vcan0 714#00
(1779992990.036641) vcan0 604#00
(1779992990.036719) vcan0 713#01000000
(1779992990.039339) vcan0 604#01
(1779992990.049849) vcan0 604#01
(1779992990.060302) vcan0 604#01
(1779992990.070810) vcan0 604#01
(1779992990.081293) vcan0 604#01
(1779992990.091834) vcan0 604#01
(1779992990.100414) vcan0 710#FF000000
(1779992990.100610) vcan0 712#59000000
(1779992990.102339) vcan0 604#01
(1779992990.112801) vcan0 604#01
(1779992990.123238) vcan0 604#01
(1779992990.134480) vcan0 604#01
(1779992990.145074) vcan0 604#01
(1779992990.155934) vcan0 604#01
(1779992990.164353) vcan0 710#FF000000
(1779992990.164531) vcan0 712#59000000
(1779992990.166666) vcan0 604#01
(1779992990.177212) vcan0 604#01
(1779992990.187728) vcan0 604#01
(1779992990.198793) vcan0 604#01
(1779992990.209647) vcan0 604#01
(1779992990.220211) vcan0 604#01
(1779992990.228229) vcan0 710#FF000000
(1779992990.228361) vcan0 712#4C000000
(1779992990.230676) vcan0 604#01
(1779992990.241148) vcan0 604#01
(1779992990.244300) vcan0 711#00000000
(1779992990.244472) vcan0 714#00
(1779992990.244610) vcan0 604#00
(1779992990.244740) vcan0 713#01000000
(1779992990.251948) vcan0 604#01
(1779992990.262491) vcan0 604#01
(1779992990.273221) vcan0 604#01
(1779992990.283710) vcan0 604#01
(1779992990.292236) vcan0 710#FF000000
(1779992990.292397) vcan0 712#4C000000
(1779992990.294290) vcan0 604#01
(1779992990.304700) vcan0 604#01
(1779992990.315065) vcan0 604#01
(1779992990.325465) vcan0 604#01
(1779992990.339927) vcan0 604#01
(1779992990.350497) vcan0 604#01
(1779992990.356238) vcan0 710#FF000000
(1779992990.356537) vcan0 712#4C000000
(1779992990.361379) vcan0 604#01
(1779992990.371925) vcan0 604#01
(1779992990.382703) vcan0 604#01
(1779992990.393293) vcan0 604#01
(1779992990.403826) vcan0 604#01
(1779992990.414369) vcan0 604#01
(1779992990.420238) vcan0 710#FF000000
(1779992990.420390) vcan0 712#3F000000
(1779992990.425049) vcan0 604#01
(1779992990.435713) vcan0 604#01
(1779992990.446096) vcan0 604#01
(1779992990.452209) vcan0 711#00000000
(1779992990.452365) vcan0 714#00
(1779992990.452471) vcan0 604#00
(1779992990.452572) vcan0 713#01000000
(1779992990.456522) vcan0 604#01
(1779992990.467317) vcan0 604#01
(1779992990.468181) vcan0 606#00
(1779992990.477896) vcan0 604#01
(1779992990.484244) vcan0 710#FF000000
(1779992990.484712) vcan0 712#7F000000
(1779992990.488465) vcan0 604#01
(1779992990.499050) vcan0 604#01
(1779992990.509652) vcan0 604#01
(1779992990.520365) vcan0 604#01
(1779992990.530927) vcan0 604#01
(1779992990.541739) vcan0 604#01
(1779992990.549167) vcan0 710#FF000000
(1779992990.549310) vcan0 712#8C000000
(1779992990.552189) vcan0 604#01
(1779992990.562995) vcan0 604#01
(1779992990.573460) vcan0 604#01
(1779992990.584028) vcan0 604#01
(1779992990.594388) vcan0 604#01
(1779992990.605103) vcan0 604#01
(1779992990.613238) vcan0 710#FF000000
(1779992990.613557) vcan0 712#8C000000
(1779992990.615853) vcan0 604#01
(1779992990.626607) vcan0 604#01
(1779992990.637109) vcan0 604#01
(1779992990.647649) vcan0 604#01
(1779992990.658513) vcan0 604#01
(1779992990.661243) vcan0 711#00000000
(1779992990.661489) vcan0 714#00
(1779992990.661665) vcan0 604#00
(1779992990.661811) vcan0 713#01000000
(1779992990.669062) vcan0 604#01
(1779992990.677251) vcan0 710#00000000
(1779992990.677396) vcan0 712#8C000000
(1779992990.679567) vcan0 604#01
(1779992990.690034) vcan0 604#01
(1779992990.700786) vcan0 604#01
(1779992990.711439) vcan0 604#01
(1779992990.721996) vcan0 604#01
(1779992990.732473) vcan0 604#01
(1779992990.741286) vcan0 710#00000000
(1779992990.741459) vcan0 712#99000000
(1779992990.743062) vcan0 604#01
(1779992990.753577) vcan0 604#01
(1779992990.764152) vcan0 604#01
(1779992990.774741) vcan0 604#01
(1779992990.785667) vcan0 604#01
(1779992990.796111) vcan0 604#01
(1779992990.805179) vcan0 710#00000000
(1779992990.805440) vcan0 712#99000000
(1779992990.806536) vcan0 604#01
(1779992990.817082) vcan0 604#01
(1779992990.827528) vcan0 604#01
(1779992990.838008) vcan0 604#01
(1779992990.848496) vcan0 604#01
(1779992990.859254) vcan0 604#01
(1779992990.868248) vcan0 710#00000000
(1779992990.868449) vcan0 711#00000000
(1779992990.868714) vcan0 712#99000000
(1779992990.868916) vcan0 714#00
(1779992990.869123) vcan0 604#00
(1779992990.869318) vcan0 713#01000000
(1779992990.869730) vcan0 604#01
(1779992990.880543) vcan0 604#01
(1779992990.891082) vcan0 604#01
(1779992990.901777) vcan0 604#01
(1779992990.912304) vcan0 604#01
(1779992990.922832) vcan0 604#01
(1779992990.932130) vcan0 710#00000000
(1779992990.932285) vcan0 712#7F000000
(1779992990.933326) vcan0 604#01
(1779992990.943745) vcan0 604#01
(1779992990.954252) vcan0 604#01
(1779992990.964699) vcan0 604#01
(1779992990.975157) vcan0 604#01
(1779992990.980153) vcan0 606#00
(1779992990.985641) vcan0 604#01
(1779992990.996091) vcan0 710#00000000
(1779992990.996178) vcan0 604#01
(1779992990.996207) vcan0 712#7F000000
(1779992991.006818) vcan0 604#01
(1779992991.017658) vcan0 604#01
(1779992991.028609) vcan0 604#01
(1779992991.039197) vcan0 604#01
(1779992991.049784) vcan0 604#01
(1779992991.060074) vcan0 710#00000000
(1779992991.060215) vcan0 712#7F000000
(1779992991.060336) vcan0 604#01
(1779992991.070833) vcan0 604#01
(1779992991.076102) vcan0 711#00000000
(1779992991.076206) vcan0 714#00
(1779992991.076282) vcan0 604#00
(1779992991.076352) vcan0 713#01000000
(1779992991.081504) vcan0 604#01
(1779992991.092005) vcan0 604#01
(1779992991.102497) vcan0 604#01
(1779992991.113377) vcan0 604#01
(1779992991.123887) vcan0 604#01
(1779992991.124043) vcan0 710#00000000
(1779992991.124154) vcan0 712#7F000000
(1779992991.134689) vcan0 604#01
(1779992991.145192) vcan0 604#01
(1779992991.155694) vcan0 604#01
(1779992991.166124) vcan0 604#01
(1779992991.176565) vcan0 604#01
(1779992991.187021) vcan0 604#01
(1779992991.188146) vcan0 710#00000000
(1779992991.188274) vcan0 712#7F000000
(1779992991.197461) vcan0 604#01
(1779992991.208137) vcan0 604#01
(1779992991.218683) vcan0 604#01
(1779992991.229238) vcan0 604#01
(1779992991.239796) vcan0 604#01
(1779992991.250408) vcan0 604#01
(1779992991.252131) vcan0 710#00000000
(1779992991.252284) vcan0 712#7F000000
(1779992991.260874) vcan0 604#01
(1779992991.271406) vcan0 604#01
(1779992991.281852) vcan0 604#01
(1779992991.284108) vcan0 711#00000000
(1779992991.284236) vcan0 714#00
(1779992991.284315) vcan0 604#00
(1779992991.284392) vcan0 713#01000000
(1779992991.292758) vcan0 604#01
(1779992991.303288) vcan0 604#01
(1779992991.313828) vcan0 604#01
(1779992991.316243) vcan0 710#00000000
(1779992991.316504) vcan0 712#8C000000
(1779992991.324527) vcan0 604#01
(1779992991.335061) vcan0 604#01
(1779992991.345591) vcan0 604#01
(1779992991.356155) vcan0 604#01
(1779992991.366770) vcan0 604#01
(1779992991.377334) vcan0 604#01
(1779992991.380115) vcan0 710#66000000
(1779992991.380244) vcan0 712#8C000000
(1779992991.387870) vcan0 604#01
(1779992991.398313) vcan0 604#01
(1779992991.408889) vcan0 604#01
(1779992991.419388) vcan0 604#01
(1779992991.429807) vcan0 604#01
(1779992991.440303) vcan0 604#01
(1779992991.444254) vcan0 710#CC000000
(1779992991.444522) vcan0 712#8C000000
(1779992991.451066) vcan0 604#01
(1779992991.461935) vcan0 604#01
(1779992991.472464) vcan0 604#01
(1779992991.482983) vcan0 604#01
(1779992991.492238) vcan0 711#00000000
(1779992991.492393) vcan0 714#00
(1779992991.492491) vcan0 604#00
(1779992991.492654) vcan0 606#00
(1779992991.492776) vcan0 713#01000000
(1779992991.493422) vcan0 604#01
(1779992991.504015) vcan0 604#01
(1779992991.508150) vcan0 710#00000000
(1779992991.508337) vcan0 712#7F000000
(1779992991.515227) vcan0 604#01
(1779992991.525968) vcan0 604#01
(1779992991.537155) vcan0 604#01
(1779992991.547616) vcan0 604#01
(1779992991.560394) vcan0 604#01
(1779992991.571116) vcan0 604#01
(1779992991.573040) vcan0 710#00000000
(1779992991.573173) vcan0 712#7F000000
(1779992991.585666) vcan0 604#01
(1779992991.596290) vcan0 604#01
(1779992991.606819) vcan0 604#01
(1779992991.617282) vcan0 604#01
(1779992991.627857) vcan0 604#01
(1779992991.637175) vcan0 710#00000000
(1779992991.637476) vcan0 712#7F000000
(1779992991.638387) vcan0 604#01
(1779992991.649035) vcan0 604#01
(1779992991.659643) vcan0 604#01
(1779992991.670161) vcan0 604#01
(1779992991.680724) vcan0 604#01
(1779992991.691162) vcan0 604#01
(1779992991.701108) vcan0 710#00000000
(1779992991.701241) vcan0 711#00000000
(1779992991.701331) vcan0 712#7F000000
(1779992991.701411) vcan0 714#00
(1779992991.701477) vcan0 604#00
(1779992991.701558) vcan0 713#01000000
(1779992991.701640) vcan0 604#01
(1779992991.712075) vcan0 604#01
(1779992991.722494) vcan0 604#01
(1779992991.732956) vcan0 604#01
(1779992991.743642) vcan0 604#01
(1779992991.754093) vcan0 604#01
(1779992991.764503) vcan0 604#01
(1779992991.765150) vcan0 710#00000000
(1779992991.765360) vcan0 712#7F000000
(1779992991.775034) vcan0 604#01
(1779992991.785510) vcan0 604#01
(1779992991.796166) vcan0 604#01
(1779992991.806584) vcan0 604#01
(1779992991.817011) vcan0 604#01
(1779992991.827707) vcan0 604#01
(1779992991.829083) vcan0 710#00000000
(1779992991.829218) vcan0 712#7F000000
(1779992991.838212) vcan0 604#01
(1779992991.848845) vcan0 604#01
(1779992991.859341) vcan0 604#01
(1779992991.869922) vcan0 604#01
(1779992991.880468) vcan0 604#01
(1779992991.891062) vcan0 604#01
(1779992991.892114) vcan0 710#00000000
(1779992991.892239) vcan0 712#7F000000
(1779992991.901519) vcan0 604#01
(1779992991.908139) vcan0 711#FF000000
(1779992991.908333) vcan0 714#00
(1779992991.908425) vcan0 604#00
(1779992991.908508) vcan0 713#01000000
(1779992991.912145) vcan0 604#01
(1779992991.922639) vcan0 604#01
(1779992991.933151) vcan0 604#01
(1779992991.943613) vcan0 604#01
(1779992991.954122) vcan0 604#01
(1779992991.956143) vcan0 710#00000000
(1779992991.956310) vcan0 712#7F000000
(1779992991.964614) vcan0 604#01
(1779992991.975172) vcan0 604#01
(1779992991.985749) vcan0 604#01
(1779992991.996238) vcan0 604#01
(1779992992.004302) vcan0 606#00
(1779992992.006731) vcan0 604#01
(1779992992.017350) vcan0 604#01
(1779992992.020196) vcan0 710#00000000
(1779992992.020329) vcan0 712#7F000000
(1779992992.028007) vcan0 604#01
(1779992992.038474) vcan0 604#01
(1779992992.049082) vcan0 604#01
(1779992992.059562) vcan0 604#01
(1779992992.070030) vcan0 604#01
(1779992992.080562) vcan0 604#01
(1779992992.084349) vcan0 710#00000000
(1779992992.084535) vcan0 712#7F000000
(1779992992.091445) vcan0 604#01
(1779992992.101830) vcan0 604#01
(1779992992.112370) vcan0 604#01
(1779992992.116148) vcan0 711#FF000000
(1779992992.116278) vcan0 714#00
(1779992992.116358) vcan0 604#00
(1779992992.116433) vcan0 713#01000000
(1779992992.122816) vcan0 604#01
(1779992992.133422) vcan0 604#01
(1779992992.143891) vcan0 604#01
(1779992992.148191) vcan0 710#00000000
(1779992992.148703) vcan0 712#7F000000
(1779992992.154357) vcan0 604#01
(1779992992.165084) vcan0 604#01
(1779992992.175518) vcan0 604#01
(1779992992.186044) vcan0 604#01
(1779992992.196542) vcan0 604#01
(1779992992.207088) vcan0 604#01
(1779992992.212098) vcan0 710#00000000
(1779992992.212226) vcan0 712#7F000000
(1779992992.217819) vcan0 604#01
(1779992992.228476) vcan0 604#01
(1779992992.238892) vcan0 604#01
(1779992992.249348) vcan0 604#01
(1779992992.259820) vcan0 604#01
(1779992992.270328) vcan0 604#01
(1779992992.276300) vcan0 710#00000000
(1779992992.276509) vcan0 712#7F000000
(1779992992.280758) vcan0 604#01
(1779992992.291215) vcan0 604#01
(1779992992.301734) vcan0 604#01
(1779992992.312301) vcan0 604#01
(1779992992.322725) vcan0 604#01
(1779992992.324050) vcan0 711#00000000
(1779992992.324192) vcan0 714#00
(1779992992.324288) vcan0 604#00
(1779992992.324374) vcan0 713#01000000
(1779992992.333209) vcan0 604#01
(1779992992.340021) vcan0 710#00000000
(1779992992.340147) vcan0 712#7F000000
(1779992992.343713) vcan0 604#01
(1779992992.354259) vcan0 604#01
(1779992992.364692) vcan0 604#01
(1779992992.375203) vcan0 604#01
(1779992992.385685) vcan0 604#01
(1779992992.396176) vcan0 604#01
(1779992992.404127) vcan0 710#00000000
(1779992992.404342) vcan0 712#7F000000
(1779992992.406801) vcan0 604#01
(1779992992.417357) vcan0 604#01
(1779992992.427968) vcan0 604#01
(1779992992.438511) vcan0 604#01
(1779992992.449033) vcan0 604#01
(1779992992.459617) vcan0 604#01
(1779992992.468103) vcan0 710#00000000
(1779992992.468335) vcan0 712#7F000000
(1779992992.470181) vcan0 604#01
(1779992992.480761) vcan0 604#01
(1779992992.491495) vcan0 604#01
(1779992992.501997) vcan0 604#01
(1779992992.512638) vcan0 604#01
(1779992992.516085) vcan0 606#00
(1779992992.523132) vcan0 604#01
(1779992992.533036) vcan0 710#00000000
(1779992992.533184) vcan0 711#00000000
(1779992992.533308) vcan0 712#7F000000
(1779992992.533415) vcan0 714#00
(1779992992.533507) vcan0 604#00
(1779992992.533613) vcan0 713#01000000
(1779992992.533622) vcan0 604#01
(1779992992.544179) vcan0 604#01
(1779992992.554642) vcan0 604#01
(1779992992.565103) vcan0 604#01
(1779992992.575542) vcan0 604#01
(1779992992.585967) vcan0 604#01
(1779992992.596390) vcan0 604#01
(1779992992.597001) vcan0 710#00000000
(1779992992.597146) vcan0 712#7F000000
(1779992992.607072) vcan0 604#01
(1779992992.617685) vcan0 604#01
(1779992992.628155) vcan0 604#01
(1779992992.638754) vcan0 604#01
(1779992992.649266) vcan0 604#01
(1779992992.659741) vcan0 604#01
(1779992992.661047) vcan0 710#00000000
(1779992992.661178) vcan0 712#7F000000
(1779992992.670220) vcan0 604#01
(1779992992.681022) vcan0 604#01
(1779992992.691595) vcan0 604#01
(1779992992.702125) vcan0 604#01
(1779992992.712735) vcan0 604#01
(1779992992.723326) vcan0 604#01
(1779992992.725112) vcan0 710#00000000
(1779992992.725252) vcan0 712#7F000000
(1779992992.733780) vcan0 604#01
(1779992992.741009) vcan0 711#00000000
(1779992992.741121) vcan0 714#00
(1779992992.741211) vcan0 604#00
(1779992992.741315) vcan0 713#01000000
(1779992992.744264) vcan0 604#01
(1779992992.754800) vcan0 604#01
(1779992992.765318) vcan0 604#01
(1779992992.775836) vcan0 604#01
(1779992992.786327) vcan0 604#01
(1779992992.789078) vcan0 710#00000000
(1779992992.789204) vcan0 712#7F000000
(1779992992.796821) vcan0 604#01
(1779992992.807559) vcan0 604#01
(1779992992.818048) vcan0 604#01
(1779992992.828591) vcan0 604#01
(1779992992.839117) vcan0 604#01
(1779992992.849710) vcan0 604#01
(1779992992.852162) vcan0 710#00000000
(1779992992.852350) vcan0 712#7F000000
(1779992992.860331) vcan0 604#01
(1779992992.870880) vcan0 604#01
(1779992992.881376) vcan0 604#01
(1779992992.892207) vcan0 604#01
(1779992992.903024) vcan0 604#01
(1779992992.913858) vcan0 604#01
(1779992992.916104) vcan0 710#00000000
(1779992992.916372) vcan0 712#7F000000
(1779992992.925402) vcan0 604#01
(1779992992.935924) vcan0 604#01
(1779992992.946382) vcan0 604#01
(1779992992.948044) vcan0 711#FF000000
(1779992992.948175) vcan0 714#00
(1779992992.948255) vcan0 604#00
(1779992992.948332) vcan0 713#01000000
(1779992992.956855) vcan0 604#01
(1779992992.967359) vcan0 604#01
(1779992992.977974) vcan0 604#01
(1779992992.980201) vcan0 710#00000000
(1779992992.980385) vcan0 712#7F000000
(1779992992.988474) vcan0 604#01
(1779992992.999011) vcan0 604#01
(1779992993.009504) vcan0 604#01
(1779992993.020003) vcan0 604#01
(1779992993.028172) vcan0 606#00
(1779992993.030431) vcan0 604#01
(1779992993.041324) vcan0 604#01
(1779992993.044094) vcan0 710#00000000
(1779992993.044260) vcan0 712#7F000000
(1779992993.054318) vcan0 604#01
(1779992993.064848) vcan0 604#01
(1779992993.075265) vcan0 604#01
(1779992993.087968) vcan0 604#01
(1779992993.098523) vcan0 604#01
(1779992993.108077) vcan0 710#00000000
(1779992993.108241) vcan0 712#7F000000
(1779992993.109670) vcan0 604#01
(1779992993.120143) vcan0 604#01
(1779992993.130681) vcan0 604#01
(1779992993.141198) vcan0 604#01
(1779992993.151656) vcan0 604#01
(1779992993.156102) vcan0 711#00000000
(1779992993.156228) vcan0 714#00
(1779992993.156311) vcan0 604#00
(1779992993.156385) vcan0 713#01000000
(1779992993.162254) vcan0 604#01
(1779992993.172086) vcan0 710#00000000
(1779992993.172217) vcan0 712#7F000000
(1779992993.172903) vcan0 604#01
(1779992993.183434) vcan0 604#01
(1779992993.193944) vcan0 604#01
(1779992993.204601) vcan0 604#01
(1779992993.215086) vcan0 604#01
(1779992993.225643) vcan0 604#01
(1779992993.236114) vcan0 710#00000000
(1779992993.236262) vcan0 712#7F000000
(1779992993.236406) vcan0 604#01
(1779992993.246899) vcan0 604#01
(1779992993.257352) vcan0 604#01
(1779992993.268035) vcan0 604#01
(1779992993.278629) vcan0 604#01
(1779992993.289177) vcan0 604#01
(1779992993.299801) vcan0 604#01
(1779992993.300187) vcan0 710#00000000
(1779992993.300472) vcan0 712#7F000000
(1779992993.310819) vcan0 604#01
(1779992993.321247) vcan0 604#01
(1779992993.331635) vcan0 604#01
(1779992993.342072) vcan0 604#01
(1779992993.352974) vcan0 604#01
(1779992993.364023) vcan0 604#01
(1779992993.364270) vcan0 710#00000000
(1779992993.364437) vcan0 711#00000000
(1779992993.364585) vcan0 712#7F000000
(1779992993.364721) vcan0 714#00
(1779992993.364851) vcan0 604#00
(1779992993.364978) vcan0 713#01000000
(1779992993.374578) vcan0 604#01
(1779992993.385297) vcan0 604#01
(1779992993.395963) vcan0 604#01
(1779992993.406525) vcan0 604#01
(1779992993.417094) vcan0 604#01
(1779992993.427614) vcan0 604#01
(1779992993.428062) vcan0 710#00000000
(1779992993.428199) vcan0 712#7F000000
(1779992993.438119) vcan0 604#01
(1779992993.448754) vcan0 604#01
(1779992993.459298) vcan0 604#01
(1779992993.469871) vcan0 604#01
(1779992993.480462) vcan0 604#01
(1779992993.491106) vcan0 604#01
(1779992993.492082) vcan0 710#00000000
(1779992993.492267) vcan0 712#7F000000
(1779992993.501824) vcan0 604#01
(1779992993.512245) vcan0 604#01
(1779992993.522699) vcan0 604#01
(1779992993.533083) vcan0 604#01
(1779992993.541039) vcan0 606#00
(1779992993.544876) vcan0 604#01
(1779992993.555330) vcan0 604#01
(1779992993.557086) vcan0 710#00000000
(1779992993.557227) vcan0 712#7F000000
(1779992993.565822) vcan0 604#01
(1779992993.572976) vcan0 711#00000000
(1779992993.573105) vcan0 714#00
(1779992993.573198) vcan0 604#00
(1779992993.573286) vcan0 713#01000000
(1779992993.576629) vcan0 604#01
(1779992993.587065) vcan0 604#01
(1779992993.597526) vcan0 604#01
(1779992993.608425) vcan0 604#01
(1779992993.619216) vcan0 604#01
(1779992993.621102) vcan0 710#00000000
(1779992993.621271) vcan0 712#7F000000
(1779992993.629899) vcan0 604#01
(1779992993.640723) vcan0 604#01
(1779992993.651520) vcan0 604#01
(1779992993.661990) vcan0 604#01
(1779992993.672542) vcan0 604#01
(1779992993.683118) vcan0 604#01
(1779992993.685130) vcan0 710#00000000
(1779992993.685304) vcan0 712#7F000000
(1779992993.693640) vcan0 604#01
(1779992993.704144) vcan0 604#01
(1779992993.714752) vcan0 604#01
(1779992993.725283) vcan0 604#01
(1779992993.735794) vcan0 604#01
(1779992993.746339) vcan0 604#01
(1779992993.749005) vcan0 710#00000000
(1779992993.749142) vcan0 712#7F000000
(1779992993.757173) vcan0 604#01
(1779992993.767941) vcan0 604#01
(1779992993.778444) vcan0 604#01
(1779992993.780979) vcan0 711#00000000
(1779992993.781093) vcan0 714#00
(1779992993.781175) vcan0 604#00
(1779992993.781250) vcan0 713#01000000
(1779992993.788942) vcan0 604#01
(1779992993.799473) vcan0 604#01
(1779992993.810002) vcan0 604#01
(1779992993.813116) vcan0 710#00000000
(1779992993.813256) vcan0 712#7F000000
(1779992993.820501) vcan0 604#01
(1779992993.831010) vcan0 604#01
(1779992993.841552) vcan0 604#01
(1779992993.852279) vcan0 604#01
(1779992993.862717) vcan0 604#01
(1779992993.873207) vcan0 604#01
(1779992993.876153) vcan0 710#00000000
(1779992993.876347) vcan0 712#7F000000
(1779992993.883851) vcan0 604#01
(1779992993.894370) vcan0 604#01
(1779992993.904979) vcan0 604#01
(1779992993.915494) vcan0 604#01
(1779992993.926024) vcan0 604#01
(1779992993.936601) vcan0 604#01
(1779992993.940141) vcan0 710#00000000
(1779992993.940341) vcan0 712#7F000000
(1779992993.947217) vcan0 604#01
(1779992993.957820) vcan0 604#01
(1779992993.968363) vcan0 604#01
(1779992993.978974) vcan0 604#01
(1779992993.988147) vcan0 711#00000000
(1779992993.988314) vcan0 714#00
(1779992993.988401) vcan0 604#00
(1779992993.988481) vcan0 713#01000000
(1779992993.989630) vcan0 604#01
(1779992994.000174) vcan0 604#01
(1779992994.003960) vcan0 710#00000000
(1779992994.004078) vcan0 712#7F000000
(1779992994.010741) vcan0 604#01
(1779992994.021590) vcan0 604#01
(1779992994.032117) vcan0 604#01
(1779992994.042746) vcan0 604#01
(1779992994.052070) vcan0 606#00
(1779992994.053213) vcan0 604#01
(1779992994.064000) vcan0 604#01
(1779992994.068076) vcan0 710#00000000
(1779992994.068213) vcan0 712#7F000000
(1779992994.074495) vcan0 604#01
(1779992994.084987) vcan0 604#01
(1779992994.095484) vcan0 604#01
(1779992994.106257) vcan0 604#01
(1779992994.117357) vcan0 604#01
(1779992994.127897) vcan0 604#01
(1779992994.131991) vcan0 710#00000000
(1779992994.132216) vcan0 712#7F000000
(1779992994.138533) vcan0 604#01
(1779992994.149086) vcan0 604#01
(1779992994.159637) vcan0 604#01
(1779992994.170146) vcan0 604#01
(1779992994.180652) vcan0 604#01
(1779992994.191153) vcan0 604#01
(1779992994.196258) vcan0 710#00000000
(1779992994.196402) vcan0 711#00000000
(1779992994.196501) vcan0 712#7F000000
(1779992994.196594) vcan0 714#00
(1779992994.196674) vcan0 604#00
(1779992994.196749) vcan0 713#01000000
(1779992994.201696) vcan0 604#01
(1779992994.212207) vcan0 604#01
(1779992994.222711) vcan0 604#01
(1779992994.233193) vcan0 604#01
(1779992994.243720) vcan0 604#01
(1779992994.254169) vcan0 604#01
(1779992994.259969) vcan0 710#00000000
(1779992994.260108) vcan0 712#7F000000
(1779992994.264616) vcan0 604#01
(1779992994.274961) vcan0 604#01
(1779992994.285353) vcan0 604#01
(1779992994.295921) vcan0 604#01
(1779992994.306361) vcan0 604#01
(1779992994.316838) vcan0 604#01
(1779992994.323972) vcan0 710#00000000
(1779992994.324120) vcan0 712#7F000000
(1779992994.327290) vcan0 604#01
(1779992994.337908) vcan0 604#01
(1779992994.348519) vcan0 604#01
(1779992994.359126) vcan0 604#01
(1779992994.369642) vcan0 604#01
(1779992994.380151) vcan0 604#01
(1779992994.388134) vcan0 710#00000000
(1779992994.388287) vcan0 712#7F000000
(1779992994.390572) vcan0 604#01
(1779992994.401067) vcan0 604#01
(1779992994.404001) vcan0 711#00000000
(1779992994.404134) vcan0 714#00
(1779992994.404215) vcan0 604#00
(1779992994.404316) vcan0 713#01000000
(1779992994.411583) vcan0 604#01
(1779992994.422097) vcan0 604#01
(1779992994.432588) vcan0 604#01
(1779992994.443084) vcan0 604#01
(1779992994.452015) vcan0 710#00000000
(1779992994.452151) vcan0 712#7F000000
(1779992994.453476) vcan0 604#01
(1779992994.463957) vcan0 604#01
(1779992994.474479) vcan0 604#01
(1779992994.485057) vcan0 604#01
(1779992994.495626) vcan0 604#01
(1779992994.506123) vcan0 604#01
(1779992994.515988) vcan0 710#00000000
(1779992994.516193) vcan0 712#7F000000
(1779992994.516611) vcan0 604#01
(1779992994.527205) vcan0 604#01
(1779992994.537662) vcan0 604#01
(1779992994.548191) vcan0 604#01
(1779992994.558961) vcan0 604#01
(1779992994.565005) vcan0 606#00
(1779992994.569584) vcan0 604#01
(1779992994.580306) vcan0 604#01
(1779992994.581051) vcan0 710#00000000
(1779992994.581192) vcan0 712#7F000000
(1779992994.590843) vcan0 604#01
(1779992994.601384) vcan0 604#01
(1779992994.611894) vcan0 604#01
(1779992994.613004) vcan0 711#00000000
(1779992994.613131) vcan0 714#00
(1779992994.613215) vcan0 604#00
(1779992994.613291) vcan0 713#01000000
(1779992994.622357) vcan0 604#01
(1779992994.632924) vcan0 604#01
(1779992994.643426) vcan0 604#01
(1779992994.644973) vcan0 710#00000000
(1779992994.645115) vcan0 712#7F000000
(1779992994.653990) vcan0 604#01
(1779992994.664420) vcan0 604#01
(1779992994.674968) vcan0 604#01
(1779992994.685463) vcan0 604#01
(1779992994.696099) vcan0 604#01
(1779992994.706495) vcan0 604#01
(1779992994.708917) vcan0 710#00000000
(1779992994.709043) vcan0 712#7F000000
(1779992994.717004) vcan0 604#01
(1779992994.727478) vcan0 604#01
(1779992994.738005) vcan0 604#01
(1779992994.749135) vcan0 604#01
(1779992994.759971) vcan0 604#01
(1779992994.770720) vcan0 604#01
(1779992994.773007) vcan0 710#00000000
(1779992994.773144) vcan0 712#7F000000
(1779992994.781979) vcan0 604#01
(1779992994.792674) vcan0 604#01
(1779992994.803246) vcan0 604#01
(1779992994.813938) vcan0 604#01
(1779992994.820928) vcan0 711#00000000
(1779992994.821076) vcan0 714#00
(1779992994.821159) vcan0 604#00
(1779992994.821239) vcan0 713#01000000
(1779992994.824612) vcan0 604#01
(1779992994.835282) vcan0 604#01
(1779992994.836019) vcan0 710#00000000
(1779992994.836152) vcan0 712#7F000000
(1779992994.845815) vcan0 604#01
(1779992994.856416) vcan0 604#01
(1779992994.867099) vcan0 604#01
(1779992994.877722) vcan0 604#01
(1779992994.888247) vcan0 604#01
(1779992994.890308) vcan0 710#00000000
(1779992994.890494) vcan0 712#7F000000
(1779992994.898707) vcan0 604#01
(1779992994.909231) vcan0 604#01
(1779992994.919755) vcan0 604#01
(1779992994.930197) vcan0 604#01
(1779992994.940728) vcan0 604#01
(1779992994.951216) vcan0 604#01
(1779992994.955061) vcan0 710#00000000
(1779992994.955239) vcan0 712#7F000000
(1779992994.961839) vcan0 604#01
(1779992994.972346) vcan0 604#01
(1779992994.982884) vcan0 604#01
(1779992994.993336) vcan0 604#01
(1779992995.003727) vcan0 604#01
(1779992995.014253) vcan0 604#01
(1779992995.019068) vcan0 710#00000000
(1779992995.019234) vcan0 712#7F000000
(1779992995.024764) vcan0 604#01
(1779992995.034868) vcan0 711#00000000
(1779992995.034974) vcan0 714#00
(1779992995.035051) vcan0 604#00
(1779992995.035125) vcan0 713#01000000
(1779992995.035217) vcan0 604#01
(1779992995.045731) vcan0 604#01
(1779992995.067030) vcan0 606#00
(1779992995.083005) vcan0 710#00000000
(1779992995.083132) vcan0 712#7F000000
(1779992995.146903) vcan0 710#00000000
(1779992995.147038) vcan0 712#7F000000
(1779992995.210992) vcan0 710#00000000
(1779992995.211129) vcan0 712#7F000000
(1779992995.242943) vcan0 711#00000000
(1779992995.243080) vcan0 714#00
(1779992995.243166) vcan0 604#00
(1779992995.243248) vcan0 713#01000000
(1779992995.274864) vcan0 710#00000000
(1779992995.274979) vcan0 712#7F000000
(1779992995.338868) vcan0 710#00000000
(1779992995.338994) vcan0 712#7F000000
(1779992995.402811) vcan0 710#00000000
(1779992995.402908) vcan0 712#7F000000
(1779992995.450886) vcan0 711#00000000
(1779992995.451002) vcan0 714#00
(1779992995.451077) vcan0 604#00
(1779992995.451145) vcan0 713#01000000
(1779992995.466880) vcan0 710#00000000
(1779992995.466997) vcan0 712#7F000000
(1779992995.531996) vcan0 710#00000000
(1779992995.532130) vcan0 712#7F000000
(1779992995.579839) vcan0 606#00
(1779992995.595763) vcan0 710#00000000
(1779992995.595843) vcan0 712#7F000000
(1779992995.659806) vcan0 710#00000000
(1779992995.659887) vcan0 711#00000000
(1779992995.659946) vcan0 712#7F000000
(1779992995.659996) vcan0 714#00
(1779992995.660051) vcan0 604#00
(1779992995.660101) vcan0 713#01000000
(1779992995.723754) vcan0 710#00000000
(1779992995.723826) vcan0 712#7F000000
(1779992995.787749) vcan0 710#00000000
(1779992995.787821) vcan0 712#7F000000
(1779992995.850734) vcan0 710#00000000
(1779992995.850799) vcan0 712#7F000000
(1779992995.866706) vcan0 711#00000000
(1779992995.866757) vcan0 714#00
(1779992995.866792) vcan0 604#00
(1779992995.866826) vcan0 713#01000000
(1779992995.914681) vcan0 710#00000000
(1779992995.914737) vcan0 712#7F000000
(1779992995.978737) vcan0 710#00000000
(1779992995.978806) vcan0 712#7F000000
(1779992996.042710) vcan0 710#00000000
(1779992996.042785) vcan0 712#7F000000
(1779992996.074706) vcan0 711#00000000
(1779992996.074762) vcan0 714#00
(1779992996.074798) vcan0 604#00
(1779992996.074833) vcan0 713#01000000
(1779992996.090693) vcan0 606#00
(1779992996.106701) vcan0 710#00000000
(1779992996.106755) vcan0 712#7F000000
(1779992996.170723) vcan0 710#00000000
(1779992996.170787) vcan0 712#7F000000
(1779992996.234737) vcan0 710#00000000
(1779992996.234801) vcan0 712#7F000000
(1779992996.282730) vcan0 711#00000000
(1779992996.282800) vcan0 714#00
(1779992996.282843) vcan0 604#00
(1779992996.282884) vcan0 713#01000000
(1779992996.298702) vcan0 710#00000000
(1779992996.298762) vcan0 712#7F000000
(1779992996.362794) vcan0 710#00000000
(1779992996.362895) vcan0 712#7F000000
(1779992996.426742) vcan0 710#00000000
(1779992996.426820) vcan0 712#7F000000
(1779992996.490727) vcan0 710#00000000
(1779992996.490796) vcan0 711#00000000
(1779992996.490843) vcan0 712#7F000000
(1779992996.490888) vcan0 714#00
(1779992996.490925) vcan0 604#00
(1779992996.490963) vcan0 713#01000000
(1779992996.555701) vcan0 710#00000000
(1779992996.555768) vcan0 712#7F000000
(1779992996.603674) vcan0 606#00
(1779992996.619719) vcan0 710#00000000
(1779992996.619780) vcan0 712#7F000000
(1779992996.683716) vcan0 710#00000000
(1779992996.683789) vcan0 712#7F000000
(1779992996.699726) vcan0 711#00000000
(1779992996.699792) vcan0 714#00
(1779992996.699831) vcan0 604#00
(1779992996.699870) vcan0 713#01000000
(1779992996.747731) vcan0 710#00000000
(1779992996.747800) vcan0 712#7F000000
(1779992996.811693) vcan0 710#00000000
(1779992996.811767) vcan0 712#7F000000
(1779992996.874739) vcan0 710#00000000
(1779992996.874810) vcan0 712#7F000000
(1779992996.906691) vcan0 711#00000000
(1779992996.906750) vcan0 714#00
(1779992996.906786) vcan0 604#00
(1779992996.906822) vcan0 713#01000000
(1779992996.938697) vcan0 710#00000000
(1779992996.938759) vcan0 712#7F000000
(1779992997.002703) vcan0 710#00000000
(1779992997.002774) vcan0 712#7F000000
(1779992997.066676) vcan0 710#00000000
(1779992997.066741) vcan0 712#7F000000
(1779992997.114658) vcan0 711#00000000
(1779992997.114722) vcan0 714#00
(1779992997.114758) vcan0 604#00
(1779992997.114789) vcan0 606#00
(1779992997.114823) vcan0 713#01000000
(1779992997.130778) vcan0 710#00000000
(1779992997.130874) vcan0 712#7F000000
(1779992997.194720) vcan0 710#00000000
(1779992997.194784) vcan0 712#7F000000
(1779992997.258721) vcan0 710#00000000
(1779992997.258796) vcan0 712#7F000000
(1779992997.322741) vcan0 710#00000000
(1779992997.322830) vcan0 711#00000000
(1779992997.322892) vcan0 712#7F000000
(1779992997.322948) vcan0 714#00
(1779992997.322993) vcan0 604#00
(1779992997.323035) vcan0 713#01000000
(1779992997.386686) vcan0 710#00000000
(1779992997.386775) vcan0 712#7F000000
(1779992997.450829) vcan0 710#00000000
(1779992997.450934) vcan0 712#7F000000
(1779992997.514767) vcan0 710#00000000
(1779992997.514865) vcan0 712#7F000000
(1779992997.531788) vcan0 711#00000000
(1779992997.531897) vcan0 714#00
(1779992997.531961) vcan0 604#00
(1779992997.532016) vcan0 713#01000000
(1779992997.579762) vcan0 710#00000000
(1779992997.579858) vcan0 712#7F000000
(1779992997.627706) vcan0 606#00
(1779992997.643663) vcan0 710#00000000
(1779992997.643734) vcan0 712#7F000000
(1779992997.707787) vcan0 710#00000000
(1779992997.707895) vcan0 712#7F000000
(1779992997.739727) vcan0 711#00000000
(1779992997.739801) vcan0 714#00
(1779992997.739847) vcan0 604#00
(1779992997.739890) vcan0 713#01000000
(1779992997.771676) vcan0 710#00000000
(1779992997.771745) vcan0 712#7F000000
(1779992997.834681) vcan0 710#00000000
(1779992997.834759) vcan0 712#7F000000
(1779992997.898682) vcan0 710#00000000
(1779992997.898781) vcan0 712#7F000000
(1779992997.946798) vcan0 711#00000000
(1779992997.946896) vcan0 714#00
(1779992997.946969) vcan0 604#00
(1779992997.947053) vcan0 713#01000000
(1779992997.962691) vcan0 710#00000000
(1779992997.962766) vcan0 712#7F000000
(1779992998.026661) vcan0 710#00000000
(1779992998.026745) vcan0 712#7F000000
(1779992998.090707) vcan0 710#00000000
(1779992998.090805) vcan0 712#7F000000
(1779992998.138652) vcan0 606#00
(1779992998.154638) vcan0 710#00000000
(1779992998.154711) vcan0 711#00000000
(1779992998.154761) vcan0 712#7F000000
(1779992998.154805) vcan0 714#00
(1779992998.154846) vcan0 604#00
(1779992998.154886) vcan0 713#01000000
(1779992998.219330) vcan0 710#00000000
(1779992998.219407) vcan0 712#7F000000
(1779992998.282736) vcan0 710#00000000
(1779992998.282834) vcan0 712#7F000000
(1779992998.346743) vcan0 710#00000000
(1779992998.346850) vcan0 712#7F000000
(1779992998.362703) vcan0 711#00000000
(1779992998.362789) vcan0 714#00
(1779992998.362850) vcan0 604#00
(1779992998.362909) vcan0 713#01000000
(1779992998.410740) vcan0 710#00000000
(1779992998.410866) vcan0 712#7F000000
(1779992998.474757) vcan0 710#00000000
(1779992998.474885) vcan0 712#7F000000
(1779992998.525911) vcan0 710#00000000
(1779992998.526373) vcan0 712#7F000000
(1779992998.571845) vcan0 711#00000000
(1779992998.571964) vcan0 714#00
(1779992998.572033) vcan0 604#00
(1779992998.572099) vcan0 713#01000000
(1779992998.587795) vcan0 710#00000000
(1779992998.587897) vcan0 712#7F000000
(1779992998.651843) vcan0 710#00000000
(1779992998.652025) vcan0 712#7F000000
(1779992998.652133) vcan0 606#00
(1779992998.715822) vcan0 710#00000000
(1779992998.716025) vcan0 712#7F000000
(1779992998.779944) vcan0 710#00000000
(1779992998.780039) vcan0 711#00000000
(1779992998.780103) vcan0 712#7F000000
(1779992998.780160) vcan0 714#00
(1779992998.780213) vcan0 604#00
(1779992998.780260) vcan0 713#01000000
(1779992998.842792) vcan0 710#00000000
(1779992998.842900) vcan0 712#7F000000
(1779992998.906803) vcan0 710#00000000
(1779992998.906921) vcan0 712#7F000000
(1779992998.970759) vcan0 710#00000000
(1779992998.970881) vcan0 712#7F000000
(1779992998.986686) vcan0 711#00000000
(1779992998.986774) vcan0 714#00
(1779992998.986844) vcan0 604#00
(1779992998.986908) vcan0 713#01000000
(1779992999.036140) vcan0 710#00000000
(1779992999.036256) vcan0 712#7F000000
(1779992999.098762) vcan0 710#00000000
(1779992999.098891) vcan0 712#7F000000
(1779992999.162840) vcan0 710#00000000
(1779992999.162993) vcan0 712#7F000000
(1779992999.163086) vcan0 606#00
(1779992999.194752) vcan0 711#00000000
(1779992999.194862) vcan0 714#00
(1779992999.194941) vcan0 604#00
(1779992999.195014) vcan0 713#01000000
(1779992999.226722) vcan0 710#00000000
(1779992999.226837) vcan0 712#7F000000
(1779992999.290912) vcan0 710#4C000000
(1779992999.291220) vcan0 712#7F000000
(1779992999.354736) vcan0 710#B2000000
(1779992999.354874) vcan0 712#7F000000
(1779992999.402830) vcan0 711#00000000
(1779992999.403081) vcan0 714#00
(1779992999.403187) vcan0 604#00
(1779992999.403285) vcan0 713#01000000
(1779992999.418748) vcan0 710#FF000000
(1779992999.418877) vcan0 712#7F000000
(1779992999.482720) vcan0 710#FF000000
(1779992999.482841) vcan0 712#7F000000
(1779992999.547774) vcan0 710#FF000000
(1779992999.547906) vcan0 712#7F000000
(1779992999.611834) vcan0 710#FF000000
(1779992999.611980) vcan0 711#00000000
(1779992999.612069) vcan0 712#7F000000
(1779992999.612147) vcan0 714#00
(1779992999.612216) vcan0 604#00
(1779992999.612284) vcan0 713#01000000
(1779992999.675761) vcan0 710#FF000000
(1779992999.675892) vcan0 712#7F000000
(1779992999.675982) vcan0 606#00
(1779992999.739847) vcan0 710#FF000000
(1779992999.740027) vcan0 712#7F000000
(1779992999.803777) vcan0 710#FF000000
(1779992999.803913) vcan0 712#7F000000
(1779992999.819728) vcan0 711#00000000
(1779992999.819837) vcan0 714#00
(1779992999.819915) vcan0 604#00
(1779992999.819995) vcan0 713#01000000
(1779992999.866753) vcan0 710#FF000000
(1779992999.867030) vcan0 712#7F000000
(1779992999.930715) vcan0 710#FF000000
(1779992999.930853) vcan0 712#7F000000
(1779992999.994798) vcan0 710#FF000000
(1779992999.994931) vcan0 712#7F000000
(1779993000.026786) vcan0 711#00000000
(1779993000.026902) vcan0 714#00
(1779993000.026975) vcan0 604#00
(1779993000.027044) vcan0 713#01000000
(1779993000.058808) vcan0 710#FF000000
(1779993000.058944) vcan0 712#7F000000
(1779993000.122729) vcan0 710#FF000000
(1779993000.122878) vcan0 712#7F000000
(1779993000.186771) vcan0 710#FF000000
(1779993000.186926) vcan0 712#7F000000
(1779993000.187029) vcan0 606#00
(1779993000.234669) vcan0 711#00000000
(1779993000.234782) vcan0 714#00
(1779993000.234852) vcan0 604#00
(1779993000.234918) vcan0 713#01000000
(1779993000.250851) vcan0 710#FF000000
(1779993000.250984) vcan0 712#7F000000
(1779993000.314719) vcan0 710#FF000000
(1779993000.314846) vcan0 712#7F000000
(1779993000.378730) vcan0 710#FF000000
(1779993000.378863) vcan0 712#7F000000
(1779993000.442764) vcan0 710#FF000000
(1779993000.442931) vcan0 711#00000000
(1779993000.443033) vcan0 712#7F000000
(1779993000.443121) vcan0 714#00
(1779993000.443294) vcan0 604#00
(1779993000.443375) vcan0 713#01000000
(1779993000.507028) vcan0 710#FF000000
(1779993000.507236) vcan0 712#7F000000
(1779993000.571778) vcan0 710#FF000000
(1779993000.571946) vcan0 712#7F000000
(1779993000.635635) vcan0 710#FF000000
(1779993000.635783) vcan0 712#7F000000
(1779993000.651742) vcan0 711#00000000
(1779993000.651868) vcan0 714#00
(1779993000.651958) vcan0 604#00
(1779993000.652033) vcan0 713#01000000
(1779993000.699751) vcan0 710#FF000000
(1779993000.699869) vcan0 712#72000000
(1779993000.699949) vcan0 606#00
(1779993000.763757) vcan0 710#FF000000
(1779993000.763892) vcan0 712#72000000
(1779993000.827636) vcan0 710#FF000000
(1779993000.827754) vcan0 712#72000000
(1779993000.858627) vcan0 711#00000000
(1779993000.858739) vcan0 714#00
(1779993000.858812) vcan0 604#00
(1779993000.858879) vcan0 713#01000000
(1779993000.890596) vcan0 710#FF000000
(1779993000.890700) vcan0 712#65000000
(1779993000.954605) vcan0 710#FF000000
(1779993000.954717) vcan0 712#7F000000
(1779993001.018623) vcan0 710#FF000000
(1779993001.018735) vcan0 712#7F000000
(1779993001.066639) vcan0 711#00000000
(1779993001.066745) vcan0 714#00
(1779993001.066812) vcan0 604#00
(1779993001.066873) vcan0 713#01000000
(1779993001.082642) vcan0 710#FF000000
(1779993001.082738) vcan0 712#7F000000
(1779993001.146547) vcan0 710#FF000000
(1779993001.146642) vcan0 712#7F000000
(1779993001.210557) vcan0 710#FF000000
(1779993001.210649) vcan0 712#7F000000
(1779993001.210707) vcan0 606#00
(1779993001.274597) vcan0 710#FF000000
(1779993001.274685) vcan0 711#00000000
(1779993001.274738) vcan0 712#7F000000
(1779993001.274783) vcan0 714#00
(1779993001.274827) vcan0 604#00
(1779993001.274873) vcan0 713#01000000
(1779993001.338589) vcan0 710#FF000000
(1779993001.338699) vcan0 712#7F000000
(1779993001.402596) vcan0 710#FF000000
(1779993001.402685) vcan0 712#7F000000
(1779993001.466570) vcan0 710#FF000000
(1779993001.466664) vcan0 712#7F000000
(1779993001.482569) vcan0 711#00000000
(1779993001.482655) vcan0 714#00
(1779993001.482705) vcan0 604#00
(1779993001.482751) vcan0 713#01000000
(1779993001.531531) vcan0 710#FF000000
(1779993001.531619) vcan0 712#8C000000
(1779993001.595573) vcan0 710#FF000000
(1779993001.595667) vcan0 712#8C000000
(1779993001.659623) vcan0 710#FF000000
(1779993001.659752) vcan0 712#8C000000
(1779993001.691722) vcan0 711#00000000
(1779993001.691844) vcan0 714#00
(1779993001.691919) vcan0 604#00
(1779993001.691994) vcan0 713#01000000
(1779993001.723589) vcan0 710#FF000000
(1779993001.723681) vcan0 712#7F000000
(1779993001.723746) vcan0 606#00
(1779993001.787555) vcan0 710#FF000000
(1779993001.787649) vcan0 712#7F000000
(1779993001.850688) vcan0 710#FF000000
(1779993001.850828) vcan0 712#7F000000
(1779993001.898645) vcan0 711#00000000
(1779993001.898831) vcan0 714#00
(1779993001.898928) vcan0 604#00
(1779993001.899023) vcan0 713#01000000
(1779993001.914567) vcan0 710#FF000000
(1779993001.914662) vcan0 712#7F000000
(1779993001.978576) vcan0 710#FF000000
(1779993001.978697) vcan0 712#7F000000
(1779993002.042624) vcan0 710#FF000000
(1779993002.042756) vcan0 712#7F000000
(1779993002.106586) vcan0 710#FF000000
(1779993002.106700) vcan0 711#00000000
(1779993002.106779) vcan0 712#7F000000
(1779993002.106847) vcan0 714#00
(1779993002.106910) vcan0 604#00
(1779993002.106973) vcan0 713#01000000
(1779993002.170654) vcan0 710#FF000000
(1779993002.170799) vcan0 712#7F000000
(1779993002.234731) vcan0 710#FF000000
(1779993002.234900) vcan0 712#72000000
(1779993002.235019) vcan0 606#00
(1779993002.298646) vcan0 710#FF000000
(1779993002.298825) vcan0 712#72000000
(1779993002.314649) vcan0 711#00000000
(1779993002.314761) vcan0 714#00
(1779993002.314836) vcan0 604#00
(1779993002.314904) vcan0 713#01000000
(1779993002.362663) vcan0 710#FF000000
(1779993002.362789) vcan0 712#72000000
(1779993002.426626) vcan0 710#FF000000
(1779993002.426756) vcan0 712#65000000
(1779993002.490630) vcan0 710#FF000000
(1779993002.490764) vcan0 712#7F000000
(1779993002.523582) vcan0 711#00000000
(1779993002.523707) vcan0 714#00
(1779993002.523786) vcan0 604#00
(1779993002.523855) vcan0 713#01000000
(1779993002.555674) vcan0 710#FF000000
(1779993002.555799) vcan0 712#7F000000
(1779993002.619702) vcan0 710#FF000000
(1779993002.619854) vcan0 712#7F000000
(1779993002.683628) vcan0 710#FF000000
(1779993002.683749) vcan0 712#7F000000
(1779993002.731595) vcan0 711#00000000
(1779993002.731721) vcan0 714#00
(1779993002.731801) vcan0 604#00
(1779993002.731881) vcan0 713#01000000
(1779993002.747552) vcan0 710#FF000000
(1779993002.747663) vcan0 712#7F000000
(1779993002.747742) vcan0 606#00
(1779993002.811593) vcan0 710#FF000000
(1779993002.811853) vcan0 712#7F000000
(1779993002.874698) vcan0 710#FF000000
(1779993002.874829) vcan0 712#7F000000
(1779993002.938512) vcan0 710#FF000000
(1779993002.938630) vcan0 711#00000000
(1779993002.938711) vcan0 712#7F000000
(1779993002.938771) vcan0 714#00
(1779993002.938829) vcan0 604#00
(1779993002.938882) vcan0 713#01000000
(1779993003.002597) vcan0 710#FF000000
(1779993003.002710) vcan0 712#8C000000
(1779993003.066578) vcan0 710#FF000000
(1779993003.066696) vcan0 712#8C000000
(1779993003.130589) vcan0 710#FF000000
(1779993003.130721) vcan0 712#8C000000
(1779993003.146549) vcan0 711#00000000
(1779993003.146652) vcan0 714#00
(1779993003.146727) vcan0 604#00
(1779993003.146799) vcan0 713#01000000
(1779993003.194576) vcan0 710#FF000000
(1779993003.194692) vcan0 712#99000000
(1779993003.258664) vcan0 710#FF000000
(1779993003.258826) vcan0 712#7F000000
(1779993003.258941) vcan0 606#00
(1779993003.322576) vcan0 710#FF000000
(1779993003.322686) vcan0 712#7F000000
(1779993003.354496) vcan0 711#00000000
(1779993003.354589) vcan0 714#00
(1779993003.354649) vcan0 604#00
(1779993003.354714) vcan0 713#01000000
(1779993003.386531) vcan0 710#FF000000
(1779993003.386647) vcan0 712#7F000000
(1779993003.450589) vcan0 710#FF000000
(1779993003.450733) vcan0 712#7F000000
(1779993003.514566) vcan0 710#FF000000
(1779993003.514717) vcan0 712#7F000000
(1779993003.563577) vcan0 711#00000000
(1779993003.563706) vcan0 714#00
(1779993003.563811) vcan0 604#00
(1779993003.563912) vcan0 713#01000000
(1779993003.579538) vcan0 710#00000000
(1779993003.579752) vcan0 712#7F000000
(1779993003.643540) vcan0 710#00000000
(1779993003.643673) vcan0 712#7F000000
(1779993003.707640) vcan0 710#33000000
(1779993003.707803) vcan0 712#7F000000
(1779993003.771700) vcan0 710#99000000
(1779993003.772035) vcan0 711#00000000
(1779993003.772226) vcan0 712#7F000000
(1779993003.772383) vcan0 714#00
(1779993003.772496) vcan0 604#00
(1779993003.772601) vcan0 606#00
(1779993003.772757) vcan0 713#01000000
(1779993003.834649) vcan0 710#FF000000
(1779993003.835019) vcan0 712#7F000000
(1779993003.898655) vcan0 710#FF000000
(1779993003.898822) vcan0 712#7F000000
(1779993003.962554) vcan0 710#FF000000
(1779993003.962694) vcan0 712#7F000000
(1779993003.978540) vcan0 711#00000000
(1779993003.978675) vcan0 714#00
(1779993003.978786) vcan0 604#00
(1779993003.978893) vcan0 713#01000000
(1779993004.026583) vcan0 710#FF000000
(1779993004.026740) vcan0 712#7F000000
(1779993004.090521) vcan0 710#FF000000
(1779993004.090760) vcan0 712#7F000000
(1779993004.154544) vcan0 710#FF000000
(1779993004.154772) vcan0 712#7F000000
(1779993004.186651) vcan0 711#00000000
(1779993004.186860) vcan0 714#00
(1779993004.187055) vcan0 604#00
(1779993004.187225) vcan0 713#01000000
(1779993004.218635) vcan0 710#FF000000
(1779993004.218777) vcan0 712#7F000000
(1779993004.282569) vcan0 710#FF000000
(1779993004.282724) vcan0 712#7F000000
(1779993004.282836) vcan0 606#00
(1779993004.346505) vcan0 710#FF000000
(1779993004.346636) vcan0 712#7F000000
(1779993004.394515) vcan0 711#00000000
(1779993004.394648) vcan0 714#00
(1779993004.394753) vcan0 604#00
(1779993004.394857) vcan0 713#01000000
(1779993004.410622) vcan0 710#FF000000
(1779993004.410766) vcan0 712#8C000000
(1779993004.474472) vcan0 710#FF000000
(1779993004.474596) vcan0 712#8C000000
(1779993004.539566) vcan0 710#FF000000
(1779993004.539793) vcan0 712#8C000000
(1779993004.603621) vcan0 710#00000000
(1779993004.603778) vcan0 711#00000000
(1779993004.603899) vcan0 712#7F000000
(1779993004.604009) vcan0 714#00
(1779993004.604115) vcan0 604#00
(1779993004.604218) vcan0 713#01000000
(1779993004.667563) vcan0 710#00000000
(1779993004.667737) vcan0 712#7F000000
(1779993004.731579) vcan0 710#00000000
(1779993004.731741) vcan0 712#7F000000
(1779993004.795475) vcan0 710#00000000
(1779993004.795613) vcan0 712#7F000000
(1779993004.795716) vcan0 606#00
(1779993004.811424) vcan0 711#00000000
(1779993004.811535) vcan0 714#00
(1779993004.811630) vcan0 604#00
(1779993004.811724) vcan0 713#01000000
(1779993004.858445) vcan0 710#00000000
(1779993004.858566) vcan0 712#7F000000
(1779993004.922515) vcan0 710#00000000
(1779993004.922657) vcan0 712#7F000000
(1779993004.986454) vcan0 710#00000000
(1779993004.986578) vcan0 712#7F000000
(1779993005.018575) vcan0 711#00000000
(1779993005.018733) vcan0 714#00
(1779993005.018854) vcan0 604#00
(1779993005.018968) vcan0 713#01000000
(1779993005.050557) vcan0 710#00000000
(1779993005.050730) vcan0 712#7F000000
(1779993005.114492) vcan0 710#00000000
(1779993005.114790) vcan0 712#7F000000
(1779993005.178523) vcan0 710#33000000
(1779993005.178686) vcan0 712#7F000000
(1779993005.227081) vcan0 711#00000000
(1779993005.227323) vcan0 714#00
(1779993005.227487) vcan0 604#00
(1779993005.227753) vcan0 713#01000000
(1779993005.242670) vcan0 710#99000000
(1779993005.242822) vcan0 712#8C000000
(1779993005.306546) vcan0 710#FF000000
(1779993005.306791) vcan0 712#8C000000
(1779993005.307225) vcan0 606#00
(1779993005.370429) vcan0 710#FF000000
(1779993005.370558) vcan0 712#8C000000
(1779993005.434457) vcan0 710#FF000000
(1779993005.434585) vcan0 711#00000000
(1779993005.434667) vcan0 712#99000000
(1779993005.434738) vcan0 714#00
(1779993005.434802) vcan0 604#00
(1779993005.434871) vcan0 713#01000000
(1779993005.498554) vcan0 710#00000000
(1779993005.498766) vcan0 712#7F000000
(1779993005.563458) vcan0 710#00000000
(1779993005.563697) vcan0 712#7F000000
(1779993005.627480) vcan0 710#00000000
(1779993005.627681) vcan0 712#7F000000
(1779993005.643442) vcan0 711#00000000
(1779993005.643561) vcan0 714#00
(1779993005.643651) vcan0 604#00
(1779993005.643733) vcan0 713#01000000
(1779993005.691452) vcan0 710#00000000
(1779993005.691629) vcan0 712#7F000000
(1779993005.755582) vcan0 710#00000000
(1779993005.756131) vcan0 712#7F000000
(1779993005.819527) vcan0 710#00000000
(1779993005.819720) vcan0 712#7F000000
(1779993005.819861) vcan0 606#00
(1779993005.850504) vcan0 711#00000000
(1779993005.851083) vcan0 714#00
(1779993005.851285) vcan0 604#00
(1779993005.851414) vcan0 713#01000000
(1779993005.882530) vcan0 710#00000000
(1779993005.882695) vcan0 712#7F000000
(1779993005.946540) vcan0 710#00000000
(1779993005.946722) vcan0 712#7F000000
(1779993006.010578) vcan0 710#00000000
(1779993006.010783) vcan0 712#8C000000
(1779993006.058589) vcan0 711#00000000
(1779993006.058774) vcan0 714#00
(1779993006.058909) vcan0 604#00
(1779993006.059037) vcan0 713#01000000
(1779993006.074553) vcan0 710#00000000
(1779993006.074725) vcan0 712#8C000000
(1779993006.138485) vcan0 710#00000000
(1779993006.138729) vcan0 712#8C000000
(1779993006.202474) vcan0 710#00000000
(1779993006.203065) vcan0 712#99000000
(1779993006.266487) vcan0 710#00000000
(1779993006.266737) vcan0 711#00000000
(1779993006.266890) vcan0 712#99000000
(1779993006.267024) vcan0 714#00
(1779993006.267149) vcan0 604#00
(1779993006.267262) vcan0 713#01000000
(1779993006.330536) vcan0 710#00000000
(1779993006.330884) vcan0 712#99000000
(1779993006.331115) vcan0 606#00
(1779993006.394506) vcan0 710#00000000
(1779993006.394716) vcan0 712#A5000000
(1779993006.458485) vcan0 710#00000000
(1779993006.458727) vcan0 712#A5000000
(1779993006.474607) vcan0 711#00000000
(1779993006.474926) vcan0 714#00
(1779993006.475095) vcan0 604#00
(1779993006.475246) vcan0 713#01000000
(1779993006.523514) vcan0 710#00000000
(1779993006.523684) vcan0 712#A5000000
(1779993006.587532) vcan0 710#00000000
(1779993006.587777) vcan0 712#B2000000
(1779993006.651506) vcan0 710#00000000
(1779993006.651644) vcan0 712#B2000000
(1779993006.683630) vcan0 711#00000000
(1779993006.684343) vcan0 714#00
(1779993006.684689) vcan0 604#00
(1779993006.684981) vcan0 713#01000000
(1779993006.715545) vcan0 710#00000000
(1779993006.715879) vcan0 712#B2000000
(1779993006.779606) vcan0 710#00000000
(1779993006.779813) vcan0 712#BF000000
(1779993006.842528) vcan0 710#00000000
(1779993006.842674) vcan0 712#BF000000
(1779993006.842762) vcan0 606#00
(1779993006.891824) vcan0 711#00000000
(1779993006.892033) vcan0 714#00
(1779993006.892179) vcan0 604#00
(1779993006.892469) vcan0 713#01000000
(1779993006.909928) vcan0 710#00000000
(1779993006.910112) vcan0 712#BF000000
(1779993006.973619) vcan0 710#00000000
(1779993006.973799) vcan0 712#CC000000
(1779993007.054147) vcan0 710#00000000
(1779993007.054411) vcan0 712#CC000000
(1779993007.101666) vcan0 711#00000000
(1779993007.101815) vcan0 714#00
(1779993007.101901) vcan0 604#00
(1779993007.101982) vcan0 713#01000000
(1779993007.117454) vcan0 710#00000000
(1779993007.117600) vcan0 712#CC000000
(1779993007.181482) vcan0 710#00000000
(1779993007.181649) vcan0 712#7F000000
(1779993007.245421) vcan0 710#00000000
(1779993007.245609) vcan0 712#7F000000
(1779993007.309570) vcan0 710#00000000
(1779993007.309720) vcan0 711#00000000
(1779993007.309822) vcan0 712#7F000000
(1779993007.309911) vcan0 714#00
(1779993007.309996) vcan0 604#00
(1779993007.310078) vcan0 713#01000000
(1779993007.357511) vcan0 606#00
(1779993007.373408) vcan0 710#00000000
(1779993007.373654) vcan0 712#7F000000
(1779993007.437380) vcan0 710#00000000
(1779993007.437507) vcan0 712#7F000000
(1779993007.501474) vcan0 710#00000000
(1779993007.501641) vcan0 712#7F000000
(1779993007.517399) vcan0 711#00000000
(1779993007.517515) vcan0 714#00
(1779993007.517607) vcan0 604#00
(1779993007.517681) vcan0 713#01000000
(1779993007.566598) vcan0 710#00000000
(1779993007.566801) vcan0 712#7F000000
(1779993007.630530) vcan0 710#00000000
(1779993007.630669) vcan0 712#7F000000
(1779993007.694426) vcan0 710#00000000
(1779993007.694584) vcan0 712#7F000000
(1779993007.726484) vcan0 711#33000000
(1779993007.726630) vcan0 714#00
(1779993007.726713) vcan0 604#00
(1779993007.726795) vcan0 713#01000000
(1779993007.758495) vcan0 710#00000000
(1779993007.758635) vcan0 712#7F000000
(1779993007.822468) vcan0 710#00000000
(1779993007.822623) vcan0 712#7F000000
(1779993007.869341) vcan0 606#00
(1779993007.885470) vcan0 710#00000000
(1779993007.885631) vcan0 712#7F000000
(1779993007.933347) vcan0 711#FF000000
(1779993007.933471) vcan0 714#00
(1779993007.933560) vcan0 604#00
(1779993007.933629) vcan0 713#01000000
(1779993007.949337) vcan0 710#00000000
(1779993007.949452) vcan0 712#7F000000
(1779993008.013441) vcan0 710#00000000
(1779993008.013649) vcan0 712#7F000000
(1779993008.077389) vcan0 710#00000000
(1779993008.077617) vcan0 712#7F000000
(1779993008.141391) vcan0 710#00000000
(1779993008.141521) vcan0 711#FF000000
(1779993008.141633) vcan0 712#7F000000
(1779993008.141707) vcan0 714#00
(1779993008.141772) vcan0 604#00
(1779993008.141839) vcan0 713#01000000
(1779993008.205299) vcan0 710#00000000
(1779993008.205404) vcan0 712#7F000000
(1779993008.269372) vcan0 710#00000000
(1779993008.269491) vcan0 712#7F000000
(1779993008.333376) vcan0 710#00000000
(1779993008.333496) vcan0 712#7F000000
(1779993008.349399) vcan0 711#FF000000
(1779993008.349516) vcan0 714#00
(1779993008.349615) vcan0 604#00
(1779993008.349691) vcan0 713#01000000
(1779993008.381395) vcan0 606#00
(1779993008.397266) vcan0 710#00000000
(1779993008.397363) vcan0 712#7F000000
(1779993008.461340) vcan0 710#00000000
(1779993008.461448) vcan0 712#7F000000
(1779993008.526411) vcan0 710#00000000
(1779993008.526541) vcan0 712#7F000000
(1779993008.558614) vcan0 711#FF000000
(1779993008.558780) vcan0 714#00
(1779993008.558907) vcan0 604#00
(1779993008.559027) vcan0 713#01000000
(1779993008.590358) vcan0 710#00000000
(1779993008.590506) vcan0 712#7F000000
(1779993008.654587) vcan0 710#00000000
(1779993008.654788) vcan0 712#7F000000
(1779993008.718440) vcan0 710#00000000
(1779993008.718687) vcan0 712#7F000000
(1779993008.766489) vcan0 711#FF000000
(1779993008.766794) vcan0 714#00
(1779993008.767007) vcan0 604#00
(1779993008.767200) vcan0 713#01000000
(1779993008.782370) vcan0 710#00000000
(1779993008.782504) vcan0 712#7F000000
(1779993008.845384) vcan0 710#00000000
(1779993008.845512) vcan0 712#7F000000
(1779993008.893560) vcan0 606#00
(1779993008.909484) vcan0 710#00000000
(1779993008.909661) vcan0 712#7F000000
(1779993008.974463) vcan0 710#00000000
(1779993008.974595) vcan0 711#FF000000
(1779993008.974682) vcan0 712#7F000000
(1779993008.974757) vcan0 714#00
(1779993008.974824) vcan0 604#00
(1779993008.974887) vcan0 713#01000000
(1779993009.038453) vcan0 710#00000000
(1779993009.038584) vcan0 712#7F000000
(1779993009.102602) vcan0 710#00000000
(1779993009.102797) vcan0 712#7F000000
(1779993009.166391) vcan0 710#00000000
(1779993009.166639) vcan0 712#7F000000
(1779993009.182279) vcan0 711#00000000
(1779993009.182386) vcan0 714#00
(1779993009.182451) vcan0 604#00
(1779993009.182513) vcan0 713#01000000
(1779993009.230344) vcan0 710#00000000
(1779993009.230499) vcan0 712#7F000000
(1779993009.294375) vcan0 710#00000000
(1779993009.294536) vcan0 712#7F000000
(1779993009.358424) vcan0 710#00000000
(1779993009.358687) vcan0 712#7F000000
(1779993009.390375) vcan0 711#00000000
(1779993009.390671) vcan0 714#00
(1779993009.390871) vcan0 604#00
(1779993009.391058) vcan0 713#01000000
(1779993009.406419) vcan0 606#00
(1779993009.422381) vcan0 710#00000000
(1779993009.422518) vcan0 712#7F000000
(1779993009.486356) vcan0 710#00000000
(1779993009.486519) vcan0 712#7F000000
(1779993009.551371) vcan0 710#00000000
(1779993009.551603) vcan0 712#7F000000
(1779993009.599358) vcan0 711#00000000
(1779993009.599505) vcan0 714#00
(1779993009.599598) vcan0 604#00
(1779993009.599682) vcan0 713#01000000
(1779993009.615326) vcan0 710#00000000
(1779993009.615542) vcan0 712#7F000000
(1779993009.679321) vcan0 710#00000000
(1779993009.679453) vcan0 712#7F000000
(1779993009.743256) vcan0 710#00000000
(1779993009.743381) vcan0 712#7F000000
(1779993009.807283) vcan0 710#00000000
(1779993009.807397) vcan0 711#00000000
(1779993009.807475) vcan0 712#7F000000
(1779993009.807541) vcan0 714#00
(1779993009.807598) vcan0 604#00
(1779993009.807655) vcan0 713#01000000
(1779993009.870225) vcan0 710#00000000
(1779993009.870329) vcan0 712#7F000000
(1779993009.918733) vcan0 606#00
(1779993009.934244) vcan0 710#00000000
(1779993009.934357) vcan0 712#7F000000
(1779993009.998264) vcan0 710#00000000
(1779993009.998386) vcan0 712#7F000000
(1779993010.014243) vcan0 711#00000000
(1779993010.014354) vcan0 714#00
(1779993010.014437) vcan0 604#00
(1779993010.014508) vcan0 713#01000000
(1779993010.062214) vcan0 710#00000000
(1779993010.062337) vcan0 712#7F000000
(1779993010.126286) vcan0 710#00000000
(1779993010.126413) vcan0 712#7F000000
(1779993010.190266) vcan0 710#00000000
(1779993010.190393) vcan0 712#7F000000
(1779993010.222301) vcan0 711#00000000
(1779993010.222423) vcan0 714#00
(1779993010.222509) vcan0 604#00
(1779993010.222588) vcan0 713#01000000
(1779993010.254265) vcan0 710#00000000
(1779993010.254387) vcan0 712#7F000000
(1779993010.318236) vcan0 710#00000000
(1779993010.318354) vcan0 712#7F000000
(1779993010.382127) vcan0 710#00000000
(1779993010.382213) vcan0 712#7F000000
(1779993010.430107) vcan0 711#00000000
(1779993010.430174) vcan0 714#00
(1779993010.430216) vcan0 604#00
(1779993010.430254) vcan0 606#00
(1779993010.430297) vcan0 713#01000000
(1779993010.446045) vcan0 710#00000000
(1779993010.446117) vcan0 712#7F000000
(1779993010.510149) vcan0 710#00000000
(1779993010.510221) vcan0 712#7F000000
(1779993010.575095) vcan0 710#00000000
(1779993010.575171) vcan0 712#7F000000
(1779993010.639188) vcan0 710#00000000
(1779993010.639289) vcan0 711#00000000
(1779993010.639357) vcan0 712#7F000000
(1779993010.639414) vcan0 714#00
(1779993010.639463) vcan0 604#00
(1779993010.639520) vcan0 713#01000000
(1779993010.703240) vcan0 710#00000000
(1779993010.703361) vcan0 712#7F000000
(1779993010.767144) vcan0 710#00000000
(1779993010.767258) vcan0 712#7F000000
(1779993010.831180) vcan0 710#00000000
(1779993010.831274) vcan0 712#7F000000
(1779993010.846111) vcan0 711#00000000
(1779993010.846187) vcan0 714#00
(1779993010.846242) vcan0 604#00
(1779993010.846293) vcan0 713#01000000
(1779993010.894104) vcan0 710#00000000
(1779993010.894188) vcan0 712#7F000000
(1779993010.942113) vcan0 606#00
(1779993010.958240) vcan0 710#00000000
(1779993010.958332) vcan0 712#7F000000
(1779993011.022116) vcan0 710#00000000
(1779993011.022196) vcan0 712#7F000000
(1779993011.054068) vcan0 711#00000000
(1779993011.054138) vcan0 714#00
(1779993011.054186) vcan0 604#00
(1779993011.054229) vcan0 713#01000000
(1779993011.086068) vcan0 710#00000000
(1779993011.086132) vcan0 712#7F000000
(1779993011.150121) vcan0 710#00000000
(1779993011.150212) vcan0 712#7F000000
(1779993011.214041) vcan0 710#00000000
(1779993011.214108) vcan0 712#7F000000
(1779993011.262081) vcan0 711#00000000
(1779993011.262153) vcan0 714#00
(1779993011.262196) vcan0 604#00
(1779993011.262239) vcan0 713#01000000
(1779993011.278112) vcan0 710#00000000
(1779993011.278186) vcan0 712#7F000000
(1779993011.342083) vcan0 710#00000000
(1779993011.342161) vcan0 712#7F000000
(1779993011.406062) vcan0 710#00000000
(1779993011.406133) vcan0 712#7F000000
(1779993011.454096) vcan0 606#00
(1779993011.470069) vcan0 710#00000000
(1779993011.470125) vcan0 711#00000000
(1779993011.470165) vcan0 712#7F000000
(1779993011.470202) vcan0 714#00
(1779993011.470237) vcan0 604#00
(1779993011.470273) vcan0 713#01000000
(1779993011.535089) vcan0 710#00000000
(1779993011.535163) vcan0 712#7F000000
(1779993011.599033) vcan0 710#00000000
(1779993011.599096) vcan0 712#7F000000
(1779993011.663018) vcan0 710#00000000
(1779993011.663079) vcan0 712#7F000000
(1779993011.679032) vcan0 711#00000000
(1779993011.679087) vcan0 714#00
(1779993011.679123) vcan0 604#00
(1779993011.679157) vcan0 713#01000000
(1779993011.727071) vcan0 710#00000000
(1779993011.727187) vcan0 712#7F000000
(1779993011.791037) vcan0 710#00000000
(1779993011.791106) vcan0 712#7F000000
(1779993011.854101) vcan0 710#00000000
(1779993011.854211) vcan0 712#7F000000
(1779993011.886140) vcan0 711#00000000
(1779993011.886221) vcan0 714#00
(1779993011.886267) vcan0 604#00
(1779993011.886309) vcan0 713#01000000
(1779993011.918023) vcan0 710#00000000
(1779993011.918103) vcan0 712#7F000000
(1779993011.966095) vcan0 606#00
(1779993011.982039) vcan0 710#00000000
(1779993011.982105) vcan0 712#7F000000
(1779993012.046080) vcan0 710#00000000
(1779993012.046155) vcan0 712#7F000000
(1779993012.094021) vcan0 711#00000000
(1779993012.094083) vcan0 714#00
(1779993012.094120) vcan0 604#00
(1779993012.094161) vcan0 713#01000000
(1779993012.110007) vcan0 710#00000000
(1779993012.110062) vcan0 712#7F000000
(1779993012.174100) vcan0 710#00000000
(1779993012.174172) vcan0 712#7F000000
(1779993012.238037) vcan0 710#00000000
(1779993012.238099) vcan0 712#7F000000
(1779993012.301968) vcan0 710#00000000
(1779993012.302026) vcan0 711#00000000
(1779993012.302063) vcan0 712#7F000000
(1779993012.302096) vcan0 714#00
(1779993012.302126) vcan0 604#00
(1779993012.302156) vcan0 713#01000000
(1779993012.366010) vcan0 710#00000000
(1779993012.366076) vcan0 712#7F000000
(1779993012.429953) vcan0 710#00000000
(1779993012.430011) vcan0 712#7F000000
(1779993012.477983) vcan0 606#00
(1779993012.494009) vcan0 710#00000000
(1779993012.494068) vcan0 712#7F000000
(1779993012.509957) vcan0 711#00000000
(1779993012.510012) vcan0 714#00
(1779993012.510052) vcan0 604#00
(1779993012.510084) vcan0 713#01000000
(1779993012.559056) vcan0 710#00000000
(1779993012.559124) vcan0 712#7F000000
(1779993012.623030) vcan0 710#00000000
(1779993012.623094) vcan0 712#7F000000
(1779993012.686992) vcan0 710#00000000
(1779993012.687060) vcan0 712#7F000000
(1779993012.719048) vcan0 711#00000000
(1779993012.719113) vcan0 714#00
(1779993012.719154) vcan0 604#00
(1779993012.719192) vcan0 713#01000000
(1779993012.751082) vcan0 710#00000000
(1779993012.751154) vcan0 712#7F000000
(1779993012.815220) vcan0 710#00000000
(1779993012.815293) vcan0 712#7F000000
(1779993012.878069) vcan0 710#00000000
(1779993012.878139) vcan0 712#7F000000
(1779993012.926007) vcan0 711#00000000
(1779993012.926077) vcan0 714#00
(1779993012.926119) vcan0 604#00
(1779993012.926159) vcan0 713#01000000
(1779993012.941984) vcan0 710#00000000
(1779993012.942046) vcan0 712#7F000000
(1779993012.990084) vcan0 606#00
(1779993013.006100) vcan0 710#00000000
(1779993013.006181) vcan0 712#7F000000
(1779993013.070091) vcan0 710#00000000
(1779993013.070182) vcan0 712#7F000000
